,SchemEX:|[v]|,|V_g|,SchemEX:|V_sg|,SchemEX:|E_sg|,AttrColl:|[v]|,AttrColl:|V_sg|,AttrColl:|E_sg|,TypeColl:|[v]|,TypeColl:|V_sg|,TypeColl:|E_sg|,|E_g|
min,279,2152041,327,1853,25,26,165,48,48,0,10941826
max,293,2174273,344,1975,28,29,201,55,55,0,11096695
mean,286.5,2165197.9,337.0,1909.4,26.6,27.6,185.4,52.4,52.4,0.0,11027374.3
std,5.7397251192408545,8642.501444090774,6.27162924074226,44.95479210644103,1.0749676997731399,1.0749676997731399,11.701851705321397,2.2211108331943574,2.2211108331943574,0.0,54866.56826651767
