t,count,max,mean,min,stddev,p50,p75,p95,p98,p99,p999,mean_rate,m1_rate,m5_rate,m15_rate,rate_unit,duration_unit
1609283213,63,0.675079,0.101188,0.001747,0.217573,0.015002,0.042241,0.675079,0.675079,0.675079,0.675079,0.209978,0.080737,1.214807,2.205981,calls/second,milliseconds
1609283227,67,0.675079,0.065205,0.001747,0.156271,0.015002,0.042241,0.675079,0.675079,0.675079,0.675079,0.212898,0.068342,1.174981,2.181606,calls/second,milliseconds
1609283227,67,0.675079,0.065205,0.001747,0.156271,0.015002,0.042241,0.675079,0.675079,0.675079,0.675079,0.212890,0.068342,1.174981,2.181606,calls/second,milliseconds
