t,count,max,mean,min,stddev,p50,p75,p95,p98,p99,p999,mean_rate,m1_rate,m5_rate,m15_rate,rate_unit,duration_unit
1617577389,7,25.468116,2.078389,0.009608,1.935765,1.233314,2.746649,2.746649,2.746649,2.746649,25.468116,0.023332,0.039306,0.380674,0.722739,calls/second,milliseconds
1617577628,28,25.468116,2.195950,0.009608,3.727326,1.233314,2.139063,11.034837,17.845329,17.845329,17.845329,0.051957,0.023456,0.212233,0.575108,calls/second,milliseconds
1617577628,28,25.468116,2.195950,0.009608,3.727326,1.233314,2.139063,11.034837,17.845329,17.845329,17.845329,0.051956,0.023456,0.212233,0.575108,calls/second,milliseconds
