t,count,max,mean,min,stddev,p50,p75,p95,p98,p99,p999,mean_rate,m1_rate,m5_rate,m15_rate,rate_unit,duration_unit
1617655243,19,6.050467,0.349673,0.006968,0.507387,0.232664,0.340732,0.625493,0.847350,0.850119,6.050467,0.063335,0.046728,1.150923,2.177611,calls/second,milliseconds
1617655482,70,6.050467,0.518081,0.006968,0.500879,0.358419,0.959252,1.220531,2.019551,2.033887,2.793728,0.129953,0.112952,0.619549,1.713131,calls/second,milliseconds
1617655482,70,6.050467,0.518081,0.006968,0.500879,0.358419,0.959252,1.220531,2.019551,2.033887,2.793728,0.129951,0.112952,0.619549,1.713131,calls/second,milliseconds
