t,count,max,mean,min,stddev,p50,p75,p95,p98,p99,p999,mean_rate,m1_rate,m5_rate,m15_rate,rate_unit,duration_unit
1618604232,19,88.780058,4.089965,0.049048,8.496002,2.380094,3.206322,18.236786,18.236786,29.526235,88.780058,0.063053,0.042992,1.131899,2.165546,calls/second,milliseconds
1618604393,68,88.780058,0.775306,0.049048,1.745724,0.469223,0.828433,1.793337,2.544490,6.686666,16.350645,0.146969,0.195602,0.776588,1.858235,calls/second,milliseconds
1618604393,68,88.780058,0.775306,0.049048,1.745724,0.469223,0.828433,1.793337,2.544490,6.686666,16.350645,0.146964,0.195602,0.776588,1.858235,calls/second,milliseconds
