t,count,max,mean,min,stddev,p50,p75,p95,p98,p99,p999,mean_rate,m1_rate,m5_rate,m15_rate,rate_unit,duration_unit
1617633906,32,4.446420,0.213167,0.002668,0.254413,0.053859,0.418449,0.549816,0.549816,0.549816,4.446420,0.106675,0.186052,1.190249,2.191581,calls/second,milliseconds
1617634144,70,4.446420,0.472829,0.002668,0.543785,0.120167,0.891738,1.549684,1.549684,1.549684,1.549684,0.130256,0.084959,0.604265,1.712319,calls/second,milliseconds
1617634144,70,4.446420,0.472829,0.002668,0.543785,0.120167,0.891738,1.549684,1.549684,1.549684,1.549684,0.130254,0.084959,0.604265,1.712319,calls/second,milliseconds
