t,count,max,mean,min,stddev,p50,p75,p95,p98,p99,p999,mean_rate,m1_rate,m5_rate,m15_rate,rate_unit,duration_unit
1617665962,62,3.698553,0.247534,0.022171,0.496079,0.121523,0.187444,0.850773,1.164965,3.698553,3.698553,11.597672,12.200000,12.200000,12.200000,calls/second,milliseconds
1617665962,62,3.698553,0.247534,0.022171,0.496079,0.121523,0.187444,0.850773,1.164965,3.698553,3.698553,11.580202,12.200000,12.200000,12.200000,calls/second,milliseconds
