t,count,max,mean,min,stddev,p50,p75,p95,p98,p99,p999,mean_rate,m1_rate,m5_rate,m15_rate,rate_unit,duration_unit
1617622247,19,4.643588,0.206859,0.006577,0.420889,0.209498,0.209498,0.270093,0.721249,0.991271,4.643588,0.063338,0.043221,1.150599,2.177567,calls/second,milliseconds
1617622547,67,4.643588,0.308263,0.002672,0.312976,0.132003,0.510522,1.045047,1.045047,1.063305,1.352634,0.111671,0.198735,0.538544,1.607950,calls/second,milliseconds
1617622769,75,4.643588,0.528880,0.002672,0.597095,0.146210,1.257875,1.474797,1.474797,1.474797,1.474797,0.091327,0.077481,0.274350,1.259619,calls/second,milliseconds
1617622769,75,4.643588,0.528880,0.002672,0.597095,0.146210,1.257875,1.474797,1.474797,1.474797,1.474797,0.091326,0.077481,0.274350,1.259619,calls/second,milliseconds
