t,count,max,mean,min,stddev,p50,p75,p95,p98,p99,p999,mean_rate,m1_rate,m5_rate,m15_rate,rate_unit,duration_unit
1618811613,65,0.369005,0.032333,0.000787,0.089989,0.003717,0.009726,0.369005,0.369005,0.369005,0.369005,0.270246,0.172802,0.493224,0.671487,calls/second,milliseconds
1618811613,65,0.369005,0.032333,0.000787,0.089989,0.003717,0.009726,0.369005,0.369005,0.369005,0.369005,0.270236,0.172802,0.493224,0.671487,calls/second,milliseconds
