t,count,max,mean,min,stddev,p50,p75,p95,p98,p99,p999,mean_rate,m1_rate,m5_rate,m15_rate,rate_unit,duration_unit
1607878598,64,5.219491,0.184038,0.004549,0.450130,0.033167,0.249333,0.521626,0.967622,2.088117,5.219491,0.213342,0.056275,1.220677,2.216382,calls/second,milliseconds
1607878898,69,5.219491,0.047250,0.004549,0.079961,0.053486,0.053486,0.053486,0.056947,0.066945,0.607248,0.115004,0.015620,0.459492,1.592818,calls/second,milliseconds
1607878944,74,5.219491,0.941118,0.004549,0.948691,0.520035,1.148392,2.471779,2.471779,2.471779,2.471779,0.114647,0.047344,0.401018,1.511040,calls/second,milliseconds
1607878944,74,5.219491,0.941118,0.004549,0.948691,0.520035,1.148392,2.471779,2.471779,2.471779,2.471779,0.114645,0.047344,0.401018,1.511040,calls/second,milliseconds
