t,count,max,mean,min,stddev,p50,p75,p95,p98,p99,p999,mean_rate,m1_rate,m5_rate,m15_rate,rate_unit,duration_unit
1617619345,19,3.842804,0.156453,0.006325,0.382673,0.105816,0.105816,0.319113,1.253081,1.365249,3.842804,0.063338,0.043221,1.150599,2.177567,calls/second,milliseconds
1617619643,71,3.842804,0.483898,0.002242,0.528835,0.108868,1.015868,1.421391,1.421391,1.421391,1.421391,0.118754,0.038899,0.501859,1.602222,calls/second,milliseconds
1617619643,71,3.842804,0.483898,0.002242,0.528835,0.108868,1.015868,1.421391,1.421391,1.421391,1.421391,0.118752,0.038899,0.501859,1.602222,calls/second,milliseconds
