t,count,max,mean,min,stddev,p50,p75,p95,p98,p99,p999,mean_rate,m1_rate,m5_rate,m15_rate,rate_unit,duration_unit
1609423970,6,24.120256,2.823132,0.002634,2.716672,2.657791,2.657791,2.657791,2.657791,24.120256,24.120256,0.019999,0.015530,0.009860,0.005183,calls/second,milliseconds
1609424270,27,24.120256,1.817985,0.002634,3.336454,0.201211,0.671723,8.786985,12.003041,12.003041,12.003041,0.044999,0.009673,0.037122,0.021946,calls/second,milliseconds
1609424416,28,24.120256,2.035372,0.002634,0.969169,2.055304,2.055304,2.055304,2.055304,6.700072,12.003041,0.037527,0.000863,0.022894,0.018680,calls/second,milliseconds
1609424416,28,24.120256,2.035372,0.002634,0.969169,2.055304,2.055304,2.055304,2.055304,6.700072,12.003041,0.037527,0.000863,0.022894,0.018680,calls/second,milliseconds
