t,count,max,mean,min,stddev,p50,p75,p95,p98,p99,p999,mean_rate,m1_rate,m5_rate,m15_rate,rate_unit,duration_unit
1607867180,27,23.502540,2.169725,0.002830,4.370665,0.178701,1.144639,13.077150,14.148335,14.148335,14.148335,0.089991,0.187501,0.437093,0.743752,calls/second,milliseconds
1607867480,27,23.502540,2.169725,0.002830,4.370665,0.178701,1.144639,13.077150,14.148335,14.148335,14.148335,0.044997,0.001263,0.160797,0.532922,calls/second,milliseconds
1607867780,27,23.502540,2.169725,0.002830,4.370665,0.178701,1.144639,13.077150,14.148335,14.148335,14.148335,0.029999,0.000009,0.059154,0.381855,calls/second,milliseconds
1607868080,27,23.502540,2.169725,0.002830,4.370665,0.178701,1.144639,13.077150,14.148335,14.148335,14.148335,0.022499,0.000000,0.021762,0.273611,calls/second,milliseconds
1607868380,28,23.502540,1.929857,0.002830,0.002710,1.929857,1.929857,1.929857,1.929857,1.929857,1.929857,0.018666,0.006950,0.010804,0.197099,calls/second,milliseconds
1607868399,28,23.502540,1.929857,0.002830,0.002710,1.929857,1.929857,1.929857,1.929857,1.929857,1.929857,0.018441,0.005412,0.010277,0.193841,calls/second,milliseconds
1607868399,28,23.502540,1.929857,0.002830,0.002710,1.929857,1.929857,1.929857,1.929857,1.929857,1.929857,0.018441,0.005412,0.010277,0.193841,calls/second,milliseconds
