t,count,max,mean,min,stddev,p50,p75,p95,p98,p99,p999,mean_rate,m1_rate,m5_rate,m15_rate,rate_unit,duration_unit
1610004121,5,42.446107,8.503964,0.003134,16.971076,0.024729,0.039354,42.446107,42.446107,42.446107,42.446107,0.016665,0.000752,0.006500,0.004059,calls/second,milliseconds
1610004421,27,42.446107,2.606225,0.003134,4.777410,0.152197,1.146048,14.905290,14.905290,14.905290,14.905290,0.044980,0.034192,0.046909,0.023575,calls/second,milliseconds
1610004721,27,42.446107,2.606225,0.003134,4.777410,0.152197,1.146048,14.905290,14.905290,14.905290,14.905290,0.029999,0.000230,0.017257,0.016892,calls/second,milliseconds
1610004739,28,42.446107,1.696734,0.003134,0.704452,1.677257,1.677257,1.677257,1.677257,1.677257,14.905290,0.030496,0.000179,0.016415,0.016613,calls/second,milliseconds
1610004739,28,42.446107,1.696734,0.003134,0.704452,1.677257,1.677257,1.677257,1.677257,1.677257,14.905290,0.030495,0.000179,0.016415,0.016613,calls/second,milliseconds
