t,count,max,mean,min,stddev,p50,p75,p95,p98,p99,p999,mean_rate,m1_rate,m5_rate,m15_rate,rate_unit,duration_unit
1608511210,5,15.378668,3.137830,0.005480,6.120736,0.059237,0.192657,15.378668,15.378668,15.378668,15.378668,0.016666,0.000752,0.006500,0.004059,calls/second,milliseconds
1608511510,27,15.378668,2.045479,0.005480,3.871523,0.211686,0.562085,11.303969,11.303969,11.303969,11.303969,0.044999,0.019041,0.042207,0.022827,calls/second,milliseconds
1608511552,28,15.378668,1.763398,0.005480,2.596505,1.536740,1.536740,10.639225,11.303969,11.303969,11.303969,0.043627,0.009776,0.036938,0.021835,calls/second,milliseconds
1608511552,28,15.378668,1.763398,0.005480,2.596505,1.536740,1.536740,10.639225,11.303969,11.303969,11.303969,0.043626,0.009776,0.036938,0.021835,calls/second,milliseconds
