t,count,max,mean,min,stddev,p50,p75,p95,p98,p99,p999,mean_rate,m1_rate,m5_rate,m15_rate,rate_unit,duration_unit
1608508655,24,2.523646,0.245407,0.002591,0.224798,0.287127,0.416787,0.528316,0.528316,0.528316,2.523646,0.080003,0.111462,1.166434,2.183020,calls/second,milliseconds
1608508771,69,619.864991,15.584450,0.002369,96.221601,0.239390,0.396198,0.824192,619.864991,619.864991,619.864991,0.166191,0.262273,0.897637,1.955658,calls/second,milliseconds
1608508771,69,619.864991,15.584450,0.002369,96.221601,0.239390,0.396198,0.824192,619.864991,619.864991,619.864991,0.166188,0.262273,0.897637,1.955658,calls/second,milliseconds
