t,count,max,mean,min,stddev,p50,p75,p95,p98,p99,p999,mean_rate,m1_rate,m5_rate,m15_rate,rate_unit,duration_unit
1617614741,19,3.050982,0.458745,0.017480,0.405242,0.680809,0.680809,0.680809,1.039927,1.068615,3.050982,0.063335,0.038943,1.150133,2.177501,calls/second,milliseconds
1617615041,67,3.050982,0.396594,0.012013,0.388208,0.274290,0.647485,1.044930,1.857830,1.857830,1.982227,0.111667,0.110883,0.525896,1.606135,calls/second,milliseconds
1617615144,73,3.050982,0.956244,0.012013,0.933281,0.425656,1.362494,2.860888,2.860888,2.860888,2.860888,0.103728,0.036304,0.376312,1.431379,calls/second,milliseconds
1617615144,73,3.050982,0.956244,0.012013,0.933281,0.425656,1.362494,2.860888,2.860888,2.860888,2.860888,0.103726,0.036304,0.376312,1.431379,calls/second,milliseconds
