t,count,max,mean,min,stddev,p50,p75,p95,p98,p99,p999,mean_rate,m1_rate,m5_rate,m15_rate,rate_unit,duration_unit
1617612274,19,0.439021,0.019220,0.000837,0.040034,0.014367,0.015250,0.038060,0.042368,0.056709,0.439021,0.063325,0.038342,1.131426,2.165481,calls/second,milliseconds
1617612574,67,0.439021,0.008847,0.000837,0.009421,0.004926,0.009407,0.020096,0.051063,0.051063,0.051063,0.111661,0.133370,0.522977,1.598101,calls/second,milliseconds
1617612707,73,0.439021,0.014144,0.000837,0.009452,0.014983,0.022660,0.025063,0.029233,0.029233,0.051063,0.099571,0.027485,0.344419,1.385224,calls/second,milliseconds
1617612707,73,0.439021,0.014144,0.000837,0.009452,0.014983,0.022660,0.025063,0.029233,0.029233,0.051063,0.099570,0.027485,0.344419,1.385224,calls/second,milliseconds
