t,count,max,mean,min,stddev,p50,p75,p95,p98,p99,p999,mean_rate,m1_rate,m5_rate,m15_rate,rate_unit,duration_unit
1617670456,32,4.005587,0.545917,0.023150,0.657642,0.208543,0.783329,1.989260,1.989260,3.572469,4.005587,0.106622,0.176223,1.170758,2.179459,calls/second,milliseconds
1617670572,68,4.005587,0.301231,0.023040,0.384678,0.156235,0.401743,1.080051,1.546809,1.989260,3.572469,0.163174,0.149021,0.876756,1.950154,calls/second,milliseconds
1617670572,68,4.005587,0.301231,0.023040,0.384678,0.156235,0.401743,1.080051,1.546809,1.989260,3.572469,0.163172,0.149021,0.876756,1.950154,calls/second,milliseconds
