t,count,max,mean,min,stddev,p50,p75,p95,p98,p99,p999,mean_rate,m1_rate,m5_rate,m15_rate,rate_unit,duration_unit
1610003551,19,0.077983,0.054600,0.000220,0.028227,0.077983,0.077983,0.077983,0.077983,0.077983,0.077983,0.063327,0.041311,1.131739,2.165524,calls/second,milliseconds
1610003811,71,0.158303,0.022626,0.000220,0.033439,0.007308,0.024569,0.079463,0.153402,0.153402,0.158303,0.126863,0.117584,0.589464,1.677598,calls/second,milliseconds
1610003811,71,0.158303,0.022626,0.000220,0.033439,0.007308,0.024569,0.079463,0.153402,0.153402,0.158303,0.126859,0.117584,0.589464,1.677598,calls/second,milliseconds
