t,count,max,mean,min,stddev,p50,p75,p95,p98,p99,p999,mean_rate,m1_rate,m5_rate,m15_rate,rate_unit,duration_unit
1609997265,62,0.108405,0.019554,0.001693,0.019933,0.015617,0.020367,0.067817,0.108405,0.108405,0.108405,0.206648,0.324633,1.249645,2.210259,calls/second,milliseconds
1609997271,66,0.108405,0.025288,0.001693,0.027210,0.016277,0.023516,0.100500,0.100500,0.108405,0.108405,0.215798,0.346650,1.238907,2.201338,calls/second,milliseconds
1609997271,66,0.108405,0.025288,0.001693,0.027210,0.016277,0.023516,0.100500,0.100500,0.108405,0.108405,0.215789,0.346650,1.238907,2.201338,calls/second,milliseconds
