t,count,max,mean,min,stddev,p50,p75,p95,p98,p99,p999,mean_rate,m1_rate,m5_rate,m15_rate,rate_unit,duration_unit
1609866487,32,4.681841,0.535984,0.001186,0.751308,0.128560,0.883256,2.514455,2.514455,2.514455,4.681841,0.106672,0.174269,0.366402,0.605708,calls/second,milliseconds
1609866787,68,258.007392,3.264881,0.001128,25.273624,0.056840,0.056840,1.319716,28.791293,51.561585,258.007392,0.113336,0.016525,0.185543,0.463926,calls/second,milliseconds
1609866798,72,258.007392,1.649462,0.001128,14.274785,0.261225,1.511173,1.717547,1.717547,2.514455,258.007392,0.117932,0.026406,0.179691,0.457354,calls/second,milliseconds
1609866798,72,258.007392,1.649462,0.001128,14.274785,0.261225,1.511173,1.717547,1.717547,2.514455,258.007392,0.117930,0.026406,0.179691,0.457354,calls/second,milliseconds
