t,count,max,mean,min,stddev,p50,p75,p95,p98,p99,p999,mean_rate,m1_rate,m5_rate,m15_rate,rate_unit,duration_unit
1616133546,19,0.164320,0.050258,0.001390,0.030258,0.043230,0.054246,0.092593,0.092593,0.164320,0.164320,0.063328,0.031900,1.130547,2.165352,calls/second,milliseconds
1616133846,67,0.362738,0.023844,0.001390,0.038224,0.011844,0.020448,0.093124,0.123600,0.123600,0.362738,0.111662,0.055507,0.505011,1.595296,calls/second,milliseconds
1616134146,72,0.362738,0.037310,0.001390,0.016801,0.047730,0.047730,0.047730,0.064783,0.077660,0.123600,0.079998,0.010421,0.195380,1.147661,calls/second,milliseconds
1616134446,77,0.362738,0.042449,0.001390,0.009264,0.046220,0.046220,0.046220,0.071907,0.071907,0.071907,0.064165,0.010117,0.081473,0.826917,calls/second,milliseconds
1616134746,85,0.362738,0.045927,0.001390,0.014159,0.046617,0.055460,0.064530,0.064530,0.064530,0.064530,0.056666,0.011690,0.044576,0.599740,calls/second,milliseconds
1616135046,90,0.362738,0.082633,0.001390,0.025860,0.094187,0.094187,0.094187,0.094187,0.094187,0.094187,0.049999,0.010126,0.025995,0.434314,calls/second,milliseconds
1616135346,95,0.362738,0.074727,0.001390,0.011078,0.082823,0.082823,0.082823,0.087474,0.087474,0.094187,0.045238,0.010115,0.019160,0.315781,calls/second,milliseconds
1616135636,101,0.362738,0.044279,0.001390,0.012483,0.037750,0.040917,0.068519,0.080693,0.080693,0.082823,0.042258,0.011950,0.017209,0.233428,calls/second,milliseconds
1616135636,101,0.362738,0.044279,0.001390,0.012483,0.037750,0.040917,0.068519,0.080693,0.080693,0.082823,0.042258,0.011950,0.017209,0.233428,calls/second,milliseconds
