t,count,max,mean,min,stddev,p50,p75,p95,p98,p99,p999,mean_rate,m1_rate,m5_rate,m15_rate,rate_unit,duration_unit
1607891755,19,4.092221,1.947001,0.023440,1.107676,2.831942,2.831942,2.831942,3.575090,4.092221,4.092221,0.063308,0.031900,1.130547,2.165352,calls/second,milliseconds
1607892055,68,4.092221,0.323768,0.020805,0.315465,0.227132,0.366900,0.867876,1.640547,1.640547,1.640547,0.113281,0.099408,0.518656,1.598065,calls/second,milliseconds
1607892183,75,4.092221,0.743530,0.020805,1.090684,0.270070,0.532212,3.343861,3.343861,3.343861,3.343861,0.102981,0.036416,0.350147,1.393950,calls/second,milliseconds
1607892183,75,4.092221,0.743530,0.020805,1.090684,0.270070,0.532212,3.343861,3.343861,3.343861,3.343861,0.102980,0.036416,0.350147,1.393950,calls/second,milliseconds
