t,count,max,mean,min,stddev,p50,p75,p95,p98,p99,p999,mean_rate,m1_rate,m5_rate,m15_rate,rate_unit,duration_unit
1617570988,19,0.294562,0.118022,0.003432,0.042861,0.118598,0.124621,0.183239,0.183239,0.183239,0.294562,0.063328,0.042992,1.131899,2.165546,calls/second,milliseconds
1617571288,67,0.297349,0.060359,0.003432,0.075507,0.016963,0.127690,0.191980,0.192786,0.192786,0.297349,0.111654,0.076528,0.510750,1.596278,calls/second,milliseconds
1617571461,74,0.297349,0.043198,0.003432,0.050374,0.019785,0.104199,0.108913,0.214206,0.214206,0.214206,0.095665,0.028539,0.298035,1.324638,calls/second,milliseconds
1617571461,74,0.297349,0.043198,0.003432,0.050374,0.019785,0.104199,0.108913,0.214206,0.214206,0.214206,0.095665,0.028539,0.298035,1.324638,calls/second,milliseconds
