t,count,max,mean,min,stddev,p50,p75,p95,p98,p99,p999,mean_rate,m1_rate,m5_rate,m15_rate,rate_unit,duration_unit
1610406764,19,0.139369,0.049838,0.000933,0.023155,0.060940,0.060940,0.060940,0.060940,0.139369,0.139369,0.063330,0.020263,0.322338,0.589195,calls/second,milliseconds
1610407042,71,0.617338,0.019543,0.000933,0.049864,0.011863,0.019900,0.032509,0.033263,0.054209,0.617338,0.122694,0.046776,0.213197,0.477040,calls/second,milliseconds
1610407042,71,0.617338,0.019543,0.000933,0.049864,0.011863,0.019900,0.032509,0.033263,0.054209,0.617338,0.122693,0.046776,0.213197,0.477040,calls/second,milliseconds
