t,count,max,mean,min,stddev,p50,p75,p95,p98,p99,p999,mean_rate,m1_rate,m5_rate,m15_rate,rate_unit,duration_unit
1617199475,19,13.425760,1.487869,0.028280,1.516181,1.043995,2.532373,3.041984,4.023680,13.425760,13.425760,0.063303,0.035829,1.131123,2.165437,calls/second,milliseconds
1617199775,67,13.425760,0.407283,0.026438,0.423581,0.221349,0.485023,1.209861,1.439943,1.639877,1.851145,0.111639,0.108424,0.519344,1.597577,calls/second,milliseconds
1617200075,72,13.425760,1.665616,0.026438,0.647509,1.464028,2.581855,2.581855,2.807376,2.807376,2.807376,0.079987,0.014752,0.201314,1.149398,calls/second,milliseconds
1617200375,77,13.425760,1.496647,0.026438,0.245753,1.486670,1.486670,1.789637,1.789637,1.789637,2.581855,0.064159,0.014121,0.084318,0.828264,calls/second,milliseconds
1617200675,82,13.425760,1.484081,0.026438,0.298244,1.503590,1.503590,2.189323,2.189323,2.189323,2.189323,0.054661,0.014117,0.041277,0.598162,calls/second,milliseconds
1617200975,90,13.425760,0.429997,0.026438,0.246515,0.422512,0.422512,1.101146,1.503590,1.656343,2.189323,0.049996,0.014996,0.029899,0.435832,calls/second,milliseconds
1617201275,95,13.425760,0.256995,0.026438,0.139456,0.202810,0.274313,0.359236,0.422512,1.244028,1.244028,0.045235,0.014123,0.021258,0.316972,calls/second,milliseconds
1617201575,100,13.425760,0.288354,0.026438,0.029423,0.276476,0.289330,0.372773,0.389413,0.389413,0.389413,0.041664,0.014117,0.018078,0.231804,calls/second,milliseconds
1617201875,105,13.425760,0.348781,0.026438,0.028684,0.354059,0.354059,0.377153,0.377153,0.377153,0.377153,0.038884,0.014117,0.016909,0.170780,calls/second,milliseconds
1617202175,110,13.425760,0.295865,0.026438,0.051768,0.306989,0.320363,0.333316,0.333316,0.338199,0.377153,0.036665,0.014117,0.016479,0.127053,calls/second,milliseconds
1617202475,115,13.425760,0.729963,0.026438,0.649941,0.364396,0.380680,1.882287,1.882287,1.882287,1.882287,0.034847,0.014117,0.016320,0.095722,calls/second,milliseconds
1617202507,117,13.425760,0.524422,0.026438,0.347691,0.364396,0.545409,1.882287,1.882287,1.882287,1.882287,0.035109,0.023275,0.018018,0.093686,calls/second,milliseconds
1617202507,117,13.425760,0.524422,0.026438,0.347691,0.364396,0.545409,1.882287,1.882287,1.882287,1.882287,0.035109,0.023275,0.018018,0.093686,calls/second,milliseconds
