t,count,max,mean,min,stddev,p50,p75,p95,p98,p99,p999,mean_rate,m1_rate,m5_rate,m15_rate,rate_unit,duration_unit
1608504047,65,2.013166,0.269491,0.002928,0.289100,0.153297,0.451095,0.760069,1.138926,1.138926,2.013166,0.528066,0.567979,0.707246,0.764050,calls/second,milliseconds
1608504047,65,2.013166,0.269491,0.002928,0.289100,0.153297,0.451095,0.760069,1.138926,1.138926,2.013166,0.528009,0.567979,0.707246,0.764050,calls/second,milliseconds
