t,count,max,mean,min,stddev,p50,p75,p95,p98,p99,p999,mean_rate,m1_rate,m5_rate,m15_rate,rate_unit,duration_unit
1617570988,19,5.440272,1.116796,0.029080,0.546147,1.259961,1.259961,1.510687,2.139113,2.139113,5.440272,0.063306,0.042992,1.131899,2.165546,calls/second,milliseconds
1617571288,67,5.440272,0.573706,0.021612,0.521421,0.334628,1.059271,1.471115,1.471115,1.471115,1.471115,0.111635,0.076575,0.510800,1.596287,calls/second,milliseconds
1617571461,74,5.440272,0.953481,0.021612,1.476316,0.178005,1.375071,4.270572,4.270572,4.270572,4.270572,0.095653,0.028542,0.298063,1.324646,calls/second,milliseconds
1617571461,74,5.440272,0.953481,0.021612,1.476316,0.178005,1.375071,4.270572,4.270572,4.270572,4.270572,0.095652,0.028542,0.298063,1.324646,calls/second,milliseconds
