t,count,max,mean,min,stddev,p50,p75,p95,p98,p99,p999,mean_rate,m1_rate,m5_rate,m15_rate,rate_unit,duration_unit
1607864192,54,4.151089,0.297444,0.015700,0.594022,0.154472,0.235753,2.470403,2.780919,2.780919,3.073443,0.179925,0.427470,1.238190,2.203220,calls/second,milliseconds
1607864492,67,5.047148,0.989388,0.015700,0.845007,1.076162,1.076162,2.127383,5.047148,5.047148,5.047148,0.111639,0.020612,0.476446,1.589893,calls/second,milliseconds
1607864792,72,5.047148,1.192848,0.015700,0.377470,1.005565,1.027075,1.828677,1.828677,1.828677,1.828677,0.079988,0.016704,0.185880,1.143945,calls/second,milliseconds
1607865092,77,5.047148,0.900165,0.015700,0.073384,0.918903,0.918903,0.955694,0.955694,1.005565,1.828677,0.064160,0.016677,0.078988,0.824409,calls/second,milliseconds
1607865392,82,5.047148,0.957273,0.015700,0.405832,0.781688,0.864825,2.111733,2.111733,2.111733,2.111733,0.054662,0.016677,0.039664,0.595452,calls/second,milliseconds
1607865684,91,5.047148,0.457469,0.015700,0.308243,0.339550,0.744609,1.169941,1.169941,1.169941,1.169941,0.050787,0.034641,0.033905,0.439292,calls/second,milliseconds
1607865684,91,5.047148,0.457469,0.015700,0.308243,0.339550,0.744609,1.169941,1.169941,1.169941,1.169941,0.050787,0.034641,0.033905,0.439292,calls/second,milliseconds
