t,count,max,mean,min,stddev,p50,p75,p95,p98,p99,p999,mean_rate,m1_rate,m5_rate,m15_rate,rate_unit,duration_unit
1609866487,12,28.597833,1.783758,0.002317,3.274026,0.019583,2.154710,8.308991,8.308991,8.308991,28.597833,0.039997,0.080339,0.028168,0.011656,calls/second,milliseconds
1609866787,27,34.700409,3.546269,0.002317,8.938624,0.133173,0.387595,34.700409,34.700409,34.700409,34.700409,0.044998,0.002995,0.030102,0.020575,calls/second,milliseconds
1609866798,28,34.700409,2.229065,0.002317,4.043360,1.901377,1.901377,1.901377,9.507439,34.700409,34.700409,0.045860,0.002535,0.029115,0.020348,calls/second,milliseconds
1609866798,28,34.700409,2.229065,0.002317,4.043360,1.901377,1.901377,1.901377,9.507439,34.700409,34.700409,0.045859,0.002535,0.029115,0.020348,calls/second,milliseconds
