t,count,max,mean,min,stddev,p50,p75,p95,p98,p99,p999,mean_rate,m1_rate,m5_rate,m15_rate,rate_unit,duration_unit
1607878598,64,0.190096,0.003724,0.000090,0.013108,0.001560,0.002136,0.010127,0.012040,0.036927,0.190096,0.213313,0.051826,1.200551,2.204112,calls/second,milliseconds
1607878898,69,0.190096,0.010942,0.000090,0.007657,0.012883,0.012883,0.027811,0.027811,0.027811,0.027811,0.114996,0.014371,0.451916,1.584000,calls/second,milliseconds
1607878944,74,0.190096,0.013356,0.000090,0.007629,0.012500,0.021087,0.021087,0.021087,0.027811,0.027811,0.114640,0.047344,0.401034,1.511046,calls/second,milliseconds
1607878944,74,0.190096,0.013356,0.000090,0.007629,0.012500,0.021087,0.021087,0.021087,0.027811,0.027811,0.114638,0.047344,0.401034,1.511046,calls/second,milliseconds
