t,count,max,mean,min,stddev,p50,p75,p95,p98,p99,p999,mean_rate,m1_rate,m5_rate,m15_rate,rate_unit,duration_unit
1617633305,32,0.682279,0.043021,0.001404,0.136531,0.006683,0.025697,0.118270,0.682279,0.682279,0.682279,0.106656,0.189683,1.171223,2.179498,calls/second,milliseconds
1617633552,71,0.682279,0.036353,0.000826,0.062014,0.007736,0.022336,0.210899,0.210899,0.210899,0.682279,0.129768,0.030332,0.576221,1.690363,calls/second,milliseconds
1617633552,71,0.682279,0.036353,0.000826,0.062014,0.007736,0.022336,0.210899,0.210899,0.210899,0.682279,0.129766,0.030332,0.576221,1.690363,calls/second,milliseconds
