t,count,max,mean,min,stddev,p50,p75,p95,p98,p99,p999,mean_rate,m1_rate,m5_rate,m15_rate,rate_unit,duration_unit
1609281123,68,10.291184,0.238332,0.011098,1.217858,0.037161,0.068288,0.223947,2.124634,10.291184,10.291184,5.238572,3.543698,3.112394,3.037673,calls/second,milliseconds
1609281123,68,10.291184,0.238332,0.011098,1.217858,0.037161,0.068288,0.223947,2.124634,10.291184,10.291184,5.232292,3.543698,3.112394,3.037673,calls/second,milliseconds
