t,count,max,mean,min,stddev,p50,p75,p95,p98,p99,p999,mean_rate,m1_rate,m5_rate,m15_rate,rate_unit,duration_unit
1617665149,19,9.571999,1.183263,0.023117,0.827002,0.934649,1.471011,2.072046,2.072046,2.072046,9.571999,0.063301,0.046805,1.132229,2.165591,calls/second,milliseconds
1617665355,69,9.571999,0.480185,0.018405,0.880123,0.177906,0.474366,2.616698,2.616698,2.616698,8.872679,0.136421,0.098430,0.670282,1.768512,calls/second,milliseconds
1617665355,69,9.571999,0.480185,0.018405,0.880123,0.177906,0.474366,2.616698,2.616698,2.616698,8.872679,0.136419,0.098430,0.670282,1.768512,calls/second,milliseconds
