t,count,max,mean,min,stddev,p50,p75,p95,p98,p99,p999,mean_rate,m1_rate,m5_rate,m15_rate,rate_unit,duration_unit
1609416004,62,14.848896,0.600612,0.039212,1.829140,0.260091,0.523426,1.084096,2.250668,14.848896,14.848896,2.443943,1.422681,0.926313,0.842184,calls/second,milliseconds
1609416004,62,14.848896,0.600612,0.039212,1.829140,0.260091,0.523426,1.084096,2.250668,14.848896,14.848896,2.442679,1.422681,0.926313,0.842184,calls/second,milliseconds
