t,count,max,mean,min,stddev,p50,p75,p95,p98,p99,p999,mean_rate,m1_rate,m5_rate,m15_rate,rate_unit,duration_unit
1618798370,66,4.222900,0.865920,0.005464,1.065620,0.340239,1.518541,3.514627,3.514627,3.514627,4.222900,0.231503,0.136166,0.437054,0.641222,calls/second,milliseconds
1618798370,66,4.222900,0.865920,0.005464,1.065620,0.340239,1.518541,3.514627,3.514627,3.514627,4.222900,0.231493,0.136166,0.437054,0.641222,calls/second,milliseconds
