t,count,max,mean,min,stddev,p50,p75,p95,p98,p99,p999,mean_rate,m1_rate,m5_rate,m15_rate,rate_unit,duration_unit
1609393614,21,2.486325,0.317764,0.001603,0.292170,0.279572,0.647039,0.647039,0.647039,1.023598,2.486325,0.070005,0.072234,1.156897,2.179739,calls/second,milliseconds
1609393914,68,2.486325,0.136144,0.000574,0.269070,0.011393,0.200147,0.721168,0.748610,1.357085,2.147689,0.113337,0.029301,0.497757,1.602047,calls/second,milliseconds
1609394214,73,2.486325,0.016508,0.000574,0.043583,0.015010,0.015010,0.015010,0.015010,0.015010,0.721168,0.081113,0.016762,0.193721,1.152654,calls/second,milliseconds
1609394514,78,2.486325,0.011040,0.000574,0.012768,0.004952,0.011247,0.045903,0.045903,0.045903,0.045903,0.065001,0.016678,0.081872,0.830649,calls/second,milliseconds
1609394814,83,2.486325,0.017975,0.000574,0.003358,0.019165,0.019165,0.019737,0.019737,0.019737,0.045903,0.055334,0.016677,0.040725,0.599923,calls/second,milliseconds
1609394973,90,2.486325,0.548946,0.000574,0.582562,0.162520,0.799857,1.784847,1.784847,1.784847,1.784847,0.054246,0.042457,0.040239,0.508437,calls/second,milliseconds
1609394973,90,2.486325,0.548946,0.000574,0.582562,0.162520,0.799857,1.784847,1.784847,1.784847,1.784847,0.054245,0.042457,0.040239,0.508437,calls/second,milliseconds
