t,count,max,mean,min,stddev,p50,p75,p95,p98,p99,p999,mean_rate,m1_rate,m5_rate,m15_rate,rate_unit,duration_unit
1617587792,24,2.257573,0.362458,0.003845,0.373068,0.277096,0.676502,1.095332,1.095332,1.095332,2.257573,0.080002,0.115441,1.166698,2.183054,calls/second,milliseconds
1617588059,70,3.781579,0.328319,0.001350,0.418832,0.149693,0.502005,0.689871,0.930729,1.838256,3.781579,0.123463,0.031964,0.545128,1.654342,calls/second,milliseconds
1617588059,70,3.781579,0.328319,0.001350,0.418832,0.149693,0.502005,0.689871,0.930729,1.838256,3.781579,0.123462,0.031964,0.545128,1.654342,calls/second,milliseconds
