t,count,max,mean,min,stddev,p50,p75,p95,p98,p99,p999,mean_rate,m1_rate,m5_rate,m15_rate,rate_unit,duration_unit
1617676485,46,2.308229,0.250505,0.005474,0.281693,0.097233,0.405249,0.833845,1.044677,1.044677,1.372586,0.153343,0.314926,1.226515,2.204477,calls/second,milliseconds
1617676571,68,2.308229,0.333327,0.005433,0.343207,0.133914,0.602629,1.151072,1.151072,1.151072,1.151072,0.176058,0.179743,0.961435,2.015245,calls/second,milliseconds
1617676571,68,2.308229,0.333327,0.005433,0.343207,0.133914,0.602629,1.151072,1.151072,1.151072,1.151072,0.176055,0.179743,0.961435,2.015245,calls/second,milliseconds
