t,count,max,mean,min,stddev,p50,p75,p95,p98,p99,p999,mean_rate,m1_rate,m5_rate,m15_rate,rate_unit,duration_unit
1617628380,24,0.122996,0.018869,0.001620,0.018804,0.010947,0.031829,0.039346,0.104322,0.104322,0.122996,0.079993,0.093166,1.146491,2.170841,calls/second,milliseconds
1617628669,71,0.125836,0.035016,0.001620,0.041891,0.010460,0.078237,0.125836,0.125836,0.125836,0.125836,0.120398,0.030829,0.511399,1.618745,calls/second,milliseconds
1617628669,71,0.125836,0.035016,0.001620,0.041891,0.010460,0.078237,0.125836,0.125836,0.125836,0.125836,0.120396,0.030829,0.511399,1.618745,calls/second,milliseconds
