t,count,max,mean,min,stddev,p50,p75,p95,p98,p99,p999,mean_rate,m1_rate,m5_rate,m15_rate,rate_unit,duration_unit
1609017410,19,1.008268,0.044693,0.001074,0.135867,0.009132,0.024332,0.123594,0.529942,1.008268,1.008268,0.063336,0.022024,0.327755,0.592477,calls/second,milliseconds
1609017710,67,1.008268,0.195536,0.001074,0.254525,0.061158,0.293956,0.807449,0.816200,0.816200,0.816200,0.111669,0.043242,0.205220,0.467574,calls/second,milliseconds
1609017726,71,1.008268,0.290194,0.001074,0.298410,0.072967,0.527020,0.761184,0.782274,0.807449,0.816200,0.115318,0.030984,0.191984,0.457298,calls/second,milliseconds
1609017726,71,1.008268,0.290194,0.001074,0.298410,0.072967,0.527020,0.761184,0.782274,0.807449,0.816200,0.115317,0.030984,0.191984,0.457298,calls/second,milliseconds
