t,count,max,mean,min,stddev,p50,p75,p95,p98,p99,p999,mean_rate,m1_rate,m5_rate,m15_rate,rate_unit,duration_unit
1617675578,62,3.995554,0.387182,0.004137,0.565657,0.206618,0.486909,1.327991,1.970181,3.995554,3.995554,0.206674,0.481635,1.278677,2.223535,calls/second,milliseconds
1617675639,67,3.995554,0.427758,0.004137,0.543697,0.192916,0.602056,1.266418,1.376228,1.970181,3.995554,0.185553,0.169966,1.032387,2.069656,calls/second,milliseconds
1617675639,67,3.995554,0.427758,0.004137,0.543697,0.192916,0.602056,1.266418,1.376228,1.970181,3.995554,0.185550,0.169966,1.032387,2.069656,calls/second,milliseconds
