t,count,max,mean,min,stddev,p50,p75,p95,p98,p99,p999,mean_rate,m1_rate,m5_rate,m15_rate,rate_unit,duration_unit
1617587247,38,0.338657,0.034879,0.001808,0.056274,0.009650,0.045410,0.111974,0.282399,0.338657,0.338657,0.126657,0.254289,1.189692,2.186007,calls/second,milliseconds
1617587440,69,0.338657,0.035563,0.001772,0.043867,0.012714,0.045410,0.113397,0.113397,0.113397,0.338657,0.139698,0.051050,0.684947,1.795154,calls/second,milliseconds
1617587440,69,0.338657,0.035563,0.001772,0.043867,0.012714,0.045410,0.113397,0.113397,0.113397,0.338657,0.139696,0.051050,0.684947,1.795154,calls/second,milliseconds
