t,count,max,mean,min,stddev,p50,p75,p95,p98,p99,p999,mean_rate,m1_rate,m5_rate,m15_rate,rate_unit,duration_unit
1608508127,19,0.106649,0.015132,0.001189,0.008369,0.015656,0.016270,0.016426,0.018024,0.018024,0.106649,0.063329,0.032347,0.323591,0.589370,calls/second,milliseconds
1608508348,73,0.106649,0.008178,0.000561,0.009804,0.003148,0.007770,0.031236,0.031236,0.031236,0.031236,0.140177,0.062707,0.252003,0.507826,calls/second,milliseconds
1608508348,73,0.106649,0.008178,0.000561,0.009804,0.003148,0.007770,0.031236,0.031236,0.031236,0.031236,0.140175,0.062707,0.252003,0.507826,calls/second,milliseconds
