t,count,max,mean,min,stddev,p50,p75,p95,p98,p99,p999,mean_rate,m1_rate,m5_rate,m15_rate,rate_unit,duration_unit
1617662292,19,7.665733,2.286316,0.025203,1.928390,2.222909,2.222909,7.665733,7.665733,7.665733,7.665733,0.063303,0.041311,1.131739,2.165524,calls/second,milliseconds
1617662592,67,7.665733,0.533184,0.025203,0.942949,0.222956,0.306877,3.737740,3.737740,3.737740,3.737740,0.111640,0.152631,0.526491,1.598630,calls/second,milliseconds
1617662632,72,7.665733,0.599191,0.025203,0.888456,0.246635,0.603906,2.259231,3.737740,3.737740,3.737740,0.112344,0.078363,0.460771,1.529136,calls/second,milliseconds
1617662632,72,7.665733,0.599191,0.025203,0.888456,0.246635,0.603906,2.259231,3.737740,3.737740,3.737740,0.112343,0.078363,0.460771,1.529136,calls/second,milliseconds
