t,count,max,mean,min,stddev,p50,p75,p95,p98,p99,p999,mean_rate,m1_rate,m5_rate,m15_rate,rate_unit,duration_unit
1608491498,70,0.096002,0.006901,0.000860,0.008063,0.005195,0.008740,0.016733,0.030741,0.039537,0.096002,0.375581,0.284015,0.590897,0.717058,calls/second,milliseconds
1608491498,70,0.096002,0.006901,0.000860,0.008063,0.005195,0.008740,0.016733,0.030741,0.039537,0.096002,0.375572,0.284015,0.590897,0.717058,calls/second,milliseconds
