t,count,max,mean,min,stddev,p50,p75,p95,p98,p99,p999,mean_rate,m1_rate,m5_rate,m15_rate,rate_unit,duration_unit
1617659101,19,7.666010,4.999130,0.037116,3.112011,7.666010,7.666010,7.666010,7.666010,7.666010,7.666010,0.063305,0.044819,1.132063,2.165569,calls/second,milliseconds
1617659401,67,7.666010,1.070350,0.029143,2.082071,0.262030,0.477379,7.067074,7.067074,7.067074,7.666010,0.111640,0.121170,0.521327,1.597903,calls/second,milliseconds
1617659423,71,7.666010,0.982799,0.029143,1.729970,0.262030,0.811821,7.067074,7.067074,7.067074,7.067074,0.114180,0.086822,0.487705,1.562786,calls/second,milliseconds
1617659423,71,7.666010,0.982799,0.029143,1.729970,0.262030,0.811821,7.067074,7.067074,7.067074,7.067074,0.114178,0.086822,0.487705,1.562786,calls/second,milliseconds
