t,count,max,mean,min,stddev,p50,p75,p95,p98,p99,p999,mean_rate,m1_rate,m5_rate,m15_rate,rate_unit,duration_unit
1609421320,44,4.684439,0.489083,0.033673,0.533414,0.318646,0.571831,1.080361,3.074350,3.074350,3.074350,0.146622,0.355114,0.402540,0.616662,calls/second,milliseconds
1609421620,67,4.684439,1.336526,0.033673,0.652805,1.454248,1.814007,1.814007,2.336396,2.336396,3.074350,0.111649,0.028417,0.183098,0.461368,calls/second,milliseconds
1609421737,73,4.684439,0.540442,0.033673,0.549377,0.233127,0.917253,1.417658,1.814007,1.814007,2.336396,0.101766,0.026054,0.130809,0.408171,calls/second,milliseconds
1609421737,73,4.684439,0.540442,0.033673,0.549377,0.233127,0.917253,1.417658,1.814007,1.814007,2.336396,0.101765,0.026054,0.130809,0.408171,calls/second,milliseconds
