t,count,max,mean,min,stddev,p50,p75,p95,p98,p99,p999,mean_rate,m1_rate,m5_rate,m15_rate,rate_unit,duration_unit
1617589030,24,2.841858,0.406622,0.004802,0.306317,0.363625,0.632359,0.873510,0.873510,0.945292,2.841858,0.080005,0.103255,1.165864,2.182946,calls/second,milliseconds
1617589266,70,2.841858,0.531326,0.002442,0.562681,0.199255,1.132035,1.527179,1.527179,1.527179,2.102676,0.130520,0.042929,0.599239,1.709871,calls/second,milliseconds
1617589266,70,2.841858,0.531326,0.002442,0.562681,0.199255,1.132035,1.527179,1.527179,1.527179,2.102676,0.130518,0.042929,0.599239,1.709871,calls/second,milliseconds
