t,count,max,mean,min,stddev,p50,p75,p95,p98,p99,p999,mean_rate,m1_rate,m5_rate,m15_rate,rate_unit,duration_unit
1609438310,19,0.061478,0.019350,0.000177,0.009726,0.023510,0.023510,0.024001,0.025457,0.061478,0.061478,0.063064,0.017587,0.322149,0.589181,calls/second,milliseconds
1609438610,51,0.222446,0.007867,0.000152,0.014124,0.002640,0.006634,0.033514,0.051173,0.074296,0.074296,0.084821,0.219275,0.203759,0.455025,calls/second,milliseconds
1609438910,73,0.433495,0.173233,0.000152,0.197418,0.061776,0.433495,0.433495,0.433495,0.433495,0.433495,0.080997,0.014690,0.107429,0.344574,calls/second,milliseconds
1609439210,78,0.433495,0.129113,0.000152,0.136478,0.048397,0.100617,0.365162,0.365162,0.365162,0.433495,0.064931,0.010146,0.049118,0.251480,calls/second,milliseconds
1609439269,83,0.433495,0.017304,0.000152,0.045885,0.008797,0.009045,0.048397,0.056042,0.365162,0.365162,0.065891,0.011007,0.043688,0.237620,calls/second,milliseconds
1609439269,83,0.433495,0.017304,0.000152,0.045885,0.008797,0.009045,0.048397,0.056042,0.365162,0.365162,0.065890,0.011007,0.043688,0.237620,calls/second,milliseconds
