t,count,max,mean,min,stddev,p50,p75,p95,p98,p99,p999,mean_rate,m1_rate,m5_rate,m15_rate,rate_unit,duration_unit
1617638718,32,2.615546,0.313050,0.000640,0.352650,0.063606,0.498559,1.216353,1.216353,1.216353,1.216353,0.106673,0.098053,1.165414,2.182886,calls/second,milliseconds
1617638988,71,2.615546,0.472133,0.000640,0.551750,0.130660,0.878879,1.574054,1.574054,1.574054,1.574054,0.124573,0.036767,0.544366,1.654711,calls/second,milliseconds
1617638988,71,2.615546,0.472133,0.000640,0.551750,0.130660,0.878879,1.574054,1.574054,1.574054,1.574054,0.124571,0.036767,0.544366,1.654711,calls/second,milliseconds
