t,count,max,mean,min,stddev,p50,p75,p95,p98,p99,p999,mean_rate,m1_rate,m5_rate,m15_rate,rate_unit,duration_unit
1614340092,32,4.609359,0.558938,0.006700,0.668652,0.120753,0.815275,1.982876,1.982876,1.982876,4.609359,0.106666,0.180780,1.170942,2.179475,calls/second,milliseconds
1614340392,70,4.609359,0.674859,0.005736,0.651655,0.226724,1.087551,1.647197,1.647197,1.647197,1.982876,0.116670,0.065108,0.498495,1.603000,calls/second,milliseconds
1614340692,75,4.609359,0.084071,0.005736,0.196344,0.048111,0.068457,0.069857,1.087551,1.647197,1.647197,0.083335,0.014461,0.193644,1.153284,calls/second,milliseconds
1614340992,80,4.609359,0.142868,0.005736,0.249758,0.054131,0.078197,0.897001,0.897001,0.897001,0.897001,0.066668,0.014119,0.081496,0.831049,calls/second,milliseconds
1614341292,85,4.609359,0.060835,0.005736,0.029045,0.065507,0.065507,0.065507,0.073400,0.073400,0.897001,0.056667,0.014117,0.040239,0.600157,calls/second,milliseconds
1614341592,90,4.609359,0.055889,0.005736,0.005884,0.052445,0.057693,0.064893,0.070783,0.070783,0.070783,0.050000,0.014117,0.025061,0.434716,calls/second,milliseconds
1614341892,95,4.609359,0.060729,0.005736,0.012043,0.053525,0.060050,0.081139,0.081139,0.081139,0.081139,0.045238,0.014117,0.019478,0.316172,calls/second,milliseconds
1614342124,100,4.609359,0.370222,0.005736,0.310924,0.680625,0.680625,0.680625,0.680625,0.680625,0.680625,0.042881,0.015344,0.017986,0.247404,calls/second,milliseconds
1614342124,100,4.609359,0.370222,0.005736,0.310924,0.680625,0.680625,0.680625,0.680625,0.680625,0.680625,0.042881,0.015344,0.017986,0.247404,calls/second,milliseconds
