t,count,max,mean,min,stddev,p50,p75,p95,p98,p99,p999,mean_rate,m1_rate,m5_rate,m15_rate,rate_unit,duration_unit
1608506508,68,0.066466,0.005250,0.000474,0.006911,0.002872,0.005324,0.022177,0.031560,0.034973,0.034973,0.226639,0.353840,0.458068,0.640361,calls/second,milliseconds
1608506696,75,0.066466,0.011822,0.000474,0.012648,0.004205,0.016853,0.037880,0.037880,0.037880,0.037880,0.153736,0.026655,0.254203,0.524325,calls/second,milliseconds
1608506696,75,0.066466,0.011822,0.000474,0.012648,0.004205,0.016853,0.037880,0.037880,0.037880,0.037880,0.153733,0.026655,0.254203,0.524325,calls/second,milliseconds
