t,count,max,mean,min,stddev,p50,p75,p95,p98,p99,p999,mean_rate,m1_rate,m5_rate,m15_rate,rate_unit,duration_unit
1617630281,32,7.122542,0.371114,0.024566,0.675012,0.137890,0.346862,2.439068,2.439068,3.724069,7.122542,0.106623,0.178886,1.170949,2.179482,calls/second,milliseconds
1617630517,70,7.122542,0.511790,0.024566,0.542801,0.294034,0.913885,1.710689,1.710689,1.710689,2.439068,0.130578,0.038634,0.595363,1.709175,calls/second,milliseconds
1617630517,70,7.122542,0.511790,0.024566,0.542801,0.294034,0.913885,1.710689,1.710689,1.710689,2.439068,0.130576,0.038634,0.595363,1.709175,calls/second,milliseconds
