t,count,max,mean,min,stddev,p50,p75,p95,p98,p99,p999,mean_rate,m1_rate,m5_rate,m15_rate,rate_unit,duration_unit
1614778568,32,4.094937,0.423282,0.017253,0.510413,0.183777,0.743279,1.540523,1.636994,1.636994,4.094937,0.106322,0.173187,1.170915,2.179492,calls/second,milliseconds
1614778867,67,4.094937,0.721968,0.017253,0.394407,0.989656,0.989656,1.343462,1.343462,1.540523,1.664351,0.111646,0.027560,0.481611,1.590980,calls/second,milliseconds
1614779167,75,4.094937,0.368108,0.017253,0.538443,0.181923,0.265605,0.989656,1.509334,4.072336,4.072336,0.083323,0.023167,0.193416,1.147465,calls/second,milliseconds
1614779467,80,4.094937,0.182448,0.017253,0.066564,0.190987,0.190987,0.201043,0.202130,0.202130,0.791519,0.066661,0.021426,0.082304,0.827011,calls/second,milliseconds
1614779767,85,4.094937,0.136205,0.017253,0.037517,0.105969,0.184583,0.184583,0.190416,0.190416,0.201043,0.056663,0.021414,0.041427,0.597396,calls/second,milliseconds
1614780067,90,4.094937,0.415478,0.017253,0.723114,0.218656,0.218656,2.601532,2.601532,2.601532,2.601532,0.049997,0.021414,0.026390,0.432869,calls/second,milliseconds
1614780365,96,4.094937,0.231103,0.017253,0.276387,0.177780,0.205424,0.205424,1.794100,1.794100,1.794100,0.045760,0.023275,0.021209,0.316735,calls/second,milliseconds
1614780365,96,4.094937,0.231103,0.017253,0.276387,0.177780,0.205424,0.205424,1.794100,1.794100,1.794100,0.045760,0.023275,0.021209,0.316735,calls/second,milliseconds
