t,count,max,mean,min,stddev,p50,p75,p95,p98,p99,p999,mean_rate,m1_rate,m5_rate,m15_rate,rate_unit,duration_unit
1617636892,44,0.432502,0.023441,0.001719,0.036380,0.016283,0.025072,0.050169,0.222029,0.222029,0.222029,0.146652,0.313243,1.207938,2.192484,calls/second,milliseconds
1617637087,69,0.432502,0.025466,0.001719,0.027472,0.015130,0.017917,0.077055,0.121650,0.121650,0.222029,0.139322,0.096953,0.682373,1.788321,calls/second,milliseconds
1617637087,69,0.432502,0.025466,0.001719,0.027472,0.015130,0.017917,0.077055,0.121650,0.121650,0.222029,0.139319,0.096953,0.682373,1.788321,calls/second,milliseconds
