t,count,max,mean,min,stddev,p50,p75,p95,p98,p99,p999,mean_rate,m1_rate,m5_rate,m15_rate,rate_unit,duration_unit
1609284019,67,3.374603,0.366266,0.021030,0.441947,0.190804,0.422067,1.349283,1.349283,1.349283,3.374603,0.223254,0.127780,1.233340,2.211351,calls/second,milliseconds
1609284165,73,3.374603,0.583255,0.021030,0.648701,0.202637,1.087301,1.751206,1.751206,1.751206,1.751206,0.163649,0.024668,0.766071,1.884371,calls/second,milliseconds
1609284165,73,3.374603,0.583255,0.021030,0.648701,0.202637,1.087301,1.751206,1.751206,1.751206,1.751206,0.163646,0.024668,0.766071,1.884371,calls/second,milliseconds
