t,count,max,mean,min,stddev,p50,p75,p95,p98,p99,p999,mean_rate,m1_rate,m5_rate,m15_rate,rate_unit,duration_unit
1617628380,24,0.314674,0.075370,0.004177,0.097849,0.025496,0.108506,0.314674,0.314674,0.314674,0.314674,0.079992,0.093166,1.146491,2.170841,calls/second,milliseconds
1617628669,71,0.407802,0.089493,0.004177,0.119174,0.026027,0.152160,0.407802,0.407802,0.407802,0.407802,0.120398,0.030829,0.511399,1.618745,calls/second,milliseconds
1617628669,71,0.407802,0.089493,0.004177,0.119174,0.026027,0.152160,0.407802,0.407802,0.407802,0.407802,0.120396,0.030829,0.511399,1.618745,calls/second,milliseconds
