t,count,max,mean,min,stddev,p50,p75,p95,p98,p99,p999,mean_rate,m1_rate,m5_rate,m15_rate,rate_unit,duration_unit
1608468472,66,1.594659,0.145578,0.005771,0.145212,0.090655,0.186932,0.552317,0.552317,0.552317,1.594659,0.223656,0.121776,0.423727,0.634266,calls/second,milliseconds
1608468472,66,1.594659,0.145578,0.005771,0.145212,0.090655,0.186932,0.552317,0.552317,0.552317,1.594659,0.223645,0.121776,0.423727,0.634266,calls/second,milliseconds
