t,count,max,mean,min,stddev,p50,p75,p95,p98,p99,p999,mean_rate,m1_rate,m5_rate,m15_rate,rate_unit,duration_unit
1609169707,63,1.027217,0.223758,0.001915,0.257881,0.116721,0.316481,0.724529,0.842329,0.842329,0.842329,0.210004,0.427557,0.438288,0.631390,calls/second,milliseconds
1609169831,69,1.432106,0.326025,0.001915,0.435607,0.091368,0.502623,1.432106,1.432106,1.432106,1.432106,0.162711,0.082757,0.312015,0.559335,calls/second,milliseconds
1609169831,69,1.432106,0.326025,0.001915,0.435607,0.091368,0.502623,1.432106,1.432106,1.432106,1.432106,0.162708,0.082757,0.312015,0.559335,calls/second,milliseconds
