t,count,max,mean,min,stddev,p50,p75,p95,p98,p99,p999,mean_rate,m1_rate,m5_rate,m15_rate,rate_unit,duration_unit
1609416662,64,7.339506,0.598494,0.032382,0.781712,0.312113,0.547069,1.773592,2.061534,2.730242,7.339506,0.336004,0.242021,0.567016,0.707159,calls/second,milliseconds
1609416662,64,7.339506,0.598494,0.032382,0.781712,0.312113,0.547069,1.773592,2.061534,2.730242,7.339506,0.335966,0.242021,0.567016,0.707159,calls/second,milliseconds
