t,count,max,mean,min,stddev,p50,p75,p95,p98,p99,p999,mean_rate,m1_rate,m5_rate,m15_rate,rate_unit,duration_unit
1609063060,19,8.707364,0.150861,0.000823,1.035803,0.004616,0.005083,0.172054,0.359222,8.707364,8.707364,0.063335,0.022180,0.327999,0.592527,calls/second,milliseconds
1609063324,72,8.707364,0.264475,0.000623,0.311987,0.117956,0.713256,0.761340,0.761340,0.761340,0.796269,0.127508,0.058499,0.225039,0.485835,calls/second,milliseconds
1609063324,72,8.707364,0.264475,0.000623,0.311987,0.117956,0.713256,0.761340,0.761340,0.761340,0.796269,0.127506,0.058499,0.225039,0.485835,calls/second,milliseconds
