t,count,max,mean,min,stddev,p50,p75,p95,p98,p99,p999,mean_rate,m1_rate,m5_rate,m15_rate,rate_unit,duration_unit
1609017410,19,1.242336,0.430809,0.004644,0.194284,0.468827,0.516100,0.537961,0.639327,1.242336,1.242336,0.063321,0.020263,0.322338,0.589195,calls/second,milliseconds
1609017710,67,1.242336,0.202182,0.004644,0.147797,0.135210,0.361937,0.468827,0.475086,0.506108,0.516100,0.111656,0.039784,0.201828,0.464984,calls/second,milliseconds
1609017726,71,1.242336,0.155904,0.004644,0.122991,0.108048,0.287918,0.361937,0.414044,0.471680,0.506108,0.115305,0.030984,0.191984,0.457298,calls/second,milliseconds
1609017726,71,1.242336,0.155904,0.004644,0.122991,0.108048,0.287918,0.361937,0.414044,0.471680,0.506108,0.115304,0.030984,0.191984,0.457298,calls/second,milliseconds
