t,count,max,mean,min,stddev,p50,p75,p95,p98,p99,p999,mean_rate,m1_rate,m5_rate,m15_rate,rate_unit,duration_unit
1607881361,72,2.516636,0.618620,0.003313,0.867788,0.130773,0.768162,2.511405,2.511405,2.511405,2.516636,0.245046,0.128398,0.440689,0.643105,calls/second,milliseconds
1607881361,72,2.516636,0.618620,0.003313,0.867788,0.130773,0.768162,2.511405,2.511405,2.511405,2.516636,0.245031,0.128398,0.440689,0.643105,calls/second,milliseconds
