t,count,max,mean,min,stddev,p50,p75,p95,p98,p99,p999,mean_rate,m1_rate,m5_rate,m15_rate,rate_unit,duration_unit
1617641722,19,0.086129,0.050558,0.000342,0.018918,0.046402,0.072120,0.076397,0.076397,0.076397,0.086129,0.063328,0.046805,1.132229,2.165591,calls/second,milliseconds
1617642022,67,0.476589,0.050966,0.000342,0.070952,0.019416,0.078442,0.080606,0.260605,0.476589,0.476589,0.111663,0.055364,0.500921,1.594627,calls/second,milliseconds
1617642129,72,0.476589,0.061340,0.000342,0.070995,0.026834,0.150623,0.181027,0.181027,0.181027,0.476589,0.101791,0.048800,0.364963,1.423316,calls/second,milliseconds
1617642129,72,0.476589,0.061340,0.000342,0.070995,0.026834,0.150623,0.181027,0.181027,0.181027,0.476589,0.101789,0.048800,0.364963,1.423316,calls/second,milliseconds
