t,count,max,mean,min,stddev,p50,p75,p95,p98,p99,p999,mean_rate,m1_rate,m5_rate,m15_rate,rate_unit,duration_unit
1617580437,12,52.887710,4.110381,0.002004,7.506021,0.039410,4.930668,20.224768,20.224768,20.224768,52.887710,0.039997,0.092257,0.395885,0.728128,calls/second,milliseconds
1617580619,28,52.887710,1.786168,0.002004,3.901906,0.582001,0.657949,10.883285,10.883285,20.224768,20.224768,0.058164,0.028953,0.248421,0.610370,calls/second,milliseconds
1617580619,28,52.887710,1.786168,0.002004,3.901906,0.582001,0.657949,10.883285,10.883285,20.224768,20.224768,0.058163,0.028953,0.248421,0.610370,calls/second,milliseconds
