t,count,max,mean,min,stddev,p50,p75,p95,p98,p99,p999,mean_rate,m1_rate,m5_rate,m15_rate,rate_unit,duration_unit
1614780720,39,4.378479,0.347920,0.014742,0.391294,0.195947,0.255473,1.246747,1.246747,1.246747,2.214186,0.129940,0.266321,1.193216,2.187155,calls/second,milliseconds
1614781020,67,4.378479,0.715782,0.014742,0.486793,0.688419,0.917712,2.150379,2.150379,2.150379,2.150379,0.111641,0.028919,0.480936,1.590827,calls/second,milliseconds
1614781320,75,4.378479,0.287194,0.014742,0.208959,0.215256,0.243011,0.878792,0.896204,0.896204,1.246747,0.083321,0.026135,0.193891,1.147472,calls/second,milliseconds
1614781620,80,4.378479,0.219185,0.014742,0.026795,0.212681,0.233676,0.233676,0.243011,0.243862,0.858840,0.066659,0.023294,0.082665,0.827043,calls/second,milliseconds
1614781920,85,4.378479,0.210046,0.014742,0.006847,0.214442,0.214442,0.214442,0.214442,0.222831,0.233676,0.056662,0.023275,0.041748,0.597445,calls/second,milliseconds
1614782220,90,4.378479,0.210991,0.014742,0.008472,0.210879,0.210879,0.231853,0.231853,0.231853,0.231853,0.049996,0.023275,0.026695,0.432931,calls/second,milliseconds
1614782520,95,4.378479,0.210706,0.014742,0.011215,0.202733,0.227853,0.227853,0.228257,0.228257,0.231853,0.045235,0.023275,0.021158,0.315052,calls/second,milliseconds
1614782821,100,4.378479,0.202378,0.014742,0.004924,0.202796,0.202796,0.214186,0.214186,0.214186,0.227853,0.041664,0.023275,0.019121,0.230588,calls/second,milliseconds
1614783120,105,4.378479,0.207475,0.014742,0.018281,0.217326,0.217326,0.217326,0.241630,0.241630,0.241630,0.038887,0.023275,0.018371,0.170067,calls/second,milliseconds
1614783420,110,4.378479,0.209955,0.014742,0.012038,0.210753,0.210753,0.222640,0.222640,0.222640,0.222640,0.036665,0.023275,0.018095,0.126701,calls/second,milliseconds
1614783720,115,4.378479,0.217109,0.014742,0.010874,0.209370,0.223229,0.234863,0.234863,0.234863,0.234863,0.034847,0.023275,0.017994,0.095629,calls/second,milliseconds
1614784020,120,4.378479,0.216447,0.014742,0.011977,0.219560,0.219560,0.242240,0.242240,0.242240,0.242240,0.033332,0.023275,0.017957,0.073364,calls/second,milliseconds
1614784108,122,4.378479,0.373750,0.014742,0.131572,0.323249,0.564369,0.564369,0.564369,0.564369,0.564369,0.033083,0.015344,0.016517,0.067824,calls/second,milliseconds
1614784108,122,4.378479,0.373750,0.014742,0.131572,0.323249,0.564369,0.564369,0.564369,0.564369,0.564369,0.033083,0.015344,0.016517,0.067824,calls/second,milliseconds
