t,count,max,mean,min,stddev,p50,p75,p95,p98,p99,p999,mean_rate,m1_rate,m5_rate,m15_rate,rate_unit,duration_unit
1609950267,63,4.547006,0.384303,0.011044,0.589641,0.136500,0.402649,1.578310,2.693253,2.693253,4.547006,0.209937,0.137860,0.423760,0.632432,calls/second,milliseconds
1609950343,68,4.547006,1.009902,0.011044,1.306099,0.332198,1.481581,4.033449,4.033449,4.033449,4.033449,0.180453,0.046447,0.332823,0.582914,calls/second,milliseconds
1609950343,68,4.547006,1.009902,0.011044,1.306099,0.332198,1.481581,4.033449,4.033449,4.033449,4.033449,0.180447,0.046447,0.332823,0.582914,calls/second,milliseconds
