t,count,max,mean,min,stddev,p50,p75,p95,p98,p99,p999,mean_rate,m1_rate,m5_rate,m15_rate,rate_unit,duration_unit
1617663115,5,33.751849,6.771017,0.005175,13.490428,0.025389,0.059057,33.751849,33.751849,33.751849,33.751849,0.016666,0.007324,0.374062,0.720523,calls/second,milliseconds
1617663415,27,33.751849,1.963071,0.005175,4.108444,0.174936,0.329630,14.631218,14.631218,14.631218,14.631218,0.044990,0.021203,0.178003,0.536282,calls/second,milliseconds
1617663417,28,33.751849,1.627111,0.005175,3.265626,1.076987,1.076987,11.517366,14.631218,14.631218,14.631218,0.046509,0.021203,0.178003,0.536282,calls/second,milliseconds
1617663417,28,33.751849,1.627111,0.005175,3.265626,1.076987,1.076987,11.517366,14.631218,14.631218,14.631218,0.046509,0.021203,0.178003,0.536282,calls/second,milliseconds
