t,count,max,mean,min,stddev,p50,p75,p95,p98,p99,p999,mean_rate,m1_rate,m5_rate,m15_rate,rate_unit,duration_unit
1617617053,19,7.205998,1.193084,0.023264,0.717700,1.217868,1.272074,1.687630,1.806871,7.205998,7.205998,0.063303,0.035829,1.131123,2.165437,calls/second,milliseconds
1617617353,67,7.205998,0.408211,0.023264,0.340112,0.327755,0.486929,1.195778,1.195778,1.217868,1.923977,0.111638,0.110888,0.518938,1.597496,calls/second,milliseconds
1617617474,73,7.205998,1.709398,0.023264,2.164645,0.602186,3.145131,6.169147,6.169147,6.169147,6.169147,0.101180,0.027213,0.353204,1.400149,calls/second,milliseconds
1617617474,73,7.205998,1.709398,0.023264,2.164645,0.602186,3.145131,6.169147,6.169147,6.169147,6.169147,0.101178,0.027213,0.353204,1.400149,calls/second,milliseconds
