t,count,max,mean,min,stddev,p50,p75,p95,p98,p99,p999,mean_rate,m1_rate,m5_rate,m15_rate,rate_unit,duration_unit
1609017410,19,0.066440,0.011681,0.000893,0.009683,0.006748,0.020953,0.022171,0.027186,0.066440,0.066440,0.063330,0.020263,0.322338,0.589195,calls/second,milliseconds
1609017710,67,0.066440,0.012593,0.000425,0.009484,0.008798,0.022596,0.034425,0.034425,0.034425,0.034425,0.111664,0.039784,0.201828,0.464984,calls/second,milliseconds
1609017726,71,0.066440,0.009217,0.000425,0.008246,0.004682,0.018461,0.022596,0.034425,0.034425,0.034425,0.115313,0.030984,0.191984,0.457298,calls/second,milliseconds
1609017726,71,0.066440,0.009217,0.000425,0.008246,0.004682,0.018461,0.022596,0.034425,0.034425,0.034425,0.115312,0.030984,0.191984,0.457298,calls/second,milliseconds
