t,count,max,mean,min,stddev,p50,p75,p95,p98,p99,p999,mean_rate,m1_rate,m5_rate,m15_rate,rate_unit,duration_unit
1609998424,46,0.118900,0.015166,0.000670,0.021319,0.008713,0.011584,0.076012,0.080803,0.083333,0.083333,0.153321,0.328833,0.405378,0.618392,calls/second,milliseconds
1609998647,71,0.192458,0.013789,0.000670,0.018450,0.007336,0.012827,0.040708,0.040708,0.080803,0.192458,0.135797,0.034436,0.232010,0.503137,calls/second,milliseconds
1609998647,71,0.192458,0.013789,0.000670,0.018450,0.007336,0.012827,0.040708,0.040708,0.080803,0.192458,0.135794,0.034436,0.232010,0.503137,calls/second,milliseconds
