t,count,max,mean,min,stddev,p50,p75,p95,p98,p99,p999,mean_rate,m1_rate,m5_rate,m15_rate,rate_unit,duration_unit
1608519139,19,0.061647,0.027016,0.000359,0.009309,0.032771,0.032771,0.032771,0.032771,0.032771,0.061647,0.063329,0.046805,1.132229,2.165591,calls/second,milliseconds
1608519439,51,0.061647,0.004676,0.000154,0.008701,0.001816,0.002541,0.023970,0.046010,0.046010,0.046010,0.084997,0.254368,0.505184,1.585047,calls/second,milliseconds
1608519739,78,0.061647,0.021451,0.000154,0.014927,0.019249,0.027284,0.046014,0.046014,0.046014,0.049379,0.086656,0.030866,0.226942,1.158658,calls/second,milliseconds
1608519776,82,0.061647,0.010472,0.000154,0.011994,0.002511,0.021267,0.040700,0.046014,0.046014,0.049379,0.087512,0.017224,0.201952,1.114464,calls/second,milliseconds
1608519776,82,0.061647,0.010472,0.000154,0.011994,0.002511,0.021267,0.040700,0.046014,0.046014,0.049379,0.087511,0.017224,0.201952,1.114464,calls/second,milliseconds
