t,count,max,mean,min,stddev,p50,p75,p95,p98,p99,p999,mean_rate,m1_rate,m5_rate,m15_rate,rate_unit,duration_unit
1617642510,32,0.075857,0.011730,0.000070,0.015111,0.002315,0.020748,0.035819,0.062180,0.062180,0.067550,0.106657,0.204207,1.172289,2.179639,calls/second,milliseconds
1617642810,70,0.193295,0.019028,0.000070,0.025622,0.009037,0.020386,0.078437,0.096169,0.096169,0.193295,0.116662,0.042998,0.492288,1.594632,calls/second,milliseconds
1617642860,72,0.193295,0.010229,0.000070,0.019247,0.003047,0.009037,0.060340,0.078437,0.096169,0.193295,0.110860,0.032765,0.426861,1.517950,calls/second,milliseconds
1617642860,72,0.193295,0.010229,0.000070,0.019247,0.003047,0.009037,0.060340,0.078437,0.096169,0.193295,0.110859,0.032765,0.426861,1.517950,calls/second,milliseconds
