t,count,max,mean,min,stddev,p50,p75,p95,p98,p99,p999,mean_rate,m1_rate,m5_rate,m15_rate,rate_unit,duration_unit
1617580971,24,0.227784,0.024437,0.001330,0.036227,0.013467,0.025479,0.154186,0.154186,0.154186,0.227784,0.079993,0.114595,1.148051,2.171044,calls/second,milliseconds
1617581173,69,0.387682,0.054452,0.001330,0.117406,0.008223,0.013643,0.387682,0.387682,0.387682,0.387682,0.137255,0.075458,0.673925,1.777193,calls/second,milliseconds
1617581173,69,0.387682,0.054452,0.001330,0.117406,0.008223,0.013643,0.387682,0.387682,0.387682,0.387682,0.137252,0.075458,0.673925,1.777193,calls/second,milliseconds
