t,count,max,mean,min,stddev,p50,p75,p95,p98,p99,p999,mean_rate,m1_rate,m5_rate,m15_rate,rate_unit,duration_unit
1617670924,44,5.818477,0.515767,0.017134,1.185026,0.207713,0.264026,1.416441,5.818477,5.818477,5.818477,0.146607,0.346573,1.209328,2.192628,calls/second,milliseconds
1617671026,68,5.818477,0.612052,0.017134,0.940763,0.275558,0.500123,2.710892,2.710892,5.818477,5.818477,0.168894,0.175783,0.919607,1.982641,calls/second,milliseconds
1617671026,68,5.818477,0.612052,0.017134,0.940763,0.275558,0.500123,2.710892,2.710892,5.818477,5.818477,0.168537,0.175783,0.919607,1.982641,calls/second,milliseconds
