t,count,max,mean,min,stddev,p50,p75,p95,p98,p99,p999,mean_rate,m1_rate,m5_rate,m15_rate,rate_unit,duration_unit
1609995086,67,122.118169,1.115996,0.016741,5.160727,0.267426,0.913735,5.753566,5.753566,5.753566,122.118169,0.241758,0.139120,0.450765,0.648890,calls/second,milliseconds
1609995086,67,122.118169,1.115996,0.016741,5.160727,0.267426,0.913735,5.753566,5.753566,5.753566,122.118169,0.241421,0.139120,0.450765,0.648890,calls/second,milliseconds
