t,count,max,mean,min,stddev,p50,p75,p95,p98,p99,p999,mean_rate,m1_rate,m5_rate,m15_rate,rate_unit,duration_unit
1610205134,5,27.809699,5.703368,0.003663,11.055698,0.044300,0.634365,27.809699,27.809699,27.809699,27.809699,0.016666,0.000752,0.006500,0.004059,calls/second,milliseconds
1610205434,27,27.809699,1.599392,0.003663,3.076475,0.180895,0.279595,7.449524,14.357548,14.357548,14.357548,0.044999,0.057387,0.051748,0.024297,calls/second,milliseconds
1610205589,28,27.809699,1.553119,0.003663,1.633120,1.534971,1.534971,5.516645,6.717553,7.449524,14.357548,0.037066,0.004334,0.030868,0.020453,calls/second,milliseconds
1610205589,28,27.809699,1.553119,0.003663,1.633120,1.534971,1.534971,5.516645,6.717553,7.449524,14.357548,0.037066,0.004334,0.030868,0.020453,calls/second,milliseconds
