t,count,max,mean,min,stddev,p50,p75,p95,p98,p99,p999,mean_rate,m1_rate,m5_rate,m15_rate,rate_unit,duration_unit
1617659805,6,37.276924,6.183313,0.009254,3.709139,6.098438,6.098438,6.098438,6.098438,37.276924,37.276924,0.019999,0.020860,0.377259,0.721619,calls/second,milliseconds
1617660002,28,37.276924,2.002707,0.009254,3.464531,0.308095,1.359402,10.283805,11.424084,11.424084,11.424084,0.056423,0.050633,0.243599,0.601409,calls/second,milliseconds
1617660002,28,37.276924,2.002707,0.009254,3.464531,0.308095,1.359402,10.283805,11.424084,11.424084,11.424084,0.056421,0.050633,0.243599,0.601409,calls/second,milliseconds
