t,count,max,mean,min,stddev,p50,p75,p95,p98,p99,p999,mean_rate,m1_rate,m5_rate,m15_rate,rate_unit,duration_unit
1608152726,19,2.652987,0.082535,0.001526,0.356663,0.011060,0.011060,0.359616,1.025430,2.510294,2.652987,0.063336,0.029330,0.328754,0.592632,calls/second,milliseconds
1608153026,68,3.709982,0.416943,0.000873,0.683015,0.094734,0.676430,1.466858,3.709982,3.709982,3.709982,0.113336,0.091460,0.221630,0.470869,calls/second,milliseconds
1608153311,77,3.709982,0.733402,0.000873,1.076599,0.126295,1.069421,2.916320,2.916320,2.916320,2.916320,0.087010,0.010721,0.094074,0.346846,calls/second,milliseconds
1608153311,77,3.709982,0.733402,0.000873,1.076599,0.126295,1.069421,2.916320,2.916320,2.916320,2.916320,0.087008,0.010721,0.094074,0.346846,calls/second,milliseconds
