t,count,max,mean,min,stddev,p50,p75,p95,p98,p99,p999,mean_rate,m1_rate,m5_rate,m15_rate,rate_unit,duration_unit
1608503659,62,9.117912,0.344132,0.000628,1.139841,0.148796,0.290615,0.701343,1.456495,9.117912,9.117912,2.934852,1.472497,0.938891,0.846543,calls/second,milliseconds
1608503659,62,9.117912,0.344132,0.000628,1.139841,0.148796,0.290615,0.701343,1.456495,9.117912,9.117912,2.934145,1.472497,0.938891,0.846543,calls/second,milliseconds
