t,count,max,mean,min,stddev,p50,p75,p95,p98,p99,p999,mean_rate,m1_rate,m5_rate,m15_rate,rate_unit,duration_unit
1617643803,32,3.920802,0.471593,0.009406,0.521838,0.340660,0.678235,1.869724,1.869724,1.869724,3.920802,0.106620,0.182587,1.171348,2.179537,calls/second,milliseconds
1617644037,70,3.920802,0.406109,0.009406,0.328772,0.416225,0.581780,1.066662,1.085741,1.085741,1.869724,0.131279,0.045431,0.605978,1.718803,calls/second,milliseconds
1617644037,70,3.920802,0.406109,0.009406,0.328772,0.416225,0.581780,1.066662,1.085741,1.085741,1.869724,0.131277,0.045431,0.605978,1.718803,calls/second,milliseconds
