t,count,max,mean,min,stddev,p50,p75,p95,p98,p99,p999,mean_rate,m1_rate,m5_rate,m15_rate,rate_unit,duration_unit
1614113244,28,201.287520,10.651858,0.008702,36.984742,0.447573,8.891018,23.903798,201.287520,201.287520,201.287520,9.834802,0.000000,0.000000,0.000000,calls/second,milliseconds
1614113244,28,201.287520,10.651858,0.008702,36.984742,0.447573,8.891018,23.903798,201.287520,201.287520,201.287520,9.760015,0.000000,0.000000,0.000000,calls/second,milliseconds
