t,count,max,mean,min,stddev,p50,p75,p95,p98,p99,p999,mean_rate,m1_rate,m5_rate,m15_rate,rate_unit,duration_unit
1607725537,63,0.300663,0.060170,0.004409,0.075909,0.021765,0.077610,0.215487,0.280693,0.300663,0.300663,0.209975,0.056181,0.402926,0.629247,calls/second,milliseconds
1607725753,71,1.218488,0.073280,0.004409,0.178199,0.028800,0.033613,0.157186,1.218488,1.218488,1.218488,0.137670,0.019355,0.206175,0.499466,calls/second,milliseconds
1607725753,71,1.218488,0.073280,0.004409,0.178199,0.028800,0.033613,0.157186,1.218488,1.218488,1.218488,0.137666,0.019355,0.206175,0.499466,calls/second,milliseconds
