t,count,max,mean,min,stddev,p50,p75,p95,p98,p99,p999,mean_rate,m1_rate,m5_rate,m15_rate,rate_unit,duration_unit
1617635092,32,0.337572,0.020301,0.001597,0.044234,0.004857,0.007433,0.089337,0.089337,0.337572,0.337572,0.106658,0.199912,1.172435,2.179671,calls/second,milliseconds
1617635324,70,0.337572,0.013452,0.001003,0.021289,0.004226,0.005294,0.057096,0.082709,0.082709,0.089337,0.131533,0.051253,0.607581,1.719081,calls/second,milliseconds
1617635324,70,0.337572,0.013452,0.001003,0.021289,0.004226,0.005294,0.057096,0.082709,0.082709,0.089337,0.131530,0.051253,0.607581,1.719081,calls/second,milliseconds
