t,count,max,mean,min,stddev,p50,p75,p95,p98,p99,p999,mean_rate,m1_rate,m5_rate,m15_rate,rate_unit,duration_unit
1617564342,19,36.079232,4.400263,0.064852,5.059155,3.287184,3.287184,16.739594,27.614433,36.079232,36.079232,0.063040,0.034721,1.130975,2.165416,calls/second,milliseconds
1617564634,71,36.079232,1.250310,0.064852,1.667990,0.520739,1.383203,5.077504,5.077504,5.077504,18.371998,0.119611,0.060239,0.520879,1.612958,calls/second,milliseconds
1617564634,71,36.079232,1.250310,0.064852,1.667990,0.520739,1.383203,5.077504,5.077504,5.077504,18.371998,0.119608,0.060239,0.520879,1.612958,calls/second,milliseconds
