t,count,max,mean,min,stddev,p50,p75,p95,p98,p99,p999,mean_rate,m1_rate,m5_rate,m15_rate,rate_unit,duration_unit
1617657842,19,0.146839,0.035493,0.000912,0.017272,0.034266,0.048271,0.048271,0.051811,0.146839,0.146839,0.063327,0.034721,1.130975,2.165416,calls/second,milliseconds
1617658142,67,0.273916,0.016951,0.000912,0.038634,0.004533,0.011326,0.055190,0.080593,0.273916,0.273916,0.111660,0.112190,0.520075,1.597672,calls/second,milliseconds
1617658164,72,0.273916,0.016716,0.000912,0.031647,0.005151,0.009346,0.057817,0.067357,0.080593,0.273916,0.115756,0.096379,0.489839,1.563667,calls/second,milliseconds
1617658164,72,0.273916,0.016716,0.000912,0.031647,0.005151,0.009346,0.057817,0.067357,0.080593,0.273916,0.115754,0.096379,0.489839,1.563667,calls/second,milliseconds
