t,count,max,mean,min,stddev,p50,p75,p95,p98,p99,p999,mean_rate,m1_rate,m5_rate,m15_rate,rate_unit,duration_unit
1617610863,5,230.181500,46.639445,0.009444,91.773601,1.213255,1.778369,230.181500,230.181500,230.181500,230.181500,0.016645,0.007324,0.374062,0.720523,calls/second,milliseconds
1617611163,27,230.181500,3.965740,0.009444,7.901101,0.478900,1.639589,19.048163,37.045722,37.045722,37.045722,0.044972,0.017406,0.176350,0.536006,calls/second,milliseconds
1617611201,28,230.181500,5.787731,0.009444,5.501030,7.234071,7.234071,11.161755,19.048163,19.048163,37.045722,0.043876,0.009713,0.156931,0.515561,calls/second,milliseconds
1617611201,28,230.181500,5.787731,0.009444,5.501030,7.234071,7.234071,11.161755,19.048163,19.048163,37.045722,0.043875,0.009713,0.156931,0.515561,calls/second,milliseconds
