t,count,max,mean,min,stddev,p50,p75,p95,p98,p99,p999,mean_rate,m1_rate,m5_rate,m15_rate,rate_unit,duration_unit
1608355463,32,0.067248,0.002735,0.000099,0.002942,0.003016,0.004124,0.007699,0.007699,0.007699,0.010262,0.106661,0.186597,0.363971,0.603486,calls/second,milliseconds
1608355717,71,0.067248,0.002796,0.000099,0.001901,0.002455,0.003812,0.006969,0.006969,0.006969,0.007699,0.128157,0.030770,0.216382,0.487883,calls/second,milliseconds
1608355717,71,0.067248,0.002796,0.000099,0.001901,0.002455,0.003812,0.006969,0.006969,0.006969,0.007699,0.128156,0.030770,0.216382,0.487883,calls/second,milliseconds
