t,count,max,mean,min,stddev,p50,p75,p95,p98,p99,p999,mean_rate,m1_rate,m5_rate,m15_rate,rate_unit,duration_unit
1617584963,32,3.683407,0.390593,0.005957,0.491170,0.249799,0.507369,1.997280,1.997280,1.997280,3.683407,0.106672,0.195862,1.190669,2.191626,calls/second,milliseconds
1617585179,70,3.683407,0.334869,0.002594,0.337818,0.119380,0.634777,0.837917,1.015424,1.268931,1.997280,0.135819,0.048781,0.635056,1.747367,calls/second,milliseconds
1617585179,70,3.683407,0.334869,0.002594,0.337818,0.119380,0.634777,0.837917,1.015424,1.268931,1.997280,0.135816,0.048781,0.635056,1.747367,calls/second,milliseconds
