t,count,max,mean,min,stddev,p50,p75,p95,p98,p99,p999,mean_rate,m1_rate,m5_rate,m15_rate,rate_unit,duration_unit
1617665734,24,2.930465,0.508533,0.035596,0.402070,0.324855,0.565933,1.198911,1.410523,1.410523,2.930465,0.079957,0.089766,1.141928,2.168890,calls/second,milliseconds
1617665890,68,2.930465,0.483283,0.020430,0.568923,0.209112,0.816108,1.755980,1.755980,1.755980,1.755980,0.148977,0.125019,0.777687,1.866945,calls/second,milliseconds
1617665890,68,2.930465,0.483283,0.020430,0.568923,0.209112,0.816108,1.755980,1.755980,1.755980,1.755980,0.148975,0.125019,0.777687,1.866945,calls/second,milliseconds
