t,count,max,mean,min,stddev,p50,p75,p95,p98,p99,p999,mean_rate,m1_rate,m5_rate,m15_rate,rate_unit,duration_unit
1609291842,32,2.837924,0.454962,0.019344,0.635863,0.213142,0.312597,2.181742,2.181742,2.181742,2.837924,0.106646,0.203829,0.364975,0.603608,calls/second,milliseconds
1609292142,67,2.837924,0.645858,0.019246,0.335706,0.822951,0.859126,0.859126,0.859126,1.075080,2.181742,0.111657,0.028207,0.185840,0.461959,calls/second,milliseconds
1609292442,72,2.837924,0.675259,0.019246,0.102497,0.627303,0.800747,0.800747,0.847821,0.847821,0.859126,0.079995,0.021460,0.079516,0.335825,calls/second,milliseconds
1609292450,76,2.837924,0.273135,0.019246,0.245850,0.156242,0.312837,0.800747,0.800747,0.847821,0.859126,0.083694,0.019744,0.078202,0.333964,calls/second,milliseconds
1609292450,76,2.837924,0.273135,0.019246,0.245850,0.156242,0.312837,0.800747,0.800747,0.847821,0.859126,0.083693,0.019744,0.078202,0.333964,calls/second,milliseconds
