t,count,max,mean,min,stddev,p50,p75,p95,p98,p99,p999,mean_rate,m1_rate,m5_rate,m15_rate,rate_unit,duration_unit
1617616329,5,27.779007,5.577625,0.005274,11.100700,0.030752,0.049660,27.779007,27.779007,27.779007,27.779007,0.016665,0.007324,0.374062,0.720523,calls/second,milliseconds
1617616629,27,27.779007,2.041756,0.005274,3.768865,0.220764,0.345005,10.893385,11.956959,11.956959,11.956959,0.044998,0.018429,0.176595,0.536040,calls/second,milliseconds
1617616673,28,27.779007,2.363028,0.005274,2.500729,2.610052,2.610052,7.894327,10.893385,10.893385,11.956959,0.043479,0.009462,0.154551,0.512738,calls/second,milliseconds
1617616673,28,27.779007,2.363028,0.005274,2.500729,2.610052,2.610052,7.894327,10.893385,10.893385,11.956959,0.043478,0.009462,0.154551,0.512738,calls/second,milliseconds
