t,count,max,mean,min,stddev,p50,p75,p95,p98,p99,p999,mean_rate,m1_rate,m5_rate,m15_rate,rate_unit,duration_unit
1618828928,63,4.565668,0.331833,0.025347,0.547759,0.148319,0.328390,0.996668,2.307963,2.307963,4.565668,0.509533,0.491542,0.696977,0.761376,calls/second,milliseconds
1618828928,63,4.565668,0.331833,0.025347,0.547759,0.148319,0.328390,0.996668,2.307963,2.307963,4.565668,0.509482,0.491542,0.696977,0.761376,calls/second,milliseconds
