t,count,max,mean,min,stddev,p50,p75,p95,p98,p99,p999,mean_rate,m1_rate,m5_rate,m15_rate,rate_unit,duration_unit
1607894287,5,29.459967,5.910996,0.005110,11.774505,0.015400,0.064757,29.459967,29.459967,29.459967,29.459967,0.016665,0.000752,0.006500,0.004059,calls/second,milliseconds
1607894587,27,29.459967,1.818095,0.005110,3.332982,0.178104,0.250393,9.151182,10.419502,10.419502,10.419502,0.044978,0.059597,0.051816,0.024300,calls/second,milliseconds
1607894887,27,29.459967,1.818095,0.005110,3.332982,0.178104,0.250393,9.151182,10.419502,10.419502,10.419502,0.029999,0.000402,0.019062,0.017412,calls/second,milliseconds
1607895021,28,29.459967,1.943542,0.005110,0.262975,1.944327,1.944327,1.944327,1.944327,1.944327,6.414287,0.027090,0.000046,0.012359,0.015070,calls/second,milliseconds
1607895021,28,29.459967,1.943542,0.005110,0.262975,1.944327,1.944327,1.944327,1.944327,1.944327,6.414287,0.027089,0.000046,0.012359,0.015070,calls/second,milliseconds
