t,count,max,mean,min,stddev,p50,p75,p95,p98,p99,p999,mean_rate,m1_rate,m5_rate,m15_rate,rate_unit,duration_unit
1618737701,62,8.777074,0.363169,0.022083,0.683550,0.194523,0.347164,0.997259,1.293417,5.217914,6.106680,0.206601,0.367764,0.445630,0.634627,calls/second,milliseconds
1618737863,69,8.777074,0.643336,0.022083,0.724882,0.329357,0.900162,2.137223,2.223928,2.223928,6.106680,0.149210,0.038968,0.268749,0.534260,calls/second,milliseconds
1618737863,69,8.777074,0.643336,0.022083,0.724882,0.329357,0.900162,2.137223,2.223928,2.223928,6.106680,0.149207,0.038968,0.268749,0.534260,calls/second,milliseconds
