t,count,max,mean,min,stddev,p50,p75,p95,p98,p99,p999,mean_rate,m1_rate,m5_rate,m15_rate,rate_unit,duration_unit
1609435233,19,0.305419,0.055724,0.000546,0.079739,0.031977,0.033929,0.305419,0.305419,0.305419,0.305419,0.063326,0.042992,1.131899,2.165546,calls/second,milliseconds
1609435533,64,0.509682,0.009546,0.000380,0.031326,0.001630,0.009443,0.037536,0.051209,0.051847,0.509682,0.106661,0.273918,0.533078,1.597512,calls/second,milliseconds
1609435784,80,0.509682,0.045543,0.000380,0.069215,0.003652,0.048996,0.190452,0.190452,0.190452,0.190452,0.093927,0.024197,0.252756,1.220744,calls/second,milliseconds
1609435784,80,0.509682,0.045543,0.000380,0.069215,0.003652,0.048996,0.190452,0.190452,0.190452,0.190452,0.093926,0.024197,0.252756,1.220744,calls/second,milliseconds
