t,count,max,mean,min,stddev,p50,p75,p95,p98,p99,p999,mean_rate,m1_rate,m5_rate,m15_rate,rate_unit,duration_unit
1617593046,32,0.160832,0.018568,0.000103,0.022451,0.009748,0.024703,0.063780,0.063780,0.063780,0.160832,0.106658,0.192533,1.171214,2.179494,calls/second,milliseconds
1617593249,70,0.160832,0.016913,0.000103,0.028688,0.005220,0.014187,0.091413,0.091413,0.091413,0.091413,0.139303,0.060783,0.668717,1.776918,calls/second,milliseconds
1617593249,70,0.160832,0.016913,0.000103,0.028688,0.005220,0.014187,0.091413,0.091413,0.091413,0.091413,0.139302,0.060783,0.668717,1.776918,calls/second,milliseconds
