t,count,max,mean,min,stddev,p50,p75,p95,p98,p99,p999,mean_rate,m1_rate,m5_rate,m15_rate,rate_unit,duration_unit
1617622247,19,0.208304,0.061274,0.000620,0.036398,0.045282,0.109322,0.109322,0.124129,0.124129,0.208304,0.063329,0.039765,1.131581,2.165502,calls/second,milliseconds
1617622547,67,0.208304,0.015817,0.000620,0.025196,0.005829,0.007904,0.078313,0.078313,0.080313,0.156534,0.111662,0.182845,0.529643,1.599042,calls/second,milliseconds
1617622769,75,0.208304,0.017384,0.000620,0.023146,0.005403,0.032650,0.079573,0.079573,0.079573,0.079573,0.091322,0.077481,0.274350,1.259619,calls/second,milliseconds
1617622769,75,0.208304,0.017384,0.000620,0.023146,0.005403,0.032650,0.079573,0.079573,0.079573,0.079573,0.091321,0.077481,0.274350,1.259619,calls/second,milliseconds
