t,count,max,mean,min,stddev,p50,p75,p95,p98,p99,p999,mean_rate,m1_rate,m5_rate,m15_rate,rate_unit,duration_unit
1617580971,7,30.541581,2.554639,0.002688,2.607901,1.296202,3.863277,3.863277,3.863277,3.863277,30.541581,0.023332,0.035769,0.380512,0.722721,calls/second,milliseconds
1617581173,28,30.541581,1.646157,0.002688,3.378886,0.290403,0.916606,8.544145,15.246161,15.246161,15.246161,0.055698,0.031824,0.236037,0.597540,calls/second,milliseconds
1617581173,28,30.541581,1.646157,0.002688,3.378886,0.290403,0.916606,8.544145,15.246161,15.246161,15.246161,0.055697,0.031824,0.236037,0.597540,calls/second,milliseconds
