t,count,max,mean,min,stddev,p50,p75,p95,p98,p99,p999,mean_rate,m1_rate,m5_rate,m15_rate,rate_unit,duration_unit
1608062755,19,0.109237,0.007121,0.000260,0.010883,0.007695,0.007695,0.007695,0.024490,0.109237,0.109237,0.063327,0.020263,0.322338,0.589195,calls/second,milliseconds
1608063055,72,0.153450,0.008507,0.000084,0.025212,0.001474,0.003463,0.049580,0.153450,0.153450,0.153450,0.119995,0.327751,0.256719,0.476236,calls/second,milliseconds
1608063355,77,0.153450,0.008854,0.000084,0.012154,0.007672,0.007672,0.021110,0.021110,0.049580,0.153450,0.085553,0.015109,0.104530,0.345897,calls/second,milliseconds
1608063510,84,0.153450,0.019041,0.000084,0.020574,0.013574,0.014747,0.060780,0.060780,0.060780,0.060780,0.079626,0.021588,0.071359,0.295875,calls/second,milliseconds
1608063510,84,0.153450,0.019041,0.000084,0.020574,0.013574,0.014747,0.060780,0.060780,0.060780,0.060780,0.079625,0.021588,0.071359,0.295875,calls/second,milliseconds
