t,count,max,mean,min,stddev,p50,p75,p95,p98,p99,p999,mean_rate,m1_rate,m5_rate,m15_rate,rate_unit,duration_unit
1608503724,28,36.877908,3.079941,0.007265,7.085955,0.448237,1.499027,10.626424,36.877908,36.877908,36.877908,1.085124,0.425367,0.088981,0.029886,calls/second,milliseconds
1608503724,28,36.877908,3.079941,0.007265,7.085955,0.448237,1.499027,10.626424,36.877908,36.877908,36.877908,1.084686,0.425367,0.088981,0.029886,calls/second,milliseconds
