t,count,max,mean,min,stddev,p50,p75,p95,p98,p99,p999,mean_rate,m1_rate,m5_rate,m15_rate,rate_unit,duration_unit
1610002786,19,5.165507,0.220299,0.005394,0.635409,0.099683,0.128653,0.450736,0.640832,5.165507,5.165507,0.063336,0.018959,0.327319,0.592413,calls/second,milliseconds
1610003086,72,5.165507,0.308455,0.003350,0.344334,0.134292,0.545229,1.084653,1.153498,1.189588,2.065333,0.119930,0.044578,0.211919,0.469678,calls/second,milliseconds
1610003241,79,5.165507,0.739404,0.003350,0.851682,0.111868,1.287068,2.239356,2.239356,2.239356,2.239356,0.104643,0.019506,0.136106,0.400603,calls/second,milliseconds
1610003241,79,5.165507,0.739404,0.003350,0.851682,0.111868,1.287068,2.239356,2.239356,2.239356,2.239356,0.104641,0.019506,0.136106,0.400603,calls/second,milliseconds
