t,count,max,mean,min,stddev,p50,p75,p95,p98,p99,p999,mean_rate,m1_rate,m5_rate,m15_rate,rate_unit,duration_unit
1608502906,28,12.065327,0.925445,0.002616,2.291182,0.105630,0.404601,3.153970,12.065327,12.065327,12.065327,0.093330,0.039674,2.021193,3.891628,calls/second,milliseconds
1608503206,28,12.065327,0.925445,0.002616,2.291182,0.105630,0.404601,3.153970,12.065327,12.065327,12.065327,0.046666,0.000267,0.743555,2.788473,calls/second,milliseconds
1608503506,28,12.065327,0.925445,0.002616,2.291182,0.105630,0.404601,3.153970,12.065327,12.065327,12.065327,0.031111,0.000002,0.273539,1.998028,calls/second,milliseconds
1608503638,28,12.065327,0.925445,0.002616,2.291182,0.105630,0.404601,3.153970,12.065327,12.065327,12.065327,0.027121,0.000000,0.177347,1.729299,calls/second,milliseconds
1608503638,28,12.065327,0.925445,0.002616,2.291182,0.105630,0.404601,3.153970,12.065327,12.065327,12.065327,0.027121,0.000000,0.177347,1.729299,calls/second,milliseconds
