t,count,max,mean,min,stddev,p50,p75,p95,p98,p99,p999,mean_rate,m1_rate,m5_rate,m15_rate,rate_unit,duration_unit
1609404954,27,21.233565,1.531019,0.005127,3.632262,0.114655,0.617359,8.657358,17.826213,17.826213,17.826213,0.089994,0.181831,0.436743,0.743711,calls/second,milliseconds
1609405254,27,21.233565,1.531019,0.005127,3.632262,0.114655,0.617359,8.657358,17.826213,17.826213,17.826213,0.044998,0.001225,0.160669,0.532892,calls/second,milliseconds
1609405554,27,21.233565,1.531019,0.005127,3.632262,0.114655,0.617359,8.657358,17.826213,17.826213,17.826213,0.029999,0.000008,0.059107,0.381834,calls/second,milliseconds
1609405854,27,21.233565,1.531019,0.005127,3.632262,0.114655,0.617359,8.657358,17.826213,17.826213,17.826213,0.022500,0.000000,0.021744,0.273596,calls/second,milliseconds
1609406101,28,21.233565,1.523920,0.005127,0.003823,1.523920,1.523920,1.523920,1.523920,1.523920,1.523920,0.019354,0.005412,0.012271,0.209425,calls/second,milliseconds
1609406101,28,21.233565,1.523920,0.005127,0.003823,1.523920,1.523920,1.523920,1.523920,1.523920,1.523920,0.019354,0.005412,0.012271,0.209425,calls/second,milliseconds
