t,count,max,mean,min,stddev,p50,p75,p95,p98,p99,p999,mean_rate,m1_rate,m5_rate,m15_rate,rate_unit,duration_unit
1607878598,64,0.211785,0.020795,0.002173,0.021871,0.011733,0.027836,0.057487,0.068463,0.068463,0.211785,0.213312,0.051826,1.200551,2.204112,calls/second,milliseconds
1607878898,69,0.211785,0.049472,0.002173,0.020856,0.053537,0.053537,0.098980,0.098980,0.098980,0.098980,0.114996,0.014371,0.451916,1.584000,calls/second,milliseconds
1607878944,74,0.211785,0.039256,0.002173,0.019757,0.027000,0.062344,0.062344,0.062344,0.098980,0.098980,0.114639,0.047344,0.401034,1.511046,calls/second,milliseconds
1607878944,74,0.211785,0.039256,0.002173,0.019757,0.027000,0.062344,0.062344,0.062344,0.098980,0.098980,0.114638,0.047344,0.401034,1.511046,calls/second,milliseconds
