t,count,max,mean,min,stddev,p50,p75,p95,p98,p99,p999,mean_rate,m1_rate,m5_rate,m15_rate,rate_unit,duration_unit
1617661713,19,5.836999,0.214283,0.004934,0.525593,0.072690,0.380270,0.383596,0.776764,1.920236,5.836999,0.063354,0.046728,1.150923,2.177611,calls/second,milliseconds
1617661919,69,5.836999,0.465305,0.002919,0.545319,0.192663,0.826467,1.485527,1.800241,2.152374,2.152374,0.136407,0.106657,0.671564,1.768680,calls/second,milliseconds
1617661919,69,5.836999,0.465305,0.002919,0.545319,0.192663,0.826467,1.485527,1.800241,2.152374,2.152374,0.136405,0.106657,0.671564,1.768680,calls/second,milliseconds
