t,count,max,mean,min,stddev,p50,p75,p95,p98,p99,p999,mean_rate,m1_rate,m5_rate,m15_rate,rate_unit,duration_unit
1617631485,32,4.147494,0.364001,0.024927,0.559918,0.185863,0.308032,1.903050,1.903050,2.894019,3.362721,0.106233,0.200312,1.172501,2.179682,calls/second,milliseconds
1617631724,70,4.147494,0.544478,0.024927,0.552548,0.307740,1.046515,1.647469,1.647469,1.647469,1.903050,0.129511,0.093192,0.597772,1.703440,calls/second,milliseconds
1617631724,70,4.147494,0.544478,0.024927,0.552548,0.307740,1.046515,1.647469,1.647469,1.647469,1.903050,0.129509,0.093192,0.597772,1.703440,calls/second,milliseconds
