t,count,max,mean,min,stddev,p50,p75,p95,p98,p99,p999,mean_rate,m1_rate,m5_rate,m15_rate,rate_unit,duration_unit
1617575895,19,3.254706,0.184027,0.005086,0.409582,0.102605,0.102605,0.301460,1.972553,2.626387,3.254706,0.063337,0.043221,1.150599,2.177567,calls/second,milliseconds
1617576196,67,3.254706,0.335401,0.003112,0.410398,0.183843,0.439793,1.240099,1.733703,1.873436,2.164386,0.111659,0.078410,0.511927,1.596463,calls/second,milliseconds
1617576311,73,3.254706,0.485619,0.003112,0.534021,0.171940,0.682107,1.529017,1.529017,1.529017,1.873436,0.102010,0.028569,0.354641,1.407074,calls/second,milliseconds
1617576311,73,3.254706,0.485619,0.003112,0.534021,0.171940,0.682107,1.529017,1.529017,1.529017,1.873436,0.102009,0.028569,0.354641,1.407074,calls/second,milliseconds
