t,count,max,mean,min,stddev,p50,p75,p95,p98,p99,p999,mean_rate,m1_rate,m5_rate,m15_rate,rate_unit,duration_unit
1607888543,19,5.140295,1.030941,0.025400,0.716509,0.769115,1.427600,1.625747,3.110747,3.110747,5.140295,0.063307,0.037033,1.131273,2.165459,calls/second,milliseconds
1607888843,68,5.140295,0.709641,0.025400,0.645581,0.295789,1.401951,1.702439,2.039291,2.039291,2.327552,0.113309,0.037265,0.497595,1.594666,calls/second,milliseconds
1607888923,73,5.140295,0.789992,0.025400,1.206680,0.367496,1.026586,4.496701,4.496701,4.496701,4.496701,0.107371,0.018230,0.390373,1.468217,calls/second,milliseconds
1607888923,73,5.140295,0.789992,0.025400,1.206680,0.367496,1.026586,4.496701,4.496701,4.496701,4.496701,0.107370,0.018230,0.390373,1.468217,calls/second,milliseconds
