t,count,max,mean,min,stddev,p50,p75,p95,p98,p99,p999,mean_rate,m1_rate,m5_rate,m15_rate,rate_unit,duration_unit
1617629033,24,0.194240,0.024036,0.001103,0.039040,0.005747,0.028856,0.090760,0.194240,0.194240,0.194240,0.079994,0.094170,1.146269,2.170801,calls/second,milliseconds
1617629307,71,0.331002,0.014905,0.000780,0.031344,0.004557,0.006140,0.060738,0.060738,0.079314,0.331002,0.123639,0.082832,0.546833,1.649152,calls/second,milliseconds
1617629307,71,0.331002,0.014905,0.000780,0.031344,0.004557,0.006140,0.060738,0.060738,0.079314,0.331002,0.123636,0.082832,0.546833,1.649152,calls/second,milliseconds
