t,count,max,mean,min,stddev,p50,p75,p95,p98,p99,p999,mean_rate,m1_rate,m5_rate,m15_rate,rate_unit,duration_unit
1617569268,19,0.169614,0.026899,0.001255,0.020255,0.017126,0.041777,0.059873,0.059873,0.059873,0.169614,0.063326,0.041311,1.131739,2.165524,calls/second,milliseconds
1617569568,67,0.169614,0.008706,0.001255,0.008870,0.006080,0.008772,0.024405,0.036336,0.036336,0.079231,0.111661,0.226812,0.535196,1.599815,calls/second,milliseconds
1617569853,76,0.169614,0.009441,0.001255,0.009643,0.004562,0.014033,0.035193,0.035193,0.035193,0.036336,0.085880,0.012063,0.218821,1.175859,calls/second,milliseconds
1617569853,76,0.169614,0.009441,0.001255,0.009643,0.004562,0.014033,0.035193,0.035193,0.035193,0.036336,0.085879,0.012063,0.218821,1.175859,calls/second,milliseconds
