t,count,max,mean,min,stddev,p50,p75,p95,p98,p99,p999,mean_rate,m1_rate,m5_rate,m15_rate,rate_unit,duration_unit
1617669555,43,0.741785,0.042956,0.001815,0.131891,0.010579,0.016443,0.081566,0.741785,0.741785,0.741785,0.143312,0.320478,1.205985,2.191537,calls/second,milliseconds
1617669656,67,0.741785,0.028881,0.001815,0.077311,0.010592,0.016220,0.138131,0.140387,0.150034,0.741785,0.166807,0.150022,0.915188,1.981402,calls/second,milliseconds
1617669656,67,0.741785,0.028881,0.001815,0.077311,0.010592,0.016220,0.138131,0.140387,0.150034,0.741785,0.166805,0.150022,0.915188,1.981402,calls/second,milliseconds
