t,count,max,mean,min,stddev,p50,p75,p95,p98,p99,p999,mean_rate,m1_rate,m5_rate,m15_rate,rate_unit,duration_unit
1609993848,64,3.858309,0.399395,0.008577,0.474044,0.267640,0.562959,1.259381,1.459177,1.459177,3.858309,0.914849,1.752977,2.601858,2.856033,calls/second,milliseconds
1609993848,64,3.858309,0.399395,0.008577,0.474044,0.267640,0.562959,1.259381,1.459177,1.459177,3.858309,0.914580,1.752977,2.601858,2.856033,calls/second,milliseconds
