t,count,max,mean,min,stddev,p50,p75,p95,p98,p99,p999,mean_rate,m1_rate,m5_rate,m15_rate,rate_unit,duration_unit
1607879934,64,4.354973,0.433497,0.010134,0.571787,0.223095,0.598008,1.244238,1.778305,4.354973,4.354973,0.817161,0.809494,0.801516,0.800199,calls/second,milliseconds
1607879934,64,4.354973,0.433497,0.010134,0.571787,0.223095,0.598008,1.244238,1.778305,4.354973,4.354973,0.816941,0.809494,0.801516,0.800199,calls/second,milliseconds
