t,count,max,mean,min,stddev,p50,p75,p95,p98,p99,p999,mean_rate,m1_rate,m5_rate,m15_rate,rate_unit,duration_unit
1609284019,67,3.368562,0.355561,0.016195,0.437050,0.183474,0.396039,1.325975,1.325975,1.325975,3.368562,0.223254,0.127780,1.233340,2.211351,calls/second,milliseconds
1609284165,73,3.368562,0.569909,0.016195,0.644391,0.199384,1.055249,1.736628,1.736628,1.736628,1.736628,0.163649,0.024668,0.766071,1.884371,calls/second,milliseconds
1609284165,73,3.368562,0.569909,0.016195,0.644391,0.199384,1.055249,1.736628,1.736628,1.736628,1.736628,0.163646,0.024668,0.766071,1.884371,calls/second,milliseconds
