t,count,max,mean,min,stddev,p50,p75,p95,p98,p99,p999,mean_rate,m1_rate,m5_rate,m15_rate,rate_unit,duration_unit
1609384373,19,6.332568,0.766121,0.011040,0.673352,0.730321,1.001420,1.035924,2.026403,6.332568,6.332568,0.063308,0.033701,1.130830,2.165395,calls/second,milliseconds
1609384673,68,6.332568,0.638260,0.011040,0.661621,0.367729,0.929349,1.847280,1.847280,1.938590,3.855943,0.113311,0.050110,0.505335,1.596001,calls/second,milliseconds
1609384973,73,8.226083,4.076251,0.011040,1.722340,3.426257,5.110048,8.226083,8.226083,8.226083,8.226083,0.081099,0.012207,0.195824,1.148217,calls/second,milliseconds
1609385273,78,8.226083,0.977224,0.011040,0.385528,0.948314,0.954685,0.958008,0.958008,3.426257,8.226083,0.064993,0.011951,0.081962,0.827366,calls/second,milliseconds
1609385573,83,8.226083,0.859961,0.011040,0.084714,0.901928,0.901928,0.916682,0.916682,0.948314,0.958008,0.055329,0.011950,0.040074,0.597467,calls/second,milliseconds
1609385873,88,8.226083,1.348783,0.011040,0.759911,0.938085,0.938085,2.695064,2.695064,2.695064,2.695064,0.048886,0.011950,0.024664,0.432736,calls/second,milliseconds
1609386173,101,8.226083,1.239860,0.011040,0.884918,1.343844,2.193043,2.906222,2.906222,2.906222,2.906222,0.048092,0.050003,0.034821,0.322007,calls/second,milliseconds
1609386227,103,8.226083,0.721227,0.011040,0.795701,0.312279,1.343844,2.193043,2.906222,2.906222,2.906222,0.047808,0.030655,0.032417,0.305672,calls/second,milliseconds
1609386227,103,8.226083,0.721227,0.011040,0.795701,0.312279,1.343844,2.193043,2.906222,2.906222,2.906222,0.047808,0.030655,0.032417,0.305672,calls/second,milliseconds
