t,count,max,mean,min,stddev,p50,p75,p95,p98,p99,p999,mean_rate,m1_rate,m5_rate,m15_rate,rate_unit,duration_unit
1607850981,6,23.744099,4.087653,0.003203,2.245752,4.047825,4.047825,4.047825,4.047825,23.744099,23.744099,0.019998,0.023315,0.377368,0.721631,calls/second,milliseconds
1607851281,27,23.744099,2.921679,0.003203,5.089688,0.231346,2.721826,16.319246,16.319246,16.319246,16.319246,0.044998,0.010209,0.172425,0.535316,calls/second,milliseconds
1607851581,27,23.744099,2.921679,0.003203,5.089688,0.231346,2.721826,16.319246,16.319246,16.319246,16.319246,0.029999,0.000069,0.063432,0.383571,calls/second,milliseconds
1607851881,27,23.744099,2.921679,0.003203,5.089688,0.231346,2.721826,16.319246,16.319246,16.319246,16.319246,0.022500,0.000000,0.023335,0.274840,calls/second,milliseconds
1607852181,27,23.744099,2.921679,0.003203,5.089688,0.231346,2.721826,16.319246,16.319246,16.319246,16.319246,0.018000,0.000000,0.008585,0.196932,calls/second,milliseconds
1607852481,27,23.744099,2.921679,0.003203,5.089688,0.231346,2.721826,16.319246,16.319246,16.319246,16.319246,0.015000,0.000000,0.003158,0.141108,calls/second,milliseconds
1607852624,28,23.744099,1.441319,0.003203,0.000350,1.441319,1.441319,1.441319,1.441319,1.441319,1.441319,0.014409,0.005412,0.004642,0.121811,calls/second,milliseconds
1607852624,28,23.744099,1.441319,0.003203,0.000350,1.441319,1.441319,1.441319,1.441319,1.441319,1.441319,0.014409,0.005412,0.004642,0.121811,calls/second,milliseconds
