t,count,max,mean,min,stddev,p50,p75,p95,p98,p99,p999,mean_rate,m1_rate,m5_rate,m15_rate,rate_unit,duration_unit
1610002281,5,37.711458,7.555889,0.005103,15.077791,0.014094,0.043060,37.711458,37.711458,37.711458,37.711458,0.016666,0.007324,0.374062,0.720523,calls/second,milliseconds
1610002477,28,37.711458,1.709878,0.005103,2.999012,0.393075,1.711017,8.699968,11.992670,11.992670,11.992670,0.056409,0.067429,0.246548,0.601836,calls/second,milliseconds
1610002477,28,37.711458,1.709878,0.005103,2.999012,0.393075,1.711017,8.699968,11.992670,11.992670,11.992670,0.056407,0.067429,0.246548,0.601836,calls/second,milliseconds
