t,count,max,mean,min,stddev,p50,p75,p95,p98,p99,p999,mean_rate,m1_rate,m5_rate,m15_rate,rate_unit,duration_unit
1607901417,19,4.427554,0.916031,0.015953,0.482116,1.125544,1.125544,1.220189,1.220189,1.220189,4.427554,0.063307,0.039765,1.131581,2.165502,calls/second,milliseconds
1607901717,49,4.427554,0.255590,0.015953,0.237009,0.184826,0.271976,0.727346,1.023562,1.109228,1.203788,0.081650,0.249224,0.499620,1.582904,calls/second,milliseconds
1607902004,82,4.427554,0.351232,0.006752,0.302961,0.390152,0.464442,1.225765,1.225765,1.225765,1.345221,0.092441,0.034365,0.241558,1.178709,calls/second,milliseconds
1607902004,82,4.427554,0.351232,0.006752,0.302961,0.390152,0.464442,1.225765,1.225765,1.225765,1.345221,0.092440,0.034365,0.241558,1.178709,calls/second,milliseconds
