t,count,max,mean,min,stddev,p50,p75,p95,p98,p99,p999,mean_rate,m1_rate,m5_rate,m15_rate,rate_unit,duration_unit
1617663797,19,0.189957,0.058227,0.000957,0.027887,0.077153,0.077153,0.077153,0.077153,0.077153,0.189957,0.063326,0.037033,1.131273,2.165459,calls/second,milliseconds
1617664096,71,0.356380,0.027233,0.000957,0.042973,0.008230,0.045333,0.079050,0.079050,0.305319,0.356380,0.118634,0.053921,0.511366,1.603888,calls/second,milliseconds
1617664096,71,0.356380,0.027233,0.000957,0.042973,0.008230,0.045333,0.079050,0.079050,0.305319,0.356380,0.118632,0.053921,0.511366,1.603888,calls/second,milliseconds
