t,count,max,mean,min,stddev,p50,p75,p95,p98,p99,p999,mean_rate,m1_rate,m5_rate,m15_rate,rate_unit,duration_unit
1617570244,19,8.310166,1.634632,0.057613,0.969310,1.509574,1.648553,1.685944,5.197905,5.197905,8.310166,0.063300,0.046805,1.132229,2.165591,calls/second,milliseconds
1617570544,67,8.310166,0.853620,0.046836,0.869786,0.438157,1.348693,1.599850,4.453286,4.453286,4.453286,0.111638,0.056163,0.502442,1.594916,calls/second,milliseconds
1617570609,72,8.310166,1.242509,0.046836,1.519000,0.482872,1.776190,4.661018,4.661018,4.661018,4.661018,0.108215,0.081695,0.417734,1.488215,calls/second,milliseconds
1617570609,72,8.310166,1.242509,0.046836,1.519000,0.482872,1.776190,4.661018,4.661018,4.661018,4.661018,0.108214,0.081695,0.417734,1.488215,calls/second,milliseconds
