t,count,max,mean,min,stddev,p50,p75,p95,p98,p99,p999,mean_rate,m1_rate,m5_rate,m15_rate,rate_unit,duration_unit
1617582118,32,4.336019,0.257359,0.006077,0.259000,0.239793,0.417056,0.773288,0.773288,0.773288,4.336019,0.106672,0.196354,1.190432,2.191586,calls/second,milliseconds
1617582343,70,4.336019,0.307158,0.000813,0.308798,0.264355,0.496364,0.683967,0.773288,1.450561,2.022580,0.133180,0.038063,0.614066,1.728032,calls/second,milliseconds
1617582343,70,4.336019,0.307158,0.000813,0.308798,0.264355,0.496364,0.683967,0.773288,1.450561,2.022580,0.132893,0.038063,0.614066,1.728032,calls/second,milliseconds
