t,count,max,mean,min,stddev,p50,p75,p95,p98,p99,p999,mean_rate,m1_rate,m5_rate,m15_rate,rate_unit,duration_unit
1609989600,70,0.180278,0.004277,0.000184,0.013211,0.001500,0.003519,0.013467,0.022397,0.037612,0.180278,0.512184,0.456964,0.684884,0.756426,calls/second,milliseconds
1609989600,70,0.180278,0.004277,0.000184,0.013211,0.001500,0.003519,0.013467,0.022397,0.037612,0.180278,0.512155,0.456964,0.684884,0.756426,calls/second,milliseconds
