t,count,max,mean,min,stddev,p50,p75,p95,p98,p99,p999,mean_rate,m1_rate,m5_rate,m15_rate,rate_unit,duration_unit
1617578589,24,0.593202,0.145765,0.003817,0.203269,0.036367,0.206664,0.593202,0.593202,0.593202,0.593202,0.079991,0.095206,1.146411,2.170822,calls/second,milliseconds
1617578878,71,0.593202,0.080059,0.003817,0.097536,0.019250,0.165717,0.252839,0.252839,0.252839,0.593202,0.120487,0.026836,0.510082,1.618514,calls/second,milliseconds
1617578878,71,0.593202,0.080059,0.003817,0.097536,0.019250,0.165717,0.252839,0.252839,0.252839,0.593202,0.120486,0.026836,0.510082,1.618514,calls/second,milliseconds
