t,count,max,mean,min,stddev,p50,p75,p95,p98,p99,p999,mean_rate,m1_rate,m5_rate,m15_rate,rate_unit,duration_unit
1617629033,24,4.833949,0.576896,0.005273,0.603501,0.292320,1.108044,1.574917,1.574917,1.574917,4.833949,0.080005,0.102354,1.165534,2.182895,calls/second,milliseconds
1617629307,71,4.833949,0.524344,0.002292,0.597307,0.132756,1.331195,1.488281,1.488281,1.488281,1.574917,0.123647,0.082796,0.546806,1.649147,calls/second,milliseconds
1617629307,71,4.833949,0.524344,0.002292,0.597307,0.132756,1.331195,1.488281,1.488281,1.488281,1.574917,0.123645,0.082796,0.546806,1.649147,calls/second,milliseconds
