t,count,max,mean,min,stddev,p50,p75,p95,p98,p99,p999,mean_rate,m1_rate,m5_rate,m15_rate,rate_unit,duration_unit
1607872675,63,3.066435,0.218252,0.002720,0.285092,0.109840,0.307761,0.737338,1.238021,1.337305,1.337305,0.210009,0.195609,1.256716,2.221439,calls/second,milliseconds
1607872975,68,3.066435,0.091763,0.002720,0.092828,0.065947,0.115033,0.194617,0.307761,0.459903,1.337305,0.113336,0.026445,0.473847,1.596600,calls/second,milliseconds
1607873275,73,3.066435,0.049754,0.002720,0.011334,0.050106,0.050106,0.050907,0.050907,0.065947,0.115033,0.081113,0.025305,0.185846,1.148884,calls/second,milliseconds
1607873466,80,3.066435,0.535543,0.002720,0.465217,0.796469,0.885689,1.324281,1.324281,1.324281,1.324281,0.073356,0.037350,0.112967,0.931252,calls/second,milliseconds
1607873466,80,3.066435,0.535543,0.002720,0.465217,0.796469,0.885689,1.324281,1.324281,1.324281,1.324281,0.073355,0.037350,0.112967,0.931252,calls/second,milliseconds
