t,count,max,mean,min,stddev,p50,p75,p95,p98,p99,p999,mean_rate,m1_rate,m5_rate,m15_rate,rate_unit,duration_unit
1607902317,19,0.176466,0.099271,0.000196,0.078807,0.176466,0.176466,0.176466,0.176466,0.176466,0.176466,0.063329,0.021371,0.322486,0.589216,calls/second,milliseconds
1607902617,49,0.176466,0.010596,0.000120,0.016203,0.003237,0.009540,0.047637,0.054026,0.054026,0.063796,0.081664,0.286270,0.203818,0.453651,calls/second,milliseconds
1607902917,73,0.176466,0.032762,0.000120,0.024751,0.050717,0.055287,0.055287,0.055287,0.055287,0.055287,0.081109,0.021795,0.113312,0.345823,calls/second,milliseconds
1607903217,78,0.176466,0.043212,0.000120,0.013935,0.035508,0.053382,0.066320,0.066320,0.066320,0.066320,0.064999,0.014169,0.051943,0.252478,calls/second,milliseconds
1607903311,84,0.176466,0.017942,0.000120,0.019096,0.007140,0.035508,0.051550,0.051550,0.066320,0.066320,0.064903,0.023286,0.044393,0.230584,calls/second,milliseconds
1607903311,84,0.176466,0.017942,0.000120,0.019096,0.007140,0.035508,0.051550,0.051550,0.066320,0.066320,0.064902,0.023286,0.044393,0.230584,calls/second,milliseconds
