t,count,max,mean,min,stddev,p50,p75,p95,p98,p99,p999,mean_rate,m1_rate,m5_rate,m15_rate,rate_unit,duration_unit
1617673247,46,6.297276,0.290797,0.019210,0.304216,0.208859,0.323610,0.916183,1.060884,1.060884,1.414974,0.153268,0.315834,1.212150,2.194381,calls/second,milliseconds
1617673329,68,6.297276,0.407084,0.011037,0.461699,0.220778,0.514085,1.109981,1.791860,1.791860,1.791860,0.177866,0.188669,0.976829,2.026357,calls/second,milliseconds
1617673329,68,6.297276,0.407084,0.011037,0.461699,0.220778,0.514085,1.109981,1.791860,1.791860,1.791860,0.177863,0.188669,0.976829,2.026357,calls/second,milliseconds
