t,count,max,mean,min,stddev,p50,p75,p95,p98,p99,p999,mean_rate,m1_rate,m5_rate,m15_rate,rate_unit,duration_unit
1618645768,21,8.984428,2.946498,0.045706,3.523752,1.168311,8.888979,8.984428,8.984428,8.984428,8.984428,0.069969,0.062344,0.330037,0.591563,calls/second,milliseconds
1618646068,67,11.453958,5.432237,0.045706,4.963882,4.441755,11.453958,11.453958,11.453958,11.453958,11.453958,0.111641,0.034585,0.192068,0.463189,calls/second,milliseconds
1618646076,71,11.453958,2.379191,0.045706,3.775857,0.455049,2.064333,11.453958,11.453958,11.453958,11.453958,0.116802,0.031820,0.188894,0.460623,calls/second,milliseconds
1618646076,71,11.453958,2.379191,0.045706,3.775857,0.455049,2.064333,11.453958,11.453958,11.453958,11.453958,0.116800,0.031820,0.188894,0.460623,calls/second,milliseconds
