t,count,max,mean,min,stddev,p50,p75,p95,p98,p99,p999,mean_rate,m1_rate,m5_rate,m15_rate,rate_unit,duration_unit
1607727281,63,6.773297,0.785156,0.031559,1.420610,0.265477,0.483360,5.397042,5.397042,5.397042,6.773297,0.209884,0.119814,1.226000,2.207712,calls/second,milliseconds
1607727535,71,6.773297,0.990207,0.031559,0.952954,0.884702,1.822933,2.416520,2.416520,2.477981,5.397042,0.128021,0.012650,0.541318,1.676069,calls/second,milliseconds
1607727535,71,6.773297,0.990207,0.031559,0.952954,0.884702,1.822933,2.416520,2.416520,2.477981,5.397042,0.128019,0.012650,0.541318,1.676069,calls/second,milliseconds
