t,count,max,mean,min,stddev,p50,p75,p95,p98,p99,p999,mean_rate,m1_rate,m5_rate,m15_rate,rate_unit,duration_unit
1614409445,24,4.021776,0.815571,0.006354,1.162208,0.454792,0.684908,3.423093,3.423093,3.423093,4.021776,0.080004,0.109913,1.166534,2.183039,calls/second,milliseconds
1614409745,67,4.021776,0.236894,0.004389,0.402038,0.084397,0.183336,0.999456,1.732657,2.101126,3.423093,0.111629,0.028909,0.487537,1.592201,calls/second,milliseconds
1614410045,75,4.021776,0.555680,0.004389,0.618170,0.098789,1.118785,1.595577,1.595577,1.595577,1.595577,0.083335,0.042442,0.201870,1.155169,calls/second,milliseconds
1614410345,80,4.021776,0.063955,0.004389,0.122763,0.053884,0.053884,0.053884,0.068967,0.218323,1.595577,0.066668,0.019855,0.085229,0.832505,calls/second,milliseconds
1614410645,85,4.021776,0.056388,0.004389,0.013583,0.059268,0.059268,0.059268,0.059268,0.059268,0.059268,0.056667,0.019703,0.042320,0.601305,calls/second,milliseconds
1614410945,90,4.021776,0.048041,0.004389,0.006171,0.046029,0.048860,0.051820,0.076213,0.076213,0.076213,0.050001,0.019702,0.026534,0.435644,calls/second,milliseconds
1614411245,95,4.021776,0.043098,0.004389,0.014939,0.048826,0.048826,0.063067,0.063067,0.063067,0.063067,0.045239,0.019702,0.020727,0.316942,calls/second,milliseconds
1614411411,99,4.021776,0.464970,0.004389,0.502082,0.051434,1.074176,1.074176,1.074176,1.074176,1.074176,0.043676,0.023275,0.019853,0.265487,calls/second,milliseconds
1614411411,99,4.021776,0.464970,0.004389,0.502082,0.051434,1.074176,1.074176,1.074176,1.074176,1.074176,0.043676,0.023275,0.019853,0.265487,calls/second,milliseconds
