t,count,max,mean,min,stddev,p50,p75,p95,p98,p99,p999,mean_rate,m1_rate,m5_rate,m15_rate,rate_unit,duration_unit
1607862932,24,2.729248,0.669637,0.004927,0.616989,0.567973,1.365939,1.654178,1.654178,1.654178,2.729248,0.080003,0.109143,0.345060,0.598126,calls/second,milliseconds
1607863232,68,2.729248,0.176542,0.004927,0.370322,0.023957,0.128336,0.769740,1.365939,1.654178,2.724880,0.113336,0.032363,0.194292,0.466139,calls/second,milliseconds
1607863532,73,2.847269,0.140389,0.004927,0.462353,0.020025,0.046673,1.580137,1.580137,2.847269,2.847269,0.081111,0.021488,0.082626,0.338820,calls/second,milliseconds
1607863832,78,6.914761,0.315643,0.004927,1.345849,0.036127,0.045267,0.056274,6.914761,6.914761,6.914761,0.065000,0.021414,0.041546,0.247591,calls/second,milliseconds
1607863883,83,6.914761,0.371476,0.004927,0.627262,0.110578,0.345995,1.279831,1.279831,1.279831,6.914761,0.066316,0.023275,0.037838,0.234016,calls/second,milliseconds
1607863883,83,6.914761,0.371476,0.004927,0.627262,0.110578,0.345995,1.279831,1.279831,1.279831,6.914761,0.066316,0.023275,0.037838,0.234016,calls/second,milliseconds
