t,count,max,mean,min,stddev,p50,p75,p95,p98,p99,p999,mean_rate,m1_rate,m5_rate,m15_rate,rate_unit,duration_unit
1607894287,19,4.290549,1.030672,0.019317,0.532342,0.929966,1.243821,1.952317,1.952317,1.952317,4.290549,0.063315,0.026854,0.323102,0.589303,calls/second,milliseconds
1607894587,68,4.290549,0.392135,0.019317,0.519391,0.205740,0.476003,1.524943,2.655642,2.655642,2.655642,0.113266,0.134057,0.227970,0.469728,calls/second,milliseconds
1607894887,73,4.462616,1.960545,0.019317,1.223458,1.380414,3.853831,3.853831,4.462616,4.462616,4.462616,0.081103,0.020472,0.094831,0.341365,calls/second,milliseconds
1607895021,79,4.462616,0.569329,0.019317,0.557896,0.383002,1.015465,1.124951,1.380414,1.524943,4.462616,0.076426,0.016765,0.067015,0.297538,calls/second,milliseconds
1607895021,79,4.462616,0.569329,0.019317,0.557896,0.383002,1.015465,1.124951,1.380414,1.524943,4.462616,0.076426,0.016765,0.067015,0.297538,calls/second,milliseconds
