t,count,max,mean,min,stddev,p50,p75,p95,p98,p99,p999,mean_rate,m1_rate,m5_rate,m15_rate,rate_unit,duration_unit
1609415922,62,0.108611,0.002646,0.000143,0.011040,0.001290,0.001736,0.003870,0.007910,0.108611,0.108611,1.731786,1.311666,0.900794,0.833429,calls/second,milliseconds
1609415922,62,0.108611,0.002646,0.000143,0.011040,0.001290,0.001736,0.003870,0.007910,0.108611,0.108611,1.731435,1.311666,0.900794,0.833429,calls/second,milliseconds
