t,count,max,mean,min,stddev,p50,p75,p95,p98,p99,p999,mean_rate,m1_rate,m5_rate,m15_rate,rate_unit,duration_unit
1609418433,67,4.350878,0.528674,0.025161,0.791318,0.214814,0.408219,1.994757,3.842247,3.979516,3.979516,0.237381,0.206165,1.316354,2.258129,calls/second,milliseconds
1609418433,67,4.350878,0.528674,0.025161,0.791318,0.214814,0.408219,1.994757,3.842247,3.979516,3.979516,0.237372,0.206165,1.316354,2.258129,calls/second,milliseconds
