t,count,max,mean,min,stddev,p50,p75,p95,p98,p99,p999,mean_rate,m1_rate,m5_rate,m15_rate,rate_unit,duration_unit
1618833362,65,4.837083,0.617116,0.004173,0.649379,0.411382,1.233921,1.233921,1.233921,1.440051,4.837083,0.216675,0.108842,4.648898,8.843179,calls/second,milliseconds
1618833662,70,4.837083,0.083624,0.004173,0.126798,0.051719,0.134390,0.134390,0.134390,0.423936,1.233921,0.116670,0.012603,1.720156,6.341047,calls/second,milliseconds
1618833962,75,4.837083,0.046366,0.004173,0.015066,0.047984,0.047984,0.047984,0.047984,0.051719,0.134390,0.083335,0.011954,0.642732,4.548191,calls/second,milliseconds
1618834013,77,4.837083,0.215547,0.004173,0.158242,0.363103,0.363103,0.363103,0.363103,0.363103,0.363103,0.080943,0.012990,0.537961,4.279629,calls/second,milliseconds
1618834013,77,4.837083,0.215547,0.004173,0.158242,0.363103,0.363103,0.363103,0.363103,0.363103,0.363103,0.080942,0.012990,0.537961,4.279629,calls/second,milliseconds
