t,count,max,mean,min,stddev,p50,p75,p95,p98,p99,p999,mean_rate,m1_rate,m5_rate,m15_rate,rate_unit,duration_unit
1617671380,44,5.376043,0.414139,0.017912,0.663196,0.149868,0.246003,1.872587,2.593427,2.593427,3.339716,0.146602,0.334589,1.208695,2.192552,calls/second,milliseconds
1617671481,68,6.176810,0.782129,0.017596,1.526860,0.149868,1.099525,6.176810,6.176810,6.176810,6.176810,0.169173,0.164699,0.918275,1.982458,calls/second,milliseconds
1617671481,68,6.176810,0.782129,0.017596,1.526860,0.149868,1.099525,6.176810,6.176810,6.176810,6.176810,0.169171,0.164699,0.918275,1.982458,calls/second,milliseconds
