t,count,max,mean,min,stddev,p50,p75,p95,p98,p99,p999,mean_rate,m1_rate,m5_rate,m15_rate,rate_unit,duration_unit
1607883723,68,0.248066,0.026436,0.003303,0.038737,0.015409,0.024587,0.079136,0.199327,0.248066,0.248066,0.226643,0.446395,1.272211,2.217268,calls/second,milliseconds
1607883789,73,0.248066,0.029548,0.003303,0.036448,0.016396,0.036404,0.086929,0.136711,0.248066,0.248066,0.199672,0.210521,1.037392,2.067186,calls/second,milliseconds
1607883789,73,0.248066,0.029548,0.003303,0.036448,0.016396,0.036404,0.086929,0.136711,0.248066,0.248066,0.199667,0.210521,1.037392,2.067186,calls/second,milliseconds
