t,count,max,mean,min,stddev,p50,p75,p95,p98,p99,p999,mean_rate,m1_rate,m5_rate,m15_rate,rate_unit,duration_unit
1609993701,64,7.579951,0.540030,0.003969,0.939022,0.251328,0.650975,2.052283,2.672103,7.579951,7.579951,1.720326,2.504773,2.861795,2.951344,calls/second,milliseconds
1609993701,64,7.579951,0.540030,0.003969,0.939022,0.251328,0.650975,2.052283,2.672103,7.579951,7.579951,1.719869,2.504773,2.861795,2.951344,calls/second,milliseconds
