t,count,max,mean,min,stddev,p50,p75,p95,p98,p99,p999,mean_rate,m1_rate,m5_rate,m15_rate,rate_unit,duration_unit
1617629033,7,30.989136,2.730722,0.004177,2.949574,0.927393,4.327837,4.327837,4.327837,4.327837,30.989136,0.023332,0.032231,0.380351,0.722703,calls/second,milliseconds
1617629307,28,30.989136,1.533137,0.004177,1.985811,1.503638,1.503638,4.478607,10.973477,10.973477,10.973477,0.048759,0.025832,0.189874,0.553861,calls/second,milliseconds
1617629307,28,30.989136,1.533137,0.004177,1.985811,1.503638,1.503638,4.478607,10.973477,10.973477,10.973477,0.048758,0.025832,0.189874,0.553861,calls/second,milliseconds
