t,count,max,mean,min,stddev,p50,p75,p95,p98,p99,p999,mean_rate,m1_rate,m5_rate,m15_rate,rate_unit,duration_unit
1618604701,19,0.548234,0.048794,0.003307,0.055974,0.055167,0.055172,0.055172,0.055172,0.548234,0.548234,0.063327,0.019544,0.322677,0.589273,calls/second,milliseconds
1618605001,67,0.548234,0.017614,0.001752,0.023352,0.006760,0.025580,0.048130,0.053407,0.119443,0.210727,0.111660,0.033122,0.198474,0.464431,calls/second,milliseconds
1618605069,72,0.548234,0.047371,0.001752,0.037929,0.039372,0.089615,0.095868,0.095868,0.095868,0.210727,0.107774,0.018160,0.162609,0.433120,calls/second,milliseconds
1618605069,72,0.548234,0.047371,0.001752,0.037929,0.039372,0.089615,0.095868,0.095868,0.095868,0.210727,0.107771,0.018160,0.162609,0.433120,calls/second,milliseconds
