t,count,max,mean,min,stddev,p50,p75,p95,p98,p99,p999,mean_rate,m1_rate,m5_rate,m15_rate,rate_unit,duration_unit
1609418106,27,35.089461,2.479492,0.004732,4.896668,0.191346,0.414752,12.800481,13.319588,13.319588,35.089461,0.089993,0.055158,0.056427,0.025564,calls/second,milliseconds
1609418145,28,35.089461,2.475196,0.004732,4.062957,0.414752,2.465703,12.800481,13.319588,13.319588,35.089461,0.082582,0.030780,0.050213,0.024589,calls/second,milliseconds
1609418145,28,35.089461,2.475196,0.004732,4.062957,0.414752,2.465703,12.800481,13.319588,13.319588,35.089461,0.082578,0.030780,0.050213,0.024589,calls/second,milliseconds
