t,count,max,mean,min,stddev,p50,p75,p95,p98,p99,p999,mean_rate,m1_rate,m5_rate,m15_rate,rate_unit,duration_unit
1617587247,38,4.157973,0.499448,0.019520,0.671726,0.213912,0.552946,1.365590,4.123616,4.123616,4.123616,0.126617,0.256153,1.189834,2.186025,calls/second,milliseconds
1617587440,69,4.157973,0.341504,0.019520,0.408691,0.219260,0.491679,1.369172,1.369172,1.369172,4.123616,0.139671,0.051129,0.685023,1.795169,calls/second,milliseconds
1617587440,69,4.157973,0.341504,0.019520,0.408691,0.219260,0.491679,1.369172,1.369172,1.369172,4.123616,0.139668,0.051129,0.685023,1.795169,calls/second,milliseconds
