t,count,max,mean,min,stddev,p50,p75,p95,p98,p99,p999,mean_rate,m1_rate,m5_rate,m15_rate,rate_unit,duration_unit
1616133546,19,4.644833,0.176024,0.008410,0.592936,0.028123,0.073526,0.903234,2.335566,4.644833,4.644833,0.063337,0.034673,1.149547,2.177416,calls/second,milliseconds
1616133846,67,4.644833,0.312217,0.005292,0.379854,0.099502,0.470242,1.176854,1.841810,1.841810,1.841810,0.111670,0.060331,0.513498,1.604184,calls/second,milliseconds
1616134146,72,4.644833,0.056659,0.005292,0.115398,0.047850,0.047850,0.069530,0.438250,0.537645,1.841810,0.080002,0.011327,0.198663,1.154055,calls/second,milliseconds
1616134446,77,4.644833,0.042355,0.005292,0.014610,0.046768,0.046768,0.046768,0.046768,0.046768,0.047850,0.064168,0.010997,0.082842,0.831524,calls/second,milliseconds
1616134746,85,4.644833,0.224396,0.005292,0.539891,0.041947,0.043786,2.190386,2.190386,2.190386,2.190386,0.056667,0.012706,0.045325,0.603081,calls/second,milliseconds
1616135046,90,4.644833,0.074763,0.005292,0.067181,0.080673,0.080673,0.080673,0.080673,0.080673,1.286264,0.050001,0.011006,0.026432,0.436734,calls/second,milliseconds
1616135346,95,4.644833,0.079343,0.005292,0.011197,0.084420,0.084420,0.084420,0.084420,0.084420,0.084420,0.045238,0.010994,0.019482,0.317540,calls/second,milliseconds
1616135636,101,4.644833,0.179765,0.005292,0.108005,0.278212,0.278212,0.278212,0.278212,0.278212,0.278212,0.042259,0.011950,0.017209,0.233428,calls/second,milliseconds
1616135636,101,4.644833,0.179765,0.005292,0.108005,0.278212,0.278212,0.278212,0.278212,0.278212,0.278212,0.042258,0.011950,0.017209,0.233428,calls/second,milliseconds
