t,count,max,mean,min,stddev,p50,p75,p95,p98,p99,p999,mean_rate,m1_rate,m5_rate,m15_rate,rate_unit,duration_unit
1617664476,19,0.291024,0.138883,0.004542,0.065531,0.150543,0.150543,0.291024,0.291024,0.291024,0.291024,0.063328,0.038342,1.131426,2.165481,calls/second,milliseconds
1617664769,71,0.709184,0.092774,0.004542,0.182536,0.020403,0.054485,0.650219,0.650219,0.702868,0.709184,0.119743,0.078515,0.526063,1.613805,calls/second,milliseconds
1617664769,71,0.709184,0.092774,0.004542,0.182536,0.020403,0.054485,0.650219,0.650219,0.702868,0.709184,0.119741,0.078515,0.526063,1.613805,calls/second,milliseconds
