t,count,max,mean,min,stddev,p50,p75,p95,p98,p99,p999,mean_rate,m1_rate,m5_rate,m15_rate,rate_unit,duration_unit
1607735650,38,0.150213,0.016942,0.001236,0.023780,0.007274,0.015776,0.075787,0.107653,0.107653,0.150213,0.126653,0.259941,0.382397,0.609963,calls/second,milliseconds
1607735950,68,0.150213,0.032979,0.001236,0.046044,0.003345,0.094452,0.142106,0.142106,0.142106,0.142106,0.113327,0.022300,0.184030,0.462136,calls/second,milliseconds
1607736250,73,0.150213,0.040148,0.001236,0.041594,0.006522,0.091360,0.093733,0.093733,0.093733,0.142106,0.081108,0.016715,0.078307,0.335872,calls/second,milliseconds
1607736475,81,0.150213,0.021543,0.001236,0.024946,0.006554,0.054909,0.059005,0.067157,0.123726,0.123726,0.072018,0.023276,0.047487,0.267034,calls/second,milliseconds
1607736475,81,0.150213,0.021543,0.001236,0.024946,0.006554,0.054909,0.059005,0.067157,0.123726,0.123726,0.072017,0.023276,0.047487,0.267034,calls/second,milliseconds
