t,count,max,mean,min,stddev,p50,p75,p95,p98,p99,p999,mean_rate,m1_rate,m5_rate,m15_rate,rate_unit,duration_unit
1617656535,19,7.614307,1.120485,0.019076,0.942492,1.052177,1.052177,2.186917,3.106332,7.614307,7.614307,0.063301,0.033701,1.130830,2.165395,calls/second,milliseconds
1617656835,67,7.614307,0.564854,0.019076,0.707944,0.294983,0.502550,2.306563,3.184834,3.184834,3.184834,0.111637,0.108884,0.519119,1.597513,calls/second,milliseconds
1617656849,72,7.614307,0.589358,0.019076,0.698383,0.287108,0.832868,1.894592,2.306563,3.184834,3.184834,0.117188,0.092168,0.502100,1.579861,calls/second,milliseconds
1617656849,72,7.614307,0.589358,0.019076,0.698383,0.287108,0.832868,1.894592,2.306563,3.184834,3.184834,0.117186,0.092168,0.502100,1.579861,calls/second,milliseconds
