t,count,max,mean,min,stddev,p50,p75,p95,p98,p99,p999,mean_rate,m1_rate,m5_rate,m15_rate,rate_unit,duration_unit
1607747029,5,26.314298,5.281895,0.005500,10.516215,0.022553,0.055150,26.314298,26.314298,26.314298,26.314298,0.016666,0.007324,0.374062,0.720523,calls/second,milliseconds
1607747329,27,26.314298,2.006933,0.005500,3.516860,0.163548,1.001917,10.390092,10.390092,10.390092,10.390092,0.044999,0.013191,0.174361,0.535664,calls/second,milliseconds
1607747629,27,26.314298,2.006933,0.005500,3.516860,0.163548,1.001917,10.390092,10.390092,10.390092,10.390092,0.029999,0.000089,0.064144,0.383820,calls/second,milliseconds
1607747929,27,26.314298,2.006933,0.005500,3.516860,0.163548,1.001917,10.390092,10.390092,10.390092,10.390092,0.022500,0.000001,0.023597,0.275019,calls/second,milliseconds
1607748229,27,26.314298,2.006933,0.005500,3.516860,0.163548,1.001917,10.390092,10.390092,10.390092,10.390092,0.018000,0.000000,0.008681,0.197060,calls/second,milliseconds
1607748377,28,26.314298,1.352677,0.005500,0.001455,1.352677,1.352677,1.352677,1.352677,1.352677,1.352677,0.016997,0.000000,0.005354,0.167737,calls/second,milliseconds
1607748377,28,26.314298,1.352677,0.005500,0.001455,1.352677,1.352677,1.352677,1.352677,1.352677,1.352677,0.016997,0.000000,0.005354,0.167737,calls/second,milliseconds
