t,count,max,mean,min,stddev,p50,p75,p95,p98,p99,p999,mean_rate,m1_rate,m5_rate,m15_rate,rate_unit,duration_unit
1609283530,62,0.101928,0.022318,0.001261,0.025843,0.012034,0.020401,0.080021,0.084439,0.084439,0.101928,0.206636,0.084239,0.410811,0.629882,calls/second,milliseconds
1609283714,69,0.101928,0.024717,0.001261,0.030919,0.006247,0.021715,0.082403,0.082403,0.082403,0.084439,0.142452,0.015549,0.232540,0.518666,calls/second,milliseconds
1609283714,69,0.101928,0.024717,0.001261,0.030919,0.006247,0.021715,0.082403,0.082403,0.082403,0.084439,0.142450,0.015549,0.232540,0.518666,calls/second,milliseconds
