t,count,max,mean,min,stddev,p50,p75,p95,p98,p99,p999,mean_rate,m1_rate,m5_rate,m15_rate,rate_unit,duration_unit
1609993661,28,40.323308,2.797965,0.014040,7.469970,0.249371,2.304408,8.816249,40.323308,40.323308,40.323308,0.950342,0.079956,0.016529,0.005540,calls/second,milliseconds
1609993661,28,40.323308,2.797965,0.014040,7.469970,0.249371,2.304408,8.816249,40.323308,40.323308,40.323308,0.949928,0.079956,0.016529,0.005540,calls/second,milliseconds
