t,count,max,mean,min,stddev,p50,p75,p95,p98,p99,p999,mean_rate,m1_rate,m5_rate,m15_rate,rate_unit,duration_unit
1609995086,67,0.410733,0.041102,0.001230,0.106785,0.006685,0.015182,0.410733,0.410733,0.410733,0.410733,0.242200,0.139120,0.450765,0.648890,calls/second,milliseconds
1609995086,67,0.410733,0.041102,0.001230,0.106785,0.006685,0.015182,0.410733,0.410733,0.410733,0.410733,0.241862,0.139120,0.450765,0.648890,calls/second,milliseconds
