t,count,max,mean,min,stddev,p50,p75,p95,p98,p99,p999,mean_rate,m1_rate,m5_rate,m15_rate,rate_unit,duration_unit
1608451793,68,1.423934,0.136137,0.006336,0.166042,0.079713,0.174270,0.515715,0.692933,0.692933,1.423934,0.226622,0.188675,0.440659,0.638094,calls/second,milliseconds
1608451832,72,1.423934,0.148084,0.006336,0.154125,0.079713,0.174270,0.515715,0.515715,0.692933,0.716783,0.212260,0.105287,0.392134,0.613756,calls/second,milliseconds
1608451832,72,1.423934,0.148084,0.006336,0.154125,0.079713,0.174270,0.515715,0.515715,0.692933,0.716783,0.212256,0.105287,0.392134,0.613756,calls/second,milliseconds
