t,count,max,mean,min,stddev,p50,p75,p95,p98,p99,p999,mean_rate,m1_rate,m5_rate,m15_rate,rate_unit,duration_unit
1609424725,19,0.234148,0.076614,0.000668,0.062404,0.045599,0.165687,0.168463,0.234148,0.234148,0.234148,0.063328,0.035829,1.131123,2.165437,calls/second,milliseconds
1609424961,71,0.491137,0.059065,0.000594,0.122046,0.029290,0.048377,0.491137,0.491137,0.491137,0.491137,0.132629,0.107514,0.617653,1.715230,calls/second,milliseconds
1609424961,71,0.491137,0.059065,0.000594,0.122046,0.029290,0.048377,0.491137,0.491137,0.491137,0.491137,0.132626,0.107514,0.617653,1.715230,calls/second,milliseconds
