t,count,max,mean,min,stddev,p50,p75,p95,p98,p99,p999,mean_rate,m1_rate,m5_rate,m15_rate,rate_unit,duration_unit
1609300156,19,0.143809,0.033490,0.000511,0.013932,0.036017,0.036017,0.040512,0.040512,0.051022,0.143809,0.063330,0.039765,1.131581,2.165502,calls/second,milliseconds
1609300456,67,0.143809,0.019476,0.000511,0.016845,0.020916,0.026324,0.043916,0.068842,0.078337,0.078337,0.111664,0.041435,0.497821,1.594130,calls/second,milliseconds
1609300756,72,0.143809,0.024488,0.000511,0.004454,0.021873,0.028908,0.028908,0.029027,0.029027,0.043916,0.079999,0.018284,0.193922,1.147007,calls/second,milliseconds
1609301056,77,0.143809,0.034395,0.000511,0.009052,0.029179,0.030792,0.050383,0.050383,0.050383,0.050383,0.064166,0.018128,0.082124,0.826630,calls/second,milliseconds
1609301198,83,0.206758,0.055020,0.000511,0.078440,0.026477,0.033985,0.206758,0.206758,0.206758,0.206758,0.061829,0.012988,0.056761,0.709597,calls/second,milliseconds
1609301198,83,0.206758,0.055020,0.000511,0.078440,0.026477,0.033985,0.206758,0.206758,0.206758,0.206758,0.061829,0.012988,0.056761,0.709597,calls/second,milliseconds
