t,count,max,mean,min,stddev,p50,p75,p95,p98,p99,p999,mean_rate,m1_rate,m5_rate,m15_rate,rate_unit,duration_unit
1608860185,19,2.225358,0.063722,0.003892,0.304009,0.006959,0.010129,0.164679,1.158661,2.109784,2.225358,0.063335,0.033000,0.328861,0.592631,calls/second,milliseconds
1608860485,72,2.225358,0.211165,0.001797,0.265505,0.025643,0.372878,0.742150,0.829263,0.829263,0.829263,0.120001,0.213736,0.249307,0.477454,calls/second,milliseconds
1608860657,79,2.225358,0.303669,0.001797,0.336194,0.110434,0.656332,0.879759,0.879759,0.879759,0.879759,0.102283,0.020312,0.144127,0.395102,calls/second,milliseconds
1608860657,79,2.225358,0.303669,0.001797,0.336194,0.110434,0.656332,0.879759,0.879759,0.879759,0.879759,0.102282,0.020312,0.144127,0.395102,calls/second,milliseconds
