t,count,max,mean,min,stddev,p50,p75,p95,p98,p99,p999,mean_rate,m1_rate,m5_rate,m15_rate,rate_unit,duration_unit
1617635679,21,3.085647,0.331389,0.009037,0.321052,0.177062,0.412417,0.748532,0.748532,0.875263,3.085647,0.070006,0.060564,1.154291,2.178733,calls/second,milliseconds
1617635960,70,3.085647,0.401384,0.006184,0.355849,0.178936,0.782965,0.859679,1.133814,1.133814,1.699814,0.120331,0.034633,0.523085,1.627822,calls/second,milliseconds
1617635960,70,3.085647,0.401384,0.006184,0.355849,0.178936,0.782965,0.859679,1.133814,1.133814,1.699814,0.120329,0.034633,0.523085,1.627822,calls/second,milliseconds
