t,count,max,mean,min,stddev,p50,p75,p95,p98,p99,p999,mean_rate,m1_rate,m5_rate,m15_rate,rate_unit,duration_unit
1607731992,63,2.203623,0.365902,0.004105,0.433931,0.147673,0.619426,1.191313,1.305348,2.203623,2.203623,0.210006,0.368763,1.274217,2.223722,calls/second,milliseconds
1607732292,68,2.203623,0.226256,0.004105,0.262289,0.085363,0.475532,0.526730,0.915453,1.191313,2.203623,0.113335,0.019050,0.479364,1.598103,calls/second,milliseconds
1607732592,73,2.203623,0.076688,0.004105,0.035893,0.069319,0.085363,0.086889,0.086889,0.086889,0.526730,0.081112,0.016693,0.186954,1.149828,calls/second,milliseconds
1607732855,81,2.203623,0.755203,0.004105,0.718460,0.244087,1.206138,1.892464,1.892464,1.892464,1.892464,0.069636,0.010994,0.085788,0.860363,calls/second,milliseconds
1607732855,81,2.203623,0.755203,0.004105,0.718460,0.244087,1.206138,1.892464,1.892464,1.892464,1.892464,0.069635,0.010994,0.085788,0.860363,calls/second,milliseconds
