t,count,max,mean,min,stddev,p50,p75,p95,p98,p99,p999,mean_rate,m1_rate,m5_rate,m15_rate,rate_unit,duration_unit
1617584963,32,3.240832,0.257504,0.016822,0.232093,0.192433,0.338569,0.679782,0.679782,0.679782,3.240832,0.106623,0.180202,1.170989,2.179484,calls/second,milliseconds
1617585179,70,3.240832,0.492703,0.014311,0.470396,0.331860,0.861882,1.218715,1.218715,1.890751,1.890751,0.135783,0.048781,0.635056,1.747367,calls/second,milliseconds
1617585179,70,3.240832,0.492703,0.014311,0.470396,0.331860,0.861882,1.218715,1.218715,1.890751,1.890751,0.135780,0.048781,0.635056,1.747367,calls/second,milliseconds
