t,count,max,mean,min,stddev,p50,p75,p95,p98,p99,p999,mean_rate,m1_rate,m5_rate,m15_rate,rate_unit,duration_unit
1618781459,62,7.224917,0.465571,0.023551,0.759787,0.177647,0.445722,2.013511,2.013511,5.039429,7.224917,0.206601,0.139564,0.422100,0.631530,calls/second,milliseconds
1618781496,67,8.583711,1.200928,0.023551,2.304297,0.224620,1.235213,8.583711,8.583711,8.583711,8.583711,0.198374,0.092594,0.378870,0.608544,calls/second,milliseconds
1618781496,67,8.583711,1.200928,0.023551,2.304297,0.224620,1.235213,8.583711,8.583711,8.583711,8.583711,0.198368,0.092594,0.378870,0.608544,calls/second,milliseconds
