t,count,max,mean,min,stddev,p50,p75,p95,p98,p99,p999,mean_rate,m1_rate,m5_rate,m15_rate,rate_unit,duration_unit
1617565015,19,10.753850,2.622013,0.051021,1.476305,2.616896,2.844142,4.860137,4.860137,10.753850,10.753850,0.063296,0.032763,1.130687,2.165374,calls/second,milliseconds
1617565315,67,10.753850,0.527269,0.031575,0.636085,0.355482,0.675583,1.650755,2.127400,3.143388,7.706710,0.111634,0.103599,0.518035,1.597347,calls/second,milliseconds
1617565385,73,10.753850,0.973184,0.031575,1.032792,0.492695,1.872207,3.159741,3.159741,3.159741,5.166425,0.108999,0.041459,0.419873,1.487093,calls/second,milliseconds
1617565385,73,10.753850,0.973184,0.031575,1.032792,0.492695,1.872207,3.159741,3.159741,3.159741,5.166425,0.108998,0.041459,0.419873,1.487093,calls/second,milliseconds
