t,count,max,mean,min,stddev,p50,p75,p95,p98,p99,p999,mean_rate,m1_rate,m5_rate,m15_rate,rate_unit,duration_unit
1617652639,19,36.055006,1.143639,0.008502,4.617966,0.042123,0.050626,5.497834,21.181202,36.055006,36.055006,0.063372,0.036630,1.149835,2.177458,calls/second,milliseconds
1617652892,71,36.055006,1.625584,0.006417,1.843349,1.067195,2.892068,3.833953,3.833953,3.833953,20.238702,0.128298,0.091564,0.590468,1.684948,calls/second,milliseconds
1617652892,71,36.055006,1.625584,0.006417,1.843349,1.067195,2.892068,3.833953,3.833953,3.833953,20.238702,0.128295,0.091564,0.590468,1.684948,calls/second,milliseconds
