t,count,max,mean,min,stddev,p50,p75,p95,p98,p99,p999,mean_rate,m1_rate,m5_rate,m15_rate,rate_unit,duration_unit
1617669106,44,5.419868,0.307746,0.024110,0.291961,0.229093,0.467958,0.891249,1.065188,1.065188,1.888434,0.146600,0.319506,1.207915,2.192461,calls/second,milliseconds
1617669203,68,5.419868,0.355405,0.017490,0.333648,0.232397,0.471149,1.202678,1.202678,1.202678,1.202678,0.170914,0.168885,0.932400,1.993324,calls/second,milliseconds
1617669204,68,5.419868,0.355405,0.017490,0.333648,0.232397,0.471149,1.202678,1.202678,1.202678,1.202678,0.170910,0.168885,0.932400,1.993324,calls/second,milliseconds
