t,count,max,mean,min,stddev,p50,p75,p95,p98,p99,p999,mean_rate,m1_rate,m5_rate,m15_rate,rate_unit,duration_unit
1617592491,12,69.433983,2.317393,0.004308,5.445338,0.037730,1.780661,12.437382,12.437382,12.437382,69.433983,0.039998,0.081091,0.395312,0.728061,calls/second,milliseconds
1617592689,28,69.433983,1.576691,0.004308,2.693473,1.436846,1.436846,6.557613,10.479432,12.437382,12.437382,0.056288,0.018935,0.234963,0.600062,calls/second,milliseconds
1617592689,28,69.433983,1.576691,0.004308,2.693473,1.436846,1.436846,6.557613,10.479432,12.437382,12.437382,0.056287,0.018935,0.234963,0.600062,calls/second,milliseconds
