t,count,max,mean,min,stddev,p50,p75,p95,p98,p99,p999,mean_rate,m1_rate,m5_rate,m15_rate,rate_unit,duration_unit
1617617856,19,0.397623,0.234251,0.003031,0.174283,0.397623,0.397623,0.397623,0.397623,0.397623,0.397623,0.063326,0.037033,1.131273,2.165459,calls/second,milliseconds
1617618156,67,0.397623,0.027873,0.001717,0.033494,0.010253,0.063023,0.070396,0.070396,0.082473,0.397623,0.111659,0.036654,0.495589,1.593715,calls/second,milliseconds
1617618163,71,0.397623,0.020566,0.001717,0.025923,0.010253,0.046623,0.063023,0.070396,0.070396,0.129013,0.116978,0.033724,0.487398,1.584885,calls/second,milliseconds
1617618163,71,0.397623,0.020566,0.001717,0.025923,0.010253,0.046623,0.063023,0.070396,0.070396,0.129013,0.116976,0.033724,0.487398,1.584885,calls/second,milliseconds
