t,count,max,mean,min,stddev,p50,p75,p95,p98,p99,p999,mean_rate,m1_rate,m5_rate,m15_rate,rate_unit,duration_unit
1607726057,62,6.573585,0.606613,0.015521,0.731182,0.321282,0.567923,1.993484,1.993484,1.993484,6.573585,0.206566,0.073737,1.210578,2.204681,calls/second,milliseconds
1607726342,71,7.568833,0.762953,0.015521,0.716943,0.543992,1.405784,1.451501,1.451501,1.451501,7.568833,0.121363,0.066616,0.488882,1.614359,calls/second,milliseconds
1607726342,71,7.568833,0.762953,0.015521,0.716943,0.543992,1.405784,1.451501,1.451501,1.451501,7.568833,0.121360,0.066616,0.488882,1.614359,calls/second,milliseconds
