t,count,max,mean,min,stddev,p50,p75,p95,p98,p99,p999,mean_rate,m1_rate,m5_rate,m15_rate,rate_unit,duration_unit
1617675994,32,7.366873,0.601204,0.015110,1.000338,0.184546,0.677760,3.014927,3.996073,3.996073,3.996073,0.106626,0.199842,1.172456,2.179676,calls/second,milliseconds
1617676127,68,7.366873,0.560231,0.012830,0.611081,0.289669,0.961622,1.508320,2.860918,3.014927,3.996073,0.156917,0.146208,0.838737,1.918608,calls/second,milliseconds
1617676127,68,7.366873,0.560231,0.012830,0.611081,0.289669,0.961622,1.508320,2.860918,3.014927,3.996073,0.156914,0.146208,0.838737,1.918608,calls/second,milliseconds
