t,count,max,mean,min,stddev,p50,p75,p95,p98,p99,p999,mean_rate,m1_rate,m5_rate,m15_rate,rate_unit,duration_unit
1617659805,21,0.158260,0.046418,0.000682,0.027960,0.056673,0.065850,0.082536,0.082536,0.082536,0.158260,0.069993,0.066837,1.137976,2.167694,calls/second,milliseconds
1617660002,69,0.378506,0.033934,0.000682,0.070809,0.005712,0.016809,0.233014,0.233014,0.233014,0.378506,0.139039,0.109452,0.691801,1.788077,calls/second,milliseconds
1617660002,69,0.378506,0.033934,0.000682,0.070809,0.005712,0.016809,0.233014,0.233014,0.233014,0.378506,0.139036,0.109452,0.691801,1.788077,calls/second,milliseconds
