t,count,max,mean,min,stddev,p50,p75,p95,p98,p99,p999,mean_rate,m1_rate,m5_rate,m15_rate,rate_unit,duration_unit
1617614741,19,7.268092,1.885362,0.038743,1.008165,2.486929,2.486929,2.486929,2.486929,3.734647,7.268092,0.063301,0.035829,1.131123,2.165437,calls/second,milliseconds
1617615041,67,17.460357,0.549027,0.031968,1.376442,0.260782,0.433103,1.586171,1.586171,1.603935,17.460357,0.111638,0.102017,0.517204,1.597236,calls/second,milliseconds
1617615144,73,17.460357,1.159761,0.031968,1.250096,1.117761,2.201749,3.352804,3.352804,3.352804,17.460357,0.103704,0.036304,0.376312,1.431379,calls/second,milliseconds
1617615144,73,17.460357,1.159761,0.031968,1.250096,1.117761,2.201749,3.352804,3.352804,3.352804,17.460357,0.103702,0.036304,0.376312,1.431379,calls/second,milliseconds
