t,count,max,mean,min,stddev,p50,p75,p95,p98,p99,p999,mean_rate,m1_rate,m5_rate,m15_rate,rate_unit,duration_unit
1607870021,36,11.136175,0.413076,0.002704,0.647608,0.134393,0.521469,1.902691,1.902691,1.902691,3.735706,0.120006,0.194893,1.190791,2.191650,calls/second,milliseconds
1607870321,68,11.136175,0.131469,0.002704,0.249022,0.069748,0.080807,0.499782,0.638678,1.216265,1.902691,0.113336,0.025834,0.489672,1.600406,calls/second,milliseconds
1607870621,73,11.136175,0.073812,0.002704,0.034181,0.076880,0.076880,0.079265,0.079265,0.079265,0.434463,0.081112,0.019743,0.191106,1.151531,calls/second,milliseconds
1607870921,78,11.136175,0.064020,0.002704,0.020826,0.061873,0.075100,0.075100,0.076880,0.196079,0.196079,0.065001,0.019702,0.081269,0.829898,calls/second,milliseconds
1607871221,83,11.136175,0.045269,0.002704,0.017605,0.033177,0.067186,0.079326,0.088897,0.088897,0.088897,0.055334,0.019702,0.040863,0.599437,calls/second,milliseconds
1607871397,90,11.136175,0.390124,0.002704,0.405477,0.170483,0.501476,1.400824,1.400824,1.400824,1.400824,0.053691,0.031336,0.037723,0.496865,calls/second,milliseconds
1607871397,90,11.136175,0.390124,0.002704,0.405477,0.170483,0.501476,1.400824,1.400824,1.400824,1.400824,0.053690,0.031336,0.037723,0.496865,calls/second,milliseconds
