t,count,max,mean,min,stddev,p50,p75,p95,p98,p99,p999,mean_rate,m1_rate,m5_rate,m15_rate,rate_unit,duration_unit
1617652639,5,220.725870,45.802658,0.033791,87.481636,3.432641,4.785983,220.725870,220.725870,220.725870,220.725870,0.016646,0.007324,0.374062,0.720523,calls/second,milliseconds
1617652892,28,220.725870,5.648505,0.025333,8.166706,1.655098,7.116020,22.515001,26.408004,32.674818,32.674818,0.050545,0.043598,0.209378,0.566789,calls/second,milliseconds
1617652892,28,220.725870,5.648505,0.025333,8.166706,1.655098,7.116020,22.515001,26.408004,32.674818,32.674818,0.050544,0.043598,0.209378,0.566789,calls/second,milliseconds
