t,count,max,mean,min,stddev,p50,p75,p95,p98,p99,p999,mean_rate,m1_rate,m5_rate,m15_rate,rate_unit,duration_unit
1608320135,24,4.678012,0.305549,0.003544,0.393032,0.174185,0.666766,0.918372,0.918372,0.918372,4.678012,0.080002,0.062425,0.335363,0.594834,calls/second,milliseconds
1608320435,68,4.678012,0.101224,0.003040,0.189572,0.014829,0.036470,0.540162,0.701085,0.879127,0.918372,0.113335,0.036798,0.195395,0.466342,calls/second,milliseconds
1608320445,72,4.678012,0.215489,0.003040,0.220510,0.116511,0.354245,0.584892,0.584892,0.701085,0.918372,0.118049,0.031148,0.188989,0.461189,calls/second,milliseconds
1608320445,72,4.678012,0.215489,0.003040,0.220510,0.116511,0.354245,0.584892,0.584892,0.701085,0.918372,0.118047,0.031148,0.188989,0.461189,calls/second,milliseconds
