t,count,max,mean,min,stddev,p50,p75,p95,p98,p99,p999,mean_rate,m1_rate,m5_rate,m15_rate,rate_unit,duration_unit
1607729291,63,5.535757,0.458341,0.025692,0.711491,0.226130,0.421486,2.471773,2.567151,2.567151,5.535757,0.209925,0.174801,0.429473,0.633227,calls/second,milliseconds
1607729591,68,5.535757,1.481421,0.025692,0.977472,1.361498,1.375554,4.377386,4.377386,4.377386,4.377386,0.113313,0.012098,0.167752,0.458334,calls/second,milliseconds
1607729823,76,5.535757,0.718813,0.025692,0.655898,0.451677,1.356648,1.513554,2.308245,2.308245,2.308245,0.091304,0.013012,0.086720,0.358820,calls/second,milliseconds
1607729823,76,5.535757,0.718813,0.025692,0.655898,0.451677,1.356648,1.513554,2.308245,2.308245,2.308245,0.091303,0.013012,0.086720,0.358820,calls/second,milliseconds
