t,count,max,mean,min,stddev,p50,p75,p95,p98,p99,p999,mean_rate,m1_rate,m5_rate,m15_rate,rate_unit,duration_unit
1609303498,19,2.646254,0.827860,0.009691,0.457497,1.146358,1.146358,1.146358,1.146358,2.646254,2.646254,0.063320,0.031900,1.130547,2.165352,calls/second,milliseconds
1609303798,68,2.646254,0.283677,0.009691,0.297180,0.143724,0.549805,0.722619,1.275553,1.275553,1.275553,0.113321,0.051776,0.506303,1.596151,calls/second,milliseconds
1609304098,73,2.646254,0.704137,0.009691,0.174194,0.821653,0.821653,0.821653,0.821653,0.821653,1.275553,0.081106,0.010396,0.195855,1.148274,calls/second,milliseconds
1609304398,78,2.646254,0.515098,0.009691,0.205887,0.354140,0.665758,0.828613,0.828613,0.828613,0.828613,0.064997,0.010117,0.081648,0.827356,calls/second,milliseconds
1609304698,83,2.646254,0.598976,0.009691,0.091319,0.540767,0.746421,0.746421,0.746421,0.769556,0.828613,0.055331,0.010115,0.039633,0.597408,calls/second,milliseconds
1609304727,88,2.646254,0.275173,0.009691,0.243277,0.147305,0.446928,0.666138,0.746421,0.746421,0.769556,0.057555,0.018127,0.039557,0.582125,calls/second,milliseconds
1609304727,88,2.646254,0.275173,0.009691,0.243277,0.147305,0.446928,0.666138,0.746421,0.746421,0.769556,0.057555,0.018127,0.039557,0.582125,calls/second,milliseconds
