t,count,max,mean,min,stddev,p50,p75,p95,p98,p99,p999,mean_rate,m1_rate,m5_rate,m15_rate,rate_unit,duration_unit
1617627097,44,2.038927,0.344192,0.010932,0.443045,0.174357,0.517209,0.807109,2.038927,2.038927,2.038927,0.146672,0.201890,1.195810,2.193668,calls/second,milliseconds
1617627345,70,2.038927,0.632391,0.010742,0.663936,0.158813,1.164918,1.821561,1.821561,1.821561,2.038927,0.127726,0.027208,0.572437,1.689666,calls/second,milliseconds
1617627345,70,2.038927,0.632391,0.010742,0.663936,0.158813,1.164918,1.821561,1.821561,1.821561,2.038927,0.127724,0.027208,0.572437,1.689666,calls/second,milliseconds
