t,count,max,mean,min,stddev,p50,p75,p95,p98,p99,p999,mean_rate,m1_rate,m5_rate,m15_rate,rate_unit,duration_unit
1609998077,63,0.381436,0.013742,0.000948,0.040725,0.004889,0.007424,0.075170,0.082233,0.381436,0.381436,0.209979,0.517882,1.265096,2.212864,calls/second,milliseconds
1609998118,67,0.381436,0.013629,0.000948,0.037081,0.004889,0.009650,0.057473,0.082233,0.082233,0.381436,0.196236,0.265890,1.107178,2.116668,calls/second,milliseconds
1609998118,67,0.381436,0.013629,0.000948,0.037081,0.004889,0.009650,0.057473,0.082233,0.082233,0.381436,0.196232,0.265890,1.107178,2.116668,calls/second,milliseconds
