t,count,max,mean,min,stddev,p50,p75,p95,p98,p99,p999,mean_rate,m1_rate,m5_rate,m15_rate,rate_unit,duration_unit
1609281397,28,56.368388,2.684409,0.014607,8.413815,0.278161,1.223930,8.936633,56.368388,56.368388,56.368388,0.222414,0.126420,0.069611,0.027533,calls/second,milliseconds
1609281397,28,56.368388,2.684409,0.014607,8.413815,0.278161,1.223930,8.936633,56.368388,56.368388,56.368388,0.222397,0.126420,0.069611,0.027533,calls/second,milliseconds
