t,count,max,mean,min,stddev,p50,p75,p95,p98,p99,p999,mean_rate,m1_rate,m5_rate,m15_rate,rate_unit,duration_unit
1617639348,44,6.086876,0.261011,0.015574,0.307648,0.191826,0.286887,0.684584,0.864171,0.864171,2.722174,0.146596,0.328657,1.208514,2.192540,calls/second,milliseconds
1617639566,69,6.086876,0.494258,0.015574,0.434730,0.284159,0.684584,1.283431,1.475951,1.475951,1.475951,0.133248,0.079854,0.638900,1.749085,calls/second,milliseconds
1617639566,69,6.086876,0.494258,0.015574,0.434730,0.284159,0.684584,1.283431,1.475951,1.475951,1.475951,0.133246,0.079854,0.638900,1.749085,calls/second,milliseconds
