t,count,max,mean,min,stddev,p50,p75,p95,p98,p99,p999,mean_rate,m1_rate,m5_rate,m15_rate,rate_unit,duration_unit
1607879785,65,32.064786,1.779813,0.004033,4.541242,0.608683,1.203104,7.813106,14.406027,32.064786,32.064786,6.936819,5.600000,5.600000,5.600000,calls/second,milliseconds
1607879785,65,32.064786,1.779813,0.004033,4.541242,0.608683,1.203104,7.813106,14.406027,32.064786,32.064786,6.918821,5.600000,5.600000,5.600000,calls/second,milliseconds
