t,count,max,mean,min,stddev,p50,p75,p95,p98,p99,p999,mean_rate,m1_rate,m5_rate,m15_rate,rate_unit,duration_unit
1609422046,32,5.229563,0.476395,0.036294,0.588989,0.273283,0.531735,1.481554,2.827045,2.827045,5.229563,0.106619,0.183367,1.171340,2.179533,calls/second,milliseconds
1609422346,71,7.335657,1.666562,0.016707,1.854358,1.414678,1.414678,7.335657,7.335657,7.335657,7.335657,0.118306,0.023846,0.486983,1.594294,calls/second,milliseconds
1609422373,75,7.335657,0.644413,0.016707,1.080536,0.285344,0.882451,1.653626,3.757463,7.335657,7.335657,0.119598,0.015720,0.448046,1.550618,calls/second,milliseconds
1609422373,75,7.335657,0.644413,0.016707,1.080536,0.285344,0.882451,1.653626,3.757463,7.335657,7.335657,0.119596,0.015720,0.448046,1.550618,calls/second,milliseconds
