t,count,max,mean,min,stddev,p50,p75,p95,p98,p99,p999,mean_rate,m1_rate,m5_rate,m15_rate,rate_unit,duration_unit
1617570988,19,3.020384,0.145618,0.014997,0.290742,0.079630,0.116077,0.374670,0.958149,1.204601,3.020384,0.063337,0.046728,1.150923,2.177611,calls/second,milliseconds
1617571288,67,4.795212,0.474677,0.007505,0.799450,0.190903,0.538302,2.152506,4.795212,4.795212,4.795212,0.111662,0.076528,0.510750,1.596278,calls/second,milliseconds
1617571461,74,4.795212,0.331287,0.007505,0.358172,0.192719,0.445688,0.876986,0.876986,0.876986,4.795212,0.095671,0.028539,0.298035,1.324638,calls/second,milliseconds
1617571461,74,4.795212,0.331287,0.007505,0.358172,0.192719,0.445688,0.876986,0.876986,0.876986,4.795212,0.095670,0.028539,0.298035,1.324638,calls/second,milliseconds
