t,count,max,mean,min,stddev,p50,p75,p95,p98,p99,p999,mean_rate,m1_rate,m5_rate,m15_rate,rate_unit,duration_unit
1617631485,32,4.141702,0.358245,0.023888,0.557793,0.183731,0.297789,1.899557,1.899557,2.883985,3.327820,0.106233,0.200312,1.172501,2.179682,calls/second,milliseconds
1617631724,70,4.141702,0.535903,0.023888,0.548886,0.304853,1.025755,1.638636,1.638636,1.638636,1.899557,0.129511,0.093192,0.597772,1.703440,calls/second,milliseconds
1617631724,70,4.141702,0.535903,0.023888,0.548886,0.304853,1.025755,1.638636,1.638636,1.638636,1.899557,0.129509,0.093192,0.597772,1.703440,calls/second,milliseconds
