t,count,max,mean,min,stddev,p50,p75,p95,p98,p99,p999,mean_rate,m1_rate,m5_rate,m15_rate,rate_unit,duration_unit
1607877669,63,3.931866,0.657609,0.005550,0.848074,0.162079,0.892789,2.166656,2.166656,2.166656,3.931866,0.209896,0.063137,1.206944,2.204671,calls/second,milliseconds
1607877781,69,3.931866,0.318854,0.005550,0.390072,0.186165,0.415214,0.737451,2.166656,2.166656,2.166656,0.167432,0.053612,0.850966,1.956328,calls/second,milliseconds
1607877781,69,3.931866,0.318854,0.005550,0.390072,0.186165,0.415214,0.737451,2.166656,2.166656,2.166656,0.167428,0.053612,0.850966,1.956328,calls/second,milliseconds
