t,count,max,mean,min,stddev,p50,p75,p95,p98,p99,p999,mean_rate,m1_rate,m5_rate,m15_rate,rate_unit,duration_unit
1609891514,63,3.806593,0.342882,0.000771,0.509756,0.166557,0.437157,1.221422,2.089802,3.152151,3.152151,0.210010,0.363419,0.434333,0.630915,calls/second,milliseconds
1609891766,71,6.896165,2.037322,0.000771,2.641872,0.340572,3.548638,6.896165,6.896165,6.896165,6.896165,0.128778,0.018898,0.205777,0.485788,calls/second,milliseconds
1609891766,71,6.896165,2.037322,0.000771,2.641872,0.340572,3.548638,6.896165,6.896165,6.896165,6.896165,0.128776,0.018898,0.205777,0.485788,calls/second,milliseconds
