t,count,max,mean,min,stddev,p50,p75,p95,p98,p99,p999,mean_rate,m1_rate,m5_rate,m15_rate,rate_unit,duration_unit
1617577705,62,3.901879,0.226274,0.025434,0.514288,0.116240,0.175858,0.579053,1.424180,3.901879,3.901879,9.854341,12.200000,12.200000,12.200000,calls/second,milliseconds
1617577705,62,3.901879,0.226274,0.025434,0.514288,0.116240,0.175858,0.579053,1.424180,3.901879,3.901879,9.840104,12.200000,12.200000,12.200000,calls/second,milliseconds
