t,count,max,mean,min,stddev,p50,p75,p95,p98,p99,p999,mean_rate,m1_rate,m5_rate,m15_rate,rate_unit,duration_unit
1608507324,62,0.057542,0.006002,0.000920,0.008030,0.003853,0.005167,0.024652,0.031507,0.047678,0.047678,0.206655,0.507394,0.453881,0.635594,calls/second,milliseconds
1608507452,69,0.057542,0.005917,0.000920,0.006125,0.004544,0.006255,0.015719,0.024652,0.031507,0.047678,0.161389,0.087216,0.307445,0.556287,calls/second,milliseconds
1608507452,69,0.057542,0.005917,0.000920,0.006125,0.004544,0.006255,0.015719,0.024652,0.031507,0.047678,0.161387,0.087216,0.307445,0.556287,calls/second,milliseconds
