t,count,max,mean,min,stddev,p50,p75,p95,p98,p99,p999,mean_rate,m1_rate,m5_rate,m15_rate,rate_unit,duration_unit
1618811613,28,24.722840,2.761674,0.005223,4.352716,0.312097,4.003530,10.938797,16.265238,16.265238,24.722840,0.116416,0.070193,0.060357,0.026199,calls/second,milliseconds
1618811613,28,24.722840,2.761674,0.005223,4.352716,0.312097,4.003530,10.938797,16.265238,16.265238,24.722840,0.116412,0.070193,0.060357,0.026199,calls/second,milliseconds
