t,count,max,mean,min,stddev,p50,p75,p95,p98,p99,p999,mean_rate,m1_rate,m5_rate,m15_rate,rate_unit,duration_unit
1609996506,67,3.413331,0.284099,0.019075,0.367806,0.165643,0.304993,1.073333,1.212078,1.212078,3.413331,0.249604,0.373429,1.393871,2.297366,calls/second,milliseconds
1609996506,67,3.413331,0.284099,0.019075,0.367806,0.165643,0.304993,1.073333,1.212078,1.212078,3.413331,0.249591,0.373429,1.393871,2.297366,calls/second,milliseconds
