t,count,max,mean,min,stddev,p50,p75,p95,p98,p99,p999,mean_rate,m1_rate,m5_rate,m15_rate,rate_unit,duration_unit
1609999917,32,3.081077,0.233290,0.007845,0.222813,0.146977,0.461686,0.609787,0.609787,0.609787,0.813322,0.106670,0.108421,1.166597,2.183053,calls/second,milliseconds
1610000029,74,3.081077,0.275569,0.005016,0.357677,0.076243,0.524978,0.909785,1.175452,1.617462,1.617462,0.179688,0.286366,0.916878,1.968467,calls/second,milliseconds
1610000029,74,3.081077,0.275569,0.005016,0.357677,0.076243,0.524978,0.909785,1.175452,1.617462,1.617462,0.179553,0.286366,0.916878,1.968467,calls/second,milliseconds
