t,count,max,mean,min,stddev,p50,p75,p95,p98,p99,p999,mean_rate,m1_rate,m5_rate,m15_rate,rate_unit,duration_unit
1617627712,24,3.389625,0.503290,0.006517,0.395048,0.278091,0.910780,1.024214,1.024214,1.024214,3.389625,0.080006,0.080768,1.159588,2.180764,calls/second,milliseconds
1617628012,67,3.389625,0.315140,0.005643,0.290660,0.387660,0.420194,0.910780,1.153982,1.531007,1.531007,0.111671,0.026681,0.496184,1.601165,calls/second,milliseconds
1617628014,71,3.389625,0.516481,0.005643,0.456400,0.387660,1.005236,1.185976,1.185976,1.185976,1.531007,0.117955,0.024547,0.487983,1.592295,calls/second,milliseconds
1617628014,71,3.389625,0.516481,0.005643,0.456400,0.387660,1.005236,1.185976,1.185976,1.185976,1.531007,0.117953,0.024547,0.487983,1.592295,calls/second,milliseconds
