t,count,max,mean,min,stddev,p50,p75,p95,p98,p99,p999,mean_rate,m1_rate,m5_rate,m15_rate,rate_unit,duration_unit
1617616329,19,3.938896,0.094417,0.006026,0.374167,0.038747,0.038747,0.312173,0.764929,1.804973,3.938896,0.063338,0.046728,1.150923,2.177611,calls/second,milliseconds
1617616629,67,3.938896,0.306362,0.003684,0.424909,0.039594,0.550619,1.437023,1.486803,1.486803,1.486803,0.111670,0.060329,0.511462,1.603889,calls/second,milliseconds
1617616673,71,3.938896,0.445970,0.003684,0.433329,0.192100,0.688462,1.130553,1.218470,1.486803,1.486803,0.110258,0.028497,0.440219,1.525666,calls/second,milliseconds
1617616673,71,3.938896,0.445970,0.003684,0.433329,0.192100,0.688462,1.130553,1.218470,1.486803,1.486803,0.110256,0.028497,0.440219,1.525666,calls/second,milliseconds
