t,count,max,mean,min,stddev,p50,p75,p95,p98,p99,p999,mean_rate,m1_rate,m5_rate,m15_rate,rate_unit,duration_unit
1609283530,62,4.261738,0.300520,0.020765,0.379684,0.168512,0.380726,0.867072,1.691879,1.860104,4.261738,0.206594,0.084239,0.410811,0.629882,calls/second,milliseconds
1609283714,69,4.261738,0.357524,0.020765,0.360569,0.191202,0.648528,1.065935,1.065935,1.065935,1.860104,0.142434,0.015549,0.232540,0.518666,calls/second,milliseconds
1609283714,69,4.261738,0.357524,0.020765,0.360569,0.191202,0.648528,1.065935,1.065935,1.065935,1.860104,0.142432,0.015549,0.232540,0.518666,calls/second,milliseconds
