t,count,max,mean,min,stddev,p50,p75,p95,p98,p99,p999,mean_rate,m1_rate,m5_rate,m15_rate,rate_unit,duration_unit
1617586106,6,42.704607,2.474047,0.005414,4.478872,2.081542,2.081542,2.081542,2.081542,42.704607,42.704607,0.019999,0.022036,0.377313,0.721625,calls/second,milliseconds
1617586351,28,42.704607,1.699706,0.005414,2.583805,1.551150,1.551150,9.367874,9.819115,9.819115,9.819115,0.051448,0.017132,0.207019,0.571642,calls/second,milliseconds
1617586351,28,42.704607,1.699706,0.005414,2.583805,1.551150,1.551150,9.367874,9.819115,9.819115,9.819115,0.051447,0.017132,0.207019,0.571642,calls/second,milliseconds
