t,count,max,mean,min,stddev,p50,p75,p95,p98,p99,p999,mean_rate,m1_rate,m5_rate,m15_rate,rate_unit,duration_unit
1617577389,23,3.604408,0.614569,0.030137,0.577184,0.322467,0.639025,1.614140,2.568379,2.568379,3.604408,0.076632,0.102307,1.144649,2.169913,calls/second,milliseconds
1617577628,70,3.604408,0.446029,0.026653,0.428064,0.262006,0.704569,1.197001,1.197001,1.334004,1.949814,0.129865,0.062293,0.606513,1.711094,calls/second,milliseconds
1617577628,70,3.604408,0.446029,0.026653,0.428064,0.262006,0.704569,1.197001,1.197001,1.334004,1.949814,0.129864,0.062293,0.606513,1.711094,calls/second,milliseconds
