t,count,max,mean,min,stddev,p50,p75,p95,p98,p99,p999,mean_rate,m1_rate,m5_rate,m15_rate,rate_unit,duration_unit
1617638083,24,4.287036,0.856664,0.025328,0.383468,1.029055,1.040728,1.147922,1.800854,1.800854,4.287036,0.079966,0.098503,1.146438,2.170820,calls/second,milliseconds
1617638357,71,4.287036,0.324872,0.011514,0.344326,0.192488,0.488583,1.139838,1.139838,1.139838,1.147922,0.123599,0.037249,0.538598,1.646135,calls/second,milliseconds
1617638357,71,4.287036,0.324872,0.011514,0.344326,0.192488,0.488583,1.139838,1.139838,1.139838,1.147922,0.123597,0.037249,0.538598,1.646135,calls/second,milliseconds
