t,count,max,mean,min,stddev,p50,p75,p95,p98,p99,p999,mean_rate,m1_rate,m5_rate,m15_rate,rate_unit,duration_unit
1607895332,19,3.959436,0.153005,0.001188,0.418921,0.051691,0.095434,0.307263,0.744339,1.619954,3.959436,0.063337,0.040252,1.150286,2.177523,calls/second,milliseconds
1607895632,68,4.567079,0.362213,0.000851,0.581813,0.184626,0.440072,1.425174,1.997703,2.218040,4.567079,0.113336,0.212221,0.542387,1.609135,calls/second,milliseconds
1607895814,75,4.567079,0.470630,0.000851,0.477909,0.116607,0.914616,1.139782,1.139782,1.139782,4.567079,0.095884,0.024301,0.300193,1.313162,calls/second,milliseconds
1607895814,75,4.567079,0.470630,0.000851,0.477909,0.116607,0.914616,1.139782,1.139782,1.139782,4.567079,0.095883,0.024301,0.300193,1.313162,calls/second,milliseconds
