t,count,max,mean,min,stddev,p50,p75,p95,p98,p99,p999,mean_rate,m1_rate,m5_rate,m15_rate,rate_unit,duration_unit
1609312795,19,1.833070,0.066354,0.003528,0.239069,0.006851,0.006878,0.359543,0.566714,1.833070,1.833070,0.063335,0.020916,0.327607,0.592456,calls/second,milliseconds
1609313095,68,1.833070,0.262555,0.003528,0.271368,0.127711,0.410577,0.792766,1.084209,1.084209,1.084209,0.113335,0.197520,0.238634,0.473246,calls/second,milliseconds
1609313395,73,1.833070,0.050110,0.003528,0.136975,0.012849,0.012849,0.382937,0.512063,0.699584,1.084209,0.081111,0.013094,0.096259,0.341850,calls/second,milliseconds
1609313695,78,1.833070,0.009537,0.003528,0.016947,0.008443,0.008443,0.013000,0.031820,0.031820,0.101446,0.065001,0.012997,0.046096,0.250969,calls/second,milliseconds
1609313995,83,1.833070,0.018320,0.003528,0.005584,0.022441,0.022441,0.022441,0.022441,0.022441,0.022441,0.055333,0.012988,0.027046,0.184486,calls/second,milliseconds
1609314295,88,1.833070,0.011457,0.003528,0.009735,0.005032,0.012441,0.028287,0.028287,0.028287,0.028287,0.048889,0.012988,0.020038,0.136848,calls/second,milliseconds
1609314595,98,1.833070,0.006364,0.003416,0.001659,0.005575,0.007067,0.008727,0.008962,0.009087,0.028287,0.046667,0.013740,0.023960,0.106773,calls/second,milliseconds
1609314600,102,1.833070,0.450150,0.003416,0.482665,0.077724,0.873590,1.150684,1.150684,1.150684,1.150684,0.048469,0.012641,0.023564,0.106182,calls/second,milliseconds
1609314600,102,1.833070,0.450150,0.003416,0.482665,0.077724,0.873590,1.150684,1.150684,1.150684,1.150684,0.048468,0.012641,0.023564,0.106182,calls/second,milliseconds
