t,count,max,mean,min,stddev,p50,p75,p95,p98,p99,p999,mean_rate,m1_rate,m5_rate,m15_rate,rate_unit,duration_unit
1617665734,24,4.971341,0.744459,0.012563,0.878424,0.619309,0.655309,2.768762,2.768762,2.768762,4.971341,0.080006,0.080186,1.157759,2.179859,calls/second,milliseconds
1617665890,68,4.971341,0.494215,0.010954,0.593225,0.352371,0.619309,1.599994,2.768762,2.910810,2.910810,0.149038,0.172783,0.787538,1.870259,calls/second,milliseconds
1617665890,68,4.971341,0.494215,0.010954,0.593225,0.352371,0.619309,1.599994,2.768762,2.910810,2.910810,0.149036,0.172783,0.787538,1.870259,calls/second,milliseconds
