t,count,max,mean,min,stddev,p50,p75,p95,p98,p99,p999,mean_rate,m1_rate,m5_rate,m15_rate,rate_unit,duration_unit
1618798370,66,3.946901,0.337582,0.001382,0.964569,0.011166,0.014253,3.946901,3.946901,3.946901,3.946901,0.231473,0.136166,0.437054,0.641222,calls/second,milliseconds
1618798370,66,3.946901,0.337582,0.001382,0.964569,0.011166,0.014253,3.946901,3.946901,3.946901,3.946901,0.231464,0.136166,0.437054,0.641222,calls/second,milliseconds
