t,count,max,mean,min,stddev,p50,p75,p95,p98,p99,p999,mean_rate,m1_rate,m5_rate,m15_rate,rate_unit,duration_unit
1607881915,27,37.058241,1.891041,0.002972,3.628975,0.270727,2.604871,9.147481,9.147481,9.147481,37.058241,0.089989,0.061027,0.057518,0.025721,calls/second,milliseconds
1607881974,28,37.058241,2.019658,0.002972,2.918553,2.252853,2.252853,7.239067,9.147481,9.147481,37.058241,0.078021,0.024402,0.047883,0.024197,calls/second,milliseconds
1607881974,28,37.058241,2.019658,0.002972,2.918553,2.252853,2.252853,7.239067,9.147481,9.147481,37.058241,0.078017,0.024402,0.047883,0.024197,calls/second,milliseconds
