t,count,max,mean,min,stddev,p50,p75,p95,p98,p99,p999,mean_rate,m1_rate,m5_rate,m15_rate,rate_unit,duration_unit
1617593046,32,3.860747,0.409808,0.009737,0.479467,0.260806,0.501676,1.130838,1.130838,2.687526,3.860747,0.106625,0.192533,1.171214,2.179494,calls/second,milliseconds
1617593249,70,3.860747,0.448904,0.009737,0.407020,0.254569,0.726379,1.105258,1.429247,1.429247,2.687526,0.139277,0.060783,0.668717,1.776918,calls/second,milliseconds
1617593249,70,3.860747,0.448904,0.009737,0.407020,0.254569,0.726379,1.105258,1.429247,1.429247,2.687526,0.139276,0.060783,0.668717,1.776918,calls/second,milliseconds
