t,count,max,mean,min,stddev,p50,p75,p95,p98,p99,p999,mean_rate,m1_rate,m5_rate,m15_rate,rate_unit,duration_unit
1607888543,19,0.225756,0.105962,0.005852,0.052249,0.140614,0.140614,0.140614,0.219283,0.219283,0.225756,0.063328,0.037033,1.131273,2.165459,calls/second,milliseconds
1607888843,68,1.207618,0.149204,0.002920,0.329099,0.022627,0.112910,1.207618,1.207618,1.207618,1.207618,0.113328,0.037265,0.497595,1.594666,calls/second,milliseconds
1607888923,73,1.207618,0.303335,0.002920,0.454141,0.069626,0.497976,1.151575,1.151575,1.207618,1.207618,0.107387,0.018230,0.390373,1.468217,calls/second,milliseconds
1607888923,73,1.207618,0.303335,0.002920,0.454141,0.069626,0.497976,1.151575,1.151575,1.207618,1.207618,0.107386,0.018230,0.390373,1.468217,calls/second,milliseconds
