t,count,max,mean,min,stddev,p50,p75,p95,p98,p99,p999,mean_rate,m1_rate,m5_rate,m15_rate,rate_unit,duration_unit
1610258873,19,5.197894,0.781209,0.009611,0.805778,0.552164,0.672475,2.607332,2.607332,5.197894,5.197894,0.063319,0.021515,0.322726,0.589266,calls/second,milliseconds
1610259173,67,5.197894,0.351613,0.009611,0.399406,0.164700,0.491669,0.983139,1.810603,1.810603,1.810603,0.111655,0.097970,0.220036,0.467921,calls/second,milliseconds
1610259288,73,5.197894,0.343522,0.009611,0.319281,0.162538,0.479407,0.851589,0.851589,0.983139,1.810603,0.102182,0.030084,0.158026,0.416173,calls/second,milliseconds
1610259288,73,5.197894,0.343522,0.009611,0.319281,0.162538,0.479407,0.851589,0.851589,0.983139,1.810603,0.102181,0.030084,0.158026,0.416173,calls/second,milliseconds
