t,count,max,mean,min,stddev,p50,p75,p95,p98,p99,p999,mean_rate,m1_rate,m5_rate,m15_rate,rate_unit,duration_unit
1607878598,64,4.848668,0.488943,0.006230,0.570814,0.145049,1.208533,1.208533,1.208533,1.262902,4.848668,0.213243,0.051826,1.200551,2.204112,calls/second,milliseconds
1607878898,69,4.848668,0.725126,0.006230,0.496493,0.717641,0.717641,2.083910,2.083910,2.083910,2.083910,0.114977,0.014371,0.451916,1.584000,calls/second,milliseconds
1607878944,74,4.848668,0.390383,0.006230,0.273853,0.250889,0.430992,0.717641,0.717641,2.083910,2.083910,0.114622,0.047344,0.401034,1.511046,calls/second,milliseconds
1607878944,74,4.848668,0.390383,0.006230,0.273853,0.250889,0.430992,0.717641,0.717641,2.083910,2.083910,0.114620,0.047344,0.401034,1.511046,calls/second,milliseconds
