t,count,max,mean,min,stddev,p50,p75,p95,p98,p99,p999,mean_rate,m1_rate,m5_rate,m15_rate,rate_unit,duration_unit
1617670924,17,27.584336,1.648151,0.002740,2.915075,0.098004,1.125301,7.975860,7.975860,7.975860,27.584336,0.056663,0.153818,0.411434,0.733553,calls/second,milliseconds
1617671026,28,27.584336,1.606725,0.002740,2.850126,0.208908,1.283248,7.975860,9.699012,9.699012,9.699012,0.069562,0.081374,0.321210,0.666693,calls/second,milliseconds
1617671026,28,27.584336,1.606725,0.002740,2.850126,0.208908,1.283248,7.975860,9.699012,9.699012,9.699012,0.069415,0.081374,0.321210,0.666693,calls/second,milliseconds
