t,count,max,mean,min,stddev,p50,p75,p95,p98,p99,p999,mean_rate,m1_rate,m5_rate,m15_rate,rate_unit,duration_unit
1607878083,64,4.535982,0.304307,0.000782,0.693298,0.046110,0.367538,1.260896,2.422453,4.535982,4.535982,0.213347,0.061827,0.411509,0.633659,calls/second,milliseconds
1607878294,72,4.535982,0.465587,0.000782,0.528447,0.190260,0.898315,1.317925,1.317925,1.317925,1.926210,0.141008,0.021059,0.210524,0.502963,calls/second,milliseconds
1607878294,72,4.535982,0.465587,0.000782,0.528447,0.190260,0.898315,1.317925,1.317925,1.317925,1.926210,0.141005,0.021059,0.210524,0.502963,calls/second,milliseconds
