t,count,max,mean,min,stddev,p50,p75,p95,p98,p99,p999,mean_rate,m1_rate,m5_rate,m15_rate,rate_unit,duration_unit
1617644394,35,5.349637,0.370181,0.015123,0.394606,0.227625,0.433585,1.219871,1.424755,1.424755,1.424755,0.116619,0.199105,1.176899,2.181620,calls/second,milliseconds
1617644612,70,5.349637,0.344499,0.004557,0.305288,0.402169,0.470959,1.013275,1.151021,1.424755,1.612331,0.135123,0.049971,0.634563,1.747268,calls/second,milliseconds
1617644612,70,5.349637,0.344499,0.004557,0.305288,0.402169,0.470959,1.013275,1.151021,1.424755,1.612331,0.135120,0.049971,0.634563,1.747268,calls/second,milliseconds
