t,count,max,mean,min,stddev,p50,p75,p95,p98,p99,p999,mean_rate,m1_rate,m5_rate,m15_rate,rate_unit,duration_unit
1617669555,17,23.963641,2.013760,0.004365,3.703833,0.102481,0.951962,11.067744,11.067744,11.067744,23.963641,0.056661,0.143365,0.410911,0.733493,calls/second,milliseconds
1617669656,28,23.963641,1.945215,0.002653,3.202624,0.122120,2.421845,9.497651,11.067744,11.067744,11.067744,0.069713,0.071368,0.319970,0.666525,calls/second,milliseconds
1617669656,28,23.963641,1.945215,0.002653,3.202624,0.122120,2.421845,9.497651,11.067744,11.067744,11.067744,0.069712,0.071368,0.319970,0.666525,calls/second,milliseconds
