t,count,max,mean,min,stddev,p50,p75,p95,p98,p99,p999,mean_rate,m1_rate,m5_rate,m15_rate,rate_unit,duration_unit
1617654557,19,0.330522,0.028327,0.001280,0.030724,0.023720,0.039089,0.047240,0.050676,0.050676,0.330522,0.063327,0.038342,1.131426,2.165481,calls/second,milliseconds
1617654857,67,0.330522,0.010368,0.000909,0.011282,0.005926,0.009737,0.034100,0.043354,0.043354,0.052690,0.111661,0.094201,0.516403,1.597154,calls/second,milliseconds
1617654865,71,0.330522,0.011862,0.000909,0.013562,0.005926,0.009737,0.042066,0.042066,0.043354,0.052690,0.116710,0.086669,0.507868,1.588306,calls/second,milliseconds
1617654865,71,0.330522,0.011862,0.000909,0.013562,0.005926,0.009737,0.042066,0.042066,0.043354,0.052690,0.116708,0.086669,0.507868,1.588306,calls/second,milliseconds
