t,count,max,mean,min,stddev,p50,p75,p95,p98,p99,p999,mean_rate,m1_rate,m5_rate,m15_rate,rate_unit,duration_unit
1608502906,72,0.067584,0.022785,0.001004,0.015083,0.032221,0.035130,0.035130,0.035130,0.035130,0.067584,0.239986,0.113549,4.364426,8.370640,calls/second,milliseconds
1608503206,77,0.067584,0.019307,0.001004,0.009734,0.025905,0.025905,0.031077,0.031077,0.032034,0.035130,0.128330,0.025892,1.617110,6.002696,calls/second,milliseconds
1608503506,82,0.067584,0.027964,0.001004,0.006523,0.031690,0.031690,0.031690,0.031690,0.031690,0.031690,0.091110,0.025302,0.606429,4.305990,calls/second,milliseconds
1608503638,85,0.067584,0.022952,0.001004,0.008086,0.016412,0.032792,0.032792,0.032792,0.032792,0.032792,0.082332,0.021414,0.398990,3.728968,calls/second,milliseconds
1608503638,85,0.067584,0.022952,0.001004,0.008086,0.016412,0.032792,0.032792,0.032792,0.032792,0.032792,0.082331,0.021414,0.398990,3.728968,calls/second,milliseconds
