t,count,max,mean,min,stddev,p50,p75,p95,p98,p99,p999,mean_rate,m1_rate,m5_rate,m15_rate,rate_unit,duration_unit
1608915733,19,3.033316,0.463296,0.010472,0.323968,0.486761,0.486761,0.759784,0.804610,3.033316,3.033316,0.063322,0.022576,0.322636,0.589238,calls/second,milliseconds
1608916033,67,3.033316,0.183511,0.008063,0.159496,0.128488,0.268323,0.498095,0.509973,0.518134,0.537742,0.111657,0.101761,0.221088,0.468075,calls/second,milliseconds
1608916161,73,3.033316,0.364722,0.008063,0.369157,0.361513,0.462649,1.086121,1.086121,1.086121,1.086121,0.100292,0.024877,0.151101,0.409440,calls/second,milliseconds
1608916161,73,3.033316,0.364722,0.008063,0.369157,0.361513,0.462649,1.086121,1.086121,1.086121,1.086121,0.100291,0.024877,0.151101,0.409440,calls/second,milliseconds
