t,count,max,mean,min,stddev,p50,p75,p95,p98,p99,p999,mean_rate,m1_rate,m5_rate,m15_rate,rate_unit,duration_unit
1617583269,12,34.039337,3.051392,0.003915,5.860269,0.041509,0.756949,16.031635,16.031635,16.031635,34.039337,0.039997,0.094673,0.396034,0.728146,calls/second,milliseconds
1617583486,28,34.039337,1.341830,0.003477,2.637126,0.991340,0.991340,5.216224,9.971868,16.031635,16.031635,0.054109,0.016224,0.221138,0.587103,calls/second,milliseconds
1617583486,28,34.039337,1.341830,0.003477,2.637126,0.991340,0.991340,5.216224,9.971868,16.031635,16.031635,0.054109,0.016224,0.221138,0.587103,calls/second,milliseconds
