t,count,max,mean,min,stddev,p50,p75,p95,p98,p99,p999,mean_rate,m1_rate,m5_rate,m15_rate,rate_unit,duration_unit
1609415978,62,4.717228,0.123941,0.002541,0.665425,0.006134,0.009282,0.021354,2.785836,4.717228,4.717228,7.575848,5.600000,5.600000,5.600000,calls/second,milliseconds
1609415978,62,4.717228,0.123941,0.002541,0.665425,0.006134,0.009282,0.021354,2.785836,4.717228,4.717228,7.555023,5.600000,5.600000,5.600000,calls/second,milliseconds
