t,count,max,mean,min,stddev,p50,p75,p95,p98,p99,p999,mean_rate,m1_rate,m5_rate,m15_rate,rate_unit,duration_unit
1608502906,72,1.131308,0.117505,0.005534,0.091240,0.145496,0.145496,0.176249,0.176249,0.234042,1.131308,0.239945,0.113549,4.364426,8.370640,calls/second,milliseconds
1608503206,77,1.131308,0.099083,0.005534,0.015875,0.092327,0.113647,0.113647,0.133662,0.145496,0.176249,0.128319,0.025892,1.617110,6.002696,calls/second,milliseconds
1608503506,82,1.131308,0.102524,0.005534,0.009468,0.099237,0.103071,0.127990,0.127990,0.127990,0.127990,0.091104,0.025302,0.606429,4.305990,calls/second,milliseconds
1608503638,85,1.131308,0.103767,0.005534,0.019905,0.105670,0.120400,0.120400,0.120400,0.120400,0.127990,0.082328,0.021414,0.398990,3.728968,calls/second,milliseconds
1608503638,85,1.131308,0.103767,0.005534,0.019905,0.105670,0.120400,0.120400,0.120400,0.120400,0.127990,0.082327,0.021414,0.398990,3.728968,calls/second,milliseconds
