t,count,max,mean,min,stddev,p50,p75,p95,p98,p99,p999,mean_rate,m1_rate,m5_rate,m15_rate,rate_unit,duration_unit
1609291842,32,3.856899,0.306823,0.005746,0.342011,0.144702,0.564611,0.990636,0.990636,0.990636,3.856899,0.106668,0.221542,0.371109,0.606971,calls/second,milliseconds
1609292142,67,3.856899,0.115271,0.005746,0.179995,0.040849,0.040849,0.506203,0.742231,0.760182,0.990636,0.111668,0.030658,0.188963,0.464533,calls/second,milliseconds
1609292442,72,3.856899,0.063627,0.005746,0.040034,0.088946,0.088946,0.088946,0.088946,0.088946,0.452599,0.080001,0.023325,0.080853,0.337696,calls/second,milliseconds
1609292450,76,3.856899,0.227900,0.005746,0.233264,0.088946,0.448468,0.587950,0.587950,0.587950,0.587950,0.083699,0.019744,0.078202,0.333964,calls/second,milliseconds
1609292450,76,3.856899,0.227900,0.005746,0.233264,0.088946,0.448468,0.587950,0.587950,0.587950,0.587950,0.083699,0.019744,0.078202,0.333964,calls/second,milliseconds
