t,count,max,mean,min,stddev,p50,p75,p95,p98,p99,p999,mean_rate,m1_rate,m5_rate,m15_rate,rate_unit,duration_unit
1609419125,63,3.058921,0.450431,0.006744,0.524017,0.297393,0.688003,1.712806,2.559926,2.559926,2.559926,0.210000,0.228086,1.261244,2.222053,calls/second,milliseconds
1609419146,67,3.058921,0.537976,0.006744,0.555465,0.288176,0.859846,1.475713,1.712806,2.559926,2.559926,0.209021,0.198337,1.170317,2.164503,calls/second,milliseconds
1609419146,67,3.058921,0.537976,0.006744,0.555465,0.288176,0.859846,1.475713,1.712806,2.559926,2.559926,0.209014,0.198337,1.170317,2.164503,calls/second,milliseconds
