t,count,max,mean,min,stddev,p50,p75,p95,p98,p99,p999,mean_rate,m1_rate,m5_rate,m15_rate,rate_unit,duration_unit
1614409445,24,4.013633,0.807871,0.002372,1.163193,0.452906,0.681700,3.415600,3.415600,3.415600,4.013633,0.080004,0.109913,1.166534,2.183039,calls/second,milliseconds
1614409745,67,4.013633,0.206058,0.001077,0.410342,0.027406,0.175413,0.980116,1.702240,2.080909,3.415600,0.111629,0.028909,0.487537,1.592201,calls/second,milliseconds
1614410045,75,4.013633,0.507650,0.001077,0.636988,0.096413,1.114465,1.562904,1.562904,1.562904,1.562904,0.083335,0.042442,0.201870,1.155169,calls/second,milliseconds
1614410345,80,4.013633,0.017917,0.001077,0.124759,0.005467,0.007227,0.007227,0.007227,0.096413,1.562904,0.066668,0.019855,0.085229,0.832505,calls/second,milliseconds
1614410645,85,4.013633,0.021988,0.001077,0.019005,0.033216,0.033216,0.033216,0.033216,0.033216,0.033216,0.056667,0.019703,0.042320,0.601305,calls/second,milliseconds
1614410945,90,4.013633,0.006153,0.001077,0.002621,0.005967,0.005973,0.005973,0.007453,0.007453,0.033216,0.050001,0.019702,0.026534,0.435644,calls/second,milliseconds
1614411245,95,4.013633,0.004743,0.001077,0.001651,0.005610,0.005610,0.006010,0.006010,0.006010,0.006010,0.045239,0.019702,0.020727,0.316942,calls/second,milliseconds
1614411411,99,4.013633,0.431778,0.001077,0.516906,0.006173,1.058986,1.058986,1.058986,1.058986,1.058986,0.043676,0.023275,0.019853,0.265487,calls/second,milliseconds
1614411411,99,4.013633,0.431778,0.001077,0.516906,0.006173,1.058986,1.058986,1.058986,1.058986,1.058986,0.043676,0.023275,0.019853,0.265487,calls/second,milliseconds
