t,count,max,mean,min,stddev,p50,p75,p95,p98,p99,p999,mean_rate,m1_rate,m5_rate,m15_rate,rate_unit,duration_unit
1617655859,19,0.432945,0.172884,0.004476,0.118498,0.153906,0.342493,0.342493,0.402536,0.432945,0.432945,0.063325,0.033701,1.130830,2.165395,calls/second,milliseconds
1617656159,71,0.432945,0.036782,0.004476,0.047655,0.021485,0.031010,0.091030,0.169523,0.211319,0.404576,0.118361,0.090616,0.522714,1.605668,calls/second,milliseconds
1617656159,71,0.432945,0.036782,0.004476,0.047655,0.021485,0.031010,0.091030,0.169523,0.211319,0.404576,0.118360,0.090616,0.522714,1.605668,calls/second,milliseconds
1617656159,71,0.432945,0.036782,0.004476,0.047655,0.021485,0.031010,0.091030,0.169523,0.211319,0.404576,0.118326,0.147335,0.527297,1.601205,calls/second,milliseconds
