t,count,max,mean,min,stddev,p50,p75,p95,p98,p99,p999,mean_rate,m1_rate,m5_rate,m15_rate,rate_unit,duration_unit
1607881361,72,0.299988,0.018666,0.001363,0.029012,0.005827,0.013577,0.084783,0.084783,0.084783,0.299988,0.245020,0.128398,0.440689,0.643105,calls/second,milliseconds
1607881361,72,0.299988,0.018666,0.001363,0.029012,0.005827,0.013577,0.084783,0.084783,0.084783,0.299988,0.245005,0.128398,0.440689,0.643105,calls/second,milliseconds
