t,count,max,mean,min,stddev,p50,p75,p95,p98,p99,p999,mean_rate,m1_rate,m5_rate,m15_rate,rate_unit,duration_unit
1609420775,55,0.233357,0.031212,0.003952,0.038168,0.019735,0.028727,0.130793,0.139525,0.151709,0.233357,0.183312,0.377646,1.237436,2.203834,calls/second,milliseconds
1609421013,71,1.847714,0.220714,0.002962,0.531321,0.055156,0.103947,1.847714,1.847714,1.847714,1.847714,0.132042,0.024144,0.586583,1.708116,calls/second,milliseconds
1609421013,71,1.847714,0.220714,0.002962,0.531321,0.055156,0.103947,1.847714,1.847714,1.847714,1.847714,0.132039,0.024144,0.586583,1.708116,calls/second,milliseconds
