t,count,max,mean,min,stddev,p50,p75,p95,p98,p99,p999,mean_rate,m1_rate,m5_rate,m15_rate,rate_unit,duration_unit
1609400836,24,4.164289,0.836788,0.004120,0.786642,0.726885,0.913362,2.342713,2.342713,2.342713,4.164289,0.080002,0.063665,0.337161,0.595721,calls/second,milliseconds
1609401136,68,4.164289,0.546161,0.002715,0.791347,0.077558,0.626391,2.346322,2.346322,2.346322,2.346322,0.113270,0.021525,0.187992,0.462947,calls/second,milliseconds
1609401436,73,4.164289,0.074139,0.002715,0.135788,0.053983,0.063820,0.100500,0.100500,0.110997,2.346322,0.081112,0.014179,0.080579,0.338249,calls/second,milliseconds
1609401736,78,7.834612,1.923546,0.002715,3.333104,0.037856,0.077560,7.834612,7.834612,7.834612,7.834612,0.065000,0.012989,0.039242,0.245682,calls/second,milliseconds
1609401757,83,7.834612,0.778013,0.002715,1.385809,0.154894,0.925481,1.936809,7.834612,7.834612,7.834612,0.067978,0.025298,0.040017,0.241390,calls/second,milliseconds
1609401757,83,7.834612,0.778013,0.002715,1.385809,0.154894,0.925481,1.936809,7.834612,7.834612,7.834612,0.067978,0.025298,0.040017,0.241390,calls/second,milliseconds
