t,count,max,mean,min,stddev,p50,p75,p95,p98,p99,p999,mean_rate,m1_rate,m5_rate,m15_rate,rate_unit,duration_unit
1617662292,5,28.715947,5.763176,0.004657,11.476395,0.038877,0.044129,28.715947,28.715947,28.715947,28.715947,0.016665,0.007324,0.374062,0.720523,calls/second,milliseconds
1617662592,27,28.715947,1.957125,0.004657,3.826890,0.182740,0.284884,13.838656,13.838656,13.838656,13.838656,0.044998,0.071276,0.188796,0.537916,calls/second,milliseconds
1617662632,28,28.715947,1.683167,0.004657,3.299692,0.227640,0.943873,8.109890,13.838656,13.838656,13.838656,0.043697,0.036594,0.165229,0.514532,calls/second,milliseconds
1617662632,28,28.715947,1.683167,0.004657,3.299692,0.227640,0.943873,8.109890,13.838656,13.838656,13.838656,0.043697,0.036594,0.165229,0.514532,calls/second,milliseconds
