t,count,max,mean,min,stddev,p50,p75,p95,p98,p99,p999,mean_rate,m1_rate,m5_rate,m15_rate,rate_unit,duration_unit
1617589628,54,4.853856,0.399043,0.001083,0.591900,0.151545,0.507566,1.706624,1.783447,3.353847,3.353847,0.180011,0.310000,1.230516,2.206364,calls/second,milliseconds
1617589786,69,4.853856,0.583151,0.001083,0.669690,0.290698,1.255451,1.864584,1.864584,1.864584,3.353847,0.150750,0.058187,0.761681,1.865071,calls/second,milliseconds
1617589786,69,4.853856,0.583151,0.001083,0.669690,0.290698,1.255451,1.864584,1.864584,1.864584,3.353847,0.150747,0.058187,0.761681,1.865071,calls/second,milliseconds
