t,count,max,mean,min,stddev,p50,p75,p95,p98,p99,p999,mean_rate,m1_rate,m5_rate,m15_rate,rate_unit,duration_unit
1617643803,32,0.081937,0.014493,0.000145,0.019914,0.003860,0.015586,0.058449,0.058449,0.081937,0.081937,0.106654,0.182587,1.171348,2.179537,calls/second,milliseconds
1617644037,70,0.217665,0.016316,0.000145,0.024479,0.008516,0.020187,0.075657,0.075657,0.075657,0.217665,0.131302,0.045431,0.605978,1.718803,calls/second,milliseconds
1617644037,70,0.217665,0.016316,0.000145,0.024479,0.008516,0.020187,0.075657,0.075657,0.075657,0.217665,0.131300,0.045431,0.605978,1.718803,calls/second,milliseconds
