t,count,max,mean,min,stddev,p50,p75,p95,p98,p99,p999,mean_rate,m1_rate,m5_rate,m15_rate,rate_unit,duration_unit
1608602910,19,2.630807,0.538890,0.016285,0.306538,0.531949,0.541542,0.671378,1.473809,2.630807,2.630807,0.063318,0.025451,0.323184,0.589331,calls/second,milliseconds
1608603210,37,2.630807,0.213986,0.012788,0.181993,0.189871,0.416932,0.551393,0.554231,0.677789,0.677789,0.061651,0.143664,0.168319,0.440936,calls/second,milliseconds
1608603510,75,2.630807,0.335233,0.010370,0.199629,0.417416,0.417416,0.865049,0.865049,0.865049,0.865049,0.083327,0.027788,0.120142,0.348387,calls/second,milliseconds
1608603579,80,2.630807,0.257022,0.010370,0.192662,0.270250,0.455923,0.502765,0.502765,0.502765,0.865049,0.082498,0.019947,0.099779,0.325191,calls/second,milliseconds
1608603579,80,2.630807,0.257022,0.010370,0.192662,0.270250,0.455923,0.502765,0.502765,0.502765,0.865049,0.082498,0.019947,0.099779,0.325191,calls/second,milliseconds
