t,count,max,mean,min,stddev,p50,p75,p95,p98,p99,p999,mean_rate,m1_rate,m5_rate,m15_rate,rate_unit,duration_unit
1609417550,67,7.366373,0.482868,0.038060,0.509984,0.323438,0.733730,1.185638,1.203956,1.454303,7.366373,0.246652,0.144113,0.456076,0.652162,calls/second,milliseconds
1609417550,67,7.366373,0.482868,0.038060,0.509984,0.323438,0.733730,1.185638,1.203956,1.454303,7.366373,0.246635,0.144113,0.456076,0.652162,calls/second,milliseconds
