t,count,max,mean,min,stddev,p50,p75,p95,p98,p99,p999,mean_rate,m1_rate,m5_rate,m15_rate,rate_unit,duration_unit
1617196600,19,0.213919,0.041576,0.000995,0.026805,0.059470,0.059470,0.059470,0.059470,0.059470,0.213919,0.063327,0.039765,1.131581,2.165502,calls/second,milliseconds
1617196900,67,0.213919,0.010328,0.000995,0.013071,0.007153,0.010933,0.023740,0.068233,0.068233,0.088267,0.111662,0.129121,0.522918,1.598115,calls/second,milliseconds
1617197200,72,0.213919,0.026542,0.000995,0.008543,0.025817,0.030340,0.034377,0.034377,0.049636,0.068233,0.079998,0.018874,0.203155,1.149862,calls/second,milliseconds
1617197500,77,0.213919,0.024771,0.000995,0.003536,0.025060,0.025060,0.031887,0.031887,0.031887,0.034377,0.064165,0.018132,0.085521,0.828675,calls/second,milliseconds
1617197800,85,0.213919,0.015298,0.000995,0.008885,0.010493,0.019300,0.037350,0.037350,0.037350,0.037350,0.056666,0.047224,0.051219,0.601750,calls/second,milliseconds
1617198100,90,0.213919,0.023065,0.000995,0.006974,0.018667,0.029203,0.038150,0.038150,0.038150,0.038150,0.049999,0.018323,0.029627,0.435936,calls/second,milliseconds
1617198400,95,0.213919,0.018850,0.000995,0.003801,0.017330,0.017883,0.029836,0.029836,0.029836,0.038150,0.045238,0.018128,0.021683,0.317125,calls/second,milliseconds
1617198700,100,0.213919,0.031329,0.000995,0.004570,0.029037,0.031894,0.038393,0.038393,0.038393,0.038393,0.041666,0.018127,0.018761,0.231993,calls/second,milliseconds
1617199000,105,0.213919,0.031052,0.000995,0.001743,0.030494,0.030494,0.035983,0.035983,0.035983,0.038393,0.038889,0.018127,0.017686,0.170993,calls/second,milliseconds
1617199097,108,0.213919,0.058793,0.000995,0.050309,0.030347,0.122491,0.122491,0.122491,0.122491,0.122491,0.038619,0.010115,0.015638,0.154906,calls/second,milliseconds
1617199097,108,0.213919,0.058793,0.000995,0.050309,0.030347,0.122491,0.122491,0.122491,0.122491,0.122491,0.038619,0.010115,0.015638,0.154906,calls/second,milliseconds
