t,count,max,mean,min,stddev,p50,p75,p95,p98,p99,p999,mean_rate,m1_rate,m5_rate,m15_rate,rate_unit,duration_unit
1617664476,19,10.472518,6.727608,0.030104,4.321525,10.472518,10.472518,10.472518,10.472518,10.472518,10.472518,0.063305,0.038342,1.131426,2.165481,calls/second,milliseconds
1617664769,71,10.472518,1.270981,0.030104,2.121001,0.525064,0.876948,8.134726,8.134726,8.134726,8.134726,0.119721,0.078515,0.526063,1.613805,calls/second,milliseconds
1617664769,71,10.472518,1.270981,0.030104,2.121001,0.525064,0.876948,8.134726,8.134726,8.134726,8.134726,0.119719,0.078515,0.526063,1.613805,calls/second,milliseconds
