t,count,max,mean,min,stddev,p50,p75,p95,p98,p99,p999,mean_rate,m1_rate,m5_rate,m15_rate,rate_unit,duration_unit
1617623933,19,5.074335,1.446132,0.038443,1.461121,0.755649,1.155981,4.124913,4.124913,5.074335,5.074335,0.063307,0.033701,1.130830,2.165395,calls/second,milliseconds
1617624233,67,5.074335,0.389743,0.027660,0.438407,0.238577,0.387476,1.301894,1.301894,1.301894,3.859173,0.111644,0.057786,0.505530,1.595387,calls/second,milliseconds
1617624337,73,5.074335,0.352275,0.027660,0.367832,0.234148,0.283428,1.135881,1.135881,1.301894,1.301894,0.103659,0.025335,0.367759,1.429701,calls/second,milliseconds
1617624337,73,5.074335,0.352275,0.027660,0.367832,0.234148,0.283428,1.135881,1.135881,1.301894,1.301894,0.103658,0.025335,0.367759,1.429701,calls/second,milliseconds
