t,count,max,mean,min,stddev,p50,p75,p95,p98,p99,p999,mean_rate,m1_rate,m5_rate,m15_rate,rate_unit,duration_unit
1609835652,32,5.794933,0.542250,0.004871,0.886767,0.210445,0.709683,3.569277,3.569277,3.569277,5.794933,0.106670,0.085350,0.343436,0.597916,calls/second,milliseconds
1609835952,67,5.794933,0.383119,0.004871,0.567389,0.037690,0.727977,1.303455,1.669220,2.669442,3.569277,0.111669,0.021219,0.188438,0.464449,calls/second,milliseconds
1609836000,72,5.794933,0.413683,0.004871,0.435545,0.133881,0.563314,1.109064,1.109064,1.109064,2.669442,0.111034,0.018921,0.162501,0.440422,calls/second,milliseconds
1609836000,72,5.794933,0.413683,0.004871,0.435545,0.133881,0.563314,1.109064,1.109064,1.109064,2.669442,0.111031,0.018921,0.162501,0.440422,calls/second,milliseconds
