t,count,max,mean,min,stddev,p50,p75,p95,p98,p99,p999,mean_rate,m1_rate,m5_rate,m15_rate,rate_unit,duration_unit
1617578007,39,0.390520,0.018186,0.000390,0.033141,0.007477,0.015206,0.068426,0.071863,0.082557,0.390520,0.129989,0.267255,1.192340,2.187012,calls/second,milliseconds
1617578227,70,0.390520,0.028904,0.000390,0.037111,0.008374,0.082104,0.091620,0.091620,0.091620,0.091620,0.134598,0.083309,0.631299,1.740455,calls/second,milliseconds
1617578227,70,0.390520,0.028904,0.000390,0.037111,0.008374,0.082104,0.091620,0.091620,0.091620,0.091620,0.134596,0.083309,0.631299,1.740455,calls/second,milliseconds
