t,count,max,mean,min,stddev,p50,p75,p95,p98,p99,p999,mean_rate,m1_rate,m5_rate,m15_rate,rate_unit,duration_unit
1617639348,17,36.385639,1.731240,0.003006,3.376879,0.133773,0.591003,10.135574,10.135574,10.135574,36.385639,0.056663,0.143281,0.410870,0.733487,calls/second,milliseconds
1617639566,28,36.385639,2.150459,0.003006,2.879836,2.212440,2.212440,10.135574,11.688622,11.688622,11.688622,0.054085,0.027527,0.221830,0.587754,calls/second,milliseconds
1617639566,28,36.385639,2.150459,0.003006,2.879836,2.212440,2.212440,10.135574,11.688622,11.688622,11.688622,0.054084,0.027527,0.221830,0.587754,calls/second,milliseconds
