t,count,max,mean,min,stddev,p50,p75,p95,p98,p99,p999,mean_rate,m1_rate,m5_rate,m15_rate,rate_unit,duration_unit
1617666264,17,19.998933,1.852897,0.002220,3.920504,0.191610,0.943392,14.503072,14.503072,14.503072,19.998933,0.056663,0.127044,0.409998,0.733385,calls/second,milliseconds
1617666357,28,19.998933,1.495163,0.002220,2.649506,0.248136,1.870879,5.019065,14.503072,14.503072,14.503072,0.071209,0.072637,0.329273,0.673761,calls/second,milliseconds
1617666357,28,19.998933,1.495163,0.002220,2.649506,0.248136,1.870879,5.019065,14.503072,14.503072,14.503072,0.071207,0.072637,0.329273,0.673761,calls/second,milliseconds
