t,count,max,mean,min,stddev,p50,p75,p95,p98,p99,p999,mean_rate,m1_rate,m5_rate,m15_rate,rate_unit,duration_unit
1617637440,7,34.707419,1.437977,0.006286,2.737621,0.889856,1.616044,1.616044,1.616044,1.616044,34.707419,0.023331,0.034396,0.380457,0.722715,calls/second,milliseconds
1617637720,28,34.707419,1.574528,0.006286,2.290241,1.584172,1.584172,3.104227,13.625810,13.625810,13.625810,0.048271,0.025062,0.184342,0.547863,calls/second,milliseconds
1617637720,28,34.707419,1.574528,0.006286,2.290241,1.584172,1.584172,3.104227,13.625810,13.625810,13.625810,0.048270,0.025062,0.184342,0.547863,calls/second,milliseconds
