t,count,max,mean,min,stddev,p50,p75,p95,p98,p99,p999,mean_rate,m1_rate,m5_rate,m15_rate,rate_unit,duration_unit
1617196600,19,0.373762,0.112652,0.002858,0.056386,0.153543,0.153543,0.153543,0.153543,0.153543,0.373762,0.063327,0.039765,1.131581,2.165502,calls/second,milliseconds
1617196900,67,0.373762,0.025467,0.002858,0.028314,0.017866,0.031627,0.077137,0.146610,0.146610,0.194946,0.111662,0.129121,0.522918,1.598115,calls/second,milliseconds
1617197200,72,0.373762,0.108843,0.002858,0.034560,0.105770,0.134826,0.144697,0.144697,0.153183,0.153183,0.079998,0.018874,0.203155,1.149862,calls/second,milliseconds
1617197500,77,1.280841,0.198894,0.002858,0.356831,0.075856,0.084430,1.280841,1.280841,1.280841,1.280841,0.064165,0.018132,0.085521,0.828675,calls/second,milliseconds
1617197800,85,1.280841,0.043232,0.002858,0.043925,0.020313,0.067290,0.116743,0.116743,0.116743,0.165101,0.056666,0.047224,0.051219,0.601750,calls/second,milliseconds
1617198100,90,1.280841,0.094755,0.002858,0.037206,0.069504,0.144109,0.149430,0.149430,0.149430,0.149430,0.049999,0.018323,0.029627,0.435936,calls/second,milliseconds
1617198400,95,1.280841,0.073216,0.002858,0.018361,0.066287,0.066287,0.125526,0.125526,0.125526,0.149430,0.045238,0.018128,0.021683,0.317125,calls/second,milliseconds
1617198700,100,1.280841,0.127206,0.002858,0.021328,0.114333,0.142130,0.159450,0.159450,0.159450,0.159450,0.041666,0.018127,0.018761,0.231993,calls/second,milliseconds
1617199000,105,1.280841,0.145166,0.002858,0.016796,0.144930,0.144930,0.187613,0.187613,0.187613,0.187613,0.038889,0.018127,0.017686,0.170993,calls/second,milliseconds
1617199097,108,1.280841,0.104148,0.002858,0.043935,0.134020,0.134020,0.144930,0.144930,0.187613,0.187613,0.038619,0.010115,0.015638,0.154906,calls/second,milliseconds
1617199097,108,1.280841,0.104148,0.002858,0.043935,0.134020,0.134020,0.144930,0.144930,0.187613,0.187613,0.038619,0.010115,0.015638,0.154906,calls/second,milliseconds
