t,count,max,mean,min,stddev,p50,p75,p95,p98,p99,p999,mean_rate,m1_rate,m5_rate,m15_rate,rate_unit,duration_unit
1609989600,70,4.354316,0.200208,0.005289,0.408623,0.095514,0.197861,0.763814,1.178298,1.521321,4.354316,0.511969,0.456964,0.684884,0.756426,calls/second,milliseconds
1609989600,70,4.354316,0.200208,0.005289,0.408623,0.095514,0.197861,0.763814,1.178298,1.521321,4.354316,0.511941,0.456964,0.684884,0.756426,calls/second,milliseconds
