t,count,max,mean,min,stddev,p50,p75,p95,p98,p99,p999,mean_rate,m1_rate,m5_rate,m15_rate,rate_unit,duration_unit
1617610863,19,10.812415,0.217298,0.004421,1.154643,0.075172,0.075172,0.094071,3.223216,10.812415,10.812415,0.063222,0.034721,1.130975,2.165416,calls/second,milliseconds
1617611163,67,10.812415,0.030312,0.002534,0.083507,0.009444,0.046017,0.072656,0.108347,0.345160,0.345160,0.111573,0.045279,0.501181,1.594694,calls/second,milliseconds
1617611201,72,10.812415,0.021949,0.002534,0.046302,0.013663,0.028600,0.046017,0.072656,0.108347,0.345160,0.112802,0.037721,0.449136,1.534958,calls/second,milliseconds
1617611201,72,10.812415,0.021949,0.002534,0.046302,0.013663,0.028600,0.046017,0.072656,0.108347,0.345160,0.112799,0.037721,0.449136,1.534958,calls/second,milliseconds
