t,count,max,mean,min,stddev,p50,p75,p95,p98,p99,p999,mean_rate,m1_rate,m5_rate,m15_rate,rate_unit,duration_unit
1609321358,19,1.171567,0.037512,0.001229,0.144994,0.003078,0.004582,0.150021,0.559636,1.171567,1.171567,0.063335,0.036630,1.149835,2.177458,calls/second,milliseconds
1609321658,59,1.171567,0.224385,0.000562,0.298669,0.045009,0.384703,1.034060,1.079439,1.079439,1.079439,0.098335,0.246228,0.528013,1.601129,calls/second,milliseconds
1609321958,72,1.171567,0.072361,0.000562,0.180319,0.003904,0.008220,0.425476,0.703669,0.739868,1.079439,0.080001,0.015867,0.214908,1.158448,calls/second,milliseconds
1609322258,77,1.171567,0.005455,0.000562,0.023316,0.004969,0.004969,0.004969,0.004969,0.004969,0.367333,0.064167,0.013008,0.089149,0.834723,calls/second,milliseconds
1609322558,82,1.171567,0.005032,0.000562,0.002529,0.004695,0.005568,0.006396,0.007010,0.007010,0.007010,0.054667,0.012988,0.042885,0.602764,calls/second,milliseconds
1609322858,87,1.171567,0.003621,0.000562,0.000754,0.003335,0.004695,0.004767,0.004767,0.004767,0.005568,0.048334,0.012988,0.025865,0.436557,calls/second,milliseconds
1609323104,101,1.306998,0.516074,0.000562,0.532411,0.153117,1.002758,1.306998,1.306998,1.306998,1.306998,0.049364,0.061044,0.038873,0.342954,calls/second,milliseconds
1609323104,101,1.306998,0.516074,0.000562,0.532411,0.153117,1.002758,1.306998,1.306998,1.306998,1.306998,0.049364,0.061044,0.038873,0.342954,calls/second,milliseconds
