t,count,max,mean,min,stddev,p50,p75,p95,p98,p99,p999,mean_rate,m1_rate,m5_rate,m15_rate,rate_unit,duration_unit
1607887750,19,0.115811,0.054924,0.001027,0.028753,0.065187,0.065187,0.110084,0.110084,0.115811,0.115811,0.063328,0.017443,0.321909,0.589131,calls/second,milliseconds
1607888050,73,0.302470,0.061459,0.001027,0.089476,0.008810,0.135230,0.302470,0.302470,0.302470,0.302470,0.121648,0.028413,0.203030,0.468674,calls/second,milliseconds
1607888234,81,0.302470,0.037460,0.001027,0.038911,0.018704,0.077223,0.103817,0.103817,0.103817,0.302470,0.103343,0.011026,0.118275,0.386648,calls/second,milliseconds
1607888234,81,0.302470,0.037460,0.001027,0.038911,0.018704,0.077223,0.103817,0.103817,0.103817,0.302470,0.103341,0.011026,0.118275,0.386648,calls/second,milliseconds
