t,count,max,mean,min,stddev,p50,p75,p95,p98,p99,p999,mean_rate,m1_rate,m5_rate,m15_rate,rate_unit,duration_unit
1608432099,63,2.296955,0.122393,0.007175,0.166010,0.080144,0.116868,0.413744,0.463586,1.033987,1.415450,0.209939,0.253693,0.438361,0.634397,calls/second,milliseconds
1608432197,69,2.296955,0.174421,0.007175,0.140713,0.124286,0.259736,0.403733,0.413744,0.463586,1.033987,0.173433,0.070597,0.325193,0.572967,calls/second,milliseconds
1608432197,69,2.296955,0.174421,0.007175,0.140713,0.124286,0.259736,0.403733,0.413744,0.463586,1.033987,0.173431,0.070597,0.325193,0.572967,calls/second,milliseconds
