t,count,max,mean,min,stddev,p50,p75,p95,p98,p99,p999,mean_rate,m1_rate,m5_rate,m15_rate,rate_unit,duration_unit
1610004121,19,1.074359,0.311219,0.005055,0.278257,0.368062,0.368062,1.074359,1.074359,1.074359,1.074359,0.063328,0.028535,0.323262,0.589325,calls/second,milliseconds
1610004421,68,1.074359,0.048353,0.001554,0.064105,0.016754,0.089270,0.125611,0.329216,0.329216,0.368062,0.113282,0.087161,0.218476,0.468323,calls/second,milliseconds
1610004721,73,1.074359,0.134715,0.001554,0.116600,0.103200,0.103200,0.482863,0.482863,0.482863,0.482863,0.081109,0.021857,0.091523,0.340385,calls/second,milliseconds
1610004739,77,1.074359,0.040249,0.001554,0.072998,0.013950,0.031303,0.103200,0.329216,0.482863,0.482863,0.083863,0.017022,0.087059,0.334759,calls/second,milliseconds
1610004739,77,1.074359,0.040249,0.001554,0.072998,0.013950,0.031303,0.103200,0.329216,0.482863,0.482863,0.083862,0.017022,0.087059,0.334759,calls/second,milliseconds
