t,count,max,mean,min,stddev,p50,p75,p95,p98,p99,p999,mean_rate,m1_rate,m5_rate,m15_rate,rate_unit,duration_unit
1608152726,19,7.080719,0.941810,0.013277,0.818447,0.925738,0.925738,2.072557,2.072557,3.195585,7.080719,0.063315,0.026998,0.323342,0.589353,calls/second,milliseconds
1608153026,68,7.080719,0.667258,0.013090,0.746011,0.350019,0.782907,2.374292,2.374292,2.374292,2.374292,0.113317,0.084147,0.217975,0.468264,calls/second,milliseconds
1608153311,77,7.080719,0.514942,0.013090,0.393824,0.421056,0.623183,0.911250,0.933974,2.812901,2.812901,0.087000,0.025855,0.095827,0.346035,calls/second,milliseconds
1608153311,77,7.080719,0.514942,0.013090,0.393824,0.421056,0.623183,0.911250,0.933974,2.812901,2.812901,0.086998,0.025855,0.095827,0.346035,calls/second,milliseconds
