t,count,max,mean,min,stddev,p50,p75,p95,p98,p99,p999,mean_rate,m1_rate,m5_rate,m15_rate,rate_unit,duration_unit
1609281073,28,8.275815,0.936267,0.001912,1.864372,0.093887,0.623258,4.260828,8.275815,8.275815,8.275815,1.167782,0.079956,0.016529,0.005540,calls/second,milliseconds
1609281073,28,8.275815,0.936267,0.001912,1.864372,0.093887,0.623258,4.260828,8.275815,8.275815,8.275815,1.167606,0.079956,0.016529,0.005540,calls/second,milliseconds
