t,count,max,mean,min,stddev,p50,p75,p95,p98,p99,p999,mean_rate,m1_rate,m5_rate,m15_rate,rate_unit,duration_unit
1616133546,19,0.092746,0.009179,0.000240,0.010838,0.007790,0.007790,0.021517,0.021517,0.092746,0.092746,0.063328,0.031900,1.130547,2.165352,calls/second,milliseconds
1616133846,67,0.345893,0.008477,0.000240,0.028687,0.002570,0.003714,0.049183,0.062339,0.063934,0.345893,0.111662,0.055507,0.505011,1.595296,calls/second,milliseconds
1616134146,72,0.345893,0.007081,0.000240,0.007337,0.008290,0.008290,0.008290,0.009987,0.009987,0.062339,0.079998,0.010421,0.195380,1.147661,calls/second,milliseconds
1616134446,77,0.345893,0.008030,0.000240,0.002547,0.009866,0.009866,0.009866,0.009866,0.009866,0.009866,0.064165,0.010117,0.081473,0.826917,calls/second,milliseconds
1616134746,85,0.345893,0.011040,0.000240,0.010113,0.009467,0.009670,0.052693,0.052693,0.052693,0.052693,0.056666,0.011690,0.044576,0.599740,calls/second,milliseconds
1616135046,90,0.345893,0.016569,0.000240,0.005804,0.017480,0.017480,0.022220,0.022220,0.022220,0.022220,0.049999,0.010126,0.025995,0.434314,calls/second,milliseconds
1616135346,95,0.345893,0.009187,0.000240,0.003407,0.010890,0.010890,0.010890,0.015769,0.015769,0.022220,0.045238,0.010115,0.019160,0.315781,calls/second,milliseconds
1616135636,101,0.345893,0.006655,0.000240,0.001910,0.006947,0.006947,0.009667,0.010170,0.010170,0.010890,0.042258,0.011950,0.017209,0.233428,calls/second,milliseconds
1616135636,101,0.345893,0.006655,0.000240,0.001910,0.006947,0.006947,0.009667,0.010170,0.010170,0.010890,0.042258,0.011950,0.017209,0.233428,calls/second,milliseconds
