t,count,max,mean,min,stddev,p50,p75,p95,p98,p99,p999,mean_rate,m1_rate,m5_rate,m15_rate,rate_unit,duration_unit
1609284019,27,16.364613,1.629990,0.002802,2.980090,0.231560,1.624790,9.822054,9.822054,9.822054,16.364613,0.089995,0.045149,0.420415,0.741496,calls/second,milliseconds
1609284165,28,16.364613,1.360989,0.002802,1.488562,1.272831,1.272831,2.006213,7.478669,9.822054,9.822054,0.062782,0.004028,0.259280,0.631160,calls/second,milliseconds
1609284165,28,16.364613,1.360989,0.002802,1.488562,1.272831,1.272831,2.006213,7.478669,9.822054,9.822054,0.062781,0.004028,0.259280,0.631160,calls/second,milliseconds
