t,count,max,mean,min,stddev,p50,p75,p95,p98,p99,p999,mean_rate,m1_rate,m5_rate,m15_rate,rate_unit,duration_unit
1609998955,44,0.268960,0.018245,0.001152,0.046923,0.007296,0.010548,0.057798,0.268960,0.268960,0.268960,0.146654,0.359727,1.210381,2.192768,calls/second,milliseconds
1609999032,68,0.268960,0.015773,0.000960,0.032767,0.005774,0.009977,0.068122,0.068122,0.268960,0.268960,0.180354,0.239232,0.998227,2.038356,calls/second,milliseconds
1609999032,68,0.268960,0.015773,0.000960,0.032767,0.005774,0.009977,0.068122,0.068122,0.268960,0.268960,0.180348,0.239232,0.998227,2.038356,calls/second,milliseconds
