t,count,max,mean,min,stddev,p50,p75,p95,p98,p99,p999,mean_rate,m1_rate,m5_rate,m15_rate,rate_unit,duration_unit
1617677939,44,4.195015,0.277315,0.000626,0.542399,0.116036,0.335846,1.491497,3.124048,3.124048,3.124048,0.146674,0.353854,1.228395,2.204691,calls/second,milliseconds
1617678064,68,4.195015,0.724554,0.000626,1.164915,0.275084,0.514619,4.056866,4.056866,4.056866,4.056866,0.160146,0.114662,0.858398,1.938790,calls/second,milliseconds
1617678064,68,4.195015,0.724554,0.000626,1.164915,0.275084,0.514619,4.056866,4.056866,4.056866,4.056866,0.160142,0.114662,0.858398,1.938790,calls/second,milliseconds
