t,count,max,mean,min,stddev,p50,p75,p95,p98,p99,p999,mean_rate,m1_rate,m5_rate,m15_rate,rate_unit,duration_unit
1617659805,21,5.726034,1.429357,0.031226,1.469527,1.197515,1.316384,5.726034,5.726034,5.726034,5.726034,0.069968,0.066837,1.137976,2.167694,calls/second,milliseconds
1617660002,69,5.726034,0.711132,0.026896,1.035836,0.199448,1.026854,3.320771,3.320771,3.320771,5.726034,0.139009,0.109452,0.691801,1.788077,calls/second,milliseconds
1617660002,69,5.726034,0.711132,0.026896,1.035836,0.199448,1.026854,3.320771,3.320771,3.320771,5.726034,0.139006,0.109452,0.691801,1.788077,calls/second,milliseconds
