t,count,max,mean,min,stddev,p50,p75,p95,p98,p99,p999,mean_rate,m1_rate,m5_rate,m15_rate,rate_unit,duration_unit
1617618537,19,10.596424,6.538018,0.043300,4.502123,10.596424,10.596424,10.596424,10.596424,10.596424,10.596424,0.063302,0.035829,1.131123,2.165437,calls/second,milliseconds
1617618837,67,10.596424,0.460792,0.043300,0.509671,0.357749,0.525897,1.300231,2.340392,2.340392,2.340392,0.111638,0.121223,0.520948,1.597794,calls/second,milliseconds
1617618963,73,10.596424,0.457347,0.038667,0.585897,0.168004,0.560745,1.973108,1.973108,1.973108,2.340392,0.100609,0.026324,0.348692,1.392651,calls/second,milliseconds
1617618963,73,10.596424,0.457347,0.038667,0.585897,0.168004,0.560745,1.973108,1.973108,1.973108,2.340392,0.100608,0.026324,0.348692,1.392651,calls/second,milliseconds
