t,count,max,mean,min,stddev,p50,p75,p95,p98,p99,p999,mean_rate,m1_rate,m5_rate,m15_rate,rate_unit,duration_unit
1618811613,65,6.212901,0.980044,0.028810,1.566616,0.210248,1.180396,6.212901,6.212901,6.212901,6.212901,0.270171,0.172802,0.493224,0.671487,calls/second,milliseconds
1618811613,65,6.212901,0.980044,0.028810,1.566616,0.210248,1.180396,6.212901,6.212901,6.212901,6.212901,0.270161,0.172802,0.493224,0.671487,calls/second,milliseconds
