t,count,max,mean,min,stddev,p50,p75,p95,p98,p99,p999,mean_rate,m1_rate,m5_rate,m15_rate,rate_unit,duration_unit
1618834040,62,0.105440,0.005566,0.000278,0.015294,0.001840,0.002602,0.017451,0.070878,0.105440,0.105440,2.328353,1.436745,0.926914,0.842252,calls/second,milliseconds
1618834040,62,0.105440,0.005566,0.000278,0.015294,0.001840,0.002602,0.017451,0.070878,0.105440,0.105440,2.327710,1.436745,0.926914,0.842252,calls/second,milliseconds
