t,count,max,mean,min,stddev,p50,p75,p95,p98,p99,p999,mean_rate,m1_rate,m5_rate,m15_rate,rate_unit,duration_unit
1617564342,19,35.973148,1.197511,0.046471,4.277342,0.236452,0.416672,4.486442,19.041411,35.973148,35.973148,0.063362,0.037738,1.149983,2.177480,calls/second,milliseconds
1617564634,71,35.973148,1.334634,0.024433,1.214740,1.163774,1.482846,3.250386,3.683071,3.935873,13.671471,0.119921,0.058848,0.520505,1.612900,calls/second,milliseconds
1617564634,71,35.973148,1.334634,0.024433,1.214740,1.163774,1.482846,3.250386,3.683071,3.935873,13.671471,0.119918,0.058848,0.520505,1.612900,calls/second,milliseconds
