t,count,max,mean,min,stddev,p50,p75,p95,p98,p99,p999,mean_rate,m1_rate,m5_rate,m15_rate,rate_unit,duration_unit
1607867180,62,0.917934,0.022226,0.000083,0.127678,0.002593,0.004794,0.017930,0.144136,0.917934,0.917934,0.206643,0.385620,1.254475,2.210874,calls/second,milliseconds
1607867480,67,0.917934,0.013828,0.000083,0.052249,0.007795,0.009217,0.047617,0.047617,0.047617,0.917934,0.111659,0.023868,0.472645,1.588977,calls/second,milliseconds
1607867780,72,0.917934,0.010973,0.000083,0.006100,0.011933,0.011933,0.011933,0.011933,0.011933,0.047617,0.079997,0.021430,0.185026,1.143368,calls/second,milliseconds
1607868080,77,0.917934,0.007460,0.000083,0.002258,0.005671,0.010086,0.010123,0.010123,0.010123,0.011933,0.064165,0.021414,0.079217,0.824075,calls/second,milliseconds
1607868380,85,0.917934,0.006803,0.000083,0.001642,0.006927,0.007014,0.010047,0.010323,0.010323,0.010323,0.056666,0.042263,0.048687,0.598436,calls/second,milliseconds
1607868399,86,0.917934,0.007072,0.000083,0.001408,0.007014,0.007640,0.008674,0.010047,0.010323,0.010323,0.056641,0.032915,0.046312,0.588545,calls/second,milliseconds
1607868399,86,0.917934,0.007072,0.000083,0.001408,0.007014,0.007640,0.008674,0.010047,0.010323,0.010323,0.056640,0.032915,0.046312,0.588545,calls/second,milliseconds
