t,count,max,mean,min,stddev,p50,p75,p95,p98,p99,p999,mean_rate,m1_rate,m5_rate,m15_rate,rate_unit,duration_unit
1617675085,32,0.085533,0.014200,0.000349,0.015836,0.009950,0.016560,0.040573,0.065450,0.065450,0.065450,0.106655,0.224694,1.173605,2.179805,calls/second,milliseconds
1617675219,68,0.107037,0.012664,0.000140,0.023589,0.004882,0.010376,0.060946,0.107037,0.107037,0.107037,0.156524,0.157894,0.840736,1.918892,calls/second,milliseconds
1617675220,68,0.107037,0.012664,0.000140,0.023589,0.004882,0.010376,0.060946,0.107037,0.107037,0.107037,0.156521,0.157894,0.840736,1.918892,calls/second,milliseconds
