t,count,max,mean,min,stddev,p50,p75,p95,p98,p99,p999,mean_rate,m1_rate,m5_rate,m15_rate,rate_unit,duration_unit
1617678880,44,3.115504,0.340075,0.006711,0.527411,0.165768,0.220616,1.235238,2.232552,3.115504,3.115504,0.146609,0.342081,1.209117,2.192604,calls/second,milliseconds
1617678987,68,4.059439,0.461943,0.006711,0.715270,0.201577,0.523392,2.232552,2.658969,4.059439,4.059439,0.167033,0.154479,0.903530,1.971539,calls/second,milliseconds
1617678987,68,4.059439,0.461943,0.006711,0.715270,0.201577,0.523392,2.232552,2.658969,4.059439,4.059439,0.167032,0.154479,0.903530,1.971539,calls/second,milliseconds
