t,count,max,mean,min,stddev,p50,p75,p95,p98,p99,p999,mean_rate,m1_rate,m5_rate,m15_rate,rate_unit,duration_unit
1609419125,27,23.388354,2.164165,0.008950,4.076624,0.240908,0.678936,12.944569,12.944569,12.944569,23.388354,0.089991,0.095348,0.428814,0.742690,calls/second,milliseconds
1609419146,28,23.388354,2.139140,0.008950,3.692772,0.301708,2.024847,12.944569,12.944569,12.944569,23.388354,0.087344,0.084311,0.404464,0.727476,calls/second,milliseconds
1609419146,28,23.388354,2.139140,0.008950,3.692772,0.301708,2.024847,12.944569,12.944569,12.944569,23.388354,0.087341,0.084311,0.404464,0.727476,calls/second,milliseconds
