t,count,max,mean,min,stddev,p50,p75,p95,p98,p99,p999,mean_rate,m1_rate,m5_rate,m15_rate,rate_unit,duration_unit
1617652639,19,18.205339,0.457823,0.027899,1.932097,0.159296,0.394919,0.404396,2.404985,18.205339,18.205339,0.063238,0.033701,1.130830,2.165395,calls/second,milliseconds
1617652892,71,18.205339,0.105390,0.017335,0.168221,0.054348,0.130970,0.315766,0.541019,0.544949,1.279428,0.128150,0.092368,0.590699,1.684984,calls/second,milliseconds
1617652892,71,18.205339,0.105390,0.017335,0.168221,0.054348,0.130970,0.315766,0.541019,0.544949,1.279428,0.128147,0.092368,0.590699,1.684984,calls/second,milliseconds
