t,count,max,mean,min,stddev,p50,p75,p95,p98,p99,p999,mean_rate,m1_rate,m5_rate,m15_rate,rate_unit,duration_unit
1609435233,19,2.074844,0.108539,0.001214,0.220100,0.037436,0.054395,0.335942,0.812812,0.839785,2.074844,0.063338,0.046728,1.150923,2.177611,calls/second,milliseconds
1609435533,64,3.408871,0.268356,0.000339,0.507836,0.032390,0.428636,1.344181,1.855947,3.408871,3.408871,0.106671,0.210819,0.525231,1.600841,calls/second,milliseconds
1609435784,80,3.408871,0.343028,0.000339,0.374309,0.089022,0.697478,0.912224,0.912224,0.912224,1.855947,0.093933,0.024197,0.252756,1.220744,calls/second,milliseconds
1609435784,80,3.408871,0.343028,0.000339,0.374309,0.089022,0.697478,0.912224,0.912224,0.912224,1.855947,0.093932,0.024197,0.252756,1.220744,calls/second,milliseconds
