t,count,max,mean,min,stddev,p50,p75,p95,p98,p99,p999,mean_rate,m1_rate,m5_rate,m15_rate,rate_unit,duration_unit
1617679340,44,6.215676,0.365719,0.011643,0.824572,0.139840,0.267058,1.254071,1.726974,6.215676,6.215676,0.146602,0.321695,1.208193,2.192503,calls/second,milliseconds
1617679437,68,6.215676,0.466638,0.011643,0.622247,0.194670,0.696437,1.736948,1.736948,1.736948,6.215676,0.171052,0.157212,0.929539,1.992284,calls/second,milliseconds
1617679437,68,6.215676,0.466638,0.011643,0.622247,0.194670,0.696437,1.736948,1.736948,1.736948,6.215676,0.170615,0.157212,0.929539,1.992284,calls/second,milliseconds
