t,count,max,mean,min,stddev,p50,p75,p95,p98,p99,p999,mean_rate,m1_rate,m5_rate,m15_rate,rate_unit,duration_unit
1609415978,28,267.330522,13.002041,0.016746,47.967230,0.473610,9.331002,27.303371,267.330522,267.330522,267.330522,3.460208,2.400000,2.400000,2.400000,calls/second,milliseconds
1609415978,28,267.330522,13.002041,0.016746,47.967230,0.473610,9.331002,27.303371,267.330522,267.330522,267.330522,3.450507,2.400000,2.400000,2.400000,calls/second,milliseconds
