t,count,max,mean,min,stddev,p50,p75,p95,p98,p99,p999,mean_rate,m1_rate,m5_rate,m15_rate,rate_unit,duration_unit
1617670007,44,3.914619,0.307075,0.018534,0.282669,0.218236,0.373196,0.873039,0.873039,0.990561,3.105474,0.146602,0.313017,1.207655,2.192435,calls/second,milliseconds
1617670105,68,3.914619,0.405877,0.018534,0.517331,0.215573,0.444996,2.018845,2.018845,2.018845,2.018845,0.170577,0.168852,0.932267,1.993307,calls/second,milliseconds
1617670105,68,3.914619,0.405877,0.018534,0.517331,0.215573,0.444996,2.018845,2.018845,2.018845,2.018845,0.170576,0.168852,0.932267,1.993307,calls/second,milliseconds
