t,count,max,mean,min,stddev,p50,p75,p95,p98,p99,p999,mean_rate,m1_rate,m5_rate,m15_rate,rate_unit,duration_unit
1609414906,64,0.600851,0.007571,0.000049,0.043569,0.001530,0.002587,0.011555,0.085649,0.085649,0.600851,0.213313,0.047875,1.198624,2.203765,calls/second,milliseconds
1609415190,73,0.600851,0.015542,0.000049,0.015915,0.008060,0.040493,0.040493,0.040493,0.040493,0.040493,0.125031,0.048641,0.491078,1.622520,calls/second,milliseconds
1609415190,73,0.600851,0.015542,0.000049,0.015915,0.008060,0.040493,0.040493,0.040493,0.040493,0.040493,0.125029,0.048641,0.491078,1.622520,calls/second,milliseconds
