t,count,max,mean,min,stddev,p50,p75,p95,p98,p99,p999,mean_rate,m1_rate,m5_rate,m15_rate,rate_unit,duration_unit
1609432081,19,3.716773,1.025496,0.021440,0.935110,0.649319,1.216580,3.716773,3.716773,3.716773,3.716773,0.063314,0.022576,0.322636,0.589238,calls/second,milliseconds
1609432383,68,3.716773,0.352236,0.021440,0.343242,0.288082,0.402965,0.812662,1.298581,1.298581,2.494786,0.112937,0.185558,0.234419,0.470591,calls/second,milliseconds
1609432681,73,3.716773,1.184414,0.021440,0.541423,0.990204,1.316541,2.090348,2.090348,2.090348,2.090348,0.081102,0.016491,0.096669,0.341903,calls/second,milliseconds
1609432895,81,3.716773,0.597489,0.021440,0.571887,0.332883,0.990204,1.947063,1.947063,1.959243,2.090348,0.072695,0.025332,0.058047,0.274771,calls/second,milliseconds
1609432895,81,3.716773,0.597489,0.021440,0.571887,0.332883,0.990204,1.947063,1.947063,1.959243,2.090348,0.072694,0.025332,0.058047,0.274771,calls/second,milliseconds
