t,count,max,mean,min,stddev,p50,p75,p95,p98,p99,p999,mean_rate,m1_rate,m5_rate,m15_rate,rate_unit,duration_unit
1615955297,19,0.186903,0.022436,0.001323,0.017160,0.025609,0.025609,0.025609,0.025609,0.025609,0.186903,0.063328,0.037033,1.131273,2.165459,calls/second,milliseconds
1615955597,67,0.186903,0.014073,0.001323,0.017312,0.008800,0.013640,0.048645,0.068597,0.101537,0.101537,0.111655,0.195701,0.530813,1.599181,calls/second,milliseconds
1615955897,72,0.186903,0.038039,0.001323,0.014209,0.046443,0.046443,0.051250,0.051250,0.054287,0.101537,0.079998,0.016559,0.205706,1.150573,calls/second,milliseconds
1615956197,77,0.186903,0.042432,0.001323,0.016698,0.029830,0.051813,0.069157,0.069157,0.069157,0.069157,0.064165,0.015352,0.086106,0.829132,calls/second,milliseconds
1615956497,82,0.186903,0.038016,0.001323,0.014166,0.047733,0.047733,0.047733,0.047733,0.047733,0.069157,0.054666,0.015344,0.042107,0.598810,calls/second,milliseconds
1615956797,90,0.186903,0.051882,0.001323,0.034005,0.052727,0.087899,0.087899,0.087899,0.087899,0.087899,0.049999,0.026978,0.033391,0.436801,calls/second,milliseconds
1615957097,95,0.186903,0.044734,0.001323,0.011492,0.047183,0.047183,0.064084,0.064084,0.064084,0.087899,0.045238,0.015422,0.022715,0.317692,calls/second,milliseconds
1615957397,100,0.186903,0.084232,0.001323,0.016384,0.096177,0.096177,0.096177,0.096177,0.096177,0.096177,0.041666,0.015344,0.018787,0.232347,calls/second,milliseconds
1615957697,105,0.186903,0.052586,0.001323,0.008575,0.046280,0.062123,0.062917,0.065973,0.065973,0.096177,0.038889,0.015344,0.017342,0.171194,calls/second,milliseconds
1615957997,110,0.186903,0.033829,0.001323,0.009005,0.032020,0.032020,0.056947,0.057633,0.057633,0.062917,0.036666,0.015344,0.016810,0.127377,calls/second,milliseconds
1615958034,112,0.186903,0.034977,0.001323,0.004859,0.033026,0.037370,0.037370,0.056947,0.056947,0.057633,0.036883,0.023275,0.018210,0.123620,calls/second,milliseconds
1615958034,112,0.186903,0.034977,0.001323,0.004859,0.033026,0.037370,0.037370,0.056947,0.056947,0.057633,0.036883,0.023275,0.018210,0.123620,calls/second,milliseconds
