t,count,max,mean,min,stddev,p50,p75,p95,p98,p99,p999,mean_rate,m1_rate,m5_rate,m15_rate,rate_unit,duration_unit
1617587792,24,0.122363,0.015442,0.000350,0.023209,0.005734,0.013254,0.095550,0.095550,0.095550,0.122363,0.079993,0.107634,1.147570,2.170981,calls/second,milliseconds
1617588059,70,0.122363,0.018538,0.000140,0.026379,0.007667,0.032889,0.094350,0.094350,0.094350,0.094350,0.123456,0.032919,0.545335,1.654379,calls/second,milliseconds
1617588059,70,0.122363,0.018538,0.000140,0.026379,0.007667,0.032889,0.094350,0.094350,0.094350,0.094350,0.123455,0.032919,0.545335,1.654379,calls/second,milliseconds
