t,count,max,mean,min,stddev,p50,p75,p95,p98,p99,p999,mean_rate,m1_rate,m5_rate,m15_rate,rate_unit,duration_unit
1617620765,19,0.344026,0.045137,0.002823,0.049231,0.032264,0.040453,0.149880,0.154810,0.344026,0.344026,0.063327,0.033701,1.130830,2.165395,calls/second,milliseconds
1617621065,67,0.344026,0.010851,0.002052,0.014185,0.005970,0.009110,0.033602,0.066772,0.073490,0.077523,0.111661,0.075493,0.511671,1.596394,calls/second,milliseconds
1617621170,73,0.344026,0.020021,0.001965,0.023567,0.008483,0.035349,0.071530,0.071530,0.071530,0.077523,0.103563,0.028679,0.372160,1.430602,calls/second,milliseconds
1617621170,73,0.344026,0.020021,0.001965,0.023567,0.008483,0.035349,0.071530,0.071530,0.071530,0.077523,0.103561,0.028679,0.372160,1.430602,calls/second,milliseconds
