t,count,max,mean,min,stddev,p50,p75,p95,p98,p99,p999,mean_rate,m1_rate,m5_rate,m15_rate,rate_unit,duration_unit
1617572617,5,28.848610,5.802414,0.009360,11.523114,0.051765,0.066652,28.848610,28.848610,28.848610,28.848610,0.016657,0.007324,0.374062,0.720523,calls/second,milliseconds
1617572917,27,28.848610,2.096755,0.009360,4.363069,0.174326,0.405884,15.214060,15.214060,15.214060,15.214060,0.044999,0.014035,0.174839,0.535748,calls/second,milliseconds
1617572925,28,28.848610,2.032939,0.009360,3.123744,1.965888,1.965888,10.336119,15.214060,15.214060,15.214060,0.046085,0.012912,0.171949,0.532780,calls/second,milliseconds
1617572925,28,28.848610,2.032939,0.009360,3.123744,1.965888,1.965888,10.336119,15.214060,15.214060,15.214060,0.046084,0.012912,0.171949,0.532780,calls/second,milliseconds
