t,count,max,mean,min,stddev,p50,p75,p95,p98,p99,p999,mean_rate,m1_rate,m5_rate,m15_rate,rate_unit,duration_unit
1617583269,32,4.459976,0.507766,0.001368,0.576425,0.347693,1.058494,1.598727,1.841670,1.841670,4.459976,0.106673,0.207627,1.191057,2.191662,calls/second,milliseconds
1617583486,70,4.459976,0.507082,0.000808,0.615678,0.258370,0.991138,1.304871,1.814590,1.841670,4.313129,0.135283,0.048725,0.636241,1.747572,calls/second,milliseconds
1617583486,70,4.459976,0.507082,0.000808,0.615678,0.258370,0.991138,1.304871,1.814590,1.841670,4.313129,0.135282,0.048725,0.636241,1.747572,calls/second,milliseconds
