t,count,max,mean,min,stddev,p50,p75,p95,p98,p99,p999,mean_rate,m1_rate,m5_rate,m15_rate,rate_unit,duration_unit
1617565759,5,35.895134,7.201480,0.012482,14.346835,0.027495,0.056518,35.895134,35.895134,35.895134,35.895134,0.016665,0.007324,0.374062,0.720523,calls/second,milliseconds
1617566059,27,35.895134,2.451098,0.012482,4.368205,0.252110,0.926437,14.065969,14.065969,14.065969,14.065969,0.044993,0.058674,0.186826,0.537634,calls/second,milliseconds
1617566213,28,35.895134,1.842751,0.012482,2.410259,1.586615,1.586615,9.204334,11.316187,14.065969,14.065969,0.037141,0.004816,0.113316,0.455098,calls/second,milliseconds
1617566213,28,35.895134,1.842751,0.012482,2.410259,1.586615,1.586615,9.204334,11.316187,14.065969,14.065969,0.037140,0.004816,0.113316,0.455098,calls/second,milliseconds
