t,count,max,mean,min,stddev,p50,p75,p95,p98,p99,p999,mean_rate,m1_rate,m5_rate,m15_rate,rate_unit,duration_unit
1617644394,35,0.261773,0.022228,0.003476,0.026012,0.011120,0.028029,0.074763,0.107310,0.107310,0.113580,0.116656,0.215096,1.180204,2.182728,calls/second,milliseconds
1617644612,70,0.261773,0.027393,0.001498,0.028935,0.012229,0.049539,0.096214,0.116093,0.116093,0.116093,0.135147,0.049932,0.634536,1.747263,calls/second,milliseconds
1617644612,70,0.261773,0.027393,0.001498,0.028935,0.012229,0.049539,0.096214,0.116093,0.116093,0.116093,0.135145,0.049932,0.634536,1.747263,calls/second,milliseconds
