t,count,max,mean,min,stddev,p50,p75,p95,p98,p99,p999,mean_rate,m1_rate,m5_rate,m15_rate,rate_unit,duration_unit
1609727701,19,3.185374,0.119000,0.001750,0.444245,0.006195,0.015227,0.692862,1.182185,3.185374,3.185374,0.063335,0.020053,0.327706,0.592484,calls/second,milliseconds
1609728001,72,3.185374,0.224935,0.000963,0.342733,0.034320,0.396634,0.789100,1.690291,1.731673,1.731673,0.120002,0.069269,0.222441,0.473438,calls/second,milliseconds
1609728265,81,3.185374,0.581415,0.000963,0.711787,0.139737,1.050441,1.837004,1.837004,1.837004,1.837004,0.093774,0.022106,0.103107,0.357502,calls/second,milliseconds
1609728265,81,3.185374,0.581415,0.000963,0.711787,0.139737,1.050441,1.837004,1.837004,1.837004,1.837004,0.093773,0.022106,0.103107,0.357502,calls/second,milliseconds
