t,count,max,mean,min,stddev,p50,p75,p95,p98,p99,p999,mean_rate,m1_rate,m5_rate,m15_rate,rate_unit,duration_unit
1617569268,5,36.363230,7.294664,0.007617,14.534292,0.026623,0.056289,36.363230,36.363230,36.363230,36.363230,0.016665,0.007324,0.374062,0.720523,calls/second,milliseconds
1617569568,27,36.363230,1.933846,0.007617,3.641768,0.170028,0.434589,10.791948,10.791948,15.296167,15.296167,0.044998,0.111535,0.193332,0.538530,calls/second,milliseconds
1617569853,28,36.363230,1.065031,0.007617,1.162076,0.972988,0.972988,0.972988,2.462056,8.072864,15.296167,0.031640,0.001049,0.076026,0.394544,calls/second,milliseconds
1617569853,28,36.363230,1.065031,0.007617,1.162076,0.972988,0.972988,0.972988,2.462056,8.072864,15.296167,0.031640,0.001049,0.076026,0.394544,calls/second,milliseconds
