t,count,max,mean,min,stddev,p50,p75,p95,p98,p99,p999,mean_rate,m1_rate,m5_rate,m15_rate,rate_unit,duration_unit
1609288822,54,3.842181,0.247801,0.002425,0.382558,0.078699,0.361592,0.798603,1.247798,2.197395,3.482922,0.180005,0.451506,0.437613,0.630624,calls/second,milliseconds
1609289122,67,3.842181,0.130839,0.002425,0.204752,0.066989,0.090129,0.603186,0.733766,0.798603,2.197395,0.111655,0.023571,0.179693,0.460643,calls/second,milliseconds
1609289422,72,3.842181,0.020667,0.002425,0.029910,0.011464,0.027060,0.031762,0.070611,0.070611,0.443166,0.080000,0.021442,0.078366,0.336720,calls/second,milliseconds
1609289614,79,3.842181,0.289353,0.002425,0.316348,0.076668,0.487288,0.830454,0.830454,0.830454,0.830454,0.072333,0.016678,0.048481,0.274155,calls/second,milliseconds
1609289614,79,3.842181,0.289353,0.002425,0.316348,0.076668,0.487288,0.830454,0.830454,0.830454,0.830454,0.072332,0.016678,0.048481,0.274155,calls/second,milliseconds
