t,count,max,mean,min,stddev,p50,p75,p95,p98,p99,p999,mean_rate,m1_rate,m5_rate,m15_rate,rate_unit,duration_unit
1608503842,65,4.251424,0.322275,0.019502,0.592595,0.204313,0.318399,0.736791,3.235704,4.251424,4.251424,0.863150,0.883671,0.808161,0.801702,calls/second,milliseconds
1608503842,65,4.251424,0.322275,0.019502,0.592595,0.204313,0.318399,0.736791,3.235704,4.251424,4.251424,0.863004,0.883671,0.808161,0.801702,calls/second,milliseconds
