t,count,max,mean,min,stddev,p50,p75,p95,p98,p99,p999,mean_rate,m1_rate,m5_rate,m15_rate,rate_unit,duration_unit
1617578007,39,3.720780,0.464084,0.021206,0.484121,0.281546,0.447116,1.414429,1.414429,1.414429,3.311265,0.129950,0.267255,1.192340,2.187012,calls/second,milliseconds
1617578227,70,3.720780,0.415130,0.019436,0.426798,0.192161,0.844121,1.170598,1.395401,1.395401,1.414429,0.134575,0.035336,0.621382,1.737131,calls/second,milliseconds
1617578227,70,3.720780,0.415130,0.019436,0.426798,0.192161,0.844121,1.170598,1.395401,1.395401,1.414429,0.134573,0.035336,0.621382,1.737131,calls/second,milliseconds
