t,count,max,mean,min,stddev,p50,p75,p95,p98,p99,p999,mean_rate,m1_rate,m5_rate,m15_rate,rate_unit,duration_unit
1617671380,44,4.788361,0.281065,0.002950,0.349735,0.192740,0.471433,0.778639,1.741828,1.741828,1.741828,0.146674,0.363666,1.229008,2.204766,calls/second,milliseconds
1617671481,68,4.788361,0.440985,0.002950,0.671069,0.134003,0.482145,2.296594,2.296594,2.909542,2.909542,0.169235,0.164699,0.918275,1.982458,calls/second,milliseconds
1617671481,68,4.788361,0.440985,0.002950,0.671069,0.134003,0.482145,2.296594,2.296594,2.909542,2.909542,0.169233,0.164699,0.918275,1.982458,calls/second,milliseconds
