t,count,max,mean,min,stddev,p50,p75,p95,p98,p99,p999,mean_rate,m1_rate,m5_rate,m15_rate,rate_unit,duration_unit
1617589030,24,3.317948,0.737356,0.018420,0.963146,0.226810,0.756305,3.317948,3.317948,3.317948,3.317948,0.079967,0.094999,1.146594,2.170853,calls/second,milliseconds
1617589266,70,3.317948,0.437011,0.007940,0.452351,0.253188,0.948721,1.153282,1.211698,1.284841,3.317948,0.130485,0.042929,0.599239,1.709871,calls/second,milliseconds
1617589266,70,3.317948,0.437011,0.007940,0.452351,0.253188,0.948721,1.153282,1.211698,1.284841,3.317948,0.130483,0.042929,0.599239,1.709871,calls/second,milliseconds
