t,count,max,mean,min,stddev,p50,p75,p95,p98,p99,p999,mean_rate,m1_rate,m5_rate,m15_rate,rate_unit,duration_unit
1609418106,63,7.920270,0.542090,0.031538,0.971371,0.235469,0.353790,3.710629,3.710629,3.710629,7.920270,0.209936,0.127073,0.421868,0.632161,calls/second,milliseconds
1609418145,68,7.920270,0.835155,0.031538,1.046638,0.250184,0.919619,3.040201,3.710629,3.710629,3.710629,0.200516,0.083365,0.378557,0.609138,calls/second,milliseconds
1609418145,68,7.920270,0.835155,0.031538,1.046638,0.250184,0.919619,3.040201,3.710629,3.710629,3.710629,0.200508,0.083365,0.378557,0.609138,calls/second,milliseconds
