t,count,max,mean,min,stddev,p50,p75,p95,p98,p99,p999,mean_rate,m1_rate,m5_rate,m15_rate,rate_unit,duration_unit
1617575178,5,34.828374,6.983393,0.004488,13.922497,0.026177,0.045625,34.828374,34.828374,34.828374,34.828374,0.016665,0.007324,0.374062,0.720523,calls/second,milliseconds
1617575478,27,34.828374,2.631020,0.004488,5.058009,0.217402,0.614724,15.779435,15.779435,15.779435,15.779435,0.044998,0.028139,0.180258,0.536645,calls/second,milliseconds
1617575514,28,34.828374,2.444028,0.004488,3.778788,2.209460,2.209460,11.548499,15.779435,15.779435,15.779435,0.044012,0.015703,0.160408,0.516176,calls/second,milliseconds
1617575514,28,34.828374,2.444028,0.004488,3.778788,2.209460,2.209460,11.548499,15.779435,15.779435,15.779435,0.044012,0.015703,0.160408,0.516176,calls/second,milliseconds
