t,count,max,mean,min,stddev,p50,p75,p95,p98,p99,p999,mean_rate,m1_rate,m5_rate,m15_rate,rate_unit,duration_unit
1607896126,19,4.471992,2.692735,0.028793,1.963077,4.471992,4.471992,4.471992,4.471992,4.471992,4.471992,0.063311,0.032347,0.323591,0.589370,calls/second,milliseconds
1607896426,68,4.471992,0.475976,0.020573,0.729605,0.236917,0.396426,2.897932,2.897932,2.897932,2.897932,0.113315,0.217320,0.238753,0.471250,calls/second,milliseconds
1607896726,73,4.471992,2.320467,0.020573,0.780564,2.691687,2.691687,2.691687,3.550824,3.550824,3.550824,0.081102,0.026591,0.099360,0.342535,calls/second,milliseconds
1607896933,80,4.471992,0.792488,0.020573,0.616780,0.877009,1.221898,1.533201,1.605377,2.457730,2.691687,0.072230,0.016720,0.057740,0.275790,calls/second,milliseconds
1607896933,80,4.471992,0.792488,0.020573,0.616780,0.877009,1.221898,1.533201,1.605377,2.457730,2.691687,0.072229,0.016720,0.057740,0.275790,calls/second,milliseconds
