t,count,max,mean,min,stddev,p50,p75,p95,p98,p99,p999,mean_rate,m1_rate,m5_rate,m15_rate,rate_unit,duration_unit
1609283213,63,10.288183,0.571410,0.014565,0.897994,0.237369,0.567393,2.437867,2.437867,2.437867,10.288183,0.209910,0.080737,1.214807,2.205981,calls/second,milliseconds
1609283227,67,10.288183,0.505911,0.014565,0.672416,0.237369,0.567393,2.437867,2.437867,2.437867,10.288183,0.212832,0.068342,1.174981,2.181606,calls/second,milliseconds
1609283227,67,10.288183,0.505911,0.014565,0.672416,0.237369,0.567393,2.437867,2.437867,2.437867,10.288183,0.212824,0.068342,1.174981,2.181606,calls/second,milliseconds
