t,count,max,mean,min,stddev,p50,p75,p95,p98,p99,p999,mean_rate,m1_rate,m5_rate,m15_rate,rate_unit,duration_unit
1608491498,70,0.091072,0.002056,0.000053,0.005288,0.001120,0.002193,0.004600,0.005540,0.015596,0.091072,0.375582,0.284015,0.590897,0.717058,calls/second,milliseconds
1608491498,70,0.091072,0.002056,0.000053,0.005288,0.001120,0.002193,0.004600,0.005540,0.015596,0.091072,0.375573,0.284015,0.590897,0.717058,calls/second,milliseconds
