t,count,max,mean,min,stddev,p50,p75,p95,p98,p99,p999,mean_rate,m1_rate,m5_rate,m15_rate,rate_unit,duration_unit
1617570244,5,50.726400,10.259774,0.009737,20.234111,0.049760,0.490203,50.726400,50.726400,50.726400,50.726400,0.016665,0.007324,0.374062,0.720523,calls/second,milliseconds
1617570544,27,50.726400,2.445938,0.009737,4.671087,0.267102,0.961259,14.204003,19.792865,19.792865,19.792865,0.044998,0.016444,0.175960,0.535938,calls/second,milliseconds
1617570609,28,50.726400,2.506080,0.009737,2.710028,2.536583,2.536583,7.281013,14.204003,14.204003,19.792865,0.042092,0.021557,0.144988,0.499704,calls/second,milliseconds
1617570609,28,50.726400,2.506080,0.009737,2.710028,2.536583,2.536583,7.281013,14.204003,14.204003,19.792865,0.042091,0.021557,0.144988,0.499704,calls/second,milliseconds
