t,count,max,mean,min,stddev,p50,p75,p95,p98,p99,p999,mean_rate,m1_rate,m5_rate,m15_rate,rate_unit,duration_unit
1617625538,19,8.167211,1.144987,0.032409,0.769753,1.263401,1.263401,1.487258,1.686434,1.686434,8.167211,0.063302,0.037033,1.131273,2.165459,calls/second,milliseconds
1617625838,67,8.167211,1.145933,0.032409,1.353746,0.336545,1.344197,3.555709,3.555709,3.555709,3.555709,0.111639,0.036633,0.495491,1.593693,calls/second,milliseconds
1617625859,71,8.167211,0.558299,0.032409,0.928728,0.187996,0.519873,3.555709,3.555709,3.555709,3.555709,0.114219,0.070386,0.473288,1.561974,calls/second,milliseconds
1617625859,71,8.167211,0.558299,0.032409,0.928728,0.187996,0.519873,3.555709,3.555709,3.555709,3.555709,0.114218,0.070386,0.473288,1.561974,calls/second,milliseconds
