t,count,max,mean,min,stddev,p50,p75,p95,p98,p99,p999,mean_rate,m1_rate,m5_rate,m15_rate,rate_unit,duration_unit
1617673247,46,0.183230,0.018825,0.001410,0.027631,0.013097,0.017468,0.077489,0.092813,0.183230,0.183230,0.153319,0.315834,1.212150,2.194381,calls/second,milliseconds
1617673329,68,0.183230,0.018215,0.001410,0.026698,0.008985,0.016714,0.103393,0.103393,0.103393,0.183230,0.177913,0.188669,0.976829,2.026357,calls/second,milliseconds
1617673329,68,0.183230,0.018215,0.001410,0.026698,0.008985,0.016714,0.103393,0.103393,0.103393,0.183230,0.177909,0.188669,0.976829,2.026357,calls/second,milliseconds
