t,count,max,mean,min,stddev,p50,p75,p95,p98,p99,p999,mean_rate,m1_rate,m5_rate,m15_rate,rate_unit,duration_unit
1609419912,62,6.755254,0.407482,0.025310,0.565656,0.276457,0.420069,1.099009,2.188071,2.683720,5.413033,0.206573,0.347698,1.251257,2.210458,calls/second,milliseconds
1609419983,67,6.755254,0.527355,0.025310,0.784959,0.284117,0.542769,2.683720,3.443547,3.443547,5.413033,0.180442,0.115828,0.993703,2.046103,calls/second,milliseconds
1609419983,67,6.755254,0.527355,0.025310,0.784959,0.284117,0.542769,2.683720,3.443547,3.443547,5.413033,0.180436,0.115828,0.993703,2.046103,calls/second,milliseconds
