t,count,max,mean,min,stddev,p50,p75,p95,p98,p99,p999,mean_rate,m1_rate,m5_rate,m15_rate,rate_unit,duration_unit
1617590143,24,9.820476,0.373201,0.001347,0.536157,0.396368,0.476318,0.855014,0.855014,0.855014,9.820476,0.080006,0.105419,1.165969,2.182959,calls/second,milliseconds
1617590385,70,9.820476,0.283448,0.000742,0.320020,0.178915,0.379094,0.704943,0.883068,1.060555,2.100190,0.129164,0.041211,0.590109,1.700528,calls/second,milliseconds
1617590385,70,9.820476,0.283448,0.000742,0.320020,0.178915,0.379094,0.704943,0.883068,1.060555,2.100190,0.129162,0.041211,0.590109,1.700528,calls/second,milliseconds
