t,count,max,mean,min,stddev,p50,p75,p95,p98,p99,p999,mean_rate,m1_rate,m5_rate,m15_rate,rate_unit,duration_unit
1617564342,19,36.033879,4.319627,0.028982,5.047985,3.208459,3.208459,16.528178,27.514784,36.033879,36.033879,0.063040,0.034721,1.130975,2.165416,calls/second,milliseconds
1617564634,71,36.033879,1.208791,0.028982,1.658522,0.499416,1.341985,5.030421,5.030421,5.030421,18.258831,0.119611,0.060239,0.520879,1.612958,calls/second,milliseconds
1617564634,71,36.033879,1.208791,0.028982,1.658522,0.499416,1.341985,5.030421,5.030421,5.030421,18.258831,0.119609,0.060239,0.520879,1.612958,calls/second,milliseconds
