t,count,max,mean,min,stddev,p50,p75,p95,p98,p99,p999,mean_rate,m1_rate,m5_rate,m15_rate,rate_unit,duration_unit
1608915733,19,2.294827,0.063752,0.000890,0.273148,0.004707,0.005168,0.374074,0.792905,2.294827,2.294827,0.063335,0.024538,0.328058,0.592520,calls/second,milliseconds
1608916033,67,2.294827,0.171644,0.000890,0.200238,0.075322,0.252704,0.587776,0.688833,0.688833,0.688833,0.111668,0.110605,0.224804,0.470682,calls/second,milliseconds
1608916161,73,2.294827,0.415280,0.000890,0.477531,0.108284,0.898892,1.204629,1.204629,1.204629,1.204629,0.100300,0.024877,0.151101,0.409440,calls/second,milliseconds
1608916161,73,2.294827,0.415280,0.000890,0.477531,0.108284,0.898892,1.204629,1.204629,1.204629,1.204629,0.100299,0.024877,0.151101,0.409440,calls/second,milliseconds
