t,count,max,mean,min,stddev,p50,p75,p95,p98,p99,p999,mean_rate,m1_rate,m5_rate,m15_rate,rate_unit,duration_unit
1609287108,63,2.544887,0.262324,0.001252,0.324742,0.130361,0.422442,0.754849,1.697783,1.697783,1.697783,0.209981,0.354301,0.447267,0.635552,calls/second,milliseconds
1609287408,68,2.544887,0.058712,0.001252,0.161442,0.025194,0.025194,0.374542,0.606130,0.752708,1.697783,0.113335,0.023864,0.178455,0.462746,calls/second,milliseconds
1609287523,74,2.544887,0.235420,0.001252,0.254515,0.054264,0.545742,0.581968,0.581968,0.581968,0.606130,0.103502,0.023635,0.127545,0.409372,calls/second,milliseconds
1609287523,74,2.544887,0.235420,0.001252,0.254515,0.054264,0.545742,0.581968,0.581968,0.581968,0.606130,0.103501,0.023635,0.127545,0.409372,calls/second,milliseconds
