t,count,max,mean,min,stddev,p50,p75,p95,p98,p99,p999,mean_rate,m1_rate,m5_rate,m15_rate,rate_unit,duration_unit
1617617053,19,0.170687,0.031417,0.001547,0.019900,0.034593,0.034593,0.053840,0.062577,0.170687,0.170687,0.063327,0.035829,1.131123,2.165437,calls/second,milliseconds
1617617353,67,0.170687,0.016601,0.001547,0.023785,0.006300,0.011507,0.074800,0.094736,0.094736,0.094736,0.111660,0.110888,0.518938,1.597496,calls/second,milliseconds
1617617474,73,0.363503,0.080280,0.001547,0.127999,0.021733,0.085820,0.363503,0.363503,0.363503,0.363503,0.101196,0.027213,0.353204,1.400149,calls/second,milliseconds
1617617474,73,0.363503,0.080280,0.001547,0.127999,0.021733,0.085820,0.363503,0.363503,0.363503,0.363503,0.101194,0.027213,0.353204,1.400149,calls/second,milliseconds
