t,count,max,mean,min,stddev,p50,p75,p95,p98,p99,p999,mean_rate,m1_rate,m5_rate,m15_rate,rate_unit,duration_unit
1608510102,19,0.076016,0.011909,0.000498,0.007319,0.009793,0.017099,0.017809,0.017809,0.017809,0.076016,0.063315,0.026854,0.323102,0.589303,calls/second,milliseconds
1608510392,77,0.076016,0.005589,0.000329,0.005864,0.002681,0.007510,0.013978,0.025179,0.026005,0.046178,0.130445,0.052269,0.216628,0.475115,calls/second,milliseconds
1608510392,77,0.076016,0.005589,0.000329,0.005864,0.002681,0.007510,0.013978,0.025179,0.026005,0.046178,0.130443,0.052269,0.216628,0.475115,calls/second,milliseconds
