t,count,max,mean,min,stddev,p50,p75,p95,p98,p99,p999,mean_rate,m1_rate,m5_rate,m15_rate,rate_unit,duration_unit
1609196643,63,0.095693,0.006118,0.001015,0.005519,0.004288,0.007877,0.016702,0.024512,0.024512,0.024512,0.209982,0.336284,0.445923,0.635380,calls/second,milliseconds
1609196715,68,0.095693,0.008188,0.001015,0.008115,0.004469,0.008117,0.028474,0.028474,0.028474,0.028474,0.182538,0.112274,0.355967,0.588889,calls/second,milliseconds
1609196715,68,0.095693,0.008188,0.001015,0.008115,0.004469,0.008117,0.028474,0.028474,0.028474,0.028474,0.182536,0.112274,0.355967,0.588889,calls/second,milliseconds
