t,count,max,mean,min,stddev,p50,p75,p95,p98,p99,p999,mean_rate,m1_rate,m5_rate,m15_rate,rate_unit,duration_unit
1618798370,66,6.972065,0.823311,0.019128,1.636465,0.219931,0.599374,6.972065,6.972065,6.972065,6.972065,0.231419,0.136166,0.437054,0.641222,calls/second,milliseconds
1618798370,66,6.972065,0.823311,0.019128,1.636465,0.219931,0.599374,6.972065,6.972065,6.972065,6.972065,0.231409,0.136166,0.437054,0.641222,calls/second,milliseconds
