t,count,max,mean,min,stddev,p50,p75,p95,p98,p99,p999,mean_rate,m1_rate,m5_rate,m15_rate,rate_unit,duration_unit
1617569268,19,6.027429,1.432245,0.025122,0.633659,1.312430,1.758904,2.009900,2.191364,2.191364,6.027429,0.063299,0.041311,1.131739,2.165524,calls/second,milliseconds
1617569568,67,6.027429,0.350155,0.020370,0.358474,0.245150,0.348196,1.271728,1.616891,1.635466,1.635466,0.111637,0.226909,0.535229,1.599820,calls/second,milliseconds
1617569853,76,6.027429,0.329469,0.020370,0.368972,0.117506,0.617506,1.157932,1.196175,1.420708,1.451988,0.085867,0.075064,0.228440,1.173781,calls/second,milliseconds
1617569853,76,6.027429,0.329469,0.020370,0.368972,0.117506,0.617506,1.157932,1.196175,1.420708,1.451988,0.085867,0.075064,0.228440,1.173781,calls/second,milliseconds
