t,count,max,mean,min,stddev,p50,p75,p95,p98,p99,p999,mean_rate,m1_rate,m5_rate,m15_rate,rate_unit,duration_unit
1610360391,19,0.052032,0.007512,0.000450,0.005141,0.006005,0.012420,0.012420,0.013676,0.013676,0.052032,0.063329,0.026854,0.323102,0.589303,calls/second,milliseconds
1610360691,67,0.058067,0.006382,0.000400,0.009968,0.002263,0.006290,0.021173,0.051750,0.051750,0.058067,0.111664,0.046787,0.202973,0.465185,calls/second,milliseconds
1610360757,72,0.058067,0.004463,0.000400,0.004974,0.003426,0.003867,0.006812,0.016482,0.024550,0.058067,0.108136,0.027294,0.166526,0.433857,calls/second,milliseconds
1610360757,72,0.058067,0.004463,0.000400,0.004974,0.003426,0.003867,0.006812,0.016482,0.024550,0.058067,0.108135,0.027294,0.166526,0.433857,calls/second,milliseconds
