t,count,max,mean,min,stddev,p50,p75,p95,p98,p99,p999,mean_rate,m1_rate,m5_rate,m15_rate,rate_unit,duration_unit
1617672278,44,3.308497,0.246753,0.004897,0.305333,0.162426,0.427306,0.865106,1.346381,1.346381,1.346381,0.146674,0.194073,1.193197,2.192651,calls/second,milliseconds
1617672383,68,3.308497,0.274856,0.004897,0.276176,0.123320,0.451375,0.865106,1.030509,1.030509,1.346381,0.167943,0.178881,0.920069,1.982709,calls/second,milliseconds
1617672383,68,3.308497,0.274856,0.004897,0.276176,0.123320,0.451375,0.865106,1.030509,1.030509,1.346381,0.167940,0.178881,0.920069,1.982709,calls/second,milliseconds
