t,count,max,mean,min,stddev,p50,p75,p95,p98,p99,p999,mean_rate,m1_rate,m5_rate,m15_rate,rate_unit,duration_unit
1617670007,44,3.624773,0.319667,0.003856,0.538350,0.133193,0.402975,0.800089,2.537223,2.537223,3.246784,0.146674,0.340219,1.227952,2.204649,calls/second,milliseconds
1617670105,68,3.624773,0.302019,0.003856,0.355621,0.240115,0.475629,0.666702,0.784033,2.537223,2.537223,0.170641,0.168852,0.932267,1.993307,calls/second,milliseconds
1617670105,68,3.624773,0.302019,0.003856,0.355621,0.240115,0.475629,0.666702,0.784033,2.537223,2.537223,0.170639,0.168852,0.932267,1.993307,calls/second,milliseconds
