t,count,max,mean,min,stddev,p50,p75,p95,p98,p99,p999,mean_rate,m1_rate,m5_rate,m15_rate,rate_unit,duration_unit
1617628380,24,5.910860,0.522084,0.021684,0.485900,0.508446,0.674193,0.858556,2.667399,2.667399,5.910860,0.079967,0.093166,1.146491,2.170841,calls/second,milliseconds
1617628669,71,5.910860,0.574240,0.021684,0.780713,0.187152,0.604310,2.725118,2.725118,2.725118,2.725118,0.120379,0.030829,0.511399,1.618745,calls/second,milliseconds
1617628669,71,5.910860,0.574240,0.021684,0.780713,0.187152,0.604310,2.725118,2.725118,2.725118,2.725118,0.120377,0.030829,0.511399,1.618745,calls/second,milliseconds
