t,count,max,mean,min,stddev,p50,p75,p95,p98,p99,p999,mean_rate,m1_rate,m5_rate,m15_rate,rate_unit,duration_unit
1617630872,32,0.188288,0.007568,0.000923,0.015793,0.002460,0.003114,0.049844,0.064247,0.064247,0.064247,0.106661,0.195970,1.172010,2.179611,calls/second,milliseconds
1617631126,70,0.188288,0.016025,0.000460,0.020845,0.003344,0.039582,0.045240,0.045240,0.124908,0.124908,0.126248,0.032948,0.567957,1.681228,calls/second,milliseconds
1617631126,70,0.188288,0.016025,0.000460,0.020845,0.003344,0.039582,0.045240,0.045240,0.124908,0.124908,0.126245,0.032948,0.567957,1.681228,calls/second,milliseconds
