t,count,max,mean,min,stddev,p50,p75,p95,p98,p99,p999,mean_rate,m1_rate,m5_rate,m15_rate,rate_unit,duration_unit
1617579241,24,2.747782,0.843067,0.004300,0.626364,0.813184,1.266508,1.803083,1.803083,1.803083,2.747782,0.080006,0.072972,1.159123,2.180706,calls/second,milliseconds
1617579452,70,2.747782,0.373021,0.004300,0.334806,0.221601,0.697238,0.920570,1.142965,1.340218,1.803083,0.137002,0.063193,0.651244,1.758017,calls/second,milliseconds
1617579452,70,2.747782,0.373021,0.004300,0.334806,0.221601,0.697238,0.920570,1.142965,1.340218,1.803083,0.136999,0.063193,0.651244,1.758017,calls/second,milliseconds
