t,count,max,mean,min,stddev,p50,p75,p95,p98,p99,p999,mean_rate,m1_rate,m5_rate,m15_rate,rate_unit,duration_unit
1609766670,19,0.052007,0.014004,0.000102,0.012907,0.008237,0.011507,0.037137,0.037137,0.052007,0.052007,0.063328,0.021239,0.322249,0.589167,calls/second,milliseconds
1609766970,67,0.058250,0.005560,0.000102,0.008469,0.001864,0.009000,0.022471,0.025181,0.058250,0.058250,0.111662,0.031712,0.195872,0.463894,calls/second,milliseconds
1609767143,74,0.058250,0.010643,0.000102,0.007525,0.007323,0.009671,0.022471,0.039565,0.039565,0.039565,0.095708,0.017712,0.118711,0.387077,calls/second,milliseconds
1609767143,74,0.058250,0.010643,0.000102,0.007525,0.007323,0.009671,0.022471,0.039565,0.039565,0.039565,0.095707,0.017712,0.118711,0.387077,calls/second,milliseconds
