t,count,max,mean,min,stddev,p50,p75,p95,p98,p99,p999,mean_rate,m1_rate,m5_rate,m15_rate,rate_unit,duration_unit
1608512404,19,2.501897,0.647045,0.016477,0.312635,0.744386,0.744386,0.744386,0.744386,2.501897,2.501897,0.063322,0.022719,0.322876,0.589287,calls/second,milliseconds
1608512704,73,2.501897,0.199861,0.012302,0.238460,0.135381,0.271751,0.475463,1.237657,1.237657,1.237657,0.121656,0.099171,0.230616,0.473340,calls/second,milliseconds
1608512802,79,2.501897,0.247896,0.012302,0.220280,0.202970,0.335765,0.662767,0.662767,0.662767,1.237657,0.113073,0.040484,0.173933,0.428055,calls/second,milliseconds
1608512802,79,2.501897,0.247896,0.012302,0.220280,0.202970,0.335765,0.662767,0.662767,0.662767,1.237657,0.113072,0.040484,0.173933,0.428055,calls/second,milliseconds
