t,count,max,mean,min,stddev,p50,p75,p95,p98,p99,p999,mean_rate,m1_rate,m5_rate,m15_rate,rate_unit,duration_unit
1610083912,5,28.693343,5.754718,0.003900,11.469324,0.017396,0.050680,28.693343,28.693343,28.693343,28.693343,0.016666,0.000817,0.006609,0.004082,calls/second,milliseconds
1610084212,23,28.693343,1.647134,0.003900,3.286490,0.061453,0.925121,11.301100,11.301100,11.301100,11.301100,0.038332,0.126042,0.051276,0.021562,calls/second,milliseconds
1610084513,27,28.693343,1.814182,0.003900,3.305130,0.148103,0.925121,11.116914,11.301100,11.301100,11.301100,0.029995,0.001370,0.023914,0.018665,calls/second,milliseconds
1610084619,28,28.693343,1.817660,0.003900,0.545841,1.817757,1.817757,1.817757,1.817757,1.817757,11.116914,0.027806,0.000238,0.016852,0.016610,calls/second,milliseconds
1610084619,28,28.693343,1.817660,0.003900,0.545841,1.817757,1.817757,1.817757,1.817757,1.817757,11.116914,0.027806,0.000238,0.016852,0.016610,calls/second,milliseconds
