t,count,max,mean,min,stddev,p50,p75,p95,p98,p99,p999,mean_rate,m1_rate,m5_rate,m15_rate,rate_unit,duration_unit
1617566608,5,36.743784,7.369508,0.014534,14.687143,0.026200,0.047228,36.743784,36.743784,36.743784,36.743784,0.016665,0.007324,0.374062,0.720523,calls/second,milliseconds
1617566908,27,36.743784,3.156412,0.013398,5.746318,0.304846,0.577675,17.333587,17.333587,17.333587,17.333587,0.044998,0.020871,0.177770,0.536242,calls/second,milliseconds
1617567133,28,36.743784,1.365758,0.013398,1.396758,1.264373,1.264373,1.264373,1.264373,13.046620,17.333587,0.033941,0.000533,0.085384,0.419953,calls/second,milliseconds
1617567133,28,36.743784,1.365758,0.013398,1.396758,1.264373,1.264373,1.264373,1.264373,13.046620,17.333587,0.033940,0.000533,0.085384,0.419953,calls/second,milliseconds
