t,count,max,mean,min,stddev,p50,p75,p95,p98,p99,p999,mean_rate,m1_rate,m5_rate,m15_rate,rate_unit,duration_unit
1617631485,32,2.339860,0.305972,0.002467,0.453794,0.158576,0.414359,0.901197,2.056650,2.056650,2.056650,0.106290,0.200312,1.172501,2.179682,calls/second,milliseconds
1617631724,70,2.339860,0.431796,0.002043,0.490506,0.158673,1.032322,1.322703,1.322703,1.322703,2.056650,0.129550,0.093192,0.597772,1.703440,calls/second,milliseconds
1617631724,70,2.339860,0.431796,0.002043,0.490506,0.158673,1.032322,1.322703,1.322703,1.322703,2.056650,0.129548,0.093192,0.597772,1.703440,calls/second,milliseconds
