t,count,max,mean,min,stddev,p50,p75,p95,p98,p99,p999,mean_rate,m1_rate,m5_rate,m15_rate,rate_unit,duration_unit
1618798370,66,6.947077,0.815241,0.015940,1.631272,0.212145,0.592864,6.947077,6.947077,6.947077,6.947077,0.231419,0.136166,0.437054,0.641222,calls/second,milliseconds
1618798370,66,6.947077,0.815241,0.015940,1.631272,0.212145,0.592864,6.947077,6.947077,6.947077,6.947077,0.231409,0.136166,0.437054,0.641222,calls/second,milliseconds
