t,count,max,mean,min,stddev,p50,p75,p95,p98,p99,p999,mean_rate,m1_rate,m5_rate,m15_rate,rate_unit,duration_unit
1608515073,19,2.730869,0.676720,0.013406,0.293363,0.740234,0.740234,0.740234,1.078053,1.078053,2.730869,0.063318,0.026722,0.322865,0.589254,calls/second,milliseconds
1608515373,68,2.730869,0.287985,0.013406,0.344781,0.169078,0.259724,1.415258,1.415258,1.415258,1.415258,0.113320,0.222251,0.239999,0.471385,calls/second,milliseconds
1608515566,75,2.730869,0.259597,0.013406,0.233235,0.176355,0.486742,0.566217,0.566217,0.961051,1.415258,0.094547,0.025213,0.134966,0.384702,calls/second,milliseconds
1608515566,75,2.730869,0.259597,0.013406,0.233235,0.176355,0.486742,0.566217,0.566217,0.961051,1.415258,0.094546,0.025213,0.134966,0.384702,calls/second,milliseconds
