t,count,max,mean,min,stddev,p50,p75,p95,p98,p99,p999,mean_rate,m1_rate,m5_rate,m15_rate,rate_unit,duration_unit
1614409445,24,4.717867,0.806575,0.019930,0.753006,0.530608,1.276561,1.575210,4.196453,4.196453,4.717867,0.079966,0.103290,1.147358,2.170957,calls/second,milliseconds
1614409745,67,4.717867,1.049663,0.019930,0.823390,0.889076,2.047949,2.047949,2.047949,2.259970,2.259970,0.111603,0.028924,0.487576,1.592210,calls/second,milliseconds
1614410045,75,4.907357,0.990965,0.019930,1.477216,0.352914,0.849432,4.907357,4.907357,4.907357,4.907357,0.083322,0.039048,0.198548,1.148776,calls/second,milliseconds
1614410345,80,4.907357,0.291171,0.019930,0.254666,0.275406,0.275406,0.275406,0.481073,0.481073,4.907357,0.066660,0.018267,0.083826,0.827897,calls/second,milliseconds
1614410645,85,4.907357,0.681371,0.019930,0.276193,0.866649,0.866649,0.866649,0.866649,0.866649,0.866649,0.056662,0.018127,0.041622,0.597977,calls/second,milliseconds
1614410945,90,4.907357,0.346759,0.019930,0.125856,0.281080,0.495870,0.495870,0.866649,0.908335,0.908335,0.049997,0.018127,0.026096,0.433233,calls/second,milliseconds
1614411245,95,4.907357,0.224463,0.019930,0.068490,0.259800,0.259800,0.265126,0.265126,0.281080,0.495870,0.045235,0.018127,0.020384,0.315188,calls/second,milliseconds
1614411411,99,4.907357,0.300733,0.019930,0.042249,0.291502,0.345667,0.345667,0.345667,0.345667,0.345667,0.043673,0.023275,0.019853,0.265488,calls/second,milliseconds
1614411411,99,4.907357,0.300733,0.019930,0.042249,0.291502,0.345667,0.345667,0.345667,0.345667,0.345667,0.043673,0.023275,0.019853,0.265488,calls/second,milliseconds
