t,count,max,mean,min,stddev,p50,p75,p95,p98,p99,p999,mean_rate,m1_rate,m5_rate,m15_rate,rate_unit,duration_unit
1617671380,44,4.778359,0.256898,0.000507,0.291833,0.184976,0.461646,0.771888,1.115238,1.115238,1.115238,0.146675,0.363666,1.229008,2.204766,calls/second,milliseconds
1617671481,68,4.778359,0.354080,0.000507,0.495307,0.129570,0.476139,1.196300,1.196300,2.898002,2.898002,0.169236,0.164699,0.918275,1.982458,calls/second,milliseconds
1617671481,68,4.778359,0.354080,0.000507,0.495307,0.129570,0.476139,1.196300,1.196300,2.898002,2.898002,0.169234,0.164699,0.918275,1.982458,calls/second,milliseconds
