t,count,max,mean,min,stddev,p50,p75,p95,p98,p99,p999,mean_rate,m1_rate,m5_rate,m15_rate,rate_unit,duration_unit
1609276574,69,0.086181,0.008198,0.001018,0.010503,0.005160,0.008446,0.029054,0.054097,0.054097,0.086181,0.578581,0.655670,0.728247,0.771528,calls/second,milliseconds
1609276574,69,0.086181,0.008198,0.001018,0.010503,0.005160,0.008446,0.029054,0.054097,0.054097,0.086181,0.578547,0.655670,0.728247,0.771528,calls/second,milliseconds
