t,count,max,mean,min,stddev,p50,p75,p95,p98,p99,p999,mean_rate,m1_rate,m5_rate,m15_rate,rate_unit,duration_unit
1609995086,67,122.680503,0.803235,0.002447,5.462089,0.161897,0.548926,2.178925,2.178925,2.497685,122.680503,0.242434,0.139120,0.450765,0.648890,calls/second,milliseconds
1609995086,67,122.680503,0.803235,0.002447,5.462089,0.161897,0.548926,2.178925,2.178925,2.497685,122.680503,0.242096,0.139120,0.450765,0.648890,calls/second,milliseconds
