t,count,max,mean,min,stddev,p50,p75,p95,p98,p99,p999,mean_rate,m1_rate,m5_rate,m15_rate,rate_unit,duration_unit
1608241454,19,2.714545,0.458733,0.011228,0.344184,0.464489,0.464489,0.558514,1.189848,2.714545,2.714545,0.063324,0.019388,0.322433,0.589223,calls/second,milliseconds
1608241754,73,2.714545,0.191088,0.004739,0.202928,0.101739,0.237732,0.647392,0.692963,0.692963,0.692963,0.121658,0.049614,0.214605,0.470739,calls/second,milliseconds
1608241872,79,2.714545,0.225501,0.004739,0.135238,0.205900,0.333945,0.468005,0.526554,0.526554,0.692963,0.110032,0.018528,0.151533,0.416324,calls/second,milliseconds
1608241872,79,2.714545,0.225501,0.004739,0.135238,0.205900,0.333945,0.468005,0.526554,0.526554,0.692963,0.110031,0.018528,0.151533,0.416324,calls/second,milliseconds
