t,count,max,mean,min,stddev,p50,p75,p95,p98,p99,p999,mean_rate,m1_rate,m5_rate,m15_rate,rate_unit,duration_unit
1609402065,54,1.580573,0.261253,0.004176,0.344361,0.158023,0.335683,0.903066,1.447281,1.447281,1.447281,0.180011,0.360137,1.233844,2.206777,calls/second,milliseconds
1609402365,67,1.580573,0.206146,0.003539,0.196198,0.259395,0.259395,0.452999,0.824094,0.903066,1.447281,0.111670,0.019911,0.484803,1.598853,calls/second,milliseconds
1609402665,72,1.580573,0.079688,0.003539,0.039407,0.063713,0.104729,0.122965,0.122965,0.122965,0.380892,0.080002,0.015375,0.188780,1.150338,calls/second,milliseconds
1609402965,77,1.580573,0.067991,0.003539,0.021403,0.070327,0.070327,0.070327,0.162623,0.162623,0.162623,0.064167,0.015344,0.079879,0.828964,calls/second,milliseconds
1609403265,82,1.580573,0.165751,0.003539,0.298050,0.068359,0.068613,1.069411,1.069411,1.069411,1.069411,0.054667,0.015344,0.039816,0.598689,calls/second,milliseconds
1609403479,90,1.937344,0.540689,0.003539,0.657550,0.232356,0.562349,1.937344,1.937344,1.937344,1.937344,0.052515,0.037019,0.037045,0.478527,calls/second,milliseconds
1609403479,90,1.937344,0.540689,0.003539,0.657550,0.232356,0.562349,1.937344,1.937344,1.937344,1.937344,0.052515,0.037019,0.037045,0.478527,calls/second,milliseconds
