t,count,max,mean,min,stddev,p50,p75,p95,p98,p99,p999,mean_rate,m1_rate,m5_rate,m15_rate,rate_unit,duration_unit
1609437388,19,0.165553,0.066348,0.002072,0.028138,0.075004,0.075004,0.075004,0.165553,0.165553,0.165553,0.063329,0.041311,1.131739,2.165524,calls/second,milliseconds
1609437688,51,0.375222,0.050482,0.001403,0.081475,0.013722,0.065042,0.306333,0.306333,0.375222,0.375222,0.084997,0.192727,0.500056,1.584364,calls/second,milliseconds
1609437988,73,0.377166,0.208977,0.001403,0.159024,0.132706,0.377166,0.377166,0.377166,0.377166,0.377166,0.081108,0.023746,0.217358,1.153899,calls/second,milliseconds
1609437996,77,0.377166,0.078840,0.001403,0.116645,0.024790,0.058187,0.377166,0.377166,0.377166,0.377166,0.084793,0.021848,0.213765,1.147506,calls/second,milliseconds
1609437996,77,0.377166,0.078840,0.001403,0.116645,0.024790,0.058187,0.377166,0.377166,0.377166,0.377166,0.084792,0.021848,0.213765,1.147506,calls/second,milliseconds
