t,count,max,mean,min,stddev,p50,p75,p95,p98,p99,p999,mean_rate,m1_rate,m5_rate,m15_rate,rate_unit,duration_unit
1617634496,32,5.982390,0.385543,0.008837,0.438270,0.155591,0.669324,1.135204,1.273961,1.273961,1.411655,0.106672,0.214334,1.191199,2.191672,calls/second,milliseconds
1617634738,70,5.982390,0.555956,0.004375,0.551968,0.163600,1.324267,1.395988,1.395988,1.395988,1.395988,0.129099,0.035715,0.587385,1.700037,calls/second,milliseconds
1617634738,70,5.982390,0.555956,0.004375,0.551968,0.163600,1.324267,1.395988,1.395988,1.395988,1.395988,0.129097,0.035715,0.587385,1.700037,calls/second,milliseconds
