t,count,max,mean,min,stddev,p50,p75,p95,p98,p99,p999,mean_rate,m1_rate,m5_rate,m15_rate,rate_unit,duration_unit
1607891755,19,4.100241,1.956950,0.027654,1.110361,2.844662,2.844662,2.844662,3.583360,4.100241,4.100241,0.063308,0.031900,1.130547,2.165352,calls/second,milliseconds
1607892055,68,4.100241,0.331865,0.023486,0.317876,0.233636,0.377936,0.875225,1.660107,1.660107,1.660107,0.113281,0.099408,0.518656,1.598065,calls/second,milliseconds
1607892183,75,4.100241,0.754365,0.023486,1.098370,0.273343,0.539646,3.372467,3.372467,3.372467,3.372467,0.102981,0.036416,0.350147,1.393950,calls/second,milliseconds
1607892183,75,4.100241,0.754365,0.023486,1.098370,0.273343,0.539646,3.372467,3.372467,3.372467,3.372467,0.102980,0.036416,0.350147,1.393950,calls/second,milliseconds
