t,count,max,mean,min,stddev,p50,p75,p95,p98,p99,p999,mean_rate,m1_rate,m5_rate,m15_rate,rate_unit,duration_unit
1617643219,14,27.691019,1.324576,0.003549,2.752618,0.167043,1.096376,8.513809,8.513809,8.513809,27.691019,0.046664,0.109925,0.401765,0.730259,calls/second,milliseconds
1617643443,28,27.691019,1.556762,0.003549,2.866653,1.011020,1.011020,8.513809,14.944963,14.944963,14.944963,0.053477,0.013358,0.216381,0.583652,calls/second,milliseconds
1617643443,28,27.691019,1.556762,0.003549,2.866653,1.011020,1.011020,8.513809,14.944963,14.944963,14.944963,0.053475,0.013358,0.216381,0.583652,calls/second,milliseconds
