t,count,max,mean,min,stddev,p50,p75,p95,p98,p99,p999,mean_rate,m1_rate,m5_rate,m15_rate,rate_unit,duration_unit
1609989904,28,11.759147,1.179082,0.001380,2.342571,0.118872,1.742327,5.544310,11.759147,11.759147,11.759147,0.093327,0.011586,0.405225,0.739453,calls/second,milliseconds
1609990204,28,11.759147,1.179082,0.001380,2.342571,0.118872,1.742327,5.544310,11.759147,11.759147,11.759147,0.046665,0.000078,0.149074,0.529841,calls/second,milliseconds
1609990504,28,11.759147,1.179082,0.001380,2.342571,0.118872,1.742327,5.544310,11.759147,11.759147,11.759147,0.031111,0.000001,0.054841,0.379648,calls/second,milliseconds
1609990804,28,11.759147,1.179082,0.001380,2.342571,0.118872,1.742327,5.544310,11.759147,11.759147,11.759147,0.023333,0.000000,0.020175,0.272030,calls/second,milliseconds
1609991104,28,11.759147,1.179082,0.001380,2.342571,0.118872,1.742327,5.544310,11.759147,11.759147,11.759147,0.018666,0.000000,0.007422,0.194918,calls/second,milliseconds
1609991404,28,11.759147,1.179082,0.001380,2.342571,0.118872,1.742327,5.544310,11.759147,11.759147,11.759147,0.015555,0.000000,0.002730,0.139665,calls/second,milliseconds
1609991704,28,11.759147,1.179082,0.001380,2.342571,0.118872,1.742327,5.544310,11.759147,11.759147,11.759147,0.013333,0.000000,0.001004,0.100074,calls/second,milliseconds
1609992004,28,11.759147,1.179082,0.001380,2.342571,0.118872,1.742327,5.544310,11.759147,11.759147,11.759147,0.011667,0.000000,0.000370,0.071706,calls/second,milliseconds
1609992304,28,11.759147,1.179082,0.001380,2.342571,0.118872,1.742327,5.544310,11.759147,11.759147,11.759147,0.010370,0.000000,0.000136,0.051380,calls/second,milliseconds
1609992604,28,11.759147,1.179082,0.001380,2.342571,0.118872,1.742327,5.544310,11.759147,11.759147,11.759147,0.009333,0.000000,0.000050,0.036815,calls/second,milliseconds
1609992713,28,11.759147,1.179082,0.001380,2.342571,0.118872,1.742327,5.544310,11.759147,11.759147,11.759147,0.009005,0.000000,0.000035,0.032761,calls/second,milliseconds
1609992713,28,11.759147,1.179082,0.001380,2.342571,0.118872,1.742327,5.544310,11.759147,11.759147,11.759147,0.009005,0.000000,0.000035,0.032761,calls/second,milliseconds
