t,count,max,mean,min,stddev,p50,p75,p95,p98,p99,p999,mean_rate,m1_rate,m5_rate,m15_rate,rate_unit,duration_unit
1609422680,24,5.116078,0.472820,0.028356,0.454761,0.475253,0.490573,1.333358,1.521634,1.584144,5.116078,0.079971,0.107291,0.339902,0.594885,calls/second,milliseconds
1609422980,67,5.802428,2.734557,0.027279,2.494140,1.087270,5.802428,5.802428,5.802428,5.802428,5.802428,0.111646,0.034806,0.190033,0.462776,calls/second,milliseconds
1609423123,73,5.802428,0.771499,0.027279,1.327886,0.297463,0.555846,4.983509,5.802428,5.802428,5.802428,0.098282,0.019049,0.124792,0.398206,calls/second,milliseconds
1609423123,73,5.802428,0.771499,0.027279,1.327886,0.297463,0.555846,4.983509,5.802428,5.802428,5.802428,0.098280,0.019049,0.124792,0.398206,calls/second,milliseconds
