t,count,max,mean,min,stddev,p50,p75,p95,p98,p99,p999,mean_rate,m1_rate,m5_rate,m15_rate,rate_unit,duration_unit
1609997265,62,2.454376,0.393325,0.005102,0.449733,0.238026,0.564204,1.166349,1.359632,2.454376,2.454376,0.206669,0.352845,1.270647,2.222572,calls/second,milliseconds
1609997271,66,2.454376,0.396928,0.005102,0.424546,0.254759,0.564204,1.166349,1.359632,2.454376,2.454376,0.215819,0.346650,1.238907,2.201338,calls/second,milliseconds
1609997271,66,2.454376,0.396928,0.005102,0.424546,0.254759,0.564204,1.166349,1.359632,2.454376,2.454376,0.215810,0.346650,1.238907,2.201338,calls/second,milliseconds
