t,count,max,mean,min,stddev,p50,p75,p95,p98,p99,p999,mean_rate,m1_rate,m5_rate,m15_rate,rate_unit,duration_unit
1607894287,19,3.705333,0.163503,0.005532,0.487222,0.066975,0.109637,0.280347,0.856319,3.457126,3.705333,0.063337,0.029188,0.328532,0.592586,calls/second,milliseconds
1607894587,68,3.705333,0.273657,0.004574,0.298877,0.092017,0.543671,0.884864,0.947232,1.373904,1.392119,0.113286,0.134057,0.227970,0.469728,calls/second,milliseconds
1607894887,73,3.705333,0.270056,0.004574,0.139296,0.331961,0.331961,0.575936,0.594806,0.594806,0.967181,0.081113,0.022251,0.096425,0.343267,calls/second,milliseconds
1607895021,79,3.705333,0.582912,0.004574,0.609596,0.112810,1.202991,1.459019,1.459019,1.459019,1.459019,0.076434,0.016765,0.067015,0.297538,calls/second,milliseconds
1607895021,79,3.705333,0.582912,0.004574,0.609596,0.112810,1.202991,1.459019,1.459019,1.459019,1.459019,0.076433,0.016765,0.067015,0.297538,calls/second,milliseconds
