t,count,max,mean,min,stddev,p50,p75,p95,p98,p99,p999,mean_rate,m1_rate,m5_rate,m15_rate,rate_unit,duration_unit
1617672734,32,0.203263,0.028185,0.000206,0.049573,0.004907,0.037833,0.203263,0.203263,0.203263,0.203263,0.106659,0.223887,1.173580,2.179800,calls/second,milliseconds
1617672894,68,0.203263,0.014351,0.000206,0.025672,0.003520,0.006827,0.062527,0.062527,0.073013,0.203263,0.147668,0.089923,0.759692,1.855833,calls/second,milliseconds
1617672894,68,0.203263,0.014351,0.000206,0.025672,0.003520,0.006827,0.062527,0.062527,0.073013,0.203263,0.147666,0.089923,0.759692,1.855833,calls/second,milliseconds
