t,count,max,mean,min,stddev,p50,p75,p95,p98,p99,p999,mean_rate,m1_rate,m5_rate,m15_rate,rate_unit,duration_unit
1609415922,62,6.862013,0.247898,0.007510,0.915127,0.073074,0.113993,0.333593,2.788961,6.862013,6.862013,1.727977,1.316780,0.901012,0.833453,calls/second,milliseconds
1609415922,62,6.862013,0.247898,0.007510,0.915127,0.073074,0.113993,0.333593,2.788961,6.862013,6.862013,1.727647,1.316780,0.901012,0.833453,calls/second,milliseconds
