t,count,max,mean,min,stddev,p50,p75,p95,p98,p99,p999,mean_rate,m1_rate,m5_rate,m15_rate,rate_unit,duration_unit
1609287108,63,1.061268,0.024591,0.001180,0.117999,0.007872,0.012908,0.047439,0.050997,1.061268,1.061268,0.209966,0.354314,0.447289,0.635556,calls/second,milliseconds
1609287408,68,1.061268,0.039062,0.001180,0.051003,0.050876,0.050876,0.052327,0.057974,0.057974,1.061268,0.113331,0.021956,0.175514,0.460186,calls/second,milliseconds
1609287523,74,1.061268,0.021393,0.001180,0.026820,0.008483,0.013069,0.068818,0.068818,0.068818,0.068818,0.103499,0.023635,0.127551,0.409375,calls/second,milliseconds
1609287523,74,1.061268,0.021393,0.001180,0.026820,0.008483,0.013069,0.068818,0.068818,0.068818,0.068818,0.103498,0.023635,0.127551,0.409375,calls/second,milliseconds
