t,count,max,mean,min,stddev,p50,p75,p95,p98,p99,p999,mean_rate,m1_rate,m5_rate,m15_rate,rate_unit,duration_unit
1617577389,23,3.369884,0.372264,0.009588,0.199936,0.321354,0.438939,0.582972,0.582972,0.582972,3.369884,0.076671,0.041674,1.150441,2.177545,calls/second,milliseconds
1617577628,70,3.369884,0.505412,0.008520,0.563206,0.252519,0.941778,1.595263,1.796296,2.150396,2.150396,0.129902,0.062293,0.606513,1.711094,calls/second,milliseconds
1617577628,70,3.369884,0.505412,0.008520,0.563206,0.252519,0.941778,1.595263,1.796296,2.150396,2.150396,0.129901,0.062293,0.606513,1.711094,calls/second,milliseconds
