t,count,max,mean,min,stddev,p50,p75,p95,p98,p99,p999,mean_rate,m1_rate,m5_rate,m15_rate,rate_unit,duration_unit
1617575895,19,3.265592,0.256710,0.009774,0.402353,0.210694,0.210694,0.367086,1.985330,2.657101,3.265592,0.063337,0.043221,1.150599,2.177567,calls/second,milliseconds
1617576196,67,3.265592,0.363787,0.006280,0.399037,0.192906,0.442666,1.245339,1.738586,1.890103,2.176696,0.111659,0.078410,0.511927,1.596463,calls/second,milliseconds
1617576311,73,3.265592,0.517559,0.006280,0.523964,0.218266,0.685939,1.545663,1.545663,1.545663,1.890103,0.102010,0.028569,0.354641,1.407074,calls/second,milliseconds
1617576311,73,3.265592,0.517559,0.006280,0.523964,0.218266,0.685939,1.545663,1.545663,1.545663,1.890103,0.102009,0.028569,0.354641,1.407074,calls/second,milliseconds
