t,count,max,mean,min,stddev,p50,p75,p95,p98,p99,p999,mean_rate,m1_rate,m5_rate,m15_rate,rate_unit,duration_unit
1607898041,19,4.752846,0.824072,0.012930,0.603078,0.650461,1.245625,1.273425,1.593323,4.752846,4.752846,0.063025,0.021515,0.322726,0.589266,calls/second,milliseconds
1607898342,60,4.752846,0.300663,0.012930,0.392096,0.200031,0.345593,1.175378,1.229251,2.502196,2.502196,0.099730,0.319568,0.228719,0.463758,calls/second,milliseconds
1607898641,73,4.752846,0.918466,0.012930,0.735079,0.836132,1.204581,3.223405,3.223405,3.223405,3.223405,0.080979,0.017837,0.106568,0.344383,calls/second,milliseconds
1607898938,82,4.752846,0.612838,0.012930,0.736428,0.331873,0.630486,2.338295,2.338295,2.350736,2.350736,0.068469,0.015371,0.050294,0.252846,calls/second,milliseconds
1607898938,82,4.752846,0.612838,0.012930,0.736428,0.331873,0.630486,2.338295,2.338295,2.350736,2.350736,0.068468,0.015371,0.050294,0.252846,calls/second,milliseconds
