t,count,max,mean,min,stddev,p50,p75,p95,p98,p99,p999,mean_rate,m1_rate,m5_rate,m15_rate,rate_unit,duration_unit
1607744698,5,22.642225,4.539879,0.002649,9.051178,0.012032,0.031560,22.642225,22.642225,22.642225,22.642225,0.016665,0.000817,0.006609,0.004082,calls/second,milliseconds
1607744998,27,22.642225,2.099949,0.002649,3.827795,0.290266,0.594059,11.171977,11.171977,11.171977,11.171977,0.044998,0.009707,0.037270,0.021977,calls/second,milliseconds
1607745297,27,22.642225,2.099949,0.002649,3.827795,0.290266,0.594059,11.171977,11.171977,11.171977,11.171977,0.029999,0.000065,0.013711,0.015747,calls/second,milliseconds
1607745597,27,22.642225,2.099949,0.002649,3.827795,0.290266,0.594059,11.171977,11.171977,11.171977,11.171977,0.022500,0.000000,0.005044,0.011284,calls/second,milliseconds
1607745897,27,22.642225,2.099949,0.002649,3.827795,0.290266,0.594059,11.171977,11.171977,11.171977,11.171977,0.018000,0.000000,0.001856,0.008085,calls/second,milliseconds
1607746197,27,22.642225,2.099949,0.002649,3.827795,0.290266,0.594059,11.171977,11.171977,11.171977,11.171977,0.015000,0.000000,0.000683,0.005793,calls/second,milliseconds
1607746497,27,22.642225,2.099949,0.002649,3.827795,0.290266,0.594059,11.171977,11.171977,11.171977,11.171977,0.012857,0.000000,0.000251,0.004151,calls/second,milliseconds
1607746720,28,22.642225,1.980899,0.002649,0.000009,1.980899,1.980899,1.980899,1.980899,1.980899,1.980899,0.012058,0.000000,0.000121,0.003251,calls/second,milliseconds
1607746720,28,22.642225,1.980899,0.002649,0.000009,1.980899,1.980899,1.980899,1.980899,1.980899,1.980899,0.012058,0.000000,0.000121,0.003251,calls/second,milliseconds
