t,count,max,mean,min,stddev,p50,p75,p95,p98,p99,p999,mean_rate,m1_rate,m5_rate,m15_rate,rate_unit,duration_unit
1617620018,19,0.318343,0.212217,0.003750,0.118719,0.318343,0.318343,0.318343,0.318343,0.318343,0.318343,0.063327,0.034721,1.130975,2.165416,calls/second,milliseconds
1617620318,67,0.318343,0.034966,0.003750,0.040855,0.016847,0.029242,0.103836,0.103836,0.103836,0.318343,0.111662,0.044857,0.500801,1.594623,calls/second,milliseconds
1617620385,72,0.318343,0.064836,0.003750,0.070941,0.025669,0.148033,0.193529,0.193529,0.193529,0.311129,0.107923,0.022736,0.406090,1.484570,calls/second,milliseconds
1617620385,72,0.318343,0.064836,0.003750,0.070941,0.025669,0.148033,0.193529,0.193529,0.193529,0.311129,0.107921,0.022736,0.406090,1.484570,calls/second,milliseconds
