t,count,max,mean,min,stddev,p50,p75,p95,p98,p99,p999,mean_rate,m1_rate,m5_rate,m15_rate,rate_unit,duration_unit
1608491498,70,3.446831,0.181035,0.001554,0.276643,0.077144,0.312323,0.478812,0.788767,0.788767,3.446831,0.375625,0.284015,0.590897,0.717058,calls/second,milliseconds
1608491498,70,3.446831,0.181035,0.001554,0.276643,0.077144,0.312323,0.478812,0.788767,0.788767,3.446831,0.375616,0.284015,0.590897,0.717058,calls/second,milliseconds
