t,count,max,mean,min,stddev,p50,p75,p95,p98,p99,p999,mean_rate,m1_rate,m5_rate,m15_rate,rate_unit,duration_unit
1609999917,32,0.121304,0.013662,0.000728,0.017372,0.005937,0.019520,0.057530,0.061913,0.061913,0.061913,0.106660,0.227681,1.173761,2.179823,calls/second,milliseconds
1610000029,74,0.121304,0.009449,0.000728,0.011031,0.005366,0.009137,0.030378,0.041081,0.057530,0.061913,0.179675,0.286366,0.916878,1.968467,calls/second,milliseconds
1610000029,74,0.121304,0.009449,0.000728,0.011031,0.005366,0.009137,0.030378,0.041081,0.057530,0.061913,0.179540,0.286366,0.916878,1.968467,calls/second,milliseconds
