t,count,max,mean,min,stddev,p50,p75,p95,p98,p99,p999,mean_rate,m1_rate,m5_rate,m15_rate,rate_unit,duration_unit
1614113244,62,27.449892,2.020373,0.003019,4.838379,0.611751,1.222222,8.823857,22.293235,27.449892,27.449892,27.006396,0.000000,0.000000,0.000000,calls/second,milliseconds
1614113244,62,27.449892,2.020373,0.003019,4.838379,0.611751,1.222222,8.823857,22.293235,27.449892,27.449892,26.757696,0.000000,0.000000,0.000000,calls/second,milliseconds
