t,count,max,mean,min,stddev,p50,p75,p95,p98,p99,p999,mean_rate,m1_rate,m5_rate,m15_rate,rate_unit,duration_unit
1617612274,5,40.341635,8.085960,0.009408,16.127845,0.014985,0.053140,40.341635,40.341635,40.341635,40.341635,0.016665,0.007324,0.374062,0.720523,calls/second,milliseconds
1617612574,27,40.341635,2.843351,0.009408,5.224559,0.242003,0.564115,14.098246,14.098246,15.849409,15.849409,0.044998,0.063372,0.187329,0.537702,calls/second,milliseconds
1617612707,28,40.341635,3.387353,0.009408,3.249487,3.721041,3.721041,13.004258,14.098246,14.098246,15.849409,0.038192,0.007260,0.121454,0.465382,calls/second,milliseconds
1617612707,28,40.341635,3.387353,0.009408,3.249487,3.721041,3.721041,13.004258,14.098246,14.098246,15.849409,0.038191,0.007260,0.121454,0.465382,calls/second,milliseconds
