t,count,max,mean,min,stddev,p50,p75,p95,p98,p99,p999,mean_rate,m1_rate,m5_rate,m15_rate,rate_unit,duration_unit
1617635092,32,4.859366,0.411660,0.017161,0.495099,0.305370,0.504762,1.614737,1.614737,1.653390,4.859366,0.106622,0.199912,1.172435,2.179671,calls/second,milliseconds
1617635324,70,4.859366,0.243432,0.009639,0.286584,0.121230,0.290155,1.001148,1.219040,1.309944,1.614737,0.131508,0.051253,0.607581,1.719081,calls/second,milliseconds
1617635324,70,4.859366,0.243432,0.009639,0.286584,0.121230,0.290155,1.001148,1.219040,1.309944,1.614737,0.131505,0.051253,0.607581,1.719081,calls/second,milliseconds
