t,count,max,mean,min,stddev,p50,p75,p95,p98,p99,p999,mean_rate,m1_rate,m5_rate,m15_rate,rate_unit,duration_unit
1617644394,12,29.110858,1.467613,0.002467,2.834694,0.018405,1.869766,7.040531,7.040531,7.040531,29.110858,0.039997,0.079722,0.395215,0.728049,calls/second,milliseconds
1617644612,28,29.110858,1.857512,0.002467,2.708704,1.751459,1.751459,9.606337,11.981917,11.981917,11.981917,0.054060,0.014330,0.220003,0.586902,calls/second,milliseconds
1617644612,28,29.110858,1.857512,0.002467,2.708704,1.751459,1.751459,9.606337,11.981917,11.981917,11.981917,0.054059,0.014330,0.220003,0.586902,calls/second,milliseconds
