t,count,max,mean,min,stddev,p50,p75,p95,p98,p99,p999,mean_rate,m1_rate,m5_rate,m15_rate,rate_unit,duration_unit
1609438310,19,3.086509,0.133081,0.004325,0.423405,0.029179,0.063151,0.387727,1.072821,3.086509,3.086509,0.063331,0.017587,0.322149,0.589181,calls/second,milliseconds
1609438610,51,3.086509,0.283526,0.003560,0.341385,0.079372,0.519392,0.870272,0.875762,1.500497,1.500497,0.085000,0.236498,0.207081,0.457548,calls/second,milliseconds
1609438910,73,3.086509,0.414135,0.003560,0.368758,0.506846,0.581479,1.090954,1.500497,1.931534,1.931534,0.081111,0.015940,0.109175,0.346481,calls/second,milliseconds
1609439210,78,3.086509,0.185591,0.003560,0.066410,0.187483,0.187483,0.209443,0.209443,0.374119,0.870272,0.065000,0.011028,0.049921,0.252871,calls/second,milliseconds
1609439269,83,3.086509,0.644728,0.003560,0.625327,0.152827,1.359545,1.381788,1.381788,1.381788,1.381788,0.065957,0.011007,0.043670,0.237611,calls/second,milliseconds
1609439269,83,3.086509,0.644728,0.003560,0.625327,0.152827,1.359545,1.381788,1.381788,1.381788,1.381788,0.065957,0.011007,0.043670,0.237611,calls/second,milliseconds
