t,count,max,mean,min,stddev,p50,p75,p95,p98,p99,p999,mean_rate,m1_rate,m5_rate,m15_rate,rate_unit,duration_unit
1609950267,63,0.131216,0.005506,0.000166,0.007536,0.002102,0.007100,0.015684,0.024800,0.027523,0.131216,0.209975,0.137860,0.423760,0.632432,calls/second,milliseconds
1609950343,68,0.131216,0.009314,0.000166,0.008868,0.007100,0.011654,0.026667,0.026667,0.026667,0.027523,0.180479,0.046447,0.332823,0.582914,calls/second,milliseconds
1609950343,68,0.131216,0.009314,0.000166,0.008868,0.007100,0.011654,0.026667,0.026667,0.026667,0.027523,0.180474,0.046447,0.332823,0.582914,calls/second,milliseconds
