t,count,max,mean,min,stddev,p50,p75,p95,p98,p99,p999,mean_rate,m1_rate,m5_rate,m15_rate,rate_unit,duration_unit
1617667702,32,5.726569,0.413743,0.037114,0.414645,0.358685,0.527504,1.103267,1.123269,1.251942,5.093826,0.106624,0.227699,1.173782,2.179828,calls/second,milliseconds
1617667840,68,6.023289,0.803519,0.024310,1.586215,0.224937,0.358685,6.023289,6.023289,6.023289,6.023289,0.155050,0.147862,0.827235,1.908320,calls/second,milliseconds
1617667840,68,6.023289,0.803519,0.024310,1.586215,0.224937,0.358685,6.023289,6.023289,6.023289,6.023289,0.155048,0.147862,0.827235,1.908320,calls/second,milliseconds
