t,count,max,mean,min,stddev,p50,p75,p95,p98,p99,p999,mean_rate,m1_rate,m5_rate,m15_rate,rate_unit,duration_unit
1617678880,17,34.463711,2.504921,0.002440,6.068451,0.163880,0.796862,23.045645,23.045645,23.045645,34.463711,0.056662,0.151261,0.411324,0.733541,calls/second,milliseconds
1617678987,28,34.463711,2.701585,0.002440,4.638218,0.192681,4.049201,13.206741,23.045645,23.045645,23.045645,0.068794,0.070575,0.315395,0.662931,calls/second,milliseconds
1617678987,28,34.463711,2.701585,0.002440,4.638218,0.192681,4.049201,13.206741,23.045645,23.045645,23.045645,0.068793,0.070575,0.315395,0.662931,calls/second,milliseconds
