t,count,max,mean,min,stddev,p50,p75,p95,p98,p99,p999,mean_rate,m1_rate,m5_rate,m15_rate,rate_unit,duration_unit
1617577389,23,0.360553,0.071776,0.003680,0.114331,0.017749,0.041810,0.360553,0.360553,0.360553,0.360553,0.076660,0.102307,1.144649,2.169913,calls/second,milliseconds
1617577628,70,0.360553,0.048569,0.003680,0.061470,0.016810,0.056859,0.176160,0.176160,0.191128,0.360553,0.129891,0.062293,0.606513,1.711094,calls/second,milliseconds
1617577628,70,0.360553,0.048569,0.003680,0.061470,0.016810,0.056859,0.176160,0.176160,0.191128,0.360553,0.129890,0.062293,0.606513,1.711094,calls/second,milliseconds
