t,count,max,mean,min,stddev,p50,p75,p95,p98,p99,p999,mean_rate,m1_rate,m5_rate,m15_rate,rate_unit,duration_unit
1609419451,27,34.828147,1.808348,0.004883,3.593729,0.143697,0.795475,8.742232,13.294348,13.294348,34.828147,0.089993,0.137340,0.066354,0.026902,calls/second,milliseconds
1609419605,28,34.828147,2.344480,0.004883,2.526630,2.828052,2.828052,7.645524,8.742232,13.294348,13.294348,0.061674,0.011274,0.040246,0.022772,calls/second,milliseconds
1609419605,28,34.828147,2.344480,0.004883,2.526630,2.828052,2.828052,7.645524,8.742232,13.294348,13.294348,0.061673,0.011274,0.040246,0.022772,calls/second,milliseconds
