t,count,max,mean,min,stddev,p50,p75,p95,p98,p99,p999,mean_rate,m1_rate,m5_rate,m15_rate,rate_unit,duration_unit
1617620765,19,4.509926,0.181412,0.007720,0.491801,0.072463,0.162989,0.418859,0.889327,4.509926,4.509926,0.063337,0.036630,1.149835,2.177458,calls/second,milliseconds
1617621065,67,4.509926,0.362051,0.007720,0.445244,0.149186,0.523596,1.429481,1.718930,1.987894,1.987894,0.111670,0.081962,0.520214,1.605278,calls/second,milliseconds
1617621170,73,4.509926,0.348159,0.007720,0.333713,0.132301,0.674847,0.733788,1.200913,1.429481,1.987894,0.103569,0.028663,0.372120,1.430593,calls/second,milliseconds
1617621170,73,4.509926,0.348159,0.007720,0.333713,0.132301,0.674847,0.733788,1.200913,1.429481,1.987894,0.103568,0.028663,0.372120,1.430593,calls/second,milliseconds
