t,count,max,mean,min,stddev,p50,p75,p95,p98,p99,p999,mean_rate,m1_rate,m5_rate,m15_rate,rate_unit,duration_unit
1617590745,39,4.758407,0.297649,0.016758,0.350381,0.222160,0.304265,1.470611,1.575961,1.575961,1.811010,0.129947,0.271503,1.192865,2.187087,calls/second,milliseconds
1617590928,69,4.758407,0.655823,0.012039,0.959694,0.244659,0.503321,3.784460,3.784460,3.784460,3.784460,0.142788,0.056392,0.707864,1.815164,calls/second,milliseconds
1617590928,69,4.758407,0.655823,0.012039,0.959694,0.244659,0.503321,3.784460,3.784460,3.784460,3.784460,0.142786,0.056392,0.707864,1.815164,calls/second,milliseconds
