t,count,max,mean,min,stddev,p50,p75,p95,p98,p99,p999,mean_rate,m1_rate,m5_rate,m15_rate,rate_unit,duration_unit
1617679340,44,2.456596,0.275371,0.004670,0.335733,0.115523,0.394000,1.104302,1.311281,1.311281,2.333623,0.146673,0.348106,1.228341,2.204696,calls/second,milliseconds
1617679437,68,2.456596,0.328032,0.004670,0.313317,0.339913,0.526649,0.972186,1.187934,1.187934,1.311281,0.171114,0.172400,0.932686,1.993366,calls/second,milliseconds
1617679437,68,2.456596,0.328032,0.004670,0.313317,0.339913,0.526649,0.972186,1.187934,1.187934,1.311281,0.170677,0.172400,0.932686,1.993366,calls/second,milliseconds
