t,count,max,mean,min,stddev,p50,p75,p95,p98,p99,p999,mean_rate,m1_rate,m5_rate,m15_rate,rate_unit,duration_unit
1608503697,62,26.147039,1.946695,0.022100,4.589624,0.791027,1.646484,7.686935,24.580933,26.147039,26.147039,8.138552,5.600000,5.600000,5.600000,calls/second,milliseconds
1608503698,62,26.147039,1.946695,0.022100,4.589624,0.791027,1.646484,7.686935,24.580933,26.147039,26.147039,8.116632,5.600000,5.600000,5.600000,calls/second,milliseconds
