t,count,max,mean,min,stddev,p50,p75,p95,p98,p99,p999,mean_rate,m1_rate,m5_rate,m15_rate,rate_unit,duration_unit
1617633906,32,0.260547,0.010685,0.000087,0.041774,0.001960,0.002633,0.022450,0.260547,0.260547,0.260547,0.106658,0.171176,1.170576,2.179440,calls/second,milliseconds
1617634144,70,0.260547,0.019931,0.000087,0.028294,0.001668,0.055330,0.069807,0.069807,0.069807,0.260547,0.130244,0.084959,0.604265,1.712319,calls/second,milliseconds
1617634144,70,0.260547,0.019931,0.000087,0.028294,0.001668,0.055330,0.069807,0.069807,0.069807,0.260547,0.130242,0.084959,0.604265,1.712319,calls/second,milliseconds
