t,count,max,mean,min,stddev,p50,p75,p95,p98,p99,p999,mean_rate,m1_rate,m5_rate,m15_rate,rate_unit,duration_unit
1609422680,7,60.257648,2.076304,0.002593,5.091973,1.331315,2.071529,2.071529,2.071529,2.071529,60.257648,0.023332,0.031456,0.013056,0.006269,calls/second,milliseconds
1609422980,27,60.257648,2.787481,0.002593,5.287330,0.258289,0.844601,14.432412,16.105227,16.105227,16.105227,0.044998,0.005042,0.033034,0.021167,calls/second,milliseconds
1609423123,28,60.257648,1.840949,0.002593,1.214792,1.790015,1.790015,1.790015,1.790015,2.071529,16.105227,0.037702,0.000489,0.020715,0.018118,calls/second,milliseconds
1609423123,28,60.257648,1.840949,0.002593,1.214792,1.790015,1.790015,1.790015,1.790015,2.071529,16.105227,0.037701,0.000489,0.020715,0.018118,calls/second,milliseconds
