t,count,max,mean,min,stddev,p50,p75,p95,p98,p99,p999,mean_rate,m1_rate,m5_rate,m15_rate,rate_unit,duration_unit
1617611583,19,0.364311,0.058529,0.004483,0.034185,0.072160,0.072160,0.072160,0.072160,0.072160,0.364311,0.063327,0.046805,1.132229,2.165591,calls/second,milliseconds
1617611883,67,0.364311,0.028798,0.001915,0.035971,0.010711,0.030333,0.125588,0.125588,0.125588,0.125588,0.111660,0.054709,0.501438,1.594739,calls/second,milliseconds
1617611902,71,0.364311,0.042906,0.001915,0.033060,0.034650,0.068826,0.087857,0.125588,0.125588,0.125588,0.114646,0.042608,0.476983,1.568381,calls/second,milliseconds
1617611902,71,0.364311,0.042906,0.001915,0.033060,0.034650,0.068826,0.087857,0.125588,0.125588,0.125588,0.114642,0.042608,0.476983,1.568381,calls/second,milliseconds
