t,count,max,mean,min,stddev,p50,p75,p95,p98,p99,p999,mean_rate,m1_rate,m5_rate,m15_rate,rate_unit,duration_unit
1609950267,63,5.215571,0.399734,0.005070,0.676540,0.134694,0.606878,1.240305,4.106805,4.106805,5.215571,0.210005,0.149841,0.430882,0.635955,calls/second,milliseconds
1609950343,68,5.215571,0.758346,0.005070,0.852271,0.289860,1.240174,2.360260,2.360260,2.360260,4.106805,0.180499,0.046447,0.332823,0.582914,calls/second,milliseconds
1609950343,68,5.215571,0.758346,0.005070,0.852271,0.289860,1.240174,2.360260,2.360260,2.360260,4.106805,0.180494,0.046447,0.332823,0.582914,calls/second,milliseconds
