t,count,max,mean,min,stddev,p50,p75,p95,p98,p99,p999,mean_rate,m1_rate,m5_rate,m15_rate,rate_unit,duration_unit
1617572617,19,6.023856,2.125355,0.034717,1.743698,1.475770,1.475770,5.247169,5.247169,5.247169,6.023856,0.063270,0.038342,1.131426,2.165481,calls/second,milliseconds
1617572917,67,6.023856,0.920804,0.034717,0.917715,0.375910,1.888243,2.191593,2.225423,3.016044,3.746123,0.111641,0.042934,0.499000,1.594325,calls/second,milliseconds
1617572925,71,6.023856,0.602951,0.034717,0.704512,0.299568,0.928927,2.191593,2.191593,2.225423,3.746123,0.116836,0.039501,0.490752,1.585492,calls/second,milliseconds
1617572925,71,6.023856,0.602951,0.034717,0.704512,0.299568,0.928927,2.191593,2.191593,2.225423,3.746123,0.116834,0.039501,0.490752,1.585492,calls/second,milliseconds
