t,count,max,mean,min,stddev,p50,p75,p95,p98,p99,p999,mean_rate,m1_rate,m5_rate,m15_rate,rate_unit,duration_unit
1617571844,19,6.581698,2.384929,0.032361,2.278978,1.290015,2.004085,6.581698,6.581698,6.581698,6.581698,0.063303,0.032763,1.130687,2.165374,calls/second,milliseconds
1617572144,67,6.581698,0.523840,0.029340,0.825627,0.281270,0.514538,1.356981,4.169529,4.169529,4.169529,0.111641,0.122560,0.521565,1.597863,calls/second,milliseconds
1617572238,73,6.581698,0.889519,0.029340,0.818266,0.430873,1.760077,1.773967,1.773967,4.169529,4.169529,0.105099,0.043020,0.392009,1.447903,calls/second,milliseconds
1617572238,73,6.581698,0.889519,0.029340,0.818266,0.430873,1.760077,1.773967,1.773967,4.169529,4.169529,0.105098,0.043020,0.392009,1.447903,calls/second,milliseconds
