t,count,max,mean,min,stddev,p50,p75,p95,p98,p99,p999,mean_rate,m1_rate,m5_rate,m15_rate,rate_unit,duration_unit
1609418738,68,0.180943,0.013469,0.000508,0.019164,0.006010,0.011010,0.048514,0.079400,0.088020,0.088020,0.226438,0.256319,0.447693,0.639015,calls/second,milliseconds
1609418819,74,0.180943,0.016887,0.000508,0.023152,0.006734,0.011703,0.073575,0.073575,0.079400,0.088020,0.194223,0.087690,0.348814,0.586798,calls/second,milliseconds
1609418819,74,0.180943,0.016887,0.000508,0.023152,0.006734,0.011703,0.073575,0.073575,0.079400,0.088020,0.193988,0.087690,0.348814,0.586798,calls/second,milliseconds
