t,count,max,mean,min,stddev,p50,p75,p95,p98,p99,p999,mean_rate,m1_rate,m5_rate,m15_rate,rate_unit,duration_unit
1617617856,19,3.962270,0.317590,0.006643,0.435042,0.292446,0.292446,0.596566,1.672574,1.846246,3.962270,0.063336,0.040252,1.150286,2.177523,calls/second,milliseconds
1617618156,67,3.962270,0.916875,0.006643,1.010477,0.478461,1.821464,2.336209,3.789420,3.789420,3.789420,0.111669,0.039840,0.503918,1.602593,calls/second,milliseconds
1617618163,71,3.962270,0.731147,0.006643,0.760744,0.410699,1.209302,2.336209,2.336209,3.789420,3.789420,0.116988,0.033724,0.487398,1.584885,calls/second,milliseconds
1617618163,71,3.962270,0.731147,0.006643,0.760744,0.410699,1.209302,2.336209,2.336209,3.789420,3.789420,0.116986,0.033724,0.487398,1.584885,calls/second,milliseconds
