t,count,max,mean,min,stddev,p50,p75,p95,p98,p99,p999,mean_rate,m1_rate,m5_rate,m15_rate,rate_unit,duration_unit
1609416470,28,29.297924,2.264874,0.006828,4.427282,0.275645,2.991718,11.825977,11.825977,29.297924,29.297924,0.234876,0.375847,0.758917,0.908536,calls/second,milliseconds
1609416470,28,29.297924,2.264874,0.006828,4.427282,0.275645,2.991718,11.825977,11.825977,29.297924,29.297924,0.234853,0.375847,0.758917,0.908536,calls/second,milliseconds
