t,count,max,mean,min,stddev,p50,p75,p95,p98,p99,p999,mean_rate,m1_rate,m5_rate,m15_rate,rate_unit,duration_unit
1609997576,59,0.110686,0.009197,0.000610,0.009946,0.006958,0.009734,0.035857,0.042189,0.056190,0.056190,0.196646,0.485522,0.445964,0.632546,calls/second,milliseconds
1609997770,74,0.110686,0.022439,0.000610,0.025635,0.009343,0.049097,0.074149,0.074149,0.074149,0.074149,0.150067,0.039736,0.258322,0.522376,calls/second,milliseconds
1609997770,74,0.110686,0.022439,0.000610,0.025635,0.009343,0.049097,0.074149,0.074149,0.074149,0.074149,0.150063,0.039736,0.258322,0.522376,calls/second,milliseconds
