t,count,max,mean,min,stddev,p50,p75,p95,p98,p99,p999,mean_rate,m1_rate,m5_rate,m15_rate,rate_unit,duration_unit
1617626795,63,3.393874,0.334227,0.008215,0.463959,0.122177,0.520685,0.897788,1.095118,3.393874,3.393874,0.444500,1.293424,7.781909,10.501691,calls/second,milliseconds
1617626795,63,3.393874,0.334227,0.008215,0.463959,0.122177,0.520685,0.897788,1.095118,3.393874,3.393874,0.444474,1.293424,7.781909,10.501691,calls/second,milliseconds
