t,count,max,mean,min,stddev,p50,p75,p95,p98,p99,p999,mean_rate,m1_rate,m5_rate,m15_rate,rate_unit,duration_unit
1617668198,44,0.327750,0.029211,0.001887,0.044035,0.013168,0.023910,0.155370,0.164884,0.164884,0.327750,0.146652,0.296895,1.206552,2.192296,calls/second,milliseconds
1617668287,68,0.327750,0.043582,0.001733,0.056193,0.018007,0.052652,0.175473,0.250596,0.250596,0.327750,0.174737,0.184273,0.962083,2.015331,calls/second,milliseconds
1617668287,68,0.327750,0.043582,0.001733,0.056193,0.018007,0.052652,0.175473,0.250596,0.250596,0.327750,0.174733,0.184273,0.962083,2.015331,calls/second,milliseconds
