t,count,max,mean,min,stddev,p50,p75,p95,p98,p99,p999,mean_rate,m1_rate,m5_rate,m15_rate,rate_unit,duration_unit
1608800659,5,14.391604,2.950963,0.002779,5.721673,0.019553,0.331487,14.391604,14.391604,14.391604,14.391604,0.016666,0.000752,0.006500,0.004059,calls/second,milliseconds
1608800959,27,14.391604,1.529213,0.001606,2.896425,0.125025,0.306726,9.456721,9.456721,9.456721,9.456721,0.044999,0.136969,0.060963,0.025549,calls/second,milliseconds
1608801175,28,14.391604,1.308103,0.001606,1.484943,1.230098,1.230098,5.109129,9.456721,9.456721,9.456721,0.034290,0.003805,0.029773,0.020120,calls/second,milliseconds
1608801175,28,14.391604,1.308103,0.001606,1.484943,1.230098,1.230098,5.109129,9.456721,9.456721,9.456721,0.034290,0.003805,0.029773,0.020120,calls/second,milliseconds
