t,count,max,mean,min,stddev,p50,p75,p95,p98,p99,p999,mean_rate,m1_rate,m5_rate,m15_rate,rate_unit,duration_unit
1609303498,19,2.040477,0.090032,0.001391,0.234455,0.053608,0.053608,0.258536,0.431524,2.040477,2.040477,0.063335,0.034673,1.149547,2.177416,calls/second,milliseconds
1609303798,68,2.040477,0.236411,0.001391,0.271407,0.089077,0.402947,0.747265,1.077527,1.361172,1.361172,0.113334,0.056275,0.514812,1.605044,calls/second,milliseconds
1609304098,73,2.040477,0.048324,0.001391,0.081974,0.037260,0.037260,0.037260,0.351572,0.500502,1.077527,0.081112,0.011299,0.199147,1.154671,calls/second,milliseconds
1609304398,78,2.040477,0.048811,0.001391,0.015318,0.039275,0.057636,0.074591,0.074591,0.074591,0.074591,0.065000,0.010996,0.083020,0.831965,calls/second,milliseconds
1609304698,83,2.040477,0.047482,0.001391,0.013705,0.058635,0.058635,0.058635,0.058635,0.058635,0.074591,0.055334,0.010994,0.040299,0.600736,calls/second,milliseconds
1609304727,88,2.040477,0.419129,0.001391,0.446715,0.093179,0.927452,1.031666,1.031666,1.031666,1.031666,0.057558,0.018127,0.039557,0.582125,calls/second,milliseconds
1609304727,88,2.040477,0.419129,0.001391,0.446715,0.093179,0.927452,1.031666,1.031666,1.031666,1.031666,0.057557,0.018127,0.039557,0.582125,calls/second,milliseconds
