t,count,max,mean,min,stddev,p50,p75,p95,p98,p99,p999,mean_rate,m1_rate,m5_rate,m15_rate,rate_unit,duration_unit
1610012938,19,3.459014,0.271946,0.001317,0.404744,0.347660,0.347660,0.347660,0.560622,3.459014,3.459014,0.063335,0.023385,0.328150,0.592549,calls/second,milliseconds
1610013238,51,3.459014,0.281452,0.000890,0.451298,0.046350,0.455659,0.716657,2.033290,2.033290,2.033290,0.085001,0.242542,0.208067,0.457725,calls/second,milliseconds
1610013538,77,3.689070,0.207475,0.000293,0.403468,0.059713,0.300995,0.716657,0.911718,2.033290,3.689070,0.085556,0.021134,0.115767,0.350031,calls/second,milliseconds
1610013838,82,3.689070,0.076664,0.000293,0.081276,0.060862,0.060862,0.073203,0.367356,0.367356,0.710237,0.068333,0.015383,0.053019,0.255519,calls/second,milliseconds
1610013896,87,3.689070,0.772017,0.000293,0.916609,0.104823,1.298890,2.334759,2.334759,2.334759,2.334759,0.069181,0.015358,0.046399,0.240111,calls/second,milliseconds
1610013896,87,3.689070,0.772017,0.000293,0.916609,0.104823,1.298890,2.334759,2.334759,2.334759,2.334759,0.069180,0.015358,0.046399,0.240111,calls/second,milliseconds
