t,count,max,mean,min,stddev,p50,p75,p95,p98,p99,p999,mean_rate,m1_rate,m5_rate,m15_rate,rate_unit,duration_unit
1617572617,19,3.629226,0.130704,0.006011,0.374757,0.055368,0.055368,0.422124,0.839994,1.402191,3.629226,0.063303,0.038342,1.131426,2.165481,calls/second,milliseconds
1617572917,67,4.482549,0.353544,0.002195,0.690663,0.105060,0.395327,1.092235,1.830571,4.482549,4.482549,0.111671,0.046665,0.507386,1.603207,calls/second,milliseconds
1617572925,71,4.482549,0.519952,0.002195,0.648702,0.191560,0.799770,1.536437,1.536437,1.830571,4.482549,0.116866,0.039501,0.490752,1.585492,calls/second,milliseconds
1617572925,71,4.482549,0.519952,0.002195,0.648702,0.191560,0.799770,1.536437,1.536437,1.830571,4.482549,0.116864,0.039501,0.490752,1.585492,calls/second,milliseconds
