t,count,max,mean,min,stddev,p50,p75,p95,p98,p99,p999,mean_rate,m1_rate,m5_rate,m15_rate,rate_unit,duration_unit
1617663115,19,0.186484,0.086783,0.002120,0.042960,0.096440,0.096440,0.186484,0.186484,0.186484,0.186484,0.063329,0.042992,1.131899,2.165546,calls/second,milliseconds
1617663415,67,0.186484,0.027410,0.001329,0.031536,0.007260,0.057653,0.078870,0.078870,0.084227,0.096440,0.111640,0.061020,0.505822,1.595488,calls/second,milliseconds
1617663417,71,0.186484,0.016262,0.001329,0.025767,0.004561,0.007833,0.078870,0.078870,0.078870,0.096440,0.117933,0.061020,0.505822,1.595488,calls/second,milliseconds
1617663417,71,0.186484,0.016262,0.001329,0.025767,0.004561,0.007833,0.078870,0.078870,0.078870,0.096440,0.117932,0.061020,0.505822,1.595488,calls/second,milliseconds
