t,count,max,mean,min,stddev,p50,p75,p95,p98,p99,p999,mean_rate,m1_rate,m5_rate,m15_rate,rate_unit,duration_unit
1617639920,24,3.759168,0.493676,0.004627,0.513944,0.389245,0.837991,1.444545,1.444545,1.444545,3.759168,0.080004,0.109336,1.166587,2.183049,calls/second,milliseconds
1617640185,70,3.759168,0.459799,0.004627,0.522419,0.122090,0.748558,1.479898,1.479898,1.479898,2.202189,0.123917,0.035158,0.553293,1.663371,calls/second,milliseconds
1617640185,70,3.759168,0.459799,0.004627,0.522419,0.122090,0.748558,1.479898,1.479898,1.479898,2.202189,0.123914,0.035158,0.553293,1.663371,calls/second,milliseconds
