t,count,max,mean,min,stddev,p50,p75,p95,p98,p99,p999,mean_rate,m1_rate,m5_rate,m15_rate,rate_unit,duration_unit
1617582118,12,29.740559,2.077895,0.004508,3.571729,0.020970,3.483634,9.546731,9.546731,9.546731,29.740559,0.039997,0.089261,0.395770,0.728115,calls/second,milliseconds
1617582343,28,29.740559,1.731612,0.004508,2.357646,1.829421,1.829421,6.683233,11.790619,11.790619,11.790619,0.053268,0.012686,0.213320,0.580517,calls/second,milliseconds
1617582343,28,29.740559,1.731612,0.004508,2.357646,1.829421,1.829421,6.683233,11.790619,11.790619,11.790619,0.053154,0.012686,0.213320,0.580517,calls/second,milliseconds
