t,count,max,mean,min,stddev,p50,p75,p95,p98,p99,p999,mean_rate,m1_rate,m5_rate,m15_rate,rate_unit,duration_unit
1607880155,65,4.360502,0.657106,0.009923,1.009480,0.210276,0.671131,3.182994,4.360502,4.360502,4.360502,0.484275,0.474952,0.683630,0.755555,calls/second,milliseconds
1607880155,65,4.360502,0.657106,0.009923,1.009480,0.210276,0.671131,3.182994,4.360502,4.360502,4.360502,0.484206,0.474952,0.683630,0.755555,calls/second,milliseconds
