t,count,max,mean,min,stddev,p50,p75,p95,p98,p99,p999,mean_rate,m1_rate,m5_rate,m15_rate,rate_unit,duration_unit
1618737701,62,6.392692,0.409042,0.006517,0.470400,0.378989,0.643013,1.313368,1.836024,1.836024,1.836024,0.206667,0.399724,0.453120,0.638163,calls/second,milliseconds
1618737863,69,6.392692,0.680454,0.006517,0.711706,0.134204,1.369318,1.918130,1.918130,1.918130,1.918130,0.149241,0.038968,0.268749,0.534260,calls/second,milliseconds
1618737863,69,6.392692,0.680454,0.006517,0.711706,0.134204,1.369318,1.918130,1.918130,1.918130,1.918130,0.149238,0.038968,0.268749,0.534260,calls/second,milliseconds
