t,count,max,mean,min,stddev,p50,p75,p95,p98,p99,p999,mean_rate,m1_rate,m5_rate,m15_rate,rate_unit,duration_unit
1617633906,32,5.950355,0.257956,0.025360,0.292659,0.212493,0.270026,0.517039,0.680595,1.292393,5.950355,0.106623,0.171176,1.170576,2.179440,calls/second,milliseconds
1617634144,70,5.950355,0.517346,0.019835,0.481187,0.373845,1.074585,1.394721,1.394721,1.394721,1.394721,0.130220,0.084959,0.604265,1.712319,calls/second,milliseconds
1617634144,70,5.950355,0.517346,0.019835,0.481187,0.373845,1.074585,1.394721,1.394721,1.394721,1.394721,0.130218,0.084959,0.604265,1.712319,calls/second,milliseconds
