t,count,max,mean,min,stddev,p50,p75,p95,p98,p99,p999,mean_rate,m1_rate,m5_rate,m15_rate,rate_unit,duration_unit
1617583269,32,0.518886,0.038530,0.000447,0.108793,0.002244,0.007114,0.080447,0.518886,0.518886,0.518886,0.106656,0.191026,1.171371,2.179520,calls/second,milliseconds
1617583486,70,0.518886,0.055763,0.000334,0.105690,0.002526,0.056832,0.354715,0.354715,0.354715,0.518886,0.135271,0.048725,0.636241,1.747572,calls/second,milliseconds
1617583486,70,0.518886,0.055763,0.000334,0.105690,0.002526,0.056832,0.354715,0.354715,0.354715,0.518886,0.135270,0.048725,0.636241,1.747572,calls/second,milliseconds
