t,count,max,mean,min,stddev,p50,p75,p95,p98,p99,p999,mean_rate,m1_rate,m5_rate,m15_rate,rate_unit,duration_unit
1617641144,44,3.939744,0.255390,0.011820,0.293899,0.173249,0.272836,1.026989,1.225929,1.225929,1.225929,0.146607,0.346956,1.209425,2.192647,calls/second,milliseconds
1617641359,69,3.939744,0.368721,0.011820,0.374949,0.248123,0.646473,1.051395,1.176461,1.176461,1.225929,0.133959,0.078412,0.639776,1.749248,calls/second,milliseconds
1617641359,69,3.939744,0.368721,0.011820,0.374949,0.248123,0.646473,1.051395,1.176461,1.176461,1.225929,0.133956,0.078412,0.639776,1.749248,calls/second,milliseconds
