t,count,max,mean,min,stddev,p50,p75,p95,p98,p99,p999,mean_rate,m1_rate,m5_rate,m15_rate,rate_unit,duration_unit
1617587247,15,32.768738,1.389692,0.002134,3.234595,0.167500,0.779375,10.475505,10.475505,10.475505,32.768738,0.049997,0.121351,0.404736,0.731326,calls/second,milliseconds
1617587440,28,32.768738,1.448851,0.002134,2.041613,1.584820,1.584820,5.282167,7.997949,10.475505,10.475505,0.056690,0.018710,0.238106,0.603270,calls/second,milliseconds
1617587440,28,32.768738,1.448851,0.002134,2.041613,1.584820,1.584820,5.282167,7.997949,10.475505,10.475505,0.056689,0.018710,0.238106,0.603270,calls/second,milliseconds
