t,count,max,mean,min,stddev,p50,p75,p95,p98,p99,p999,mean_rate,m1_rate,m5_rate,m15_rate,rate_unit,duration_unit
1617591799,19,0.189840,0.115527,0.001352,0.057337,0.162923,0.162923,0.162923,0.162923,0.162923,0.189840,0.063327,0.037033,1.131273,2.165459,calls/second,milliseconds
1617592099,67,0.198602,0.054401,0.001352,0.058569,0.019764,0.111966,0.136472,0.198602,0.198602,0.198602,0.111661,0.039570,0.497115,1.593977,calls/second,milliseconds
1617592115,71,0.198602,0.037934,0.001352,0.040140,0.019764,0.051970,0.136472,0.136472,0.198602,0.198602,0.115183,0.030817,0.472870,1.567631,calls/second,milliseconds
1617592115,71,0.198602,0.037934,0.001352,0.040140,0.019764,0.051970,0.136472,0.136472,0.198602,0.198602,0.115182,0.030817,0.472870,1.567631,calls/second,milliseconds
