t,count,max,mean,min,stddev,p50,p75,p95,p98,p99,p999,mean_rate,m1_rate,m5_rate,m15_rate,rate_unit,duration_unit
1607723932,65,0.283838,0.018560,0.001095,0.034798,0.006064,0.013966,0.102966,0.123193,0.123193,0.283838,0.514452,0.363407,0.681784,0.758072,calls/second,milliseconds
1607723932,65,0.283838,0.018560,0.001095,0.034798,0.006064,0.013966,0.102966,0.123193,0.123193,0.283838,0.514360,0.363407,0.681784,0.758072,calls/second,milliseconds
