t,count,max,mean,min,stddev,p50,p75,p95,p98,p99,p999,mean_rate,m1_rate,m5_rate,m15_rate,rate_unit,duration_unit
1610083912,19,2.315510,0.078840,0.003117,0.257233,0.014024,0.057523,0.301982,0.858672,2.315510,2.315510,0.063335,0.029344,0.328776,0.592636,calls/second,milliseconds
1610084212,60,2.493673,0.493485,0.003117,0.696193,0.137197,0.870432,2.493673,2.493673,2.493673,2.493673,0.100001,0.264993,0.227367,0.465743,calls/second,milliseconds
1610084513,72,2.493673,0.121692,0.003117,0.291413,0.053752,0.053752,0.500596,1.013630,2.007213,2.493673,0.079989,0.022256,0.103329,0.343092,calls/second,milliseconds
1610084619,78,2.493673,0.480047,0.003117,0.542025,0.128543,0.962452,1.406981,1.406981,1.406981,1.406981,0.077462,0.025741,0.078827,0.307456,calls/second,milliseconds
1610084619,78,2.493673,0.480047,0.003117,0.542025,0.128543,0.962452,1.406981,1.406981,1.406981,1.406981,0.077461,0.025741,0.078827,0.307456,calls/second,milliseconds
