t,count,max,mean,min,stddev,p50,p75,p95,p98,p99,p999,mean_rate,m1_rate,m5_rate,m15_rate,rate_unit,duration_unit
1608507758,17,26.443524,1.249289,0.004929,2.122114,0.195525,1.704744,5.767574,5.767574,5.767574,26.443524,0.056664,0.148100,0.411168,0.733523,calls/second,milliseconds
1608507822,28,26.443524,1.136268,0.004929,1.952008,0.223602,1.070019,6.362825,6.362825,6.362825,6.362825,0.077049,0.130282,0.365092,0.696756,calls/second,milliseconds
1608507822,28,26.443524,1.136268,0.004929,1.952008,0.223602,1.070019,6.362825,6.362825,6.362825,6.362825,0.077047,0.130282,0.365092,0.696756,calls/second,milliseconds
