t,count,max,mean,min,stddev,p50,p75,p95,p98,p99,p999,mean_rate,m1_rate,m5_rate,m15_rate,rate_unit,duration_unit
1608507002,62,2.360906,0.284813,0.004263,0.269363,0.184603,0.535561,0.745356,0.762605,0.762605,0.762605,0.206668,0.410568,1.274800,2.223083,calls/second,milliseconds
1608507019,67,2.360906,0.277167,0.004263,0.261020,0.165660,0.535561,0.745356,0.750780,0.762605,0.762605,0.211597,0.310176,1.195890,2.175334,calls/second,milliseconds
1608507019,67,2.360906,0.277167,0.004263,0.261020,0.165660,0.535561,0.745356,0.750780,0.762605,0.762605,0.211591,0.310176,1.195890,2.175334,calls/second,milliseconds
