t,count,max,mean,min,stddev,p50,p75,p95,p98,p99,p999,mean_rate,m1_rate,m5_rate,m15_rate,rate_unit,duration_unit
1617643803,32,0.194934,0.029053,0.001226,0.031678,0.012813,0.028451,0.108927,0.108927,0.108927,0.194934,0.106654,0.182587,1.171348,2.179537,calls/second,milliseconds
1617644037,70,0.223946,0.029343,0.001226,0.031839,0.018290,0.036813,0.114276,0.114276,0.122863,0.223946,0.131302,0.045431,0.605978,1.718803,calls/second,milliseconds
1617644037,70,0.223946,0.029343,0.001226,0.031839,0.018290,0.036813,0.114276,0.114276,0.122863,0.223946,0.131300,0.045431,0.605978,1.718803,calls/second,milliseconds
