t,count,max,mean,min,stddev,p50,p75,p95,p98,p99,p999,mean_rate,m1_rate,m5_rate,m15_rate,rate_unit,duration_unit
1617672278,44,4.024609,0.320922,0.009314,0.377845,0.190956,0.284803,0.969846,1.529937,1.529937,3.071946,0.146605,0.354458,1.209838,2.192692,calls/second,milliseconds
1617672383,68,6.159689,0.347242,0.009314,0.825843,0.160168,0.223746,1.136971,1.529937,6.159689,6.159689,0.167885,0.212552,0.914779,1.975049,calls/second,milliseconds
1617672383,68,6.159689,0.347242,0.009314,0.825843,0.160168,0.223746,1.136971,1.529937,6.159689,6.159689,0.167882,0.212552,0.914779,1.975049,calls/second,milliseconds
