t,count,max,mean,min,stddev,p50,p75,p95,p98,p99,p999,mean_rate,m1_rate,m5_rate,m15_rate,rate_unit,duration_unit
1617636892,44,4.870492,0.251846,0.018543,0.202572,0.234453,0.345766,0.484243,0.690765,0.934969,1.437206,0.146601,0.313243,1.207938,2.192484,calls/second,milliseconds
1617637087,69,4.870492,0.428189,0.018543,0.362625,0.301970,0.663095,1.055872,1.263048,1.263048,1.263048,0.139292,0.096953,0.682373,1.788321,calls/second,milliseconds
1617637087,69,4.870492,0.428189,0.018543,0.362625,0.301970,0.663095,1.055872,1.263048,1.263048,1.263048,0.139289,0.096953,0.682373,1.788321,calls/second,milliseconds
