t,count,max,mean,min,stddev,p50,p75,p95,p98,p99,p999,mean_rate,m1_rate,m5_rate,m15_rate,rate_unit,duration_unit
1617618537,19,4.851722,1.130323,0.006900,0.956093,1.911054,1.911054,1.911054,1.911054,4.851722,4.851722,0.063336,0.038943,1.150133,2.177501,calls/second,milliseconds
1617618837,67,4.851722,0.531641,0.002977,0.663461,0.245009,0.754609,2.264259,2.462389,2.462389,2.462389,0.111668,0.131516,0.529664,1.606690,calls/second,milliseconds
1617618963,73,4.851722,0.411055,0.002977,0.448053,0.143620,0.635107,0.941732,1.347955,2.264259,2.462389,0.100632,0.026297,0.348666,1.392646,calls/second,milliseconds
1617618963,73,4.851722,0.411055,0.002977,0.448053,0.143620,0.635107,0.941732,1.347955,2.264259,2.462389,0.100630,0.026297,0.348666,1.392646,calls/second,milliseconds
