t,count,max,mean,min,stddev,p50,p75,p95,p98,p99,p999,mean_rate,m1_rate,m5_rate,m15_rate,rate_unit,duration_unit
1617617053,19,2.650463,0.140409,0.016652,0.287740,0.078723,0.078723,0.462160,0.881342,2.650463,2.650463,0.063336,0.038943,1.150133,2.177501,calls/second,milliseconds
1617617353,67,3.154468,0.412590,0.006040,0.458744,0.211760,0.638739,1.151231,1.466443,2.300870,3.154468,0.111668,0.120524,0.527659,1.606396,calls/second,milliseconds
1617617474,73,3.154468,1.060257,0.006040,1.050424,0.376996,2.517922,2.542003,2.542003,2.542003,3.154468,0.101202,0.027213,0.353204,1.400149,calls/second,milliseconds
1617617474,73,3.154468,1.060257,0.006040,1.050424,0.376996,2.517922,2.542003,2.542003,2.542003,3.154468,0.101200,0.027213,0.353204,1.400149,calls/second,milliseconds
