t,count,max,mean,min,stddev,p50,p75,p95,p98,p99,p999,mean_rate,m1_rate,m5_rate,m15_rate,rate_unit,duration_unit
1617668198,44,0.227475,0.013725,0.000619,0.022234,0.005206,0.009916,0.076270,0.076955,0.076955,0.126100,0.146653,0.296895,1.206552,2.192296,calls/second,milliseconds
1617668287,68,0.227475,0.030433,0.000594,0.042645,0.010107,0.032551,0.131233,0.131233,0.182100,0.182100,0.174737,0.184273,0.962083,2.015331,calls/second,milliseconds
1617668287,68,0.227475,0.030433,0.000594,0.042645,0.010107,0.032551,0.131233,0.131233,0.182100,0.182100,0.174733,0.184273,0.962083,2.015331,calls/second,milliseconds
