t,count,max,mean,min,stddev,p50,p75,p95,p98,p99,p999,mean_rate,m1_rate,m5_rate,m15_rate,rate_unit,duration_unit
1609993701,64,0.163048,0.010318,0.000994,0.020981,0.004710,0.008216,0.036313,0.094170,0.163048,0.163048,1.718521,2.504773,2.861795,2.951344,calls/second,milliseconds
1609993701,64,0.163048,0.010318,0.000994,0.020981,0.004710,0.008216,0.036313,0.094170,0.163048,0.163048,1.718048,2.504773,2.861795,2.951344,calls/second,milliseconds
