t,count,max,mean,min,stddev,p50,p75,p95,p98,p99,p999,mean_rate,m1_rate,m5_rate,m15_rate,rate_unit,duration_unit
1618828928,28,27.832282,1.865747,0.003537,4.121594,0.230717,2.338278,10.210172,10.210172,27.832282,27.832282,0.226597,0.183063,0.074541,0.028157,calls/second,milliseconds
1618828928,28,27.832282,1.865747,0.003537,4.121594,0.230717,2.338278,10.210172,10.210172,27.832282,27.832282,0.226573,0.183063,0.074541,0.028157,calls/second,milliseconds
