t,count,max,mean,min,stddev,p50,p75,p95,p98,p99,p999,mean_rate,m1_rate,m5_rate,m15_rate,rate_unit,duration_unit
1617670924,44,3.030132,0.433938,0.003802,0.644144,0.180047,0.511901,2.271866,3.030132,3.030132,3.030132,0.146676,0.237645,1.202763,2.195930,calls/second,milliseconds
1617671026,68,4.854028,0.801865,0.003802,1.264376,0.333780,0.805853,4.854028,4.854028,4.854028,4.854028,0.168953,0.175783,0.919607,1.982641,calls/second,milliseconds
1617671026,68,4.854028,0.801865,0.003802,1.264376,0.333780,0.805853,4.854028,4.854028,4.854028,4.854028,0.168596,0.175783,0.919607,1.982641,calls/second,milliseconds
