t,count,max,mean,min,stddev,p50,p75,p95,p98,p99,p999,mean_rate,m1_rate,m5_rate,m15_rate,rate_unit,duration_unit
1609437388,19,0.073567,0.036939,0.000185,0.012747,0.044753,0.044753,0.044753,0.044753,0.044753,0.073567,0.063329,0.041311,1.131739,2.165524,calls/second,milliseconds
1609437688,51,0.357399,0.036024,0.000146,0.079444,0.003571,0.034682,0.296063,0.296063,0.357399,0.357399,0.084997,0.192727,0.500056,1.584364,calls/second,milliseconds
1609437988,73,0.357399,0.173582,0.000146,0.152057,0.067209,0.336879,0.336879,0.336879,0.336879,0.336879,0.081108,0.023746,0.217358,1.153899,calls/second,milliseconds
1609437996,77,0.357399,0.057954,0.000146,0.107565,0.014668,0.035038,0.336879,0.336879,0.336879,0.336879,0.084793,0.021848,0.213765,1.147506,calls/second,milliseconds
1609437996,77,0.357399,0.057954,0.000146,0.107565,0.014668,0.035038,0.336879,0.336879,0.336879,0.336879,0.084792,0.021848,0.213765,1.147506,calls/second,milliseconds
