t,count,max,mean,min,stddev,p50,p75,p95,p98,p99,p999,mean_rate,m1_rate,m5_rate,m15_rate,rate_unit,duration_unit
1609416004,62,14.819978,0.583583,0.032276,1.827153,0.255323,0.512271,1.059885,2.224921,14.819978,14.819978,2.443987,1.422681,0.926313,0.842184,calls/second,milliseconds
1609416004,62,14.819978,0.583583,0.032276,1.827153,0.255323,0.512271,1.059885,2.224921,14.819978,14.819978,2.442712,1.422681,0.926313,0.842184,calls/second,milliseconds
