t,count,max,mean,min,stddev,p50,p75,p95,p98,p99,p999,mean_rate,m1_rate,m5_rate,m15_rate,rate_unit,duration_unit
1609287829,62,1.575908,0.288775,0.001635,0.291453,0.206059,0.470231,0.802424,1.214099,1.214099,1.214099,0.206676,0.463723,1.277954,2.223465,calls/second,milliseconds
1609288129,67,1.575908,0.086137,0.001635,0.173270,0.033498,0.033498,0.507613,0.752218,0.802424,1.214099,0.111668,0.019689,0.480739,1.597919,calls/second,milliseconds
1609288429,72,1.575908,0.032560,0.001635,0.022325,0.036604,0.036604,0.036604,0.036604,0.037023,0.393938,0.080001,0.016697,0.187460,1.149696,calls/second,milliseconds
1609288517,78,1.575908,0.325253,0.001635,0.327133,0.222367,0.754306,0.767274,0.767274,0.767274,0.767274,0.078973,0.010120,0.141626,1.041330,calls/second,milliseconds
1609288517,78,1.575908,0.325253,0.001635,0.327133,0.222367,0.754306,0.767274,0.767274,0.767274,0.767274,0.078973,0.010120,0.141626,1.041330,calls/second,milliseconds
