t,count,max,mean,min,stddev,p50,p75,p95,p98,p99,p999,mean_rate,m1_rate,m5_rate,m15_rate,rate_unit,duration_unit
1617638718,32,0.129542,0.008234,0.000206,0.017552,0.002300,0.004194,0.052579,0.064399,0.064399,0.064399,0.106658,0.218142,1.172597,2.179656,calls/second,milliseconds
1617638988,71,0.129542,0.018278,0.000206,0.022974,0.006066,0.022441,0.064910,0.064910,0.064910,0.077795,0.124564,0.036767,0.544366,1.654711,calls/second,milliseconds
1617638988,71,0.129542,0.018278,0.000206,0.022974,0.006066,0.022441,0.064910,0.064910,0.064910,0.077795,0.124562,0.036767,0.544366,1.654711,calls/second,milliseconds
