t,count,max,mean,min,stddev,p50,p75,p95,p98,p99,p999,mean_rate,m1_rate,m5_rate,m15_rate,rate_unit,duration_unit
1617567519,19,9.372091,2.432071,0.046690,1.698961,1.609243,4.901451,4.901451,5.653481,5.653481,9.372091,0.063301,0.046805,1.132229,2.165591,calls/second,milliseconds
1617567819,67,9.372091,0.461912,0.046424,0.439295,0.278936,0.531078,1.384768,1.384768,1.734637,2.020926,0.111638,0.174803,0.529487,1.599075,calls/second,milliseconds
1617568119,72,58.492806,33.116168,0.046424,28.317660,58.492806,58.492806,58.492806,58.492806,58.492806,58.492806,0.079980,0.026305,0.206315,1.150658,calls/second,milliseconds
1617568193,77,58.492806,4.169530,0.046424,13.833931,0.418793,1.384768,58.492806,58.492806,58.492806,58.492806,0.079095,0.021728,0.166576,1.065650,calls/second,milliseconds
1617568193,77,58.492806,4.169530,0.046424,13.833931,0.418793,1.384768,58.492806,58.492806,58.492806,58.492806,0.079095,0.021728,0.166576,1.065650,calls/second,milliseconds
