t,count,max,mean,min,stddev,p50,p75,p95,p98,p99,p999,mean_rate,m1_rate,m5_rate,m15_rate,rate_unit,duration_unit
1617565015,19,0.699455,0.382509,0.004868,0.318845,0.476417,0.699455,0.699455,0.699455,0.699455,0.699455,0.063325,0.032763,1.130687,2.165374,calls/second,milliseconds
1617565315,67,0.699455,0.012286,0.001794,0.024628,0.006272,0.012250,0.039440,0.096636,0.096636,0.101767,0.111660,0.103453,0.518000,1.597342,calls/second,milliseconds
1617565385,73,0.699455,0.021601,0.001794,0.024733,0.013617,0.035961,0.069724,0.069724,0.069724,0.101767,0.109022,0.041409,0.419845,1.487088,calls/second,milliseconds
1617565385,73,0.699455,0.021601,0.001794,0.024733,0.013617,0.035961,0.069724,0.069724,0.069724,0.101767,0.109020,0.041409,0.419845,1.487088,calls/second,milliseconds
