t,count,max,mean,min,stddev,p50,p75,p95,p98,p99,p999,mean_rate,m1_rate,m5_rate,m15_rate,rate_unit,duration_unit
1617591285,54,0.142394,0.015777,0.001624,0.020497,0.008789,0.014922,0.064184,0.079000,0.115110,0.120266,0.179986,0.405963,1.236178,2.202951,calls/second,milliseconds
1617591441,69,0.390915,0.051401,0.001624,0.099667,0.011040,0.048440,0.390915,0.390915,0.390915,0.390915,0.151076,0.057644,0.761416,1.865026,calls/second,milliseconds
1617591441,69,0.390915,0.051401,0.001624,0.099667,0.011040,0.048440,0.390915,0.390915,0.390915,0.390915,0.151074,0.057644,0.761416,1.865026,calls/second,milliseconds
