t,count,max,mean,min,stddev,p50,p75,p95,p98,p99,p999,mean_rate,m1_rate,m5_rate,m15_rate,rate_unit,duration_unit
1617593609,32,3.579683,0.544262,0.007852,0.752344,0.211840,0.615539,2.543968,2.652825,2.652825,3.579683,0.106622,0.180195,1.171102,2.179504,calls/second,milliseconds
1617593799,69,3.579683,0.460783,0.005026,0.492681,0.191766,0.749129,1.263541,1.263541,1.263541,2.652825,0.140738,0.053519,0.686469,1.795414,calls/second,milliseconds
1617593799,69,3.579683,0.460783,0.005026,0.492681,0.191766,0.749129,1.263541,1.263541,1.263541,2.652825,0.140736,0.053519,0.686469,1.795414,calls/second,milliseconds
