t,count,max,mean,min,stddev,p50,p75,p95,p98,p99,p999,mean_rate,m1_rate,m5_rate,m15_rate,rate_unit,duration_unit
1617577389,23,3.624557,0.628680,0.035184,0.587461,0.330050,0.646826,1.659037,2.577321,2.577321,3.624557,0.076632,0.102307,1.144649,2.169913,calls/second,milliseconds
1617577628,70,3.624557,0.461299,0.032687,0.440149,0.268126,0.711549,1.239335,1.239335,1.345726,1.976342,0.129865,0.062293,0.606513,1.711094,calls/second,milliseconds
1617577628,70,3.624557,0.461299,0.032687,0.440149,0.268126,0.711549,1.239335,1.239335,1.345726,1.976342,0.129864,0.062293,0.606513,1.711094,calls/second,milliseconds
