t,count,max,mean,min,stddev,p50,p75,p95,p98,p99,p999,mean_rate,m1_rate,m5_rate,m15_rate,rate_unit,duration_unit
1609415847,66,6.212227,0.329381,0.002242,0.764751,0.165745,0.280586,1.394524,1.394524,4.574948,6.212227,0.514873,0.384785,0.686088,0.759319,calls/second,milliseconds
1609415847,66,6.212227,0.329381,0.002242,0.764751,0.165745,0.280586,1.394524,1.394524,4.574948,6.212227,0.514782,0.384785,0.686088,0.759319,calls/second,milliseconds
