t,count,max,mean,min,stddev,p50,p75,p95,p98,p99,p999,mean_rate,m1_rate,m5_rate,m15_rate,rate_unit,duration_unit
1617593609,32,4.473512,0.559938,0.001492,1.148761,0.176799,0.477022,4.473512,4.473512,4.473512,4.473512,0.106675,0.195079,1.190735,2.191640,calls/second,milliseconds
1617593799,69,4.473512,0.304193,0.000957,0.409991,0.140648,0.420340,0.736593,0.839284,1.194618,4.473512,0.140780,0.101462,0.696360,1.798733,calls/second,milliseconds
1617593799,69,4.473512,0.304193,0.000957,0.409991,0.140648,0.420340,0.736593,0.839284,1.194618,4.473512,0.140778,0.101462,0.696360,1.798733,calls/second,milliseconds
