t,count,max,mean,min,stddev,p50,p75,p95,p98,p99,p999,mean_rate,m1_rate,m5_rate,m15_rate,rate_unit,duration_unit
1609993775,62,3.399786,0.477261,0.004244,0.618179,0.247932,0.601804,1.599537,2.745426,3.399786,3.399786,0.845250,0.864486,0.809370,0.802560,calls/second,milliseconds
1609993775,62,3.399786,0.477261,0.004244,0.618179,0.247932,0.601804,1.599537,2.745426,3.399786,3.399786,0.845000,0.864486,0.809370,0.802560,calls/second,milliseconds
