t,count,max,mean,min,stddev,p50,p75,p95,p98,p99,p999,mean_rate,m1_rate,m5_rate,m15_rate,rate_unit,duration_unit
1607902317,19,3.599041,0.131786,0.001320,0.413848,0.033353,0.050517,0.316813,1.053706,3.599041,3.599041,0.063336,0.023229,0.327905,0.592499,calls/second,milliseconds
1607902617,49,3.599041,0.270068,0.001320,0.312101,0.098463,0.396840,0.780592,1.296928,1.296928,1.296928,0.081669,0.102579,0.166908,0.442808,calls/second,milliseconds
1607902917,73,3.599041,0.136339,0.001320,0.195913,0.047316,0.097654,0.639364,0.736025,0.743479,1.296928,0.081112,0.023689,0.115216,0.347750,calls/second,milliseconds
1607903217,78,3.599041,0.058067,0.001320,0.029379,0.057354,0.057354,0.057354,0.068826,0.068826,0.639364,0.065001,0.015400,0.052816,0.253884,calls/second,milliseconds
1607903311,84,3.599041,0.514120,0.001320,0.595021,0.114916,1.145844,1.432737,1.432737,1.432737,1.432737,0.064905,0.023286,0.044393,0.230584,calls/second,milliseconds
1607903311,84,3.599041,0.514120,0.001320,0.595021,0.114916,1.145844,1.432737,1.432737,1.432737,1.432737,0.064904,0.023286,0.044393,0.230584,calls/second,milliseconds
