t,count,max,mean,min,stddev,p50,p75,p95,p98,p99,p999,mean_rate,m1_rate,m5_rate,m15_rate,rate_unit,duration_unit
1617620018,5,34.338277,6.888935,0.007002,13.724684,0.020779,0.062060,34.338277,34.338277,34.338277,34.338277,0.016665,0.007324,0.374062,0.720523,calls/second,milliseconds
1617620318,27,34.338277,1.825908,0.005742,3.289383,0.301932,1.388109,9.853803,10.138868,10.138868,10.138868,0.044998,0.017149,0.176142,0.535968,calls/second,milliseconds
1617620385,28,34.338277,2.099457,0.005742,1.924542,2.239606,2.239606,4.880290,9.853803,10.138868,10.138868,0.041970,0.005804,0.141830,0.498624,calls/second,milliseconds
1617620385,28,34.338277,2.099457,0.005742,1.924542,2.239606,2.239606,4.880290,9.853803,10.138868,10.138868,0.041970,0.005804,0.141830,0.498624,calls/second,milliseconds
