t,count,max,mean,min,stddev,p50,p75,p95,p98,p99,p999,mean_rate,m1_rate,m5_rate,m15_rate,rate_unit,duration_unit
1608738308,5,15.631822,3.249827,0.003173,6.193079,0.076969,0.460853,15.631822,15.631822,15.631822,15.631822,0.016666,0.000692,0.006392,0.004036,calls/second,milliseconds
1608738608,22,15.631822,1.038039,0.003173,2.179467,0.040427,0.184085,4.110784,10.065498,10.065498,10.065498,0.036666,0.117191,0.048820,0.020549,calls/second,milliseconds
1608738870,28,15.631822,1.137054,0.003173,1.124687,1.102507,1.102507,1.102507,7.351358,7.351358,10.065498,0.032508,0.002678,0.027586,0.019566,calls/second,milliseconds
1608738870,28,15.631822,1.137054,0.003173,1.124687,1.102507,1.102507,1.102507,7.351358,7.351358,10.065498,0.032508,0.002678,0.027586,0.019566,calls/second,milliseconds
