t,count,max,mean,min,stddev,p50,p75,p95,p98,p99,p999,mean_rate,m1_rate,m5_rate,m15_rate,rate_unit,duration_unit
1617638083,24,0.109473,0.033687,0.000770,0.025043,0.027758,0.055903,0.075228,0.075228,0.075228,0.109473,0.079993,0.098503,1.146438,2.170820,calls/second,milliseconds
1617638357,71,0.231080,0.027977,0.000580,0.046803,0.005564,0.050350,0.062280,0.231080,0.231080,0.231080,0.123622,0.037249,0.538598,1.646135,calls/second,milliseconds
1617638357,71,0.231080,0.027977,0.000580,0.046803,0.005564,0.050350,0.062280,0.231080,0.231080,0.231080,0.123620,0.037249,0.538598,1.646135,calls/second,milliseconds
