t,count,max,mean,min,stddev,p50,p75,p95,p98,p99,p999,mean_rate,m1_rate,m5_rate,m15_rate,rate_unit,duration_unit
1617677939,44,2.983554,0.211143,0.010367,0.313991,0.137822,0.188288,0.942749,0.942749,1.575557,2.543801,0.146583,0.325561,1.208091,2.192476,calls/second,milliseconds
1617678064,68,6.398739,0.992441,0.010367,1.817094,0.160036,1.000362,6.398739,6.398739,6.398739,6.398739,0.160075,0.114662,0.858398,1.938790,calls/second,milliseconds
1617678064,68,6.398739,0.992441,0.010367,1.817094,0.160036,1.000362,6.398739,6.398739,6.398739,6.398739,0.160071,0.114662,0.858398,1.938790,calls/second,milliseconds
