t,count,max,mean,min,stddev,p50,p75,p95,p98,p99,p999,mean_rate,m1_rate,m5_rate,m15_rate,rate_unit,duration_unit
1618834040,62,3.332815,0.329395,0.003623,0.465612,0.246594,0.485150,0.804365,1.007473,3.332815,3.332815,2.331524,1.436745,0.926914,0.842252,calls/second,milliseconds
1618834040,62,3.332815,0.329395,0.003623,0.465612,0.246594,0.485150,0.804365,1.007473,3.332815,3.332815,2.330928,1.436745,0.926914,0.842252,calls/second,milliseconds
