t,count,max,mean,min,stddev,p50,p75,p95,p98,p99,p999,mean_rate,m1_rate,m5_rate,m15_rate,rate_unit,duration_unit
1609281270,65,8.196667,0.391239,0.023615,0.871441,0.192877,0.288538,1.869293,1.869293,3.307245,8.196667,0.563222,0.720374,2.203320,2.703845,calls/second,milliseconds
1609281271,65,8.196667,0.391239,0.023615,0.871441,0.192877,0.288538,1.869293,1.869293,3.307245,8.196667,0.563168,0.720374,2.203320,2.703845,calls/second,milliseconds
