t,count,max,mean,min,stddev,p50,p75,p95,p98,p99,p999,mean_rate,m1_rate,m5_rate,m15_rate,rate_unit,duration_unit
1609281397,66,10.648024,0.526208,0.010548,1.545166,0.171478,0.321032,1.238353,7.758842,10.648024,10.648024,0.523932,0.381581,0.685926,0.759300,calls/second,milliseconds
1609281397,66,10.648024,0.526208,0.010548,1.545166,0.171478,0.321032,1.238353,7.758842,10.648024,10.648024,0.523893,0.381581,0.685926,0.759300,calls/second,milliseconds
