t,count,max,mean,min,stddev,p50,p75,p95,p98,p99,p999,mean_rate,m1_rate,m5_rate,m15_rate,rate_unit,duration_unit
1607729291,63,0.326004,0.018408,0.001054,0.043738,0.005487,0.010043,0.069643,0.121576,0.326004,0.326004,0.209982,0.173493,0.429255,0.633195,calls/second,milliseconds
1607729591,68,0.326004,0.019519,0.001054,0.019570,0.012075,0.031113,0.034475,0.043947,0.069643,0.326004,0.113329,0.011216,0.167511,0.458285,calls/second,milliseconds
1607729823,76,0.326004,0.032213,0.001054,0.034169,0.008896,0.056174,0.079823,0.109492,0.109492,0.109492,0.091313,0.011974,0.086462,0.358761,calls/second,milliseconds
1607729823,76,0.326004,0.032213,0.001054,0.034169,0.008896,0.056174,0.079823,0.109492,0.109492,0.109492,0.091312,0.011974,0.086462,0.358761,calls/second,milliseconds
