t,count,max,mean,min,stddev,p50,p75,p95,p98,p99,p999,mean_rate,m1_rate,m5_rate,m15_rate,rate_unit,duration_unit
1607882258,67,1.661741,0.328453,0.007474,0.306796,0.235269,0.523336,0.938004,1.135055,1.230264,1.230264,0.240845,0.232827,1.339497,2.270848,calls/second,milliseconds
1607882258,67,1.661741,0.328453,0.007474,0.306796,0.235269,0.523336,0.938004,1.135055,1.230264,1.230264,0.240836,0.232827,1.339497,2.270848,calls/second,milliseconds
