t,count,max,mean,min,stddev,p50,p75,p95,p98,p99,p999,mean_rate,m1_rate,m5_rate,m15_rate,rate_unit,duration_unit
1617638083,7,29.239827,3.706189,0.004082,2.311753,2.972531,4.547315,4.547315,4.547315,4.547315,29.239827,0.023332,0.033857,0.380409,0.722709,calls/second,milliseconds
1617638357,28,29.239827,1.586775,0.004082,2.603948,1.429710,1.429710,6.505657,6.505657,21.386723,21.386723,0.048753,0.011025,0.187385,0.552902,calls/second,milliseconds
1617638357,28,29.239827,1.586775,0.004082,2.603948,1.429710,1.429710,6.505657,6.505657,21.386723,21.386723,0.048752,0.011025,0.187385,0.552902,calls/second,milliseconds
