t,count,max,mean,min,stddev,p50,p75,p95,p98,p99,p999,mean_rate,m1_rate,m5_rate,m15_rate,rate_unit,duration_unit
1607882258,67,1.654244,0.314916,0.002961,0.310004,0.226999,0.519704,0.931956,1.127055,1.222298,1.222298,0.240845,0.232827,1.339497,2.270848,calls/second,milliseconds
1607882258,67,1.654244,0.314916,0.002961,0.310004,0.226999,0.519704,0.931956,1.127055,1.222298,1.222298,0.240836,0.232827,1.339497,2.270848,calls/second,milliseconds
