t,count,max,mean,min,stddev,p50,p75,p95,p98,p99,p999,mean_rate,m1_rate,m5_rate,m15_rate,rate_unit,duration_unit
1618781459,62,6.189349,0.336485,0.002894,0.510046,0.157450,0.409864,1.133021,2.320869,2.320869,6.189349,0.206671,0.151693,0.429194,0.635049,calls/second,milliseconds
1618781496,67,6.189349,0.627173,0.002894,0.680589,0.275147,1.302083,1.881193,1.881193,2.320869,2.320869,0.198433,0.092594,0.378870,0.608544,calls/second,milliseconds
1618781496,67,6.189349,0.627173,0.002894,0.680589,0.275147,1.302083,1.881193,1.881193,2.320869,2.320869,0.198428,0.092594,0.378870,0.608544,calls/second,milliseconds
