t,count,max,mean,min,stddev,p50,p75,p95,p98,p99,p999,mean_rate,m1_rate,m5_rate,m15_rate,rate_unit,duration_unit
1608013759,19,5.850083,0.976833,0.009300,0.809097,0.957055,0.957055,2.428646,2.428646,5.850083,5.850083,0.063317,0.020407,0.322578,0.589244,calls/second,milliseconds
1608014059,59,5.850083,0.363610,0.009300,0.453814,0.245797,0.438359,1.302681,2.089923,2.089923,2.089923,0.098322,0.279784,0.226008,0.463408,calls/second,milliseconds
1608014359,77,5.850083,2.286779,0.007233,1.923834,2.715775,2.715775,5.828450,5.828450,5.828450,5.828450,0.085548,0.016898,0.110394,0.347312,calls/second,milliseconds
1608014570,85,5.850083,0.577971,0.007233,0.588978,0.386109,0.870401,1.638567,1.638567,1.638567,5.828450,0.076512,0.021532,0.064533,0.279010,calls/second,milliseconds
1608014570,85,5.850083,0.577971,0.007233,0.588978,0.386109,0.870401,1.638567,1.638567,1.638567,5.828450,0.076511,0.021532,0.064533,0.279010,calls/second,milliseconds
