t,count,max,mean,min,stddev,p50,p75,p95,p98,p99,p999,mean_rate,m1_rate,m5_rate,m15_rate,rate_unit,duration_unit
1615628241,19,10.033649,1.748052,0.032097,1.890277,0.850615,1.502795,4.846881,4.846881,10.033649,10.033649,0.063296,0.032763,1.130687,2.165374,calls/second,milliseconds
1615628541,67,10.033649,0.474880,0.032097,0.576255,0.261339,0.462396,1.237375,2.136323,2.484742,6.278532,0.111634,0.158593,0.526358,1.598529,calls/second,milliseconds
1615628841,72,10.033649,1.589888,0.032097,0.826318,1.573097,1.573097,3.910861,3.910861,3.910861,3.910861,0.079984,0.011989,0.203394,1.150003,calls/second,milliseconds
1615629141,77,10.033649,1.117665,0.032097,0.285754,1.136771,1.136771,1.675567,1.675567,1.675567,3.910861,0.064157,0.011001,0.084582,0.828620,calls/second,milliseconds
1615629441,82,10.033649,1.509303,0.032097,0.182741,1.437321,1.513350,1.810354,1.810354,1.810354,1.810354,0.054660,0.010994,0.040874,0.598339,calls/second,milliseconds
1615629741,90,10.033649,0.579816,0.032097,0.459514,0.383309,0.520989,1.456697,1.470853,1.586930,1.810354,0.049995,0.016968,0.031332,0.436229,calls/second,milliseconds
1615630041,95,10.033649,0.374351,0.032097,0.072054,0.385726,0.385726,0.399519,0.399519,0.399519,1.456697,0.045234,0.011035,0.021284,0.317179,calls/second,milliseconds
1615630230,100,10.033649,0.265420,0.032097,0.058328,0.239017,0.303517,0.381519,0.381519,0.385726,0.399519,0.043682,0.010117,0.018338,0.261175,calls/second,milliseconds
1615630230,100,10.033649,0.265420,0.032097,0.058328,0.239017,0.303517,0.381519,0.381519,0.385726,0.399519,0.043682,0.010117,0.018338,0.261175,calls/second,milliseconds
