t,count,max,mean,min,stddev,p50,p75,p95,p98,p99,p999,mean_rate,m1_rate,m5_rate,m15_rate,rate_unit,duration_unit
1617653272,19,9.523980,0.449279,0.028297,1.119674,0.194134,0.299579,1.620060,2.479818,9.523980,9.523980,0.063334,0.034673,1.149547,2.177416,calls/second,milliseconds
1617653486,70,9.523980,0.733244,0.021093,0.903225,0.375211,1.051766,2.301973,4.482546,4.580715,4.580715,0.136121,0.122195,0.666445,1.760354,calls/second,milliseconds
1617653486,70,9.523980,0.733244,0.021093,0.903225,0.375211,1.051766,2.301973,4.482546,4.580715,4.580715,0.136115,0.122195,0.666445,1.760354,calls/second,milliseconds
