t,count,max,mean,min,stddev,p50,p75,p95,p98,p99,p999,mean_rate,m1_rate,m5_rate,m15_rate,rate_unit,duration_unit
1618833059,62,0.057027,0.005325,0.000504,0.010524,0.002284,0.003077,0.031709,0.046484,0.057027,0.057027,0.878317,0.901718,0.811255,0.802778,calls/second,milliseconds
1618833059,62,0.057027,0.005325,0.000504,0.010524,0.002284,0.003077,0.031709,0.046484,0.057027,0.057027,0.878239,0.901718,0.811255,0.802778,calls/second,milliseconds
