t,count,max,mean,min,stddev,p50,p75,p95,p98,p99,p999,mean_rate,m1_rate,m5_rate,m15_rate,rate_unit,duration_unit
1607897246,5,28.479776,5.708014,0.003398,11.385886,0.023391,0.028828,28.479776,28.479776,28.479776,28.479776,0.016665,0.007324,0.374062,0.720523,calls/second,milliseconds
1607897546,27,28.479776,2.103339,0.003398,4.030370,0.121426,0.651542,9.512884,9.512884,17.768033,17.768033,0.044998,0.128707,0.194745,0.538716,calls/second,milliseconds
1607897726,28,28.479776,2.360524,0.003398,2.433946,2.506692,2.506692,9.165396,9.512884,9.512884,17.768033,0.035894,0.022399,0.110184,0.442171,calls/second,milliseconds
1607897726,28,28.479776,2.360524,0.003398,2.433946,2.506692,2.506692,9.165396,9.512884,9.512884,17.768033,0.035894,0.022399,0.110184,0.442171,calls/second,milliseconds
