t,count,max,mean,min,stddev,p50,p75,p95,p98,p99,p999,mean_rate,m1_rate,m5_rate,m15_rate,rate_unit,duration_unit
1614778568,32,3.829792,0.299966,0.001150,0.451039,0.106014,0.437506,0.868263,1.919561,1.919561,3.829792,0.106368,0.173187,1.170915,2.179492,calls/second,milliseconds
1614778867,67,3.829792,0.121282,0.000755,0.285437,0.008690,0.023504,0.817645,1.330701,1.367686,1.919561,0.111670,0.029955,0.489705,1.599843,calls/second,milliseconds
1614779167,75,4.194830,0.186345,0.000755,0.751411,0.009593,0.026926,1.191898,4.194830,4.194830,4.194830,0.083335,0.025180,0.196667,1.153858,calls/second,milliseconds
1614779467,80,4.194830,0.011236,0.000755,0.085630,0.009956,0.009956,0.009956,0.009956,0.009956,0.099889,0.066668,0.023288,0.083687,0.831618,calls/second,milliseconds
1614779767,85,4.194830,0.007914,0.000755,0.009371,0.006354,0.010276,0.011096,0.016746,0.016746,0.016746,0.056667,0.023275,0.042124,0.600724,calls/second,milliseconds
1614780067,90,4.194830,0.011091,0.000755,0.006759,0.012114,0.012114,0.027720,0.027720,0.027720,0.027720,0.050001,0.023275,0.026834,0.435281,calls/second,milliseconds
1614780365,96,4.194830,0.061955,0.000755,0.063624,0.008706,0.137917,0.137917,0.137917,0.137917,0.137917,0.045763,0.023275,0.021209,0.316735,calls/second,milliseconds
1614780365,96,4.194830,0.061955,0.000755,0.063624,0.008706,0.137917,0.137917,0.137917,0.137917,0.137917,0.045763,0.023275,0.021209,0.316735,calls/second,milliseconds
