t,count,max,mean,min,stddev,p50,p75,p95,p98,p99,p999,mean_rate,m1_rate,m5_rate,m15_rate,rate_unit,duration_unit
1608520089,19,2.865599,0.581170,0.006613,0.397751,0.617569,0.617569,0.751524,2.519605,2.865599,2.865599,0.063319,0.021371,0.322486,0.589216,calls/second,milliseconds
1608520389,37,2.865599,0.251239,0.006613,0.206725,0.251379,0.313751,0.611405,0.640690,0.640690,0.640690,0.061660,0.118896,0.166133,0.440604,calls/second,milliseconds
1608520689,73,2.865599,0.396117,0.006613,0.239484,0.548057,0.548057,0.764330,0.764330,0.764330,0.789353,0.081105,0.021373,0.113964,0.346006,calls/second,milliseconds
1608520737,78,2.865599,0.234562,0.006613,0.185662,0.188540,0.347563,0.548057,0.616085,0.616085,0.789353,0.082287,0.021554,0.101183,0.330215,calls/second,milliseconds
1608520737,78,2.865599,0.234562,0.006613,0.185662,0.188540,0.347563,0.548057,0.616085,0.616085,0.789353,0.082286,0.021554,0.101183,0.330215,calls/second,milliseconds
