t,count,max,mean,min,stddev,p50,p75,p95,p98,p99,p999,mean_rate,m1_rate,m5_rate,m15_rate,rate_unit,duration_unit
1607878083,64,3.461571,0.660499,0.013390,1.096730,0.121437,0.589289,3.461571,3.461571,3.461571,3.461571,0.213274,0.056884,0.404707,0.630149,calls/second,milliseconds
1607878294,72,3.461571,0.358744,0.013390,0.340605,0.221286,0.341935,0.892344,1.137689,1.137689,3.461571,0.140980,0.021059,0.210524,0.502963,calls/second,milliseconds
1607878294,72,3.461571,0.358744,0.013390,0.340605,0.221286,0.341935,0.892344,1.137689,1.137689,3.461571,0.140977,0.021059,0.210524,0.502963,calls/second,milliseconds
