t,count,max,mean,min,stddev,p50,p75,p95,p98,p99,p999,mean_rate,m1_rate,m5_rate,m15_rate,rate_unit,duration_unit
1609994630,28,32.086965,2.428279,0.008109,4.154659,0.322420,3.319101,11.119714,11.255543,11.255543,32.086965,0.120629,0.088014,0.063133,0.026595,calls/second,milliseconds
1609994630,28,32.086965,2.428279,0.008109,4.154659,0.322420,3.319101,11.119714,11.255543,11.255543,32.086965,0.120622,0.088014,0.063133,0.026595,calls/second,milliseconds
