t,count,max,mean,min,stddev,p50,p75,p95,p98,p99,p999,mean_rate,m1_rate,m5_rate,m15_rate,rate_unit,duration_unit
1617639920,24,0.114107,0.010545,0.000170,0.010815,0.008143,0.009348,0.030545,0.031170,0.034679,0.114107,0.079992,0.101589,1.147357,2.170961,calls/second,milliseconds
1617640185,70,0.239736,0.027738,0.000170,0.045658,0.007003,0.041344,0.058640,0.239736,0.239736,0.239736,0.123906,0.035171,0.553315,1.663375,calls/second,milliseconds
1617640185,70,0.239736,0.027738,0.000170,0.045658,0.007003,0.041344,0.058640,0.239736,0.239736,0.239736,0.123904,0.035171,0.553315,1.663375,calls/second,milliseconds
