t,count,max,mean,min,stddev,p50,p75,p95,p98,p99,p999,mean_rate,m1_rate,m5_rate,m15_rate,rate_unit,duration_unit
1609597107,5,24.096270,4.845188,0.004740,9.625569,0.029752,0.074851,24.096270,24.096270,24.096270,24.096270,0.016666,0.000752,0.006500,0.004059,calls/second,milliseconds
1609597407,27,24.096270,1.504851,0.004740,3.236991,0.109079,0.265437,8.813889,17.457008,17.457008,17.457008,0.044999,0.077217,0.054259,0.024641,calls/second,milliseconds
1609597707,27,24.096270,1.504851,0.004740,3.236991,0.109079,0.265437,8.813889,17.457008,17.457008,17.457008,0.029999,0.000520,0.019961,0.017656,calls/second,milliseconds
1609597822,28,24.096270,2.699678,0.004740,0.349138,2.712022,2.712022,2.712022,2.712022,2.712022,5.640848,0.027583,0.000077,0.013605,0.015538,calls/second,milliseconds
1609597822,28,24.096270,2.699678,0.004740,0.349138,2.712022,2.712022,2.712022,2.712022,2.712022,5.640848,0.027583,0.000077,0.013605,0.015538,calls/second,milliseconds
