t,count,max,mean,min,stddev,p50,p75,p95,p98,p99,p999,mean_rate,m1_rate,m5_rate,m15_rate,rate_unit,duration_unit
1617671380,44,0.384399,0.013421,0.000113,0.043870,0.002490,0.008802,0.051117,0.051117,0.384399,0.384399,0.146650,0.334589,1.208695,2.192552,calls/second,milliseconds
1617671481,68,0.384399,0.016182,0.000113,0.034182,0.002684,0.007906,0.088597,0.088597,0.088597,0.384399,0.169215,0.164699,0.918275,1.982458,calls/second,milliseconds
1617671481,68,0.384399,0.016182,0.000113,0.034182,0.002684,0.007906,0.088597,0.088597,0.088597,0.384399,0.169212,0.164699,0.918275,1.982458,calls/second,milliseconds
