t,count,max,mean,min,stddev,p50,p75,p95,p98,p99,p999,mean_rate,m1_rate,m5_rate,m15_rate,rate_unit,duration_unit
1617675085,32,4.853248,0.805960,0.020582,1.015023,0.240234,1.248244,3.166575,3.166575,4.853248,4.853248,0.106615,0.224694,1.173605,2.179805,calls/second,milliseconds
1617675219,68,18.909521,1.255675,0.017067,2.840175,0.211020,1.274098,6.311675,6.311675,18.909521,18.909521,0.156483,0.157894,0.840736,1.918892,calls/second,milliseconds
1617675220,68,18.909521,1.255675,0.017067,2.840175,0.211020,1.274098,6.311675,6.311675,18.909521,18.909521,0.156481,0.157894,0.840736,1.918892,calls/second,milliseconds
