t,count,max,mean,min,stddev,p50,p75,p95,p98,p99,p999,mean_rate,m1_rate,m5_rate,m15_rate,rate_unit,duration_unit
1617654557,19,10.352929,2.463255,0.050217,2.197654,1.193462,4.371963,6.021505,6.021505,6.021505,10.352929,0.063301,0.038342,1.131426,2.165481,calls/second,milliseconds
1617654857,67,10.352929,0.524506,0.034041,0.519807,0.287827,0.660871,1.467998,1.677017,1.834315,2.671046,0.111638,0.094201,0.516403,1.597154,calls/second,milliseconds
1617654865,71,10.352929,0.486539,0.034041,0.490399,0.287827,0.660871,1.408511,1.467998,1.834315,2.671046,0.116686,0.086669,0.507868,1.588306,calls/second,milliseconds
1617654865,71,10.352929,0.486539,0.034041,0.490399,0.287827,0.660871,1.408511,1.467998,1.834315,2.671046,0.116684,0.086669,0.507868,1.588306,calls/second,milliseconds
