t,count,max,mean,min,stddev,p50,p75,p95,p98,p99,p999,mean_rate,m1_rate,m5_rate,m15_rate,rate_unit,duration_unit
1617580437,32,0.432673,0.026022,0.000567,0.078150,0.005173,0.006921,0.128540,0.432673,0.432673,0.432673,0.106658,0.197313,1.172305,2.179658,calls/second,milliseconds
1617580619,69,0.551912,0.048474,0.000567,0.117010,0.004900,0.006993,0.359256,0.359256,0.551912,0.551912,0.143331,0.077857,0.713021,1.815993,calls/second,milliseconds
1617580619,69,0.551912,0.048474,0.000567,0.117010,0.004900,0.006993,0.359256,0.359256,0.551912,0.551912,0.143329,0.077857,0.713021,1.815993,calls/second,milliseconds
