t,count,max,mean,min,stddev,p50,p75,p95,p98,p99,p999,mean_rate,m1_rate,m5_rate,m15_rate,rate_unit,duration_unit
1617674584,12,20.837532,2.715201,0.003095,5.715561,0.056357,0.627903,15.678886,15.678886,15.678886,20.837532,0.039997,0.106031,0.396525,0.728201,calls/second,milliseconds
1617674726,28,20.837532,1.918385,0.003095,3.906960,0.142106,1.657108,13.972270,15.678886,15.678886,15.678886,0.063358,0.062791,0.285039,0.638282,calls/second,milliseconds
1617674726,28,20.837532,1.918385,0.003095,3.906960,0.142106,1.657108,13.972270,15.678886,15.678886,15.678886,0.063357,0.062791,0.285039,0.638282,calls/second,milliseconds
