t,count,max,mean,min,stddev,p50,p75,p95,p98,p99,p999,mean_rate,m1_rate,m5_rate,m15_rate,rate_unit,duration_unit
1617636892,17,29.437774,2.141436,0.004529,4.157384,0.111483,1.064222,12.661499,12.661499,12.661499,29.437774,0.056662,0.132455,0.410262,0.733416,calls/second,milliseconds
1617637087,28,29.437774,2.043790,0.004529,3.112332,1.849814,1.849814,9.261649,12.661499,12.661499,12.661499,0.056537,0.031566,0.236544,0.600873,calls/second,milliseconds
1617637087,28,29.437774,2.043790,0.004529,3.112332,1.849814,1.849814,9.261649,12.661499,12.661499,12.661499,0.056536,0.031566,0.236544,0.600873,calls/second,milliseconds
