t,count,max,mean,min,stddev,p50,p75,p95,p98,p99,p999,mean_rate,m1_rate,m5_rate,m15_rate,rate_unit,duration_unit
1617670007,44,3.614810,0.313150,0.000902,0.538227,0.129301,0.398597,0.794083,2.527221,2.527221,3.239972,0.146675,0.340219,1.227952,2.204649,calls/second,milliseconds
1617670105,68,3.614810,0.295469,0.000902,0.355339,0.234067,0.473596,0.660745,0.780162,2.527221,2.527221,0.170641,0.168852,0.932267,1.993307,calls/second,milliseconds
1617670105,68,3.614810,0.295469,0.000902,0.355339,0.234067,0.473596,0.660745,0.780162,2.527221,2.527221,0.170639,0.168852,0.932267,1.993307,calls/second,milliseconds
