t,count,max,mean,min,stddev,p50,p75,p95,p98,p99,p999,mean_rate,m1_rate,m5_rate,m15_rate,rate_unit,duration_unit
1617566608,19,0.262563,0.064701,0.001749,0.072742,0.020935,0.088203,0.191257,0.191257,0.191257,0.262563,0.063327,0.038342,1.131426,2.165481,calls/second,milliseconds
1617566908,67,0.262563,0.016342,0.001663,0.019740,0.005417,0.035670,0.046347,0.046563,0.084782,0.088203,0.111661,0.055571,0.504634,1.595281,calls/second,milliseconds
1617567133,75,0.262563,0.013042,0.001663,0.012417,0.006087,0.017330,0.047410,0.047410,0.047410,0.047410,0.090912,0.025548,0.252310,1.253333,calls/second,milliseconds
1617567133,75,0.262563,0.013042,0.001663,0.012417,0.006087,0.017330,0.047410,0.047410,0.047410,0.047410,0.090911,0.025548,0.252310,1.253333,calls/second,milliseconds
