t,count,max,mean,min,stddev,p50,p75,p95,p98,p99,p999,mean_rate,m1_rate,m5_rate,m15_rate,rate_unit,duration_unit
1610406764,19,5.396991,1.253291,0.009147,0.904963,1.264161,1.264161,3.378867,3.378867,5.396991,5.396991,0.063318,0.020263,0.322338,0.589195,calls/second,milliseconds
1610407042,71,8.101728,0.321455,0.009147,0.694737,0.204814,0.454033,0.482855,0.769015,1.532026,8.101728,0.122682,0.046776,0.213197,0.477040,calls/second,milliseconds
1610407042,71,8.101728,0.321455,0.009147,0.694737,0.204814,0.454033,0.482855,0.769015,1.532026,8.101728,0.122681,0.046776,0.213197,0.477040,calls/second,milliseconds
