t,count,max,mean,min,stddev,p50,p75,p95,p98,p99,p999,mean_rate,m1_rate,m5_rate,m15_rate,rate_unit,duration_unit
1617586708,44,3.713843,0.397186,0.005223,0.792274,0.127230,0.318180,3.160708,3.713843,3.713843,3.713843,0.146675,0.174504,1.189648,2.191513,calls/second,milliseconds
1617586892,69,3.713843,0.413648,0.005197,0.493343,0.159240,0.879849,1.082903,1.340505,2.073650,3.713843,0.142560,0.058761,0.707958,1.815181,calls/second,milliseconds
1617586892,69,3.713843,0.413648,0.005197,0.493343,0.159240,0.879849,1.082903,1.340505,2.073650,3.713843,0.142558,0.058761,0.707958,1.815181,calls/second,milliseconds
