t,count,max,mean,min,stddev,p50,p75,p95,p98,p99,p999,mean_rate,m1_rate,m5_rate,m15_rate,rate_unit,duration_unit
1617660374,19,3.809260,0.202616,0.006127,0.350266,0.212296,0.212296,0.217810,1.367640,1.406181,3.809260,0.063338,0.048714,1.151089,2.177633,calls/second,milliseconds
1617660612,70,4.949267,0.683022,0.004529,0.947224,0.315709,0.723046,1.988827,4.949267,4.949267,4.949267,0.130158,0.112079,0.619173,1.713080,calls/second,milliseconds
1617660612,70,4.949267,0.683022,0.004529,0.947224,0.315709,0.723046,1.988827,4.949267,4.949267,4.949267,0.130156,0.112079,0.619173,1.713080,calls/second,milliseconds
