t,count,max,mean,min,stddev,p50,p75,p95,p98,p99,p999,mean_rate,m1_rate,m5_rate,m15_rate,rate_unit,duration_unit
1607894287,19,0.179603,0.085495,0.002488,0.054109,0.067408,0.086242,0.179603,0.179603,0.179603,0.179603,0.063328,0.026854,0.323102,0.589303,calls/second,milliseconds
1607894587,68,0.179603,0.026343,0.002272,0.026812,0.012830,0.036107,0.077281,0.091852,0.109549,0.109549,0.113278,0.134057,0.227970,0.469728,calls/second,milliseconds
1607894887,73,0.538413,0.193759,0.002272,0.166590,0.103307,0.457574,0.457574,0.538413,0.538413,0.538413,0.081109,0.020472,0.094831,0.341365,calls/second,milliseconds
1607895021,79,0.538413,0.065810,0.002272,0.061953,0.066303,0.111627,0.125170,0.125170,0.128916,0.538413,0.076431,0.016765,0.067015,0.297538,calls/second,milliseconds
1607895021,79,0.538413,0.065810,0.002272,0.061953,0.066303,0.111627,0.125170,0.125170,0.128916,0.538413,0.076430,0.016765,0.067015,0.297538,calls/second,milliseconds
