t,count,max,mean,min,stddev,p50,p75,p95,p98,p99,p999,mean_rate,m1_rate,m5_rate,m15_rate,rate_unit,duration_unit
1609400836,24,4.295910,0.540509,0.013058,0.555806,0.538429,0.726982,1.022508,3.235141,3.556461,4.295910,0.079980,0.090557,0.338199,0.594637,calls/second,milliseconds
1609401136,68,4.295910,0.577520,0.013036,0.562289,0.430485,0.698797,1.656339,2.756655,2.756655,2.756655,0.113254,0.021525,0.187992,0.462947,calls/second,milliseconds
1609401436,73,8.220239,2.482614,0.013036,3.225055,0.646275,2.548596,8.220239,8.220239,8.220239,8.220239,0.081105,0.013046,0.079247,0.336375,calls/second,milliseconds
1609401736,78,17.167414,4.923019,0.013036,6.945331,0.952033,6.033354,17.167414,17.167414,17.167414,17.167414,0.064995,0.012989,0.039242,0.245682,calls/second,milliseconds
1609401757,83,17.167414,1.994673,0.013036,3.284761,0.338376,1.761843,5.947100,17.167414,17.167414,17.167414,0.067974,0.025298,0.040017,0.241390,calls/second,milliseconds
1609401757,83,17.167414,1.994673,0.013036,3.284761,0.338376,1.761843,5.947100,17.167414,17.167414,17.167414,0.067973,0.025298,0.040017,0.241390,calls/second,milliseconds
