t,count,max,mean,min,stddev,p50,p75,p95,p98,p99,p999,mean_rate,m1_rate,m5_rate,m15_rate,rate_unit,duration_unit
1607879196,67,5.074678,0.600928,0.008713,1.291075,0.160232,0.273869,5.074678,5.074678,5.074678,5.074678,0.267213,0.085291,0.466103,0.663698,calls/second,milliseconds
1607879196,67,5.074678,0.600928,0.008713,1.291075,0.160232,0.273869,5.074678,5.074678,5.074678,5.074678,0.267198,0.085291,0.466103,0.663698,calls/second,milliseconds
