t,count,max,mean,min,stddev,p50,p75,p95,p98,p99,p999,mean_rate,m1_rate,m5_rate,m15_rate,rate_unit,duration_unit
1609436097,5,41.762051,8.365962,0.005734,16.698047,0.022914,0.030051,41.762051,41.762051,41.762051,41.762051,0.016666,0.000752,0.006500,0.004059,calls/second,milliseconds
1609436397,22,41.762051,2.531426,0.005734,5.487224,0.057220,0.248500,13.011884,23.425075,23.425075,23.425075,0.036666,0.137901,0.049985,0.020697,calls/second,milliseconds
1609436697,27,41.762051,2.808323,0.005734,5.530912,0.161984,0.387264,13.768181,13.768181,23.425075,23.425075,0.029999,0.001897,0.025222,0.018957,calls/second,milliseconds
1609436997,27,41.762051,2.808323,0.005734,5.530912,0.161984,0.387264,13.768181,13.768181,23.425075,23.425075,0.022500,0.000013,0.009279,0.013583,calls/second,milliseconds
1609437074,28,41.762051,2.632559,0.005734,0.143098,2.632441,2.632441,2.632441,2.632441,2.632441,2.632441,0.021935,0.000004,0.007226,0.012497,calls/second,milliseconds
1609437074,28,41.762051,2.632559,0.005734,0.143098,2.632441,2.632441,2.632441,2.632441,2.632441,2.632441,0.021935,0.000004,0.007226,0.012497,calls/second,milliseconds
