t,count,max,mean,min,stddev,p50,p75,p95,p98,p99,p999,mean_rate,m1_rate,m5_rate,m15_rate,rate_unit,duration_unit
1607885019,44,0.465253,0.032244,0.001556,0.074183,0.016414,0.023147,0.136853,0.465253,0.465253,0.465253,0.146610,0.327392,0.400935,0.616464,calls/second,milliseconds
1607885250,71,0.465253,0.032921,0.001556,0.032036,0.030767,0.047206,0.060791,0.127463,0.127463,0.465253,0.133482,0.035739,0.227041,0.498075,calls/second,milliseconds
1607885250,71,0.465253,0.032921,0.001556,0.032036,0.030767,0.047206,0.060791,0.127463,0.127463,0.465253,0.133481,0.035739,0.227041,0.498075,calls/second,milliseconds
