t,count,max,mean,min,stddev,p50,p75,p95,p98,p99,p999,mean_rate,m1_rate,m5_rate,m15_rate,rate_unit,duration_unit
1617626251,5,461.591720,92.338379,0.002733,184.626671,0.035014,0.041147,461.591720,461.591720,461.591720,461.591720,0.016653,0.007324,0.374062,0.720523,calls/second,milliseconds
1617626551,27,461.591720,2.605486,0.002733,7.331676,0.161731,0.640895,14.849412,14.849412,14.849412,14.849412,0.044982,0.010559,0.172601,0.535346,calls/second,milliseconds
1617626586,28,461.591720,1.852009,0.002733,4.347756,1.453255,1.453255,10.214621,13.101254,14.849412,14.849412,0.044023,0.021883,0.156901,0.516034,calls/second,milliseconds
1617626586,28,461.591720,1.852009,0.002733,4.347756,1.453255,1.453255,10.214621,13.101254,14.849412,14.849412,0.044022,0.021883,0.156901,0.516034,calls/second,milliseconds
