t,count,max,mean,min,stddev,p50,p75,p95,p98,p99,p999,mean_rate,m1_rate,m5_rate,m15_rate,rate_unit,duration_unit
1617637440,24,7.096228,0.542397,0.024416,0.761907,0.334357,0.409486,1.110398,4.133022,4.133022,7.096228,0.079964,0.110673,1.147886,2.171025,calls/second,milliseconds
1617637720,70,7.096228,0.365141,0.012009,0.389213,0.258048,0.554785,1.204698,1.204698,1.206288,2.219185,0.120656,0.075793,0.529211,1.630455,calls/second,milliseconds
1617637720,70,7.096228,0.365141,0.012009,0.389213,0.258048,0.554785,1.204698,1.204698,1.206288,2.219185,0.120654,0.075793,0.529211,1.630455,calls/second,milliseconds
