t,count,max,mean,min,stddev,p50,p75,p95,p98,p99,p999,mean_rate,m1_rate,m5_rate,m15_rate,rate_unit,duration_unit
1617669555,43,0.736889,0.033031,0.000300,0.131825,0.001983,0.004676,0.068520,0.736889,0.736889,0.736889,0.143313,0.320478,1.205985,2.191537,calls/second,milliseconds
1617669656,67,0.736889,0.017595,0.000180,0.073606,0.002233,0.007205,0.075271,0.097503,0.097503,0.736889,0.166808,0.150022,0.915188,1.981402,calls/second,milliseconds
1617669656,67,0.736889,0.017595,0.000180,0.073606,0.002233,0.007205,0.075271,0.097503,0.097503,0.736889,0.166805,0.150022,0.915188,1.981402,calls/second,milliseconds
