t,count,max,mean,min,stddev,p50,p75,p95,p98,p99,p999,mean_rate,m1_rate,m5_rate,m15_rate,rate_unit,duration_unit
1617622247,19,0.249963,0.124065,0.002197,0.058137,0.108522,0.160384,0.249963,0.249963,0.249963,0.249963,0.063328,0.039765,1.131581,2.165502,calls/second,milliseconds
1617622547,67,0.249963,0.031669,0.002197,0.040299,0.015020,0.024007,0.127917,0.139457,0.141069,0.164171,0.111662,0.182845,0.529643,1.599042,calls/second,milliseconds
1617622769,75,0.249963,0.038092,0.002197,0.043037,0.017304,0.064209,0.155906,0.155906,0.155906,0.155906,0.091322,0.077481,0.274350,1.259619,calls/second,milliseconds
1617622769,75,0.249963,0.038092,0.002197,0.043037,0.017304,0.064209,0.155906,0.155906,0.155906,0.155906,0.091321,0.077481,0.274350,1.259619,calls/second,milliseconds
