t,count,max,mean,min,stddev,p50,p75,p95,p98,p99,p999,mean_rate,m1_rate,m5_rate,m15_rate,rate_unit,duration_unit
1608510102,19,1.072493,0.039815,0.003057,0.144608,0.007128,0.007273,0.151341,0.667109,0.751274,1.072493,0.063336,0.029188,0.328532,0.592586,calls/second,milliseconds
1608510392,77,1.072493,0.245617,0.000777,0.303428,0.047067,0.608000,0.791554,0.791554,0.791554,0.795678,0.130467,0.052269,0.216628,0.475115,calls/second,milliseconds
1608510392,77,1.072493,0.245617,0.000777,0.303428,0.047067,0.608000,0.791554,0.791554,0.791554,0.795678,0.130465,0.052269,0.216628,0.475115,calls/second,milliseconds
