t,count,max,mean,min,stddev,p50,p75,p95,p98,p99,p999,mean_rate,m1_rate,m5_rate,m15_rate,rate_unit,duration_unit
1614784468,44,5.366817,0.349091,0.018887,0.409861,0.239185,0.313453,1.311621,1.658950,1.658950,1.689297,0.146601,0.348617,1.209376,2.192630,calls/second,milliseconds
1614784768,67,5.366817,1.023154,0.016617,0.849858,0.884744,2.024506,2.024506,2.024506,2.024506,2.024506,0.111641,0.019529,0.479236,1.590522,calls/second,milliseconds
1614785068,72,5.366817,0.828502,0.016617,0.132651,0.842071,0.842071,0.960505,0.960505,0.960505,2.024506,0.079988,0.014153,0.186559,1.144343,calls/second,milliseconds
1614785368,80,5.366817,0.239889,0.016617,0.231069,0.212279,0.212279,0.240266,0.842071,2.183566,2.183566,0.066659,0.014499,0.082662,0.827050,calls/second,milliseconds
1614785668,85,5.366817,0.228254,0.016617,0.030272,0.233119,0.235153,0.235153,0.235153,0.256933,0.256933,0.056662,0.014120,0.040668,0.597292,calls/second,milliseconds
1614785968,90,5.366817,0.209170,0.016617,0.036619,0.180042,0.242250,0.275266,0.275266,0.275965,0.275965,0.049996,0.014117,0.025219,0.432663,calls/second,milliseconds
1614786268,95,5.366817,0.241494,0.016617,0.012199,0.236096,0.255316,0.259626,0.259626,0.259626,0.275266,0.045235,0.014117,0.019536,0.314701,calls/second,milliseconds
1614786568,100,5.366817,0.244993,0.016617,0.005681,0.244176,0.249096,0.250106,0.250106,0.250106,0.259626,0.041664,0.014117,0.017445,0.230177,calls/second,milliseconds
1614786868,105,5.366817,0.206838,0.016617,0.017134,0.197797,0.232069,0.232069,0.232069,0.244176,0.250106,0.038887,0.014117,0.016676,0.169614,calls/second,milliseconds
1614787168,110,5.366817,0.227141,0.016617,0.009695,0.233966,0.233966,0.233966,0.233966,0.233966,0.233966,0.036665,0.014117,0.016393,0.126218,calls/second,milliseconds
1614787468,115,5.366817,0.230607,0.016617,0.005207,0.231729,0.231729,0.234463,0.234463,0.234463,0.234463,0.034847,0.014117,0.016289,0.095124,calls/second,milliseconds
1614787768,120,5.366817,0.222607,0.016617,0.010758,0.229293,0.229293,0.229293,0.229293,0.229293,0.234463,0.033332,0.014117,0.016251,0.072843,calls/second,milliseconds
1614787889,123,5.366817,0.352563,0.016617,0.104432,0.379673,0.379673,0.579469,0.579469,0.579469,0.579469,0.033051,0.014117,0.016243,0.065813,calls/second,milliseconds
1614787889,123,5.366817,0.352563,0.016617,0.104432,0.379673,0.379673,0.579469,0.579469,0.579469,0.579469,0.033051,0.014117,0.016243,0.065813,calls/second,milliseconds
