t,count,max,mean,min,stddev,p50,p75,p95,p98,p99,p999,mean_rate,m1_rate,m5_rate,m15_rate,rate_unit,duration_unit
1607890904,19,3.882259,0.175673,0.001400,0.553091,0.047340,0.065463,0.665177,2.101640,3.882259,3.882259,0.063336,0.021072,0.327852,0.592506,calls/second,milliseconds
1607891204,68,3.882259,0.313410,0.000962,0.421462,0.115030,0.420412,1.487551,1.487551,1.939026,1.939026,0.113337,0.069150,0.216211,0.469989,calls/second,milliseconds
1607891443,76,3.882259,0.466582,0.000962,0.435532,0.172249,0.937613,1.024331,1.024331,1.024331,1.487551,0.090552,0.014017,0.105939,0.363824,calls/second,milliseconds
1607891443,76,3.882259,0.466582,0.000962,0.435532,0.172249,0.937613,1.024331,1.024331,1.024331,1.487551,0.090551,0.014017,0.105939,0.363824,calls/second,milliseconds
