t,count,max,mean,min,stddev,p50,p75,p95,p98,p99,p999,mean_rate,m1_rate,m5_rate,m15_rate,rate_unit,duration_unit
1607879686,62,4.404949,0.356877,0.003213,0.569926,0.256539,0.506485,0.848466,0.996917,4.404949,4.404949,1.379866,6.513816,10.332221,11.160835,calls/second,milliseconds
1607879686,62,4.404949,0.356877,0.003213,0.569926,0.256539,0.506485,0.848466,0.996917,4.404949,4.404949,1.379563,6.513816,10.332221,11.160835,calls/second,milliseconds
