t,count,max,mean,min,stddev,p50,p75,p95,p98,p99,p999,mean_rate,m1_rate,m5_rate,m15_rate,rate_unit,duration_unit
1617666714,12,19.291617,2.793422,0.002738,5.816837,0.065097,1.133914,16.301770,16.301770,16.301770,19.291617,0.039997,0.109279,0.396725,0.728225,calls/second,milliseconds
1617666856,28,19.291617,2.268345,0.002738,3.420800,0.245249,3.847823,9.983196,16.301770,16.301770,16.301770,0.063418,0.062918,0.285127,0.638297,calls/second,milliseconds
1617666856,28,19.291617,2.268345,0.002738,3.420800,0.245249,3.847823,9.983196,16.301770,16.301770,16.301770,0.063417,0.062918,0.285127,0.638297,calls/second,milliseconds
