t,count,max,mean,min,stddev,p50,p75,p95,p98,p99,p999,mean_rate,m1_rate,m5_rate,m15_rate,rate_unit,duration_unit
1609995615,62,6.461534,0.438482,0.011120,0.657717,0.140826,0.485756,1.977910,2.926358,2.926358,6.461534,0.206670,0.121932,0.423823,0.634281,calls/second,milliseconds
1609995630,66,6.461534,0.754679,0.011120,1.162206,0.140826,1.018749,3.853017,3.853017,3.853017,6.461534,0.209849,0.094961,0.403153,0.623797,calls/second,milliseconds
1609995630,66,6.461534,0.754679,0.011120,1.162206,0.140826,1.018749,3.853017,3.853017,3.853017,6.461534,0.209841,0.094961,0.403153,0.623797,calls/second,milliseconds
