t,count,max,mean,min,stddev,p50,p75,p95,p98,p99,p999,mean_rate,m1_rate,m5_rate,m15_rate,rate_unit,duration_unit
1617678421,44,6.339651,0.289098,0.008030,0.516272,0.209585,0.235254,1.369297,1.369297,1.369297,6.339651,0.146612,0.352015,1.209495,2.192643,calls/second,milliseconds
1617678528,68,6.339651,0.336368,0.006303,0.555117,0.184127,0.258535,1.659958,2.209146,2.209146,6.339651,0.167241,0.161312,0.904430,1.971658,calls/second,milliseconds
1617678528,68,6.339651,0.336368,0.006303,0.555117,0.184127,0.258535,1.659958,2.209146,2.209146,6.339651,0.167238,0.161312,0.904430,1.971658,calls/second,milliseconds
