t,count,max,mean,min,stddev,p50,p75,p95,p98,p99,p999,mean_rate,m1_rate,m5_rate,m15_rate,rate_unit,duration_unit
1617643803,32,3.776744,0.523800,0.004500,0.689445,0.344928,0.755762,2.478592,2.478592,2.478592,3.776744,0.106668,0.198455,1.191034,2.191679,calls/second,milliseconds
1617644037,70,3.776744,0.442172,0.004500,0.480335,0.139490,0.808012,1.364474,1.364474,1.364474,2.478592,0.131313,0.045431,0.605978,1.718803,calls/second,milliseconds
1617644037,70,3.776744,0.442172,0.004500,0.480335,0.139490,0.808012,1.364474,1.364474,1.364474,2.478592,0.131310,0.045431,0.605978,1.718803,calls/second,milliseconds
