t,count,max,mean,min,stddev,p50,p75,p95,p98,p99,p999,mean_rate,m1_rate,m5_rate,m15_rate,rate_unit,duration_unit
1617575178,19,2.353839,0.112037,0.005304,0.238048,0.066527,0.082667,0.265245,0.725419,0.931010,2.353839,0.063337,0.041674,1.150441,2.177545,calls/second,milliseconds
1617575478,67,3.204700,0.372353,0.002694,0.478608,0.163551,0.513477,1.246617,1.613740,2.853271,3.204700,0.111671,0.075142,0.518035,1.604961,calls/second,milliseconds
1617575514,72,3.204700,0.533887,0.002694,0.566625,0.319978,0.549053,1.789142,1.789142,1.789142,3.204700,0.113182,0.054570,0.456676,1.536300,calls/second,milliseconds
1617575514,72,3.204700,0.533887,0.002694,0.566625,0.319978,0.549053,1.789142,1.789142,1.789142,3.204700,0.113181,0.054570,0.456676,1.536300,calls/second,milliseconds
