t,count,max,mean,min,stddev,p50,p75,p95,p98,p99,p999,mean_rate,m1_rate,m5_rate,m15_rate,rate_unit,duration_unit
1617652639,19,36.112583,1.420814,0.049673,4.572297,0.285905,0.447638,5.544679,21.308996,36.112583,36.112583,0.063372,0.036630,1.149835,2.177458,calls/second,milliseconds
1617652892,71,36.112583,1.876804,0.031961,1.772269,1.500008,2.980652,3.859918,3.859918,3.859918,20.339189,0.128298,0.091564,0.590468,1.684948,calls/second,milliseconds
1617652892,71,36.112583,1.876804,0.031961,1.772269,1.500008,2.980652,3.859918,3.859918,3.859918,20.339189,0.128294,0.091564,0.590468,1.684948,calls/second,milliseconds
