t,count,max,mean,min,stddev,p50,p75,p95,p98,p99,p999,mean_rate,m1_rate,m5_rate,m15_rate,rate_unit,duration_unit
1617660991,5,29.998163,6.023803,0.009818,11.987196,0.022515,0.067304,29.998163,29.998163,29.998163,29.998163,0.016665,0.007324,0.374062,0.720523,calls/second,milliseconds
1617661274,28,29.998163,1.997620,0.009818,2.746512,0.288623,2.968088,6.680173,8.966246,11.873212,11.873212,0.047983,0.045787,0.194354,0.548961,calls/second,milliseconds
1617661274,28,29.998163,1.997620,0.009818,2.746512,0.288623,2.968088,6.680173,8.966246,11.873212,11.873212,0.047982,0.045787,0.194354,0.548961,calls/second,milliseconds
