t,count,max,mean,min,stddev,p50,p75,p95,p98,p99,p999,mean_rate,m1_rate,m5_rate,m15_rate,rate_unit,duration_unit
1609292757,32,17.686736,0.236896,0.017800,0.567956,0.132144,0.345834,0.847950,0.847950,0.847950,2.695671,0.106631,0.225553,1.173438,2.179775,calls/second,milliseconds
1609293057,68,17.686736,0.764305,0.017800,0.574556,0.709485,1.441265,1.441265,1.441265,1.441265,1.441265,0.113315,0.024698,0.485189,1.592299,calls/second,milliseconds
1609293357,73,17.686736,0.714373,0.017800,0.272696,0.551733,0.709485,1.175954,1.175954,1.175954,1.441265,0.081102,0.016731,0.189097,1.145669,calls/second,milliseconds
1609293657,78,17.686736,0.761641,0.017800,0.107865,0.795130,0.795130,0.958433,0.958433,0.958433,1.175954,0.064995,0.016678,0.080171,0.825644,calls/second,milliseconds
1609293957,83,17.686736,0.797314,0.017800,0.140983,0.911854,0.911854,0.911854,0.911854,0.911854,0.958433,0.055330,0.016677,0.040099,0.596337,calls/second,milliseconds
1609293977,87,17.686736,0.318673,0.017800,0.263180,0.194300,0.467217,0.911854,0.911854,0.911854,0.911854,0.057247,0.012988,0.038143,0.586480,calls/second,milliseconds
1609293977,87,17.686736,0.318673,0.017800,0.263180,0.194300,0.467217,0.911854,0.911854,0.911854,0.911854,0.057247,0.012988,0.038143,0.586480,calls/second,milliseconds
