t,count,max,mean,min,stddev,p50,p75,p95,p98,p99,p999,mean_rate,m1_rate,m5_rate,m15_rate,rate_unit,duration_unit
1607879721,62,5.048179,0.185236,0.010357,0.626571,0.076246,0.117744,0.288919,1.217242,5.048179,5.048179,1.809629,1.376848,0.913943,0.837850,calls/second,milliseconds
1607879721,62,5.048179,0.185236,0.010357,0.626571,0.076246,0.117744,0.288919,1.217242,5.048179,5.048179,1.808975,1.376848,0.913943,0.837850,calls/second,milliseconds
