t,count,max,mean,min,stddev,p50,p75,p95,p98,p99,p999,mean_rate,m1_rate,m5_rate,m15_rate,rate_unit,duration_unit
1607885558,32,2.753919,0.380668,0.005944,0.464298,0.094466,0.709534,1.674854,1.674854,1.674854,2.753919,0.106672,0.194955,1.190578,2.191614,calls/second,milliseconds
1607885858,68,2.753919,0.166735,0.002352,0.240741,0.101892,0.101892,0.709534,0.940723,1.143905,1.674854,0.113327,0.020318,0.481814,1.591608,calls/second,milliseconds
1607885978,74,2.753919,0.268760,0.002352,0.219459,0.139850,0.455881,0.591141,0.591141,0.591141,0.940723,0.102864,0.016256,0.333837,1.402767,calls/second,milliseconds
1607885978,74,2.753919,0.268760,0.002352,0.219459,0.139850,0.455881,0.591141,0.591141,0.591141,0.940723,0.102862,0.016256,0.333837,1.402767,calls/second,milliseconds
