t,count,max,mean,min,stddev,p50,p75,p95,p98,p99,p999,mean_rate,m1_rate,m5_rate,m15_rate,rate_unit,duration_unit
1618645768,21,0.173525,0.020169,0.001420,0.016324,0.018518,0.037330,0.037330,0.037330,0.037330,0.173525,0.069995,0.062344,0.330037,0.591563,calls/second,milliseconds
1618646068,67,0.173525,0.063309,0.001290,0.057736,0.044180,0.138405,0.138405,0.138405,0.138405,0.138405,0.111662,0.034585,0.192068,0.463189,calls/second,milliseconds
1618646076,71,0.173525,0.027881,0.001290,0.043331,0.011633,0.011993,0.138405,0.138405,0.138405,0.138405,0.116824,0.031820,0.188894,0.460623,calls/second,milliseconds
1618646076,71,0.173525,0.027881,0.001290,0.043331,0.011633,0.011993,0.138405,0.138405,0.138405,0.138405,0.116822,0.031820,0.188894,0.460623,calls/second,milliseconds
