t,count,max,mean,min,stddev,p50,p75,p95,p98,p99,p999,mean_rate,m1_rate,m5_rate,m15_rate,rate_unit,duration_unit
1609430279,19,5.774767,0.835800,0.024143,0.651353,0.638927,1.097778,1.454947,1.526197,5.774767,5.774767,0.063319,0.025451,0.323184,0.589331,calls/second,milliseconds
1609430579,73,5.774767,0.520154,0.014151,1.113980,0.188897,0.306130,4.501791,4.501791,4.501791,4.501791,0.121651,0.142657,0.238039,0.474422,calls/second,milliseconds
1609430879,78,5.774767,2.656303,0.014151,1.312607,3.783561,3.783561,3.783561,3.783561,3.783561,4.501791,0.086660,0.018966,0.098354,0.344701,calls/second,milliseconds
1609430981,84,5.774767,0.738558,0.014151,0.663541,0.472543,1.209976,1.262960,3.783561,3.783561,3.783561,0.083868,0.025456,0.076486,0.310597,calls/second,milliseconds
1609430981,84,5.774767,0.738558,0.014151,0.663541,0.472543,1.209976,1.262960,3.783561,3.783561,3.783561,0.083867,0.025456,0.076486,0.310597,calls/second,milliseconds
