t,count,max,mean,min,stddev,p50,p75,p95,p98,p99,p999,mean_rate,m1_rate,m5_rate,m15_rate,rate_unit,duration_unit
1617655243,19,0.642039,0.299205,0.004792,0.157495,0.236700,0.407286,0.642039,0.642039,0.642039,0.642039,0.063326,0.042992,1.131899,2.165546,calls/second,milliseconds
1617655482,70,0.703186,0.050163,0.004792,0.080392,0.024753,0.038992,0.230380,0.236700,0.252606,0.703186,0.129943,0.112952,0.619549,1.713131,calls/second,milliseconds
1617655482,70,0.703186,0.050163,0.004792,0.080392,0.024753,0.038992,0.230380,0.236700,0.252606,0.703186,0.129942,0.112952,0.619549,1.713131,calls/second,milliseconds
