t,count,max,mean,min,stddev,p50,p75,p95,p98,p99,p999,mean_rate,m1_rate,m5_rate,m15_rate,rate_unit,duration_unit
1609289922,19,0.172368,0.028013,0.000668,0.018370,0.032373,0.032373,0.032373,0.032373,0.140837,0.172368,0.063330,0.041311,1.131739,2.165524,calls/second,milliseconds
1609290222,71,0.238142,0.026755,0.000202,0.033782,0.026013,0.026013,0.069178,0.141128,0.141128,0.238142,0.118330,0.033195,0.495900,1.596084,calls/second,milliseconds
1609290522,76,0.238142,0.034383,0.000202,0.010406,0.036585,0.036585,0.055740,0.055740,0.055740,0.069178,0.084442,0.019793,0.193397,1.148434,calls/second,milliseconds
1609290822,81,0.238142,0.032538,0.000202,0.002787,0.032896,0.032896,0.033842,0.033842,0.033842,0.055740,0.067499,0.019702,0.082112,0.827678,calls/second,milliseconds
1609291122,86,0.238142,0.029856,0.000202,0.013350,0.019822,0.036432,0.051710,0.051710,0.051710,0.051710,0.057333,0.019702,0.041173,0.597847,calls/second,milliseconds
1609291422,91,0.238142,0.025885,0.000202,0.006864,0.021544,0.027815,0.042776,0.042776,0.042776,0.051710,0.050555,0.019702,0.026112,0.433166,calls/second,milliseconds
1609291537,99,0.238142,0.014296,0.000202,0.012473,0.010919,0.029952,0.034351,0.041756,0.041756,0.042776,0.051719,0.029841,0.028826,0.387458,calls/second,milliseconds
1609291537,99,0.238142,0.014296,0.000202,0.012473,0.010919,0.029952,0.034351,0.041756,0.041756,0.042776,0.051719,0.029841,0.028826,0.387458,calls/second,milliseconds
