t,count,max,mean,min,stddev,p50,p75,p95,p98,p99,p999,mean_rate,m1_rate,m5_rate,m15_rate,rate_unit,duration_unit
1607864192,54,0.231439,0.013740,0.002205,0.014781,0.009077,0.018417,0.056684,0.064951,0.064951,0.064951,0.179983,0.417241,1.237753,2.203171,calls/second,milliseconds
1607864492,67,2.320124,0.254138,0.002205,0.578893,0.082616,0.082616,1.802734,2.320124,2.320124,2.320124,0.111657,0.020543,0.476285,1.589858,calls/second,milliseconds
1607864792,72,2.320124,0.066072,0.002205,0.074445,0.062680,0.065212,0.065212,0.065212,0.076500,1.802734,0.079996,0.016703,0.185821,1.143920,calls/second,milliseconds
1607865092,77,2.320124,0.052569,0.002205,0.008342,0.051410,0.054866,0.060289,0.060289,0.062680,0.065212,0.064165,0.016677,0.078966,0.824391,calls/second,milliseconds
1607865392,82,2.320124,0.038238,0.002205,0.016169,0.044431,0.044431,0.056233,0.060415,0.060415,0.060415,0.054666,0.016677,0.039656,0.595439,calls/second,milliseconds
1607865684,91,2.320124,0.032847,0.002205,0.013605,0.037393,0.043336,0.046980,0.046980,0.046980,0.052707,0.050790,0.034641,0.033902,0.439283,calls/second,milliseconds
1607865684,91,2.320124,0.032847,0.002205,0.013605,0.037393,0.043336,0.046980,0.046980,0.046980,0.052707,0.050790,0.034641,0.033902,0.439283,calls/second,milliseconds
