t,count,max,mean,min,stddev,p50,p75,p95,p98,p99,p999,mean_rate,m1_rate,m5_rate,m15_rate,rate_unit,duration_unit
1609402065,54,5.169267,0.308795,0.013323,0.490592,0.187149,0.270230,1.341748,2.073510,2.073510,3.175686,0.179922,0.459875,1.239943,2.203421,calls/second,milliseconds
1609402365,67,9.722725,4.437402,0.013291,4.462382,1.288135,9.722725,9.722725,9.722725,9.722725,9.722725,0.111642,0.018323,0.476807,1.589999,calls/second,milliseconds
1609402665,72,10.218978,3.056341,0.013291,4.092032,0.695575,0.894642,10.218978,10.218978,10.218978,10.218978,0.079988,0.014145,0.185666,1.143968,calls/second,milliseconds
1609402965,77,10.218978,1.346435,0.013291,1.522145,0.939942,0.939942,2.902878,8.154882,8.154882,10.218978,0.064159,0.014117,0.078561,0.824374,calls/second,milliseconds
1609403265,82,10.218978,1.024037,0.013291,0.307694,0.905348,1.026272,1.790924,1.790924,1.790924,1.956330,0.054662,0.014117,0.039159,0.595374,calls/second,milliseconds
1609403479,90,10.218978,1.310724,0.013291,1.453664,1.087168,1.817667,5.369714,5.369714,5.369714,5.369714,0.052511,0.037019,0.037046,0.478528,calls/second,milliseconds
1609403479,90,10.218978,1.310724,0.013291,1.453664,1.087168,1.817667,5.369714,5.369714,5.369714,5.369714,0.052510,0.037019,0.037046,0.478528,calls/second,milliseconds
