t,count,max,mean,min,stddev,p50,p75,p95,p98,p99,p999,mean_rate,m1_rate,m5_rate,m15_rate,rate_unit,duration_unit
1617632078,32,4.972511,0.771156,0.002994,1.301652,0.205283,0.474406,4.972511,4.972511,4.972511,4.972511,0.106675,0.191112,1.190668,2.191637,calls/second,milliseconds
1617632320,70,4.972511,0.587025,0.002264,0.714719,0.151343,0.942618,1.789257,1.789257,1.893753,4.972511,0.128997,0.037639,0.585509,1.699700,calls/second,milliseconds
1617632320,70,4.972511,0.587025,0.002264,0.714719,0.151343,0.942618,1.789257,1.789257,1.893753,4.972511,0.128995,0.037639,0.585509,1.699700,calls/second,milliseconds
