t,count,max,mean,min,stddev,p50,p75,p95,p98,p99,p999,mean_rate,m1_rate,m5_rate,m15_rate,rate_unit,duration_unit
1617643219,37,3.189742,0.324379,0.001523,0.396350,0.102530,0.574944,1.105226,1.437925,1.437925,1.437925,0.123341,0.187520,1.190688,2.191649,calls/second,milliseconds
1617643443,69,3.189742,0.350951,0.001288,0.333057,0.115537,0.654303,0.851571,0.980013,0.980013,1.437925,0.131791,0.036919,0.621905,1.736671,calls/second,milliseconds
1617643443,69,3.189742,0.350951,0.001288,0.333057,0.115537,0.654303,0.851571,0.980013,0.980013,1.437925,0.131788,0.036919,0.621905,1.736671,calls/second,milliseconds
