t,count,max,mean,min,stddev,p50,p75,p95,p98,p99,p999,mean_rate,m1_rate,m5_rate,m15_rate,rate_unit,duration_unit
1617670456,32,0.484742,0.035878,0.000870,0.064170,0.011957,0.023694,0.162749,0.162749,0.484742,0.484742,0.106658,0.176223,1.170758,2.179459,calls/second,milliseconds
1617670572,68,0.484742,0.019967,0.000730,0.032798,0.009757,0.016114,0.102701,0.102701,0.162749,0.484742,0.163213,0.149021,0.876756,1.950154,calls/second,milliseconds
1617670572,68,0.484742,0.019967,0.000730,0.032798,0.009757,0.016114,0.102701,0.102701,0.162749,0.484742,0.163210,0.149021,0.876756,1.950154,calls/second,milliseconds
