t,count,max,mean,min,stddev,p50,p75,p95,p98,p99,p999,mean_rate,m1_rate,m5_rate,m15_rate,rate_unit,duration_unit
1608504719,65,2.790600,0.293438,0.006078,0.330181,0.119386,0.475367,0.907431,1.072196,1.283993,2.790600,0.299067,0.274701,0.537567,0.690585,calls/second,milliseconds
1608504719,65,2.790600,0.293438,0.006078,0.330181,0.119386,0.475367,0.907431,1.072196,1.283993,2.790600,0.299048,0.274701,0.537567,0.690585,calls/second,milliseconds
