t,count,max,mean,min,stddev,p50,p75,p95,p98,p99,p999,mean_rate,m1_rate,m5_rate,m15_rate,rate_unit,duration_unit
1617638083,24,4.869459,0.682833,0.002640,0.902318,0.309966,0.627467,2.440088,2.440088,2.440088,4.869459,0.080005,0.072302,1.158983,2.180685,calls/second,milliseconds
1617638357,71,4.869459,0.554652,0.000957,0.620294,0.134243,1.462311,1.465877,1.465877,1.465877,2.440088,0.123631,0.037249,0.538598,1.646135,calls/second,milliseconds
1617638357,71,4.869459,0.554652,0.000957,0.620294,0.134243,1.462311,1.465877,1.465877,1.465877,2.440088,0.123629,0.037249,0.538598,1.646135,calls/second,milliseconds
