t,count,max,mean,min,stddev,p50,p75,p95,p98,p99,p999,mean_rate,m1_rate,m5_rate,m15_rate,rate_unit,duration_unit
1617617856,19,3.947617,0.202021,0.003683,0.447212,0.117654,0.117654,0.589688,1.651524,1.836324,3.947617,0.063336,0.040252,1.150286,2.177523,calls/second,milliseconds
1617618156,67,3.947617,0.377259,0.002493,0.689615,0.063086,0.560409,1.558964,3.779629,3.779629,3.779629,0.111669,0.039840,0.503918,1.602593,calls/second,milliseconds
1617618163,71,3.947617,0.513110,0.002493,0.592967,0.109917,1.010915,1.190314,1.558964,3.779629,3.779629,0.116988,0.033724,0.487398,1.584885,calls/second,milliseconds
1617618163,71,3.947617,0.513110,0.002493,0.592967,0.109917,1.010915,1.190314,1.558964,3.779629,3.779629,0.116986,0.033724,0.487398,1.584885,calls/second,milliseconds
