t,count,max,mean,min,stddev,p50,p75,p95,p98,p99,p999,mean_rate,m1_rate,m5_rate,m15_rate,rate_unit,duration_unit
1607727838,27,34.286855,2.086333,0.004917,4.013312,0.251082,2.418251,10.433524,10.433524,10.433524,34.286855,0.089991,0.047644,0.054926,0.025341,calls/second,milliseconds
1607728138,27,34.286855,2.086333,0.004917,4.013312,0.251082,2.418251,10.433524,10.433524,10.433524,34.286855,0.044998,0.000321,0.020206,0.018158,calls/second,milliseconds
1607728251,28,34.286855,3.557965,0.004917,0.362058,3.568590,3.568590,3.568590,3.568590,3.568590,8.531252,0.039267,0.000051,0.014004,0.016069,calls/second,milliseconds
1607728251,28,34.286855,3.557965,0.004917,0.362058,3.568590,3.568590,3.568590,3.568590,3.568590,8.531252,0.039266,0.000051,0.014004,0.016069,calls/second,milliseconds
