t,count,max,mean,min,stddev,p50,p75,p95,p98,p99,p999,mean_rate,m1_rate,m5_rate,m15_rate,rate_unit,duration_unit
1617573296,19,0.323786,0.120805,0.001077,0.109513,0.080494,0.080494,0.323786,0.323786,0.323786,0.323786,0.063328,0.038342,1.131426,2.165481,calls/second,milliseconds
1617573596,59,0.490553,0.015989,0.001077,0.033985,0.005857,0.016143,0.070530,0.070530,0.074283,0.490553,0.098326,0.209023,0.515227,1.591699,calls/second,milliseconds
1617573862,75,0.490553,0.034324,0.000659,0.075837,0.009562,0.036833,0.079927,0.408847,0.408847,0.408847,0.086577,0.015241,0.232919,1.196233,calls/second,milliseconds
1617573862,75,0.490553,0.034324,0.000659,0.075837,0.009562,0.036833,0.079927,0.408847,0.408847,0.408847,0.086576,0.015241,0.232919,1.196233,calls/second,milliseconds
