t,count,max,mean,min,stddev,p50,p75,p95,p98,p99,p999,mean_rate,m1_rate,m5_rate,m15_rate,rate_unit,duration_unit
1610004121,19,5.059225,1.582786,0.018011,0.634807,1.801684,1.801684,1.954683,1.954683,1.954683,5.059225,0.063310,0.028535,0.323262,0.589325,calls/second,milliseconds
1610004421,68,5.059225,0.581223,0.018011,0.527940,0.322754,1.164882,1.562767,1.781291,1.781291,1.801684,0.113265,0.087371,0.218543,0.468334,calls/second,milliseconds
1610004721,73,5.059225,1.005902,0.018011,0.810192,0.715733,0.715733,3.337820,3.337820,3.337820,3.337820,0.081101,0.021858,0.091547,0.340392,calls/second,milliseconds
1610004739,77,5.059225,0.418929,0.018011,0.521505,0.255023,0.637590,0.715733,2.628025,3.337820,3.337820,0.083856,0.017023,0.087082,0.334766,calls/second,milliseconds
1610004739,77,5.059225,0.418929,0.018011,0.521505,0.255023,0.637590,0.715733,2.628025,3.337820,3.337820,0.083854,0.017023,0.087082,0.334766,calls/second,milliseconds
