t,count,max,mean,min,stddev,p50,p75,p95,p98,p99,p999,mean_rate,m1_rate,m5_rate,m15_rate,rate_unit,duration_unit
1617581528,32,5.256231,0.301761,0.031210,0.466984,0.148250,0.254239,1.220443,1.220443,2.697869,3.003382,0.106621,0.221218,1.173590,2.179808,calls/second,milliseconds
1617581765,70,5.256231,0.277788,0.019112,0.325485,0.143064,0.315673,1.069825,1.530947,1.530947,1.530947,0.130481,0.050133,0.598781,1.709786,calls/second,milliseconds
1617581765,70,5.256231,0.277788,0.019112,0.325485,0.143064,0.315673,1.069825,1.530947,1.530947,1.530947,0.130479,0.050133,0.598781,1.709786,calls/second,milliseconds
