t,count,max,mean,min,stddev,p50,p75,p95,p98,p99,p999,mean_rate,m1_rate,m5_rate,m15_rate,rate_unit,duration_unit
1617592491,32,0.199916,0.015707,0.000094,0.028143,0.003817,0.012843,0.048973,0.112250,0.141870,0.199916,0.106659,0.169863,1.170480,2.179428,calls/second,milliseconds
1617592689,69,0.199916,0.016925,0.000094,0.020677,0.004207,0.033290,0.056663,0.056663,0.056663,0.141870,0.138708,0.047911,0.674708,1.785394,calls/second,milliseconds
1617592689,69,0.199916,0.016925,0.000094,0.020677,0.004207,0.033290,0.056663,0.056663,0.056663,0.141870,0.138706,0.047911,0.674708,1.785394,calls/second,milliseconds
