t,count,max,mean,min,stddev,p50,p75,p95,p98,p99,p999,mean_rate,m1_rate,m5_rate,m15_rate,rate_unit,duration_unit
1608505219,67,47.494621,1.785282,0.018735,7.201932,0.186018,0.682595,4.407829,47.494621,47.494621,47.494621,0.223070,0.147039,0.432074,0.636230,calls/second,milliseconds
1608505267,71,47.494621,1.285421,0.018735,5.399909,0.186018,0.682595,2.028916,9.422369,47.494621,47.494621,0.203370,0.069456,0.371890,0.605200,calls/second,milliseconds
1608505267,71,47.494621,1.285421,0.018735,5.399909,0.186018,0.682595,2.028916,9.422369,47.494621,47.494621,0.203363,0.069456,0.371890,0.605200,calls/second,milliseconds
