t,count,max,mean,min,stddev,p50,p75,p95,p98,p99,p999,mean_rate,m1_rate,m5_rate,m15_rate,rate_unit,duration_unit
1617572617,19,6.012994,2.101607,0.024010,1.747353,1.443710,1.443710,5.233663,5.233663,5.233663,6.012994,0.063270,0.038342,1.131426,2.165481,calls/second,milliseconds
1617572917,67,6.012994,0.901565,0.024010,0.907088,0.366291,1.856403,2.162579,2.204672,2.991068,3.669923,0.111641,0.042934,0.499000,1.594325,calls/second,milliseconds
1617572925,71,6.012994,0.587966,0.024010,0.695679,0.293319,0.906804,2.162579,2.162579,2.204672,3.669923,0.116836,0.039501,0.490752,1.585492,calls/second,milliseconds
1617572925,71,6.012994,0.587966,0.024010,0.695679,0.293319,0.906804,2.162579,2.162579,2.204672,3.669923,0.116834,0.039501,0.490752,1.585492,calls/second,milliseconds
