t,count,max,mean,min,stddev,p50,p75,p95,p98,p99,p999,mean_rate,m1_rate,m5_rate,m15_rate,rate_unit,duration_unit
1608498969,72,0.845476,0.078120,0.003441,0.069956,0.084421,0.088468,0.143249,0.208925,0.426410,0.845476,0.239959,0.054177,1.205581,2.209543,calls/second,milliseconds
1608499269,77,0.845476,0.116184,0.003441,0.017053,0.126844,0.126844,0.126844,0.126844,0.126844,0.143249,0.128324,0.021635,0.454658,1.588023,calls/second,milliseconds
1608499569,82,0.845476,0.094571,0.003441,0.003429,0.095498,0.095498,0.095498,0.095498,0.095498,0.126844,0.091106,0.021415,0.178409,1.142685,calls/second,milliseconds
1608499869,87,0.845476,0.092216,0.003441,0.004143,0.090351,0.094048,0.102734,0.102734,0.102734,0.102734,0.072497,0.021414,0.076783,0.823586,calls/second,milliseconds
1608500169,92,0.845476,0.101267,0.003441,0.006551,0.105287,0.105287,0.105287,0.105287,0.105287,0.105287,0.061331,0.021414,0.039397,0.594941,calls/second,milliseconds
1608500469,97,0.845476,0.093507,0.003441,0.008904,0.090198,0.092666,0.103631,0.105287,0.154942,0.154942,0.053887,0.021414,0.025643,0.431110,calls/second,milliseconds
1608500769,102,0.845476,0.140281,0.003441,0.047950,0.177553,0.177553,0.177553,0.177553,0.177553,0.177553,0.048570,0.021414,0.020583,0.313720,calls/second,milliseconds
1608501069,107,0.845476,0.140716,0.003441,0.038345,0.170846,0.170846,0.170846,0.170846,0.170846,0.177553,0.044582,0.021414,0.018722,0.229607,calls/second,milliseconds
1608501369,112,0.845476,0.153631,0.003441,0.026006,0.170162,0.170162,0.170162,0.170162,0.170162,0.170846,0.041481,0.021414,0.018037,0.169337,calls/second,milliseconds
1608501669,117,0.845476,0.095587,0.003441,0.008520,0.093046,0.098818,0.098818,0.130368,0.130368,0.170162,0.038999,0.021414,0.017785,0.126152,calls/second,milliseconds
1608501969,122,0.845476,0.089391,0.003441,0.008930,0.089525,0.093046,0.098689,0.098689,0.098689,0.098818,0.036969,0.021414,0.017693,0.095208,calls/second,milliseconds
1608502269,127,0.845476,0.080990,0.003441,0.026115,0.095530,0.095530,0.095530,0.095530,0.147361,0.147361,0.035277,0.021414,0.017658,0.073036,calls/second,milliseconds
1608502526,132,0.845476,0.132399,0.003441,0.051776,0.099777,0.208937,0.208937,0.208937,0.208937,0.208937,0.034225,0.016677,0.016787,0.058927,calls/second,milliseconds
1608502526,132,0.845476,0.132399,0.003441,0.051776,0.099777,0.208937,0.208937,0.208937,0.208937,0.208937,0.034225,0.016677,0.016787,0.058927,calls/second,milliseconds
