t,count,max,mean,min,stddev,p50,p75,p95,p98,p99,p999,mean_rate,m1_rate,m5_rate,m15_rate,rate_unit,duration_unit
1609428444,19,3.900993,0.281275,0.006631,0.397525,0.337494,0.337494,0.337494,0.517206,3.900993,3.900993,0.063337,0.027507,0.328371,0.592564,calls/second,milliseconds
1609428744,68,4.197546,0.307113,0.006631,0.430400,0.110013,0.514444,0.944728,1.292248,1.292248,4.197546,0.113305,0.083087,0.217281,0.468115,calls/second,milliseconds
1609429044,73,4.197546,0.129121,0.006631,0.109239,0.123470,0.133616,0.133616,0.267784,0.597488,1.292248,0.081112,0.020178,0.092242,0.342077,calls/second,milliseconds
1609429169,79,4.197546,0.561494,0.006631,0.612010,0.101231,1.109432,1.514998,1.514998,1.514998,1.514998,0.077110,0.018186,0.066434,0.299816,calls/second,milliseconds
1609429169,79,4.197546,0.561494,0.006631,0.612010,0.101231,1.109432,1.514998,1.514998,1.514998,1.514998,0.077109,0.018186,0.066434,0.299816,calls/second,milliseconds
