t,count,max,mean,min,stddev,p50,p75,p95,p98,p99,p999,mean_rate,m1_rate,m5_rate,m15_rate,rate_unit,duration_unit
1618604232,19,9.302781,0.142649,0.003928,0.859558,0.044540,0.044540,0.079550,0.079550,3.570007,9.302781,0.063232,0.041311,1.131739,2.165524,calls/second,milliseconds
1618604393,68,9.302781,0.021432,0.003131,0.079715,0.012478,0.027248,0.070053,0.073607,0.073607,0.079550,0.147242,0.185969,0.775538,1.858092,calls/second,milliseconds
1618604393,68,9.302781,0.021432,0.003131,0.079715,0.012478,0.027248,0.070053,0.073607,0.073607,0.079550,0.147236,0.185969,0.775538,1.858092,calls/second,milliseconds
