t,count,max,mean,min,stddev,p50,p75,p95,p98,p99,p999,mean_rate,m1_rate,m5_rate,m15_rate,rate_unit,duration_unit
1607887750,19,4.318806,0.210508,0.007638,0.547622,0.099670,0.099670,0.667399,0.983873,4.318806,4.318806,0.063335,0.018959,0.327319,0.592413,calls/second,milliseconds
1607888050,73,4.318806,0.266754,0.004770,0.244752,0.281696,0.462203,0.625312,0.882396,1.218818,1.218818,0.121655,0.028413,0.203030,0.468674,calls/second,milliseconds
1607888234,81,4.318806,0.622547,0.004770,0.564206,0.433807,1.239951,1.504234,1.504234,1.504234,1.504234,0.103348,0.011026,0.118275,0.386648,calls/second,milliseconds
1607888234,81,4.318806,0.622547,0.004770,0.564206,0.433807,1.239951,1.504234,1.504234,1.504234,1.504234,0.103346,0.011026,0.118275,0.386648,calls/second,milliseconds
