t,count,max,mean,min,stddev,p50,p75,p95,p98,p99,p999,mean_rate,m1_rate,m5_rate,m15_rate,rate_unit,duration_unit
1607857180,19,0.136561,0.036533,0.001537,0.036153,0.029053,0.029053,0.136561,0.136561,0.136561,0.136561,0.063324,0.032347,0.323591,0.589370,calls/second,milliseconds
1607857480,68,1.256540,0.429615,0.001254,0.577311,0.031744,1.256540,1.256540,1.256540,1.256540,1.256540,0.113324,0.040665,0.197113,0.464702,calls/second,milliseconds
1607857780,73,2.243744,0.559681,0.001254,0.949321,0.015583,0.038830,2.243744,2.243744,2.243744,2.243744,0.081106,0.025401,0.084041,0.337844,calls/second,milliseconds
1607858080,78,2.243744,0.035025,0.001254,0.115625,0.030993,0.030993,0.057227,0.057227,0.057227,2.243744,0.064997,0.025298,0.042445,0.246946,calls/second,milliseconds
1607858380,83,2.243744,0.158860,0.001254,0.367382,0.046660,0.046660,1.271465,1.271465,1.271465,1.271465,0.055332,0.025298,0.027142,0.181815,calls/second,milliseconds
1607858680,88,2.243744,0.169969,0.001254,0.412546,0.013041,0.051964,1.407574,1.407574,1.407574,1.407574,0.048888,0.025298,0.021513,0.135146,calls/second,milliseconds
1607858980,98,2.243744,0.037479,0.001254,0.045588,0.040506,0.040506,0.045526,0.045526,0.045526,1.407574,0.046666,0.025989,0.025834,0.105743,calls/second,milliseconds
1607859258,106,2.243744,0.179255,0.001254,0.427608,0.029027,0.044078,1.386388,1.386388,1.386388,1.386388,0.044564,0.014124,0.019266,0.081770,calls/second,milliseconds
1607859258,106,2.243744,0.179255,0.001254,0.427608,0.029027,0.044078,1.386388,1.386388,1.386388,1.386388,0.044564,0.014124,0.019266,0.081770,calls/second,milliseconds
