t,count,max,mean,min,stddev,p50,p75,p95,p98,p99,p999,mean_rate,m1_rate,m5_rate,m15_rate,rate_unit,duration_unit
1607875603,63,5.042537,0.311797,0.003760,0.516076,0.136290,0.416889,0.735246,3.010482,3.010482,5.042537,0.210011,0.164206,0.433519,0.636357,calls/second,milliseconds
1607875903,68,5.042537,0.313649,0.003760,0.748611,0.243760,0.243760,0.567619,4.024720,4.024720,4.024720,0.113335,0.019111,0.170267,0.460733,calls/second,milliseconds
1607876066,75,5.042537,0.867379,0.003760,1.079597,0.253056,1.393327,2.902275,2.902275,2.902275,2.902275,0.098337,0.023338,0.106328,0.386653,calls/second,milliseconds
1607876066,75,5.042537,0.867379,0.003760,1.079597,0.253056,1.393327,2.902275,2.902275,2.902275,2.902275,0.098335,0.023338,0.106328,0.386653,calls/second,milliseconds
