t,count,max,mean,min,stddev,p50,p75,p95,p98,p99,p999,mean_rate,m1_rate,m5_rate,m15_rate,rate_unit,duration_unit
1617636892,44,4.862818,0.243871,0.015052,0.198910,0.225426,0.331945,0.468056,0.678456,0.919287,1.119558,0.146601,0.313243,1.207938,2.192484,calls/second,milliseconds
1617637087,69,4.862818,0.419732,0.015052,0.360473,0.297130,0.650122,1.038582,1.253691,1.253691,1.253691,0.139292,0.096953,0.682373,1.788321,calls/second,milliseconds
1617637087,69,4.862818,0.419732,0.015052,0.360473,0.297130,0.650122,1.038582,1.253691,1.253691,1.253691,0.139289,0.096953,0.682373,1.788321,calls/second,milliseconds
