t,count,max,mean,min,stddev,p50,p75,p95,p98,p99,p999,mean_rate,m1_rate,m5_rate,m15_rate,rate_unit,duration_unit
1609993701,64,8.344999,0.456150,0.027946,0.924199,0.283274,0.520683,0.949898,2.840775,8.344999,8.344999,1.713089,2.504773,2.861795,2.951344,calls/second,milliseconds
1609993701,64,8.344999,0.456150,0.027946,0.924199,0.283274,0.520683,0.949898,2.840775,8.344999,8.344999,1.712652,2.504773,2.861795,2.951344,calls/second,milliseconds
