t,count,max,mean,min,stddev,p50,p75,p95,p98,p99,p999,mean_rate,m1_rate,m5_rate,m15_rate,rate_unit,duration_unit
1607744698,19,1.179444,0.107140,0.004747,0.204070,0.047466,0.079744,0.424826,0.992941,1.179444,1.179444,0.063337,0.020053,0.327706,0.592484,calls/second,milliseconds
1607744998,68,3.563811,0.307556,0.003443,0.593137,0.087110,0.371922,0.957489,3.563811,3.563811,3.563811,0.113336,0.032368,0.200904,0.467410,calls/second,milliseconds
1607745297,73,3.563811,0.070778,0.003443,0.130309,0.058272,0.058272,0.229452,0.229452,0.342545,1.214935,0.081113,0.012087,0.083830,0.339547,calls/second,milliseconds
1607745597,78,3.563811,0.074820,0.003443,0.045338,0.076943,0.076943,0.076943,0.256597,0.256597,0.256597,0.065001,0.011951,0.040761,0.247929,calls/second,milliseconds
1607745897,83,3.563811,0.028837,0.003443,0.024003,0.014983,0.061728,0.061728,0.080975,0.080975,0.080975,0.055334,0.011950,0.024917,0.182281,calls/second,milliseconds
1607746197,88,3.563811,0.024649,0.003443,0.028320,0.006101,0.062985,0.083139,0.083139,0.090816,0.090816,0.048889,0.011950,0.019088,0.135243,calls/second,milliseconds
1607746497,98,3.563811,0.059543,0.002772,0.020231,0.071773,0.071773,0.076090,0.076090,0.076090,0.076090,0.046667,0.012641,0.023336,0.105575,calls/second,milliseconds
1607746720,106,3.563811,0.267688,0.002772,0.291469,0.047663,0.477580,0.742435,0.742435,0.742435,0.742435,0.045650,0.015360,0.020110,0.086111,calls/second,milliseconds
1607746720,106,3.563811,0.267688,0.002772,0.291469,0.047663,0.477580,0.742435,0.742435,0.742435,0.742435,0.045650,0.015360,0.020110,0.086111,calls/second,milliseconds
