t,count,max,mean,min,stddev,p50,p75,p95,p98,p99,p999,mean_rate,m1_rate,m5_rate,m15_rate,rate_unit,duration_unit
1610009086,19,2.956595,0.113790,0.001120,0.332075,0.024670,0.061226,0.425695,0.803230,2.956595,2.956595,0.063337,0.024538,0.328058,0.592520,calls/second,milliseconds
1610009386,73,4.349899,0.346480,0.000500,0.726016,0.074463,0.433719,0.911455,4.013950,4.013950,4.349899,0.121669,0.358978,0.263595,0.479930,calls/second,milliseconds
1610009686,78,4.349899,0.101368,0.000500,0.331480,0.050043,0.050043,0.411902,0.754346,0.911455,4.349899,0.086668,0.018984,0.107577,0.348622,calls/second,milliseconds
1610009957,87,4.349899,0.810913,0.000500,0.968837,0.157302,2.103425,2.138467,2.138467,2.138467,2.138467,0.074317,0.025321,0.054542,0.261705,calls/second,milliseconds
1610009957,87,4.349899,0.810913,0.000500,0.968837,0.157302,2.103425,2.138467,2.138467,2.138467,2.138467,0.074315,0.025321,0.054542,0.261705,calls/second,milliseconds
