t,count,max,mean,min,stddev,p50,p75,p95,p98,p99,p999,mean_rate,m1_rate,m5_rate,m15_rate,rate_unit,duration_unit
1617565759,19,8.603932,0.190457,0.003102,0.916656,0.019052,0.024703,1.132829,1.767046,8.603932,8.603932,0.063337,0.037738,1.149983,2.177480,calls/second,milliseconds
1617566059,67,8.603932,0.645611,0.003102,0.809899,0.250566,0.903046,2.621654,2.720085,2.720085,3.190735,0.111658,0.122679,0.521576,1.597881,calls/second,milliseconds
1617566213,74,8.603932,0.445557,0.003102,0.513595,0.213481,0.669392,1.183518,1.526281,2.621654,2.720085,0.098163,0.030418,0.324310,1.355657,calls/second,milliseconds
1617566213,74,8.603932,0.445557,0.003102,0.513595,0.213481,0.669392,1.183518,1.526281,2.621654,2.720085,0.098162,0.030418,0.324310,1.355657,calls/second,milliseconds
