t,count,max,mean,min,stddev,p50,p75,p95,p98,p99,p999,mean_rate,m1_rate,m5_rate,m15_rate,rate_unit,duration_unit
1617656535,19,0.117896,0.032571,0.001248,0.022030,0.050690,0.050690,0.050690,0.050690,0.117896,0.117896,0.063327,0.033701,1.130830,2.165395,calls/second,milliseconds
1617656835,67,0.117896,0.012534,0.001040,0.016257,0.006555,0.009326,0.060334,0.060334,0.060334,0.060334,0.111660,0.108884,0.519119,1.597513,calls/second,milliseconds
1617656849,72,0.117896,0.010186,0.001040,0.013005,0.006314,0.009103,0.043316,0.060334,0.060334,0.060334,0.117211,0.092168,0.502100,1.579861,calls/second,milliseconds
1617656849,72,0.117896,0.010186,0.001040,0.013005,0.006314,0.009103,0.043316,0.060334,0.060334,0.060334,0.117210,0.092168,0.502100,1.579861,calls/second,milliseconds
