t,count,max,mean,min,stddev,p50,p75,p95,p98,p99,p999,mean_rate,m1_rate,m5_rate,m15_rate,rate_unit,duration_unit
1608515877,5,14.114010,2.829015,0.002418,5.642500,0.007183,0.017909,14.114010,14.114010,14.114010,14.114010,0.016666,0.007324,0.374062,0.720523,calls/second,milliseconds
1608516177,27,14.114010,1.475142,0.002418,2.759659,0.159620,0.356982,8.530908,8.530908,8.530908,8.530908,0.044999,0.124202,0.194906,0.538749,calls/second,milliseconds
1608516370,28,14.114010,0.963458,0.002418,1.574483,0.733505,0.733505,5.383006,8.530908,8.530908,8.530908,0.035292,0.005234,0.103460,0.436217,calls/second,milliseconds
1608516370,28,14.114010,0.963458,0.002418,1.574483,0.733505,0.733505,5.383006,8.530908,8.530908,8.530908,0.035292,0.005234,0.103460,0.436217,calls/second,milliseconds
