t,count,max,mean,min,stddev,p50,p75,p95,p98,p99,p999,mean_rate,m1_rate,m5_rate,m15_rate,rate_unit,duration_unit
1609415847,28,43.020048,1.927008,0.002594,6.401521,0.183238,1.800704,7.386630,43.020048,43.020048,43.020048,0.218355,0.126022,0.069567,0.027527,calls/second,milliseconds
1609415847,28,43.020048,1.927008,0.002594,6.401521,0.183238,1.800704,7.386630,43.020048,43.020048,43.020048,0.218317,0.126022,0.069567,0.027527,calls/second,milliseconds
