t,count,max,mean,min,stddev,p50,p75,p95,p98,p99,p999,mean_rate,m1_rate,m5_rate,m15_rate,rate_unit,duration_unit
1608860185,5,20.198411,4.176038,0.003355,8.013322,0.086214,0.524674,20.198411,20.198411,20.198411,20.198411,0.016666,0.000752,0.006500,0.004059,calls/second,milliseconds
1608860485,27,20.198411,1.792398,0.003355,3.317396,0.161153,0.354271,10.490189,10.490189,10.490189,10.490189,0.044999,0.075217,0.054502,0.024689,calls/second,milliseconds
1608860657,28,20.198411,2.215310,0.003355,1.784056,2.382075,2.382075,6.744990,9.050628,10.490189,10.490189,0.036252,0.004424,0.030925,0.020439,calls/second,milliseconds
1608860657,28,20.198411,2.215310,0.003355,1.784056,2.382075,2.382075,6.744990,9.050628,10.490189,10.490189,0.036251,0.004424,0.030925,0.020439,calls/second,milliseconds
