t,count,max,mean,min,stddev,p50,p75,p95,p98,p99,p999,mean_rate,m1_rate,m5_rate,m15_rate,rate_unit,duration_unit
1617641722,19,1.436823,0.059968,0.007526,0.184863,0.012127,0.048660,0.142682,0.743182,1.361213,1.436823,0.063333,0.046805,1.132229,2.165591,calls/second,milliseconds
1617642022,67,1.436823,0.229867,0.006363,0.292978,0.058087,0.376029,0.824335,0.976533,1.160212,1.160212,0.111667,0.042794,0.505978,1.602396,calls/second,milliseconds
1617642129,72,3.363278,0.810608,0.006363,1.145507,0.138526,1.183145,3.363278,3.363278,3.363278,3.363278,0.101794,0.048800,0.364963,1.423316,calls/second,milliseconds
1617642129,72,3.363278,0.810608,0.006363,1.145507,0.138526,1.183145,3.363278,3.363278,3.363278,3.363278,0.101792,0.048800,0.364963,1.423316,calls/second,milliseconds
