t,count,max,mean,min,stddev,p50,p75,p95,p98,p99,p999,mean_rate,m1_rate,m5_rate,m15_rate,rate_unit,duration_unit
1609404954,63,0.731213,0.030274,0.001620,0.111081,0.008633,0.014687,0.059168,0.731213,0.731213,0.731213,0.209983,0.383193,1.256618,2.211840,calls/second,milliseconds
1609405254,68,0.731213,0.068365,0.001620,0.054817,0.080210,0.080210,0.128733,0.128733,0.137023,0.731213,0.113328,0.022151,0.473249,1.589643,calls/second,milliseconds
1609405554,73,0.731213,0.066748,0.001620,0.011664,0.061168,0.077567,0.082810,0.082810,0.082810,0.128733,0.081109,0.019718,0.185064,1.143818,calls/second,milliseconds
1609405854,78,0.731213,0.064034,0.001620,0.008795,0.058803,0.072423,0.080757,0.080757,0.080757,0.082810,0.064998,0.019702,0.079047,0.824371,calls/second,milliseconds
1609406101,86,0.731213,0.031888,0.001620,0.014732,0.034643,0.036270,0.054550,0.058803,0.077163,0.077567,0.059443,0.034364,0.052311,0.634937,calls/second,milliseconds
1609406101,86,0.731213,0.031888,0.001620,0.014732,0.034643,0.036270,0.054550,0.058803,0.077163,0.077567,0.059443,0.034364,0.052311,0.634937,calls/second,milliseconds
