t,count,max,mean,min,stddev,p50,p75,p95,p98,p99,p999,mean_rate,m1_rate,m5_rate,m15_rate,rate_unit,duration_unit
1607755683,19,5.024837,2.088033,0.016065,1.279924,1.786790,3.291744,3.944317,3.944317,5.024837,5.024837,0.063307,0.032763,1.130687,2.165374,calls/second,milliseconds
1607755983,68,5.024837,0.542307,0.016065,0.761879,0.220592,0.731045,1.462054,3.291744,4.568944,4.568944,0.113309,0.062868,0.509830,1.596721,calls/second,milliseconds
1607756283,73,5.024837,1.263163,0.016065,0.975766,0.919399,0.940128,3.759831,3.759831,3.759831,4.568944,0.081099,0.011344,0.197314,1.148708,calls/second,milliseconds
1607756583,78,5.024837,1.016483,0.016065,0.146672,1.091091,1.091091,1.091091,1.091091,1.091091,3.759831,0.064993,0.010997,0.082346,0.827692,calls/second,milliseconds
1607756883,83,5.024837,0.973347,0.016065,0.117671,0.887935,1.126982,1.137782,1.137782,1.137782,1.137782,0.055329,0.010994,0.040051,0.597674,calls/second,milliseconds
1607757183,88,12.287258,8.438619,0.016065,4.890688,12.287258,12.287258,12.287258,12.287258,12.287258,12.287258,0.048886,0.010994,0.024492,0.432859,calls/second,milliseconds
1607757466,102,12.287258,0.934709,0.008998,0.925268,0.665223,1.892850,1.945851,2.782862,2.782862,12.287258,0.048970,0.016325,0.026917,0.325969,calls/second,milliseconds
1607757466,102,12.287258,0.934709,0.008998,0.925268,0.665223,1.892850,1.945851,2.782862,2.782862,12.287258,0.048970,0.016325,0.026917,0.325969,calls/second,milliseconds
