t,count,max,mean,min,stddev,p50,p75,p95,p98,p99,p999,mean_rate,m1_rate,m5_rate,m15_rate,rate_unit,duration_unit
1609276574,69,0.080899,0.002865,0.000166,0.008170,0.001286,0.001800,0.006942,0.049274,0.049274,0.080899,0.578584,0.655670,0.728247,0.771528,calls/second,milliseconds
1609276574,69,0.080899,0.002865,0.000166,0.008170,0.001286,0.001800,0.006942,0.049274,0.049274,0.080899,0.578549,0.655670,0.728247,0.771528,calls/second,milliseconds
