t,count,max,mean,min,stddev,p50,p75,p95,p98,p99,p999,mean_rate,m1_rate,m5_rate,m15_rate,rate_unit,duration_unit
1618833059,62,5.034914,0.316372,0.027544,0.584272,0.161967,0.291497,1.078691,1.338784,5.034914,5.034914,0.877436,0.901718,0.811255,0.802778,calls/second,milliseconds
1618833059,62,5.034914,0.316372,0.027544,0.584272,0.161967,0.291497,1.078691,1.338784,5.034914,5.034914,0.877363,0.901718,0.811255,0.802778,calls/second,milliseconds
