t,count,max,mean,min,stddev,p50,p75,p95,p98,p99,p999,mean_rate,m1_rate,m5_rate,m15_rate,rate_unit,duration_unit
1617579817,24,0.486480,0.057295,0.005788,0.074950,0.016953,0.104350,0.127588,0.181776,0.486480,0.486480,0.079992,0.101345,1.147004,2.170904,calls/second,milliseconds
1617580078,70,0.486480,0.062193,0.003728,0.070710,0.019777,0.125549,0.191013,0.191013,0.191013,0.191013,0.124735,0.031107,0.552955,1.663325,calls/second,milliseconds
1617580078,70,0.486480,0.062193,0.003728,0.070710,0.019777,0.125549,0.191013,0.191013,0.191013,0.191013,0.124733,0.031107,0.552955,1.663325,calls/second,milliseconds
