t,count,max,mean,min,stddev,p50,p75,p95,p98,p99,p999,mean_rate,m1_rate,m5_rate,m15_rate,rate_unit,duration_unit
1608514442,19,0.090358,0.022491,0.000091,0.010613,0.027223,0.027223,0.027223,0.027223,0.027223,0.090358,0.063329,0.037033,1.131273,2.165459,calls/second,milliseconds
1608514742,73,0.090358,0.004433,0.000091,0.007772,0.001544,0.002960,0.028142,0.028848,0.028848,0.028848,0.121663,0.182975,0.542402,1.604795,calls/second,milliseconds
1608514763,77,0.090358,0.005178,0.000091,0.007711,0.001544,0.005090,0.025752,0.028848,0.028848,0.028848,0.123981,0.179080,0.517338,1.572851,calls/second,milliseconds
1608514763,77,0.090358,0.005178,0.000091,0.007711,0.001544,0.005090,0.025752,0.028848,0.028848,0.028848,0.123979,0.179080,0.517338,1.572851,calls/second,milliseconds
