t,count,max,mean,min,stddev,p50,p75,p95,p98,p99,p999,mean_rate,m1_rate,m5_rate,m15_rate,rate_unit,duration_unit
1610011063,19,0.166946,0.079866,0.001085,0.042367,0.106843,0.106843,0.135017,0.135017,0.166946,0.166946,0.063326,0.018306,0.322050,0.589152,calls/second,milliseconds
1610011363,60,0.166946,0.018249,0.001085,0.016673,0.012090,0.023622,0.049850,0.061063,0.061063,0.117063,0.099996,0.287332,0.228218,0.464328,calls/second,milliseconds
1610011663,73,0.166946,0.079522,0.001085,0.043890,0.101470,0.114071,0.114071,0.114071,0.114071,0.114071,0.081108,0.013963,0.103942,0.343771,calls/second,milliseconds
1610011887,81,0.166946,0.030966,0.001085,0.029829,0.011094,0.046308,0.093583,0.093583,0.093583,0.114071,0.072058,0.015420,0.059011,0.273110,calls/second,milliseconds
1610011887,81,0.166946,0.030966,0.001085,0.029829,0.011094,0.046308,0.093583,0.093583,0.093583,0.114071,0.072057,0.015420,0.059011,0.273110,calls/second,milliseconds
