t,count,max,mean,min,stddev,p50,p75,p95,p98,p99,p999,mean_rate,m1_rate,m5_rate,m15_rate,rate_unit,duration_unit
1609288822,54,4.755372,0.220072,0.013951,0.284771,0.139971,0.216630,0.993674,1.025053,1.025053,2.093264,0.179963,0.415405,0.430380,0.627131,calls/second,milliseconds
1609289122,67,4.755372,0.621386,0.013951,0.254467,0.735039,0.735039,0.772471,0.870184,0.941514,1.629675,0.111642,0.023571,0.179693,0.460643,calls/second,milliseconds
1609289422,72,4.755372,0.450764,0.013951,0.197929,0.288976,0.669459,0.706756,0.756519,0.756519,0.772471,0.079994,0.019728,0.077071,0.334855,calls/second,milliseconds
1609289614,79,4.755372,0.302063,0.013951,0.267334,0.216607,0.413406,0.825085,0.825085,0.825085,0.825085,0.072328,0.016678,0.048481,0.274155,calls/second,milliseconds
1609289614,79,4.755372,0.302063,0.013951,0.267334,0.216607,0.413406,0.825085,0.825085,0.825085,0.825085,0.072327,0.016678,0.048481,0.274155,calls/second,milliseconds
