t,count,max,mean,min,stddev,p50,p75,p95,p98,p99,p999,mean_rate,m1_rate,m5_rate,m15_rate,rate_unit,duration_unit
1609425272,19,5.894873,1.200225,0.031710,0.817398,0.841768,1.584783,2.890809,2.890809,2.890809,5.894873,0.063316,0.028535,0.323262,0.589325,calls/second,milliseconds
1609425572,67,5.894873,0.648703,0.031710,0.528977,0.811123,0.811123,2.043422,2.043422,2.043422,3.468747,0.111650,0.039440,0.197400,0.464185,calls/second,milliseconds
1609425808,75,5.894873,0.582346,0.031710,0.503404,0.381229,0.637759,1.452944,1.452944,1.452944,1.452944,0.089729,0.023634,0.100064,0.361512,calls/second,milliseconds
1609425808,75,5.894873,0.582346,0.031710,0.503404,0.381229,0.637759,1.452944,1.452944,1.452944,1.452944,0.089728,0.023634,0.100064,0.361512,calls/second,milliseconds
