t,count,max,mean,min,stddev,p50,p75,p95,p98,p99,p999,mean_rate,m1_rate,m5_rate,m15_rate,rate_unit,duration_unit
1607882562,67,3.757220,0.277854,0.007799,0.303034,0.137166,0.486258,0.792142,0.861693,1.201960,1.838360,0.223334,0.272488,0.454048,0.641772,calls/second,milliseconds
1607882641,72,3.757220,0.482614,0.007799,0.566802,0.132533,0.726835,1.591347,1.591347,1.591347,1.591347,0.189877,0.080751,0.350710,0.588253,calls/second,milliseconds
1607882641,72,3.757220,0.482614,0.007799,0.566802,0.132533,0.726835,1.591347,1.591347,1.591347,1.591347,0.189871,0.080751,0.350710,0.588253,calls/second,milliseconds
