t,count,max,mean,min,stddev,p50,p75,p95,p98,p99,p999,mean_rate,m1_rate,m5_rate,m15_rate,rate_unit,duration_unit
1610003551,19,0.133017,0.088236,0.001531,0.042111,0.118723,0.118723,0.118723,0.118723,0.118723,0.133017,0.063327,0.041311,1.131739,2.165524,calls/second,milliseconds
1610003811,71,0.818429,0.044094,0.001531,0.074889,0.020593,0.057593,0.094137,0.160578,0.173026,0.818429,0.126862,0.117584,0.589464,1.677598,calls/second,milliseconds
1610003811,71,0.818429,0.044094,0.001531,0.074889,0.020593,0.057593,0.094137,0.160578,0.173026,0.818429,0.126859,0.117584,0.589464,1.677598,calls/second,milliseconds
