t,count,max,mean,min,stddev,p50,p75,p95,p98,p99,p999,mean_rate,m1_rate,m5_rate,m15_rate,rate_unit,duration_unit
1617657230,19,6.671148,1.141154,0.034586,0.640480,0.934949,1.677060,1.749299,2.027437,2.027437,6.671148,0.063297,0.044819,1.132063,2.165569,calls/second,milliseconds
1617657464,70,6.671148,0.609612,0.028272,0.569918,0.387496,0.793459,1.954443,1.954443,1.954443,1.954443,0.131158,0.107218,0.626722,1.721580,calls/second,milliseconds
1617657464,70,6.671148,0.609612,0.028272,0.569918,0.387496,0.793459,1.954443,1.954443,1.954443,1.954443,0.131156,0.107218,0.626722,1.721580,calls/second,milliseconds
