t,count,max,mean,min,stddev,p50,p75,p95,p98,p99,p999,mean_rate,m1_rate,m5_rate,m15_rate,rate_unit,duration_unit
1617621543,21,3.275230,0.632314,0.007000,0.468488,0.723957,1.156296,1.156296,1.156296,1.156296,3.275230,0.070004,0.041674,1.150441,2.177545,calls/second,milliseconds
1617621843,67,3.275230,0.245732,0.003503,0.329145,0.072670,0.412929,1.238346,1.293181,1.342014,1.625867,0.111669,0.039871,0.503172,1.602454,calls/second,milliseconds
1617621874,71,3.275230,0.649071,0.003503,0.678683,0.160580,1.308201,1.760891,1.760891,1.760891,1.760891,0.112652,0.070223,0.457681,1.544657,calls/second,milliseconds
1617621874,71,3.275230,0.649071,0.003503,0.678683,0.160580,1.308201,1.760891,1.760891,1.760891,1.760891,0.112650,0.070223,0.457681,1.544657,calls/second,milliseconds
