t,count,max,mean,min,stddev,p50,p75,p95,p98,p99,p999,mean_rate,m1_rate,m5_rate,m15_rate,rate_unit,duration_unit
1607855466,21,0.151086,0.026459,0.001690,0.024542,0.008690,0.055643,0.055643,0.063488,0.063488,0.151086,0.069994,0.066837,1.137976,2.167694,calls/second,milliseconds
1607855766,68,0.927536,0.089922,0.001414,0.134615,0.038573,0.181390,0.181390,0.628348,0.927536,0.927536,0.113328,0.032012,0.492073,1.593648,calls/second,milliseconds
1607856066,73,0.927536,0.067147,0.001414,0.022051,0.070217,0.070217,0.072157,0.103800,0.103800,0.181390,0.081109,0.018220,0.191808,1.146662,calls/second,milliseconds
1607856366,78,0.927536,0.057413,0.001414,0.013625,0.058180,0.058180,0.072143,0.072143,0.072143,0.072157,0.064999,0.018127,0.081346,0.826382,calls/second,milliseconds
1607856666,83,1.465677,0.196651,0.001414,0.418524,0.056887,0.062537,1.465677,1.465677,1.465677,1.465677,0.055332,0.018127,0.040710,0.596892,calls/second,milliseconds
1607856873,90,1.465677,0.065263,0.001414,0.075541,0.050586,0.127430,0.127430,0.127430,0.127430,1.465677,0.052753,0.029598,0.035757,0.481378,calls/second,milliseconds
1607856873,90,1.465677,0.065263,0.001414,0.075541,0.050586,0.127430,0.127430,0.127430,0.127430,1.465677,0.052753,0.029598,0.035757,0.481378,calls/second,milliseconds
