t,count,max,mean,min,stddev,p50,p75,p95,p98,p99,p999,mean_rate,m1_rate,m5_rate,m15_rate,rate_unit,duration_unit
1618645768,21,6.442948,0.935071,0.004969,0.970573,1.029861,2.226005,2.226005,2.226005,2.226005,6.442948,0.070004,0.033000,0.328861,0.592631,calls/second,milliseconds
1618646068,67,6.442948,0.266297,0.004969,0.399773,0.143028,0.155642,1.283439,1.687584,1.932540,2.226005,0.111669,0.037591,0.195296,0.465769,calls/second,milliseconds
1618646076,71,6.442948,0.888229,0.004969,1.130822,0.154063,1.408988,3.205074,3.205074,3.205074,3.205074,0.116831,0.031820,0.188894,0.460623,calls/second,milliseconds
1618646076,71,6.442948,0.888229,0.004969,1.130822,0.154063,1.408988,3.205074,3.205074,3.205074,3.205074,0.116829,0.031820,0.188894,0.460623,calls/second,milliseconds
