t,count,max,mean,min,stddev,p50,p75,p95,p98,p99,p999,mean_rate,m1_rate,m5_rate,m15_rate,rate_unit,duration_unit
1617626795,63,3.383134,0.325235,0.004153,0.463699,0.113970,0.514095,0.887144,1.077151,3.383134,3.383134,0.444503,1.293424,7.781909,10.501691,calls/second,milliseconds
1617626795,63,3.383134,0.325235,0.004153,0.463699,0.113970,0.514095,0.887144,1.077151,3.383134,3.383134,0.444476,1.293424,7.781909,10.501691,calls/second,milliseconds
