t,count,max,mean,min,stddev,p50,p75,p95,p98,p99,p999,mean_rate,m1_rate,m5_rate,m15_rate,rate_unit,duration_unit
1617657842,5,33.459960,6.713702,0.007650,13.373135,0.038918,0.041709,33.459960,33.459960,33.459960,33.459960,0.016665,0.007324,0.374062,0.720523,calls/second,milliseconds
1617658142,27,33.459960,2.082194,0.007650,3.701772,0.188160,0.976323,11.691810,11.691810,11.691810,11.691810,0.044998,0.052817,0.186025,0.537524,calls/second,milliseconds
1617658164,28,33.459960,2.239053,0.007650,3.186734,0.597978,2.676545,10.091644,11.691810,11.691810,11.691810,0.045017,0.037845,0.174028,0.525710,calls/second,milliseconds
1617658164,28,33.459960,2.239053,0.007650,3.186734,0.597978,2.676545,10.091644,11.691810,11.691810,11.691810,0.045016,0.037845,0.174028,0.525710,calls/second,milliseconds
