t,count,max,mean,min,stddev,p50,p75,p95,p98,p99,p999,mean_rate,m1_rate,m5_rate,m15_rate,rate_unit,duration_unit
1608521050,19,5.814256,0.166438,0.000721,0.740073,0.019496,0.022435,0.301209,4.220579,5.814256,5.814256,0.063337,0.037738,1.149983,2.177480,calls/second,milliseconds
1608521350,37,5.814256,0.201537,0.000721,0.239060,0.091343,0.330166,0.722905,0.722905,0.722905,0.722905,0.061669,0.128108,0.471178,1.578721,calls/second,milliseconds
1608521532,75,5.814256,0.216249,0.000699,0.200593,0.097833,0.419636,0.547351,0.559939,0.559939,0.722905,0.096009,0.119858,0.336258,1.321154,calls/second,milliseconds
1608521532,75,5.814256,0.216249,0.000699,0.200593,0.097833,0.419636,0.547351,0.559939,0.559939,0.722905,0.096009,0.119858,0.336258,1.321154,calls/second,milliseconds
