t,count,max,mean,min,stddev,p50,p75,p95,p98,p99,p999,mean_rate,m1_rate,m5_rate,m15_rate,rate_unit,duration_unit
1609284019,67,0.107366,0.025642,0.002389,0.029134,0.013195,0.025650,0.078931,0.102649,0.102649,0.107366,0.223319,0.127780,1.233340,2.211351,calls/second,milliseconds
1609284165,73,1.089369,0.209433,0.002389,0.403011,0.038131,0.058962,1.089369,1.089369,1.089369,1.089369,0.163681,0.024668,0.766071,1.884371,calls/second,milliseconds
1609284165,73,1.089369,0.209433,0.002389,0.403011,0.038131,0.058962,1.089369,1.089369,1.089369,1.089369,0.163678,0.024668,0.766071,1.884371,calls/second,milliseconds
