t,count,max,mean,min,stddev,p50,p75,p95,p98,p99,p999,mean_rate,m1_rate,m5_rate,m15_rate,rate_unit,duration_unit
1609379115,19,1.835090,0.125945,0.004160,0.227500,0.105323,0.105323,0.241463,0.901217,1.121478,1.835090,0.063338,0.038943,1.150133,2.177501,calls/second,milliseconds
1609379415,68,3.355197,0.363499,0.004160,0.588644,0.094732,0.452008,1.466331,2.970875,2.970875,3.355197,0.113337,0.083048,0.522384,1.606263,calls/second,milliseconds
1609379715,73,3.355197,0.111388,0.004160,0.171743,0.092549,0.092549,0.290198,0.355455,0.655223,2.970875,0.081113,0.015800,0.202605,1.155648,calls/second,milliseconds
1609380015,78,3.355197,0.260351,0.004160,0.540370,0.073237,0.073237,1.703327,1.703327,2.091313,2.091313,0.065001,0.015347,0.084965,0.832769,calls/second,milliseconds
1609380315,83,3.355197,0.057622,0.004160,0.061660,0.062253,0.062253,0.062253,0.063520,0.063520,1.703327,0.055334,0.015344,0.041687,0.601415,calls/second,milliseconds
1609380615,88,3.355197,0.050153,0.004160,0.012351,0.042090,0.062275,0.069084,0.069084,0.069084,0.069084,0.048889,0.015344,0.025767,0.435643,calls/second,milliseconds
1609380915,98,3.355197,0.123458,0.003904,0.233937,0.091740,0.091740,0.091740,1.306342,1.306342,1.306342,0.046667,0.016096,0.026409,0.320922,calls/second,milliseconds
1609381122,106,3.355197,0.706446,0.003904,0.410737,0.827666,0.885226,1.520904,1.520904,1.520904,1.520904,0.045959,0.039065,0.030880,0.261214,calls/second,milliseconds
1609381122,106,3.355197,0.706446,0.003904,0.410737,0.827666,0.885226,1.520904,1.520904,1.520904,1.520904,0.045958,0.039065,0.030880,0.261214,calls/second,milliseconds
