t,count,max,mean,min,stddev,p50,p75,p95,p98,p99,p999,mean_rate,m1_rate,m5_rate,m15_rate,rate_unit,duration_unit
1609996178,62,4.915741,0.338464,0.003026,0.424635,0.254530,0.457211,1.022278,1.747401,1.747401,4.915741,0.206670,0.175889,0.432656,0.635519,calls/second,milliseconds
1609996232,67,4.915741,0.491013,0.003026,0.565114,0.100060,1.022278,1.562027,1.562027,1.747401,2.044054,0.189425,0.077883,0.363027,0.598898,calls/second,milliseconds
1609996232,67,4.915741,0.491013,0.003026,0.565114,0.100060,1.022278,1.562027,1.562027,1.747401,2.044054,0.189418,0.077883,0.363027,0.598898,calls/second,milliseconds
