t,count,max,mean,min,stddev,p50,p75,p95,p98,p99,p999,mean_rate,m1_rate,m5_rate,m15_rate,rate_unit,duration_unit
1608504915,65,0.137578,0.016524,0.001493,0.022701,0.008592,0.019404,0.057900,0.091224,0.137578,0.137578,0.338604,0.570566,1.755555,2.491722,calls/second,milliseconds
1608504915,65,0.137578,0.016524,0.001493,0.022701,0.008592,0.019404,0.057900,0.091224,0.137578,0.137578,0.338582,0.570566,1.755555,2.491722,calls/second,milliseconds
