t,count,max,mean,min,stddev,p50,p75,p95,p98,p99,p999,mean_rate,m1_rate,m5_rate,m15_rate,rate_unit,duration_unit
1617656535,19,6.668131,0.168234,0.006603,0.728089,0.050214,0.050214,0.647714,1.147958,6.668131,6.668131,0.063338,0.036630,1.149835,2.177458,calls/second,milliseconds
1617656835,67,6.668131,0.597874,0.004028,0.964159,0.207109,0.904753,1.519020,5.500454,5.500454,5.500454,0.111669,0.118288,0.527814,1.606407,calls/second,milliseconds
1617656849,72,6.668131,0.707111,0.004028,1.010318,0.244595,1.050299,2.803019,2.803019,5.500454,5.500454,0.117220,0.092123,0.502072,1.579856,calls/second,milliseconds
1617656849,72,6.668131,0.707111,0.004028,1.010318,0.244595,1.050299,2.803019,2.803019,5.500454,5.500454,0.117219,0.092123,0.502072,1.579856,calls/second,milliseconds
