t,count,max,mean,min,stddev,p50,p75,p95,p98,p99,p999,mean_rate,m1_rate,m5_rate,m15_rate,rate_unit,duration_unit
1607890070,5,25.999747,5.211331,0.002788,10.394213,0.019391,0.031188,25.999747,25.999747,25.999747,25.999747,0.016666,0.007324,0.374062,0.720523,calls/second,milliseconds
1607890370,27,25.999747,1.944825,0.002788,4.035514,0.217271,0.751799,14.352905,14.352905,14.352905,14.352905,0.044983,0.016039,0.175920,0.535938,calls/second,milliseconds
1607890595,28,25.999747,0.933469,0.002788,0.867901,0.887581,0.887581,0.887581,0.887581,0.887581,14.352905,0.033934,0.016368,0.086405,0.418497,calls/second,milliseconds
1607890595,28,25.999747,0.933469,0.002788,0.867901,0.887581,0.887581,0.887581,0.887581,0.887581,14.352905,0.033934,0.016368,0.086405,0.418497,calls/second,milliseconds
