t,count,max,mean,min,stddev,p50,p75,p95,p98,p99,p999,mean_rate,m1_rate,m5_rate,m15_rate,rate_unit,duration_unit
1617636317,44,0.247295,0.019579,0.001760,0.027361,0.011596,0.017877,0.099116,0.099116,0.133460,0.185580,0.146654,0.273045,1.193114,2.187124,calls/second,milliseconds
1617636537,70,0.247295,0.033334,0.001760,0.046293,0.023960,0.033620,0.113970,0.227982,0.227982,0.227982,0.134635,0.049514,0.634242,1.747210,calls/second,milliseconds
1617636537,70,0.247295,0.033334,0.001760,0.046293,0.023960,0.033620,0.113970,0.227982,0.227982,0.227982,0.134632,0.049514,0.634242,1.747210,calls/second,milliseconds
