t,count,max,mean,min,stddev,p50,p75,p95,p98,p99,p999,mean_rate,m1_rate,m5_rate,m15_rate,rate_unit,duration_unit
1610802428,19,2.159889,0.059364,0.004893,0.221196,0.014500,0.027334,0.118697,0.730111,1.232314,2.159889,0.063334,0.033491,1.147896,2.176541,calls/second,milliseconds
1610802728,67,2.159889,0.402072,0.004893,0.455355,0.317853,0.579076,1.475613,2.026212,2.026212,2.081126,0.111666,0.136416,0.524078,1.598318,calls/second,milliseconds
1610803028,72,2.159889,0.305415,0.004893,0.163134,0.275390,0.477582,0.477582,0.497855,0.675595,2.026212,0.080000,0.010929,0.204398,1.155408,calls/second,milliseconds
1610803328,77,2.159889,0.175447,0.004893,0.055727,0.192583,0.203228,0.203228,0.203228,0.203228,0.477582,0.064167,0.010121,0.084790,0.832468,calls/second,milliseconds
1610803628,82,2.159889,0.037265,0.004893,0.031600,0.016356,0.079330,0.079330,0.092346,0.092346,0.203228,0.054667,0.010115,0.040789,0.601071,calls/second,milliseconds
1610803928,90,2.159889,0.181580,0.004893,0.305577,0.110996,0.110996,1.291386,1.451168,1.451168,1.451168,0.050000,0.012313,0.029955,0.437974,calls/second,milliseconds
1610804228,95,2.159889,0.061106,0.004893,0.040058,0.062957,0.062957,0.062957,0.110996,0.180109,0.180109,0.045238,0.010130,0.020616,0.318403,calls/second,milliseconds
1610804528,100,2.159889,0.058364,0.004893,0.007166,0.058230,0.060452,0.062350,0.062350,0.062350,0.062957,0.041667,0.010115,0.017181,0.232727,calls/second,milliseconds
1610804828,105,2.159889,0.067835,0.004893,0.014739,0.078574,0.078574,0.078574,0.078574,0.078574,0.078574,0.038889,0.010115,0.015917,0.171338,calls/second,milliseconds
1610805128,110,2.159889,0.050478,0.004893,0.007682,0.047690,0.060235,0.060235,0.077157,0.077157,0.078574,0.036667,0.010115,0.015452,0.127351,calls/second,milliseconds
1610805193,112,2.159889,0.258317,0.004893,0.257276,0.047690,0.572803,0.572803,0.572803,0.572803,0.572803,0.036543,0.025298,0.018454,0.120622,calls/second,milliseconds
1610805193,112,2.159889,0.258317,0.004893,0.257276,0.047690,0.572803,0.572803,0.572803,0.572803,0.572803,0.036543,0.025298,0.018454,0.120622,calls/second,milliseconds
