t,count,max,mean,min,stddev,p50,p75,p95,p98,p99,p999,mean_rate,m1_rate,m5_rate,m15_rate,rate_unit,duration_unit
1614340092,32,0.236628,0.015901,0.000254,0.032531,0.003067,0.008550,0.129666,0.129666,0.129666,0.236628,0.106653,0.180780,1.170942,2.179475,calls/second,milliseconds
1614340392,70,0.236628,0.014551,0.000223,0.020773,0.004740,0.007406,0.052863,0.052863,0.052863,0.129666,0.116661,0.059902,0.490255,1.594119,calls/second,milliseconds
1614340692,75,0.236628,0.006722,0.000223,0.004946,0.006557,0.006557,0.006557,0.008800,0.052863,0.052863,0.083330,0.013304,0.190444,1.146895,calls/second,milliseconds
1614340992,80,0.236628,0.006736,0.000223,0.001368,0.006677,0.007160,0.007160,0.007160,0.015383,0.015383,0.066665,0.012990,0.080149,0.826445,calls/second,milliseconds
1614341292,85,0.236628,0.005469,0.000223,0.000809,0.004967,0.005560,0.007143,0.007143,0.008118,0.008118,0.056666,0.012988,0.039574,0.596832,calls/second,milliseconds
1614341592,90,0.236628,0.006383,0.000223,0.000250,0.006323,0.006377,0.006983,0.006983,0.006983,0.007143,0.049999,0.012988,0.024647,0.432307,calls/second,milliseconds
1614341892,95,0.236628,0.006801,0.000223,0.000258,0.006900,0.006900,0.007140,0.007140,0.007140,0.007140,0.045237,0.012988,0.019156,0.314420,calls/second,milliseconds
1614342124,100,0.236628,0.011048,0.000223,0.005754,0.016768,0.016768,0.016768,0.016768,0.016768,0.016768,0.042880,0.015344,0.017986,0.247404,calls/second,milliseconds
1614342124,100,0.236628,0.011048,0.000223,0.005754,0.016768,0.016768,0.016768,0.016768,0.016768,0.016768,0.042880,0.015344,0.017986,0.247404,calls/second,milliseconds
