t,count,max,mean,min,stddev,p50,p75,p95,p98,p99,p999,mean_rate,m1_rate,m5_rate,m15_rate,rate_unit,duration_unit
1614113244,62,68.367258,2.938875,0.051965,9.616863,0.383301,0.855395,9.972596,34.346778,68.367258,68.367258,15.604724,0.000000,0.000000,0.000000,calls/second,milliseconds
1614113244,62,68.367258,2.938875,0.051965,9.616863,0.383301,0.855395,9.972596,34.346778,68.367258,68.367258,15.522603,0.000000,0.000000,0.000000,calls/second,milliseconds
