t,count,max,mean,min,stddev,p50,p75,p95,p98,p99,p999,mean_rate,m1_rate,m5_rate,m15_rate,rate_unit,duration_unit
1617575178,19,3.055241,1.327578,0.029447,0.668694,1.274758,1.274758,3.055241,3.055241,3.055241,3.055241,0.063305,0.038342,1.131426,2.165481,calls/second,milliseconds
1617575478,67,3.557621,0.616789,0.029447,0.865264,0.240665,0.686182,3.557621,3.557621,3.557621,3.557621,0.111642,0.069134,0.509472,1.596070,calls/second,milliseconds
1617575514,72,3.942527,0.901390,0.029447,1.265695,0.366733,0.823919,3.942527,3.942527,3.942527,3.942527,0.113155,0.054570,0.456676,1.536300,calls/second,milliseconds
1617575514,72,3.942527,0.901390,0.029447,1.265695,0.366733,0.823919,3.942527,3.942527,3.942527,3.942527,0.113154,0.054570,0.456676,1.536300,calls/second,milliseconds
