t,count,max,mean,min,stddev,p50,p75,p95,p98,p99,p999,mean_rate,m1_rate,m5_rate,m15_rate,rate_unit,duration_unit
1617660991,19,4.512504,0.348404,0.012498,0.639102,0.153056,0.153056,1.222060,2.619674,4.512504,4.512504,0.063337,0.035611,1.149690,2.177437,calls/second,milliseconds
1617661274,71,4.512504,0.509653,0.008496,0.559102,0.247674,0.812890,1.604583,1.604583,1.604583,3.667091,0.121678,0.101337,0.546698,1.632232,calls/second,milliseconds
1617661274,71,4.512504,0.509653,0.008496,0.559102,0.247674,0.812890,1.604583,1.604583,1.604583,3.667091,0.121677,0.101337,0.546698,1.632232,calls/second,milliseconds
