t,count,max,mean,min,stddev,p50,p75,p95,p98,p99,p999,mean_rate,m1_rate,m5_rate,m15_rate,rate_unit,duration_unit
1608451793,27,28.716430,1.099895,0.001703,2.518133,0.123921,0.237871,7.617286,7.617286,7.617286,28.716430,0.089995,0.068669,0.058700,0.025886,calls/second,milliseconds
1608451832,28,28.716430,1.055009,0.001703,2.151775,0.234655,0.934057,4.843658,7.617286,7.617286,28.716430,0.082555,0.038320,0.052236,0.024899,calls/second,milliseconds
1608451832,28,28.716430,1.055009,0.001703,2.151775,0.234655,0.934057,4.843658,7.617286,7.617286,28.716430,0.082554,0.038320,0.052236,0.024899,calls/second,milliseconds
