t,count,max,mean,min,stddev,p50,p75,p95,p98,p99,p999,mean_rate,m1_rate,m5_rate,m15_rate,rate_unit,duration_unit
1609281947,66,2.392110,0.355832,0.005914,0.435047,0.092324,0.490153,1.224462,1.224462,1.224462,2.392110,0.274346,0.099474,0.478992,0.670021,calls/second,milliseconds
1609281947,66,2.392110,0.355832,0.005914,0.435047,0.092324,0.490153,1.224462,1.224462,1.224462,2.392110,0.274325,0.099474,0.478992,0.670021,calls/second,milliseconds
