t,count,max,mean,min,stddev,p50,p75,p95,p98,p99,p999,mean_rate,m1_rate,m5_rate,m15_rate,rate_unit,duration_unit
1617677939,44,2.977617,0.207168,0.007529,0.311810,0.131646,0.182298,0.939009,0.939009,1.564985,2.508815,0.146583,0.325561,1.208091,2.192476,calls/second,milliseconds
1617678064,68,6.390216,0.986119,0.007529,1.815691,0.154646,0.989268,6.390216,6.390216,6.390216,6.390216,0.160075,0.114662,0.858398,1.938790,calls/second,milliseconds
1617678064,68,6.390216,0.986119,0.007529,1.815691,0.154646,0.989268,6.390216,6.390216,6.390216,6.390216,0.160071,0.114662,0.858398,1.938790,calls/second,milliseconds
