t,count,max,mean,min,stddev,p50,p75,p95,p98,p99,p999,mean_rate,m1_rate,m5_rate,m15_rate,rate_unit,duration_unit
1617575178,19,0.189466,0.110918,0.002064,0.052622,0.103616,0.162492,0.189466,0.189466,0.189466,0.189466,0.063327,0.038342,1.131426,2.165481,calls/second,milliseconds
1617575478,67,0.461212,0.068525,0.002064,0.118320,0.013647,0.047735,0.461212,0.461212,0.461212,0.461212,0.111662,0.069134,0.509472,1.596070,calls/second,milliseconds
1617575514,72,0.461212,0.073297,0.002064,0.115929,0.021447,0.030583,0.309716,0.365019,0.461212,0.461212,0.113174,0.054570,0.456676,1.536300,calls/second,milliseconds
1617575514,72,0.461212,0.073297,0.002064,0.115929,0.021447,0.030583,0.309716,0.365019,0.461212,0.461212,0.113173,0.054570,0.456676,1.536300,calls/second,milliseconds
