t,count,max,mean,min,stddev,p50,p75,p95,p98,p99,p999,mean_rate,m1_rate,m5_rate,m15_rate,rate_unit,duration_unit
1617657842,19,11.805971,7.131523,0.040043,4.993595,11.805971,11.805971,11.805971,11.805971,11.805971,11.805971,0.063310,0.035829,1.131123,2.165437,calls/second,milliseconds
1617658142,67,11.805971,0.481442,0.031122,0.789685,0.232833,0.457170,1.557113,4.279363,4.279363,4.279363,0.111645,0.113319,0.520299,1.597713,calls/second,milliseconds
1617658164,72,11.805971,0.478040,0.031122,0.661038,0.258810,0.573662,1.557113,1.557113,4.279363,4.279363,0.115741,0.081196,0.486743,1.562600,calls/second,milliseconds
1617658164,72,11.805971,0.478040,0.031122,0.661038,0.258810,0.573662,1.557113,1.557113,4.279363,4.279363,0.115739,0.081196,0.486743,1.562600,calls/second,milliseconds
