t,count,max,mean,min,stddev,p50,p75,p95,p98,p99,p999,mean_rate,m1_rate,m5_rate,m15_rate,rate_unit,duration_unit
1617590143,24,0.123060,0.016917,0.000209,0.021286,0.002807,0.043554,0.048833,0.051483,0.051483,0.123060,0.079991,0.096990,1.146698,2.170865,calls/second,milliseconds
1617590385,70,0.328220,0.033294,0.000137,0.084231,0.002392,0.016898,0.315459,0.315459,0.315459,0.328220,0.129150,0.041211,0.590109,1.700528,calls/second,milliseconds
1617590385,70,0.328220,0.033294,0.000137,0.084231,0.002392,0.016898,0.315459,0.315459,0.315459,0.328220,0.129148,0.041211,0.590109,1.700528,calls/second,milliseconds
