t,count,max,mean,min,stddev,p50,p75,p95,p98,p99,p999,mean_rate,m1_rate,m5_rate,m15_rate,rate_unit,duration_unit
1607879686,62,4.371933,0.167939,0.005571,0.531653,0.080224,0.113997,0.448612,0.776352,4.371933,4.371933,1.376288,5.993000,10.161444,11.099003,calls/second,milliseconds
1607879686,62,4.371933,0.167939,0.005571,0.531653,0.080224,0.113997,0.448612,0.776352,4.371933,4.371933,1.375981,5.993000,10.161444,11.099003,calls/second,milliseconds
