t,count,max,mean,min,stddev,p50,p75,p95,p98,p99,p999,mean_rate,m1_rate,m5_rate,m15_rate,rate_unit,duration_unit
1618834040,28,24.739079,1.785151,0.003203,4.672077,0.197768,1.083783,6.615994,24.739079,24.739079,24.739079,1.051623,0.431760,0.089254,0.029917,calls/second,milliseconds
1618834040,28,24.739079,1.785151,0.003203,4.672077,0.197768,1.083783,6.615994,24.739079,24.739079,24.739079,1.051325,0.431760,0.089254,0.029917,calls/second,milliseconds
