t,count,max,mean,min,stddev,p50,p75,p95,p98,p99,p999,mean_rate,m1_rate,m5_rate,m15_rate,rate_unit,duration_unit
1608522979,19,2.827143,1.025368,0.021243,0.664146,0.792354,1.026491,2.827143,2.827143,2.827143,2.827143,0.063314,0.044819,1.132063,2.165569,calls/second,milliseconds
1608523279,29,2.934073,0.377497,0.021243,0.288301,0.350961,0.603817,0.654327,0.692861,0.692861,2.934073,0.048326,0.068162,0.442510,1.561870,calls/second,milliseconds
1608523579,73,2.934073,0.314532,0.012664,0.215387,0.222262,0.566319,0.566319,0.603817,0.687556,0.700544,0.081095,0.049626,0.237967,1.158025,calls/second,milliseconds
1608523779,80,2.934073,0.255040,0.012664,0.296494,0.123818,0.202918,0.875176,0.913609,0.913609,0.913609,0.072753,0.019148,0.131927,0.935486,calls/second,milliseconds
1608523779,80,2.934073,0.255040,0.012664,0.296494,0.123818,0.202918,0.875176,0.913609,0.913609,0.913609,0.072753,0.019148,0.131927,0.935486,calls/second,milliseconds
