t,count,max,mean,min,stddev,p50,p75,p95,p98,p99,p999,mean_rate,m1_rate,m5_rate,m15_rate,rate_unit,duration_unit
1617593609,32,0.131766,0.020050,0.000200,0.024386,0.010626,0.034197,0.086923,0.086923,0.086923,0.131766,0.106658,0.179481,1.171053,2.179498,calls/second,milliseconds
1617593799,69,0.131766,0.012958,0.000200,0.014929,0.002216,0.024156,0.037154,0.040762,0.053676,0.086923,0.140766,0.101462,0.696360,1.798733,calls/second,milliseconds
1617593799,69,0.131766,0.012958,0.000200,0.014929,0.002216,0.024156,0.037154,0.040762,0.053676,0.086923,0.140764,0.101462,0.696360,1.798733,calls/second,milliseconds
