t,count,max,mean,min,stddev,p50,p75,p95,p98,p99,p999,mean_rate,m1_rate,m5_rate,m15_rate,rate_unit,duration_unit
1617613198,19,0.361682,0.030281,0.001563,0.038632,0.024100,0.037677,0.064593,0.071710,0.361682,0.361682,0.063296,0.032763,1.130687,2.165374,calls/second,milliseconds
1617613498,67,0.361682,0.005958,0.001500,0.004704,0.005079,0.008153,0.012320,0.016280,0.022976,0.043387,0.111661,0.151997,0.525133,1.598347,calls/second,milliseconds
1617613647,74,0.361682,0.010107,0.001500,0.006366,0.007560,0.011718,0.023480,0.026052,0.026052,0.034663,0.098680,0.032282,0.331689,1.363572,calls/second,milliseconds
1617613647,74,0.361682,0.010107,0.001500,0.006366,0.007560,0.011718,0.023480,0.026052,0.026052,0.034663,0.098679,0.032282,0.331689,1.363572,calls/second,milliseconds
