t,count,max,mean,min,stddev,p50,p75,p95,p98,p99,p999,mean_rate,m1_rate,m5_rate,m15_rate,rate_unit,duration_unit
1617593609,32,0.255819,0.036986,0.001557,0.040924,0.020986,0.052376,0.140656,0.140656,0.140656,0.255819,0.106658,0.179481,1.171053,2.179498,calls/second,milliseconds
1617593799,69,0.255819,0.034106,0.001557,0.036182,0.011857,0.056810,0.093846,0.101000,0.101000,0.140656,0.140766,0.101462,0.696360,1.798733,calls/second,milliseconds
1617593799,69,0.255819,0.034106,0.001557,0.036182,0.011857,0.056810,0.093846,0.101000,0.101000,0.140656,0.140764,0.101462,0.696360,1.798733,calls/second,milliseconds
