t,count,max,mean,min,stddev,p50,p75,p95,p98,p99,p999,mean_rate,m1_rate,m5_rate,m15_rate,rate_unit,duration_unit
1617583842,32,3.848237,0.442017,0.003119,0.500314,0.163346,0.718902,1.589775,1.589775,1.589775,1.589775,0.106674,0.221126,1.191789,2.191750,calls/second,milliseconds
1617584086,70,3.848237,0.358579,0.003119,0.350629,0.126840,0.745967,0.770875,1.416767,1.430021,1.589775,0.128607,0.035737,0.587149,1.700012,calls/second,milliseconds
1617584086,70,3.848237,0.358579,0.003119,0.350629,0.126840,0.745967,0.770875,1.416767,1.430021,1.589775,0.128605,0.035737,0.587149,1.700012,calls/second,milliseconds
