t,count,max,mean,min,stddev,p50,p75,p95,p98,p99,p999,mean_rate,m1_rate,m5_rate,m15_rate,rate_unit,duration_unit
1609384373,19,2.958305,0.086462,0.001328,0.358785,0.008503,0.008503,0.391427,1.190776,2.958305,2.958305,0.063337,0.036630,1.149835,2.177458,calls/second,milliseconds
1609384673,68,4.240016,0.460077,0.001081,0.778893,0.049071,0.673451,2.684692,3.799959,3.799959,4.240016,0.113337,0.054318,0.513793,1.604887,calls/second,milliseconds
1609384973,73,4.240016,0.039289,0.001081,0.198063,0.012424,0.013536,0.111784,0.219991,0.716972,3.799959,0.081112,0.013267,0.199102,1.154610,calls/second,milliseconds
1609385273,78,4.240016,0.012664,0.001081,0.021538,0.013053,0.013053,0.013053,0.013053,0.013053,0.023210,0.065001,0.012990,0.083334,0.831973,calls/second,milliseconds
1609385573,83,4.240016,0.009873,0.001081,0.002505,0.009859,0.009890,0.010963,0.013767,0.013767,0.013767,0.055334,0.012988,0.040746,0.600793,calls/second,milliseconds
1609385873,88,4.240016,0.012425,0.001081,0.001504,0.013537,0.013537,0.013537,0.013537,0.013537,0.013537,0.048889,0.012988,0.025078,0.435146,calls/second,milliseconds
1609386173,101,4.240016,0.534810,0.000860,0.424568,0.375709,0.687666,1.151400,1.151400,1.151400,1.151400,0.048096,0.054349,0.035406,0.323800,calls/second,milliseconds
1609386227,103,4.240016,0.352535,0.000860,0.356403,0.280813,0.375709,1.151400,1.151400,1.151400,1.151400,0.047811,0.030655,0.032417,0.305671,calls/second,milliseconds
1609386227,103,4.240016,0.352535,0.000860,0.356403,0.280813,0.375709,1.151400,1.151400,1.151400,1.151400,0.047811,0.030655,0.032417,0.305671,calls/second,milliseconds
