t,count,max,mean,min,stddev,p50,p75,p95,p98,p99,p999,mean_rate,m1_rate,m5_rate,m15_rate,rate_unit,duration_unit
1618604701,19,1.351677,0.310508,0.009575,0.205976,0.344860,0.447459,0.447459,0.447459,1.351677,1.351677,0.063326,0.019544,0.322677,0.589273,calls/second,milliseconds
1618605001,67,2.960918,0.612682,0.006843,1.117870,0.041740,0.353316,2.960918,2.960918,2.960918,2.960918,0.111659,0.033122,0.198474,0.464431,calls/second,milliseconds
1618605069,72,2.960918,0.397819,0.006843,0.661752,0.104300,0.117414,1.283673,2.960918,2.960918,2.960918,0.107774,0.018160,0.162609,0.433120,calls/second,milliseconds
1618605069,72,2.960918,0.397819,0.006843,0.661752,0.104300,0.117414,1.283673,2.960918,2.960918,2.960918,0.107771,0.018160,0.162609,0.433120,calls/second,milliseconds
