t,count,max,mean,min,stddev,p50,p75,p95,p98,p99,p999,mean_rate,m1_rate,m5_rate,m15_rate,rate_unit,duration_unit
1610406764,19,0.126400,0.011772,0.000107,0.012510,0.012280,0.013030,0.014376,0.014376,0.126400,0.126400,0.063330,0.020263,0.322338,0.589195,calls/second,milliseconds
1610407042,71,0.126400,0.006232,0.000107,0.004484,0.005843,0.006855,0.010954,0.016527,0.028373,0.043010,0.122695,0.046776,0.213197,0.477040,calls/second,milliseconds
1610407042,71,0.126400,0.006232,0.000107,0.004484,0.005843,0.006855,0.010954,0.016527,0.028373,0.043010,0.122693,0.046776,0.213197,0.477040,calls/second,milliseconds
