t,count,max,mean,min,stddev,p50,p75,p95,p98,p99,p999,mean_rate,m1_rate,m5_rate,m15_rate,rate_unit,duration_unit
1614113244,62,19.694029,0.404605,0.008634,2.464601,0.038423,0.070060,0.148062,2.966827,19.694029,19.694029,20.959922,0.000000,0.000000,0.000000,calls/second,milliseconds
1614113244,62,19.694029,0.404605,0.008634,2.464601,0.038423,0.070060,0.148062,2.966827,19.694029,19.694029,20.814018,0.000000,0.000000,0.000000,calls/second,milliseconds
