t,count,max,mean,min,stddev,p50,p75,p95,p98,p99,p999,mean_rate,m1_rate,m5_rate,m15_rate,rate_unit,duration_unit
1617667212,32,0.321362,0.031926,0.002400,0.058101,0.011036,0.025600,0.249272,0.249272,0.249272,0.249272,0.106656,0.221050,1.173527,2.179798,calls/second,milliseconds
1617667343,68,0.632359,0.056818,0.002400,0.116496,0.017150,0.028986,0.417742,0.417742,0.632359,0.632359,0.157523,0.147879,0.839419,1.918714,calls/second,milliseconds
1617667343,68,0.632359,0.056818,0.002400,0.116496,0.017150,0.028986,0.417742,0.417742,0.632359,0.632359,0.157521,0.147879,0.839419,1.918714,calls/second,milliseconds
