t,count,max,mean,min,stddev,p50,p75,p95,p98,p99,p999,mean_rate,m1_rate,m5_rate,m15_rate,rate_unit,duration_unit
1608511210,19,0.148881,0.029453,0.000879,0.014302,0.032062,0.032238,0.033565,0.034748,0.034748,0.148881,0.063329,0.028535,0.323262,0.589325,calls/second,milliseconds
1608511510,68,0.148881,0.013253,0.000879,0.013439,0.006179,0.026440,0.027039,0.033565,0.071264,0.071264,0.113330,0.058137,0.209196,0.466843,calls/second,milliseconds
1608511552,72,0.148881,0.014697,0.000879,0.017711,0.005450,0.026440,0.049564,0.049564,0.049564,0.071264,0.112182,0.029848,0.183083,0.446548,calls/second,milliseconds
1608511552,72,0.148881,0.014697,0.000879,0.017711,0.005450,0.026440,0.049564,0.049564,0.049564,0.071264,0.112180,0.029848,0.183083,0.446548,calls/second,milliseconds
