t,count,max,mean,min,stddev,p50,p75,p95,p98,p99,p999,mean_rate,m1_rate,m5_rate,m15_rate,rate_unit,duration_unit
1617666264,46,8.424375,0.343577,0.020510,0.645104,0.221200,0.306880,0.820477,1.355855,1.355855,8.424375,0.153273,0.320706,1.212763,2.194468,calls/second,milliseconds
1617666357,68,8.424375,0.350931,0.020510,0.550514,0.221366,0.326085,1.881638,1.881638,1.881638,8.424375,0.172891,0.162547,0.945213,2.004036,calls/second,milliseconds
1617666357,68,8.424375,0.350931,0.020510,0.550514,0.221366,0.326085,1.881638,1.881638,1.881638,8.424375,0.172888,0.162547,0.945213,2.004036,calls/second,milliseconds
