t,count,max,mean,min,stddev,p50,p75,p95,p98,p99,p999,mean_rate,m1_rate,m5_rate,m15_rate,rate_unit,duration_unit
1617674103,32,0.343669,0.031799,0.001623,0.074492,0.011047,0.013766,0.343669,0.343669,0.343669,0.343669,0.106653,0.178994,1.170926,2.179478,calls/second,milliseconds
1617674225,68,0.343669,0.023738,0.001523,0.037796,0.011047,0.016520,0.096588,0.104430,0.104430,0.343669,0.161099,0.143598,0.863230,1.939483,calls/second,milliseconds
1617674225,68,0.343669,0.023738,0.001523,0.037796,0.011047,0.016520,0.096588,0.104430,0.104430,0.343669,0.161095,0.143598,0.863230,1.939483,calls/second,milliseconds
