t,count,max,mean,min,stddev,p50,p75,p95,p98,p99,p999,mean_rate,m1_rate,m5_rate,m15_rate,rate_unit,duration_unit
1607855466,21,0.130953,0.006124,0.000210,0.008619,0.004965,0.006549,0.009850,0.020196,0.020196,0.130953,0.069994,0.066837,1.137976,2.167694,calls/second,milliseconds
1607855766,68,0.130953,0.013996,0.000117,0.012920,0.008403,0.029113,0.029706,0.038409,0.038409,0.061324,0.113329,0.032012,0.492073,1.593648,calls/second,milliseconds
1607856066,73,0.130953,0.028949,0.000117,0.012188,0.037230,0.037230,0.037230,0.037230,0.037230,0.037230,0.081109,0.018220,0.191808,1.146662,calls/second,milliseconds
1607856366,78,0.130953,0.009239,0.000117,0.002941,0.009650,0.009774,0.009774,0.009774,0.010993,0.037230,0.064999,0.018127,0.081346,0.826382,calls/second,milliseconds
1607856666,83,0.130953,0.010073,0.000117,0.000424,0.010070,0.010350,0.010350,0.010350,0.011100,0.011100,0.055332,0.018127,0.040710,0.596892,calls/second,milliseconds
1607856873,90,0.130953,0.017510,0.000117,0.012782,0.009780,0.035207,0.035207,0.035207,0.035207,0.035207,0.052753,0.029598,0.035757,0.481378,calls/second,milliseconds
1607856873,90,0.130953,0.017510,0.000117,0.012782,0.009780,0.035207,0.035207,0.035207,0.035207,0.035207,0.052753,0.029598,0.035757,0.481378,calls/second,milliseconds
