t,count,max,mean,min,stddev,p50,p75,p95,p98,p99,p999,mean_rate,m1_rate,m5_rate,m15_rate,rate_unit,duration_unit
1609310831,19,4.654292,0.535178,0.006020,0.524661,0.507789,0.556258,0.952688,0.952688,4.654292,4.654292,0.063319,0.031900,1.130547,2.165352,calls/second,milliseconds
1609311131,67,4.654292,0.193864,0.006020,0.169727,0.148770,0.216357,0.591574,0.605484,0.605484,0.707389,0.111655,0.131186,0.522684,1.598018,calls/second,milliseconds
1609311431,72,4.654292,0.756270,0.006020,0.349468,0.719408,0.719408,1.319798,1.319798,1.319798,1.319798,0.079994,0.010931,0.201881,1.149612,calls/second,milliseconds
1609311731,77,4.654292,0.597217,0.006020,0.049175,0.593522,0.606213,0.626668,0.626668,0.626668,1.319798,0.064163,0.010121,0.083865,0.828314,calls/second,milliseconds
1609312031,82,4.654292,0.572430,0.006020,0.054210,0.606382,0.606382,0.606382,0.606382,0.652794,0.652794,0.054664,0.010115,0.040449,0.598095,calls/second,milliseconds
1609312331,87,4.654292,0.586313,0.006020,0.083686,0.576302,0.576302,0.802439,0.802439,0.802439,0.802439,0.048332,0.010115,0.024477,0.433135,calls/second,milliseconds
1609312485,100,4.654292,0.234003,0.006020,0.222572,0.171752,0.469226,0.590014,0.857836,0.857836,0.857836,0.051182,0.027049,0.035132,0.375402,calls/second,milliseconds
1609312485,100,4.654292,0.234003,0.006020,0.222572,0.171752,0.469226,0.590014,0.857836,0.857836,0.857836,0.051182,0.027049,0.035132,0.375402,calls/second,milliseconds
