t,count,max,mean,min,stddev,p50,p75,p95,p98,p99,p999,mean_rate,m1_rate,m5_rate,m15_rate,rate_unit,duration_unit
1610311047,19,2.335332,0.075386,0.000694,0.294779,0.005770,0.008927,0.520515,0.884774,2.335332,2.335332,0.063336,0.024538,0.328058,0.592520,calls/second,milliseconds
1610311347,67,2.335332,0.296984,0.000694,0.374781,0.118079,0.458153,1.061826,1.143489,1.610619,2.237493,0.111669,0.082499,0.218077,0.469654,calls/second,milliseconds
1610311475,73,2.335332,0.506651,0.000694,0.594797,0.109777,0.839232,1.585884,1.585884,1.585884,1.610619,0.100274,0.021657,0.146739,0.408549,calls/second,milliseconds
1610311475,73,2.335332,0.506651,0.000694,0.594797,0.109777,0.839232,1.585884,1.585884,1.585884,1.610619,0.100272,0.021657,0.146739,0.408549,calls/second,milliseconds
