t,count,max,mean,min,stddev,p50,p75,p95,p98,p99,p999,mean_rate,m1_rate,m5_rate,m15_rate,rate_unit,duration_unit
1617581528,32,5.263961,0.312755,0.034937,0.473379,0.155407,0.264460,1.246603,1.246603,2.714686,3.063985,0.106621,0.221218,1.173590,2.179808,calls/second,milliseconds
1617581765,70,5.263961,0.288596,0.022552,0.329882,0.159475,0.325650,1.091042,1.552131,1.552131,1.552131,0.130480,0.050133,0.598781,1.709786,calls/second,milliseconds
1617581765,70,5.263961,0.288596,0.022552,0.329882,0.159475,0.325650,1.091042,1.552131,1.552131,1.552131,0.130479,0.050133,0.598781,1.709786,calls/second,milliseconds
