t,count,max,mean,min,stddev,p50,p75,p95,p98,p99,p999,mean_rate,m1_rate,m5_rate,m15_rate,rate_unit,duration_unit
1617630281,12,39.087984,2.086585,0.007155,3.618898,0.184891,1.188261,8.789993,8.789993,8.789993,39.087984,0.039997,0.086242,0.395574,0.728092,calls/second,milliseconds
1617630517,28,39.087984,1.999068,0.007155,2.799492,1.810667,1.810667,10.120382,11.092869,11.092869,11.092869,0.052241,0.011809,0.206702,0.574160,calls/second,milliseconds
1617630517,28,39.087984,1.999068,0.007155,2.799492,1.810667,1.810667,10.120382,11.092869,11.092869,11.092869,0.052240,0.011809,0.206702,0.574160,calls/second,milliseconds
