t,count,max,mean,min,stddev,p50,p75,p95,p98,p99,p999,mean_rate,m1_rate,m5_rate,m15_rate,rate_unit,duration_unit
1617669106,44,0.102193,0.006081,0.000473,0.010996,0.002029,0.004457,0.037322,0.039457,0.039457,0.067457,0.146653,0.319506,1.207915,2.192461,calls/second,milliseconds
1617669203,68,0.102193,0.006946,0.000457,0.010983,0.003022,0.004867,0.034059,0.046560,0.046560,0.059410,0.170960,0.168885,0.932400,1.993324,calls/second,milliseconds
1617669204,68,0.102193,0.006946,0.000457,0.010983,0.003022,0.004867,0.034059,0.046560,0.046560,0.059410,0.170957,0.168885,0.932400,1.993324,calls/second,milliseconds
