t,count,max,mean,min,stddev,p50,p75,p95,p98,p99,p999,mean_rate,m1_rate,m5_rate,m15_rate,rate_unit,duration_unit
1609393614,21,0.159456,0.057370,0.002200,0.055697,0.048503,0.048503,0.159456,0.159456,0.159456,0.159456,0.069992,0.066458,1.137775,2.167663,calls/second,milliseconds
1609393914,68,2.284643,0.706338,0.001747,1.031553,0.053630,2.284643,2.284643,2.284643,2.284643,2.284643,0.113326,0.026958,0.489530,1.593172,calls/second,milliseconds
1609394214,73,2.284643,0.078701,0.001747,0.178845,0.064417,0.067213,0.067967,0.078850,0.078850,2.284643,0.081108,0.015422,0.190519,1.146268,calls/second,milliseconds
1609394514,78,2.284643,0.065099,0.001747,0.023891,0.053584,0.080870,0.090297,0.090297,0.090297,0.090297,0.064998,0.015344,0.080519,0.826047,calls/second,milliseconds
1609394814,83,2.284643,0.085347,0.001747,0.015588,0.097047,0.097047,0.097047,0.097047,0.097047,0.097047,0.055332,0.015344,0.040052,0.596599,calls/second,milliseconds
1609394973,90,2.284643,0.053422,0.001747,0.023498,0.054516,0.065103,0.087073,0.087073,0.097047,0.097047,0.054244,0.042457,0.040239,0.508437,calls/second,milliseconds
1609394973,90,2.284643,0.053422,0.001747,0.023498,0.054516,0.065103,0.087073,0.087073,0.097047,0.097047,0.054244,0.042457,0.040239,0.508437,calls/second,milliseconds
