t,count,max,mean,min,stddev,p50,p75,p95,p98,p99,p999,mean_rate,m1_rate,m5_rate,m15_rate,rate_unit,duration_unit
1607880019,63,3.529320,0.508651,0.004007,0.712706,0.201739,0.573937,1.820667,3.529320,3.529320,3.529320,0.763132,1.365319,2.472491,2.807816,calls/second,milliseconds
1607880019,63,3.529320,0.508651,0.004007,0.712706,0.201739,0.573937,1.820667,3.529320,3.529320,3.529320,0.762982,1.365319,2.472491,2.807816,calls/second,milliseconds
