t,count,max,mean,min,stddev,p50,p75,p95,p98,p99,p999,mean_rate,m1_rate,m5_rate,m15_rate,rate_unit,duration_unit
1607733160,63,3.910047,0.491686,0.008587,0.702444,0.285062,0.578642,2.350128,2.376351,3.910047,3.910047,0.210010,0.368897,0.434963,0.631009,calls/second,milliseconds
1607733460,68,3.910047,0.245968,0.008587,0.432192,0.120190,0.120190,0.972645,1.475533,2.350128,3.910047,0.113335,0.016323,0.179995,0.463183,calls/second,milliseconds
1607733760,73,6.641522,1.782622,0.008587,2.738060,0.181754,0.746122,6.641522,6.641522,6.641522,6.641522,0.081112,0.013011,0.076305,0.336544,calls/second,milliseconds
1607733893,80,6.641522,0.657095,0.008587,0.798003,0.201764,1.214012,1.815990,1.815990,1.815990,6.641522,0.077422,0.010118,0.053659,0.291683,calls/second,milliseconds
1607733893,80,6.641522,0.657095,0.008587,0.798003,0.201764,1.214012,1.815990,1.815990,1.815990,6.641522,0.077421,0.010118,0.053659,0.291683,calls/second,milliseconds
