t,count,max,mean,min,stddev,p50,p75,p95,p98,p99,p999,mean_rate,m1_rate,m5_rate,m15_rate,rate_unit,duration_unit
1614778568,32,4.102682,0.428762,0.020728,0.513831,0.187374,0.748184,1.556078,1.664441,1.664441,4.102682,0.106322,0.173187,1.170915,2.179492,calls/second,milliseconds
1614778867,67,4.102682,0.734377,0.020728,0.398462,1.006069,1.006069,1.360028,1.360028,1.556078,1.681591,0.111646,0.027560,0.481611,1.590980,calls/second,milliseconds
1614779167,75,4.103543,0.388344,0.020728,0.540778,0.198856,0.298408,1.006069,1.542484,4.103543,4.103543,0.083323,0.023167,0.193416,1.147465,calls/second,milliseconds
1614779467,80,4.103543,0.198250,0.020728,0.067045,0.206786,0.206786,0.218036,0.218036,0.218036,0.811681,0.066661,0.021426,0.082304,0.827011,calls/second,milliseconds
1614779767,85,4.103543,0.151011,0.020728,0.041589,0.117601,0.202919,0.207570,0.220725,0.220725,0.220725,0.056662,0.021414,0.041427,0.597396,calls/second,milliseconds
1614780067,90,4.103543,0.435392,0.020728,0.728260,0.242859,0.242859,2.635064,2.635064,2.635064,2.635064,0.049997,0.021414,0.026390,0.432869,calls/second,milliseconds
1614780365,96,4.103543,0.247421,0.020728,0.280262,0.209779,0.222612,0.222612,1.835403,1.835403,1.835403,0.045760,0.023275,0.021209,0.316735,calls/second,milliseconds
1614780365,96,4.103543,0.247421,0.020728,0.280262,0.209779,0.222612,0.222612,1.835403,1.835403,1.835403,0.045760,0.023275,0.021209,0.316735,calls/second,milliseconds
