t,count,max,mean,min,stddev,p50,p75,p95,p98,p99,p999,mean_rate,m1_rate,m5_rate,m15_rate,rate_unit,duration_unit
1609281397,66,1.831884,0.267906,0.002278,0.300712,0.138534,0.439027,0.759405,0.910572,0.910572,1.831884,0.524396,0.381581,0.685926,0.759300,calls/second,milliseconds
1609281397,66,1.831884,0.267906,0.002278,0.300712,0.138534,0.439027,0.759405,0.910572,0.910572,1.831884,0.524357,0.381581,0.685926,0.759300,calls/second,milliseconds
