t,count,max,mean,min,stddev,p50,p75,p95,p98,p99,p999,mean_rate,m1_rate,m5_rate,m15_rate,rate_unit,duration_unit
1609414040,27,20.330761,1.476401,0.003860,3.103026,0.115239,0.992902,8.634262,8.634262,20.330761,20.330761,0.089994,0.019913,0.411361,0.740034,calls/second,milliseconds
1609414090,28,20.330761,1.347382,0.003860,2.069543,1.244588,1.244588,5.026493,8.634262,8.634262,20.330761,0.080188,0.020864,0.357154,0.705025,calls/second,milliseconds
1609414090,28,20.330761,1.347382,0.003860,2.069543,1.244588,1.244588,5.026493,8.634262,8.634262,20.330761,0.080186,0.020864,0.357154,0.705025,calls/second,milliseconds
