t,count,max,mean,min,stddev,p50,p75,p95,p98,p99,p999,mean_rate,m1_rate,m5_rate,m15_rate,rate_unit,duration_unit
1617591285,22,26.567001,1.801332,0.003931,3.683148,0.037420,0.872208,13.096457,13.096457,13.096457,13.096457,0.073329,0.189309,0.425358,0.738784,calls/second,milliseconds
1617591441,28,26.567001,1.273104,0.003931,2.532077,0.822082,0.822082,5.445314,13.096457,13.096457,13.096457,0.061307,0.022050,0.264093,0.626644,calls/second,milliseconds
1617591441,28,26.567001,1.273104,0.003931,2.532077,0.822082,0.822082,5.445314,13.096457,13.096457,13.096457,0.061306,0.022050,0.264093,0.626644,calls/second,milliseconds
