t,count,max,mean,min,stddev,p50,p75,p95,p98,p99,p999,mean_rate,m1_rate,m5_rate,m15_rate,rate_unit,duration_unit
1607879500,71,3.632080,0.558500,0.000369,0.592250,0.180862,0.926042,1.500640,1.500640,1.500640,3.632080,0.236703,0.091348,1.228919,2.221668,calls/second,milliseconds
1607879503,72,3.632080,0.694763,0.000369,0.599915,0.926042,1.261071,1.500640,1.500640,1.500640,3.632080,0.237434,0.084044,1.208607,2.209360,calls/second,milliseconds
1607879503,72,3.632080,0.694763,0.000369,0.599915,0.926042,1.261071,1.500640,1.500640,1.500640,3.632080,0.237426,0.084044,1.208607,2.209360,calls/second,milliseconds
