t,count,max,mean,min,stddev,p50,p75,p95,p98,p99,p999,mean_rate,m1_rate,m5_rate,m15_rate,rate_unit,duration_unit
1607879785,65,62.611824,2.368233,0.045087,8.005095,0.347122,0.729276,8.526962,19.970062,62.611824,62.611824,6.057851,3.495725,3.102477,3.034349,calls/second,milliseconds
1607879785,65,62.611824,2.368233,0.045087,8.005095,0.347122,0.729276,8.526962,19.970062,62.611824,62.611824,6.043593,3.495725,3.102477,3.034349,calls/second,milliseconds
