t,count,max,mean,min,stddev,p50,p75,p95,p98,p99,p999,mean_rate,m1_rate,m5_rate,m15_rate,rate_unit,duration_unit
1607881611,67,7.309172,0.456099,0.011570,0.606886,0.253963,0.532743,1.665614,2.297403,2.755628,7.309172,0.273373,0.338988,1.481852,2.350059,calls/second,milliseconds
1607881611,67,7.309172,0.456099,0.011570,0.606886,0.253963,0.532743,1.665614,2.297403,2.755628,7.309172,0.273362,0.338988,1.481852,2.350059,calls/second,milliseconds
