t,count,max,mean,min,stddev,p50,p75,p95,p98,p99,p999,mean_rate,m1_rate,m5_rate,m15_rate,rate_unit,duration_unit
1607724777,62,0.104628,0.017517,0.000730,0.017607,0.007030,0.037246,0.037246,0.056815,0.083630,0.104628,0.206641,0.062686,1.203511,2.203468,calls/second,milliseconds
1607725077,67,0.104628,0.044577,0.000730,0.019398,0.039647,0.071666,0.071666,0.071666,0.089594,0.089594,0.111661,0.018427,0.453531,1.583617,calls/second,milliseconds
1607725235,74,0.104628,0.023901,0.000730,0.031463,0.005297,0.046574,0.086354,0.086354,0.086354,0.086354,0.097589,0.058111,0.285456,1.338418,calls/second,milliseconds
1607725235,74,0.104628,0.023901,0.000730,0.031463,0.005297,0.046574,0.086354,0.086354,0.086354,0.086354,0.097587,0.058111,0.285456,1.338418,calls/second,milliseconds
