t,count,max,mean,min,stddev,p50,p75,p95,p98,p99,p999,mean_rate,m1_rate,m5_rate,m15_rate,rate_unit,duration_unit
1607734200,55,3.829879,0.349374,0.008639,0.535826,0.108389,0.492845,0.985353,3.234004,3.234004,3.234004,0.183344,0.442688,1.260670,2.216425,calls/second,milliseconds
1607734500,68,3.829879,0.217259,0.008639,0.242175,0.178033,0.178033,0.587494,0.923645,1.185874,3.234004,0.113335,0.029217,0.485530,1.599466,calls/second,milliseconds
1607734800,73,3.829879,0.184836,0.008639,0.035736,0.193033,0.193033,0.193755,0.193755,0.193755,0.492845,0.081112,0.025324,0.190144,1.150938,calls/second,milliseconds
1607735100,78,3.829879,0.184373,0.008639,0.098460,0.154856,0.182067,0.182083,0.662672,0.662672,0.662672,0.065000,0.025298,0.081478,0.829553,calls/second,milliseconds
1607735345,86,3.829879,0.621417,0.008639,0.559021,0.283233,1.074149,1.572297,1.572297,1.572297,1.572297,0.059545,0.023275,0.045881,0.635857,calls/second,milliseconds
1607735345,86,3.829879,0.621417,0.008639,0.559021,0.283233,1.074149,1.572297,1.572297,1.572297,1.572297,0.059544,0.023275,0.045881,0.635857,calls/second,milliseconds
