t,count,max,mean,min,stddev,p50,p75,p95,p98,p99,p999,mean_rate,m1_rate,m5_rate,m15_rate,rate_unit,duration_unit
1608522979,19,1.309401,0.058886,0.002289,0.158400,0.021874,0.025797,0.100522,0.799667,0.841374,1.309401,0.063336,0.048714,1.151089,2.177633,calls/second,milliseconds
1608523279,29,1.309401,0.231061,0.002177,0.212231,0.290216,0.339305,0.632045,0.632045,0.632045,0.632045,0.048334,0.074086,0.449947,1.570571,calls/second,milliseconds
1608523579,73,1.552594,0.181058,0.000704,0.283756,0.023312,0.346102,0.738719,1.111464,1.552594,1.552594,0.081104,0.049626,0.237967,1.158025,calls/second,milliseconds
1608523779,80,1.552594,0.215352,0.000704,0.210650,0.092188,0.452721,0.494884,0.494884,0.494884,1.111464,0.072760,0.019148,0.131927,0.935486,calls/second,milliseconds
1608523779,80,1.552594,0.215352,0.000704,0.210650,0.092188,0.452721,0.494884,0.494884,0.494884,1.111464,0.072759,0.019148,0.131927,0.935486,calls/second,milliseconds
