t,count,max,mean,min,stddev,p50,p75,p95,p98,p99,p999,mean_rate,m1_rate,m5_rate,m15_rate,rate_unit,duration_unit
1617641144,44,3.609834,0.206097,0.000883,0.273209,0.139663,0.319320,0.566599,1.442787,1.442787,1.483913,0.146676,0.168538,1.189416,2.191492,calls/second,milliseconds
1617641359,69,3.609834,0.260387,0.000883,0.265249,0.128616,0.356301,0.734952,0.734952,0.734952,1.442787,0.133995,0.085227,0.650528,1.758993,calls/second,milliseconds
1617641359,69,3.609834,0.260387,0.000883,0.265249,0.128616,0.356301,0.734952,0.734952,0.734952,1.442787,0.133993,0.085227,0.650528,1.758993,calls/second,milliseconds
