t,count,max,mean,min,stddev,p50,p75,p95,p98,p99,p999,mean_rate,m1_rate,m5_rate,m15_rate,rate_unit,duration_unit
1617620018,19,0.237608,0.142361,0.001332,0.100177,0.237608,0.237608,0.237608,0.237608,0.237608,0.237608,0.063327,0.034721,1.130975,2.165416,calls/second,milliseconds
1617620318,67,0.293776,0.020070,0.001332,0.032431,0.006173,0.016302,0.070083,0.070083,0.080323,0.293776,0.111662,0.044857,0.500801,1.594623,calls/second,milliseconds
1617620385,72,0.293776,0.029082,0.001332,0.029986,0.010867,0.070030,0.076107,0.076107,0.076107,0.293776,0.107923,0.022736,0.406090,1.484570,calls/second,milliseconds
1617620385,72,0.293776,0.029082,0.001332,0.029986,0.010867,0.070030,0.076107,0.076107,0.076107,0.293776,0.107922,0.022736,0.406090,1.484570,calls/second,milliseconds
