t,count,max,mean,min,stddev,p50,p75,p95,p98,p99,p999,mean_rate,m1_rate,m5_rate,m15_rate,rate_unit,duration_unit
1618828928,63,0.086686,0.006570,0.000300,0.015444,0.002023,0.002954,0.054103,0.064864,0.064864,0.086686,0.509830,0.490886,0.696930,0.761370,calls/second,milliseconds
1618828928,63,0.086686,0.006570,0.000300,0.015444,0.002023,0.002954,0.054103,0.064864,0.064864,0.086686,0.509777,0.490886,0.696930,0.761370,calls/second,milliseconds
