t,count,max,mean,min,stddev,p50,p75,p95,p98,p99,p999,mean_rate,m1_rate,m5_rate,m15_rate,rate_unit,duration_unit
1617630281,32,0.201086,0.018051,0.001014,0.031028,0.008317,0.010912,0.106279,0.106279,0.201086,0.201086,0.106658,0.178886,1.170949,2.179482,calls/second,milliseconds
1617630517,70,0.516578,0.071167,0.001014,0.071153,0.041943,0.106279,0.172050,0.172050,0.172050,0.516578,0.130602,0.038604,0.595338,1.709170,calls/second,milliseconds
1617630517,70,0.516578,0.071167,0.001014,0.071153,0.041943,0.106279,0.172050,0.172050,0.172050,0.516578,0.130600,0.038604,0.595338,1.709170,calls/second,milliseconds
