t,count,max,mean,min,stddev,p50,p75,p95,p98,p99,p999,mean_rate,m1_rate,m5_rate,m15_rate,rate_unit,duration_unit
1617676924,62,4.982222,0.388982,0.000937,0.823787,0.196530,0.459669,1.344794,4.982222,4.982222,4.982222,0.206677,0.372143,1.253492,2.214831,calls/second,milliseconds
1617676988,67,4.982222,0.370304,0.000937,0.716174,0.122909,0.407768,0.916800,1.501247,4.982222,4.982222,0.184100,0.181944,1.033904,2.069869,calls/second,milliseconds
1617676988,67,4.982222,0.370304,0.000937,0.716174,0.122909,0.407768,0.916800,1.501247,4.982222,4.982222,0.184097,0.181944,1.033904,2.069869,calls/second,milliseconds
