t,count,max,mean,min,stddev,p50,p75,p95,p98,p99,p999,mean_rate,m1_rate,m5_rate,m15_rate,rate_unit,duration_unit
1617654557,19,10.333359,2.444469,0.033697,2.188707,1.184054,4.339753,5.989696,5.989696,5.989696,10.333359,0.063301,0.038342,1.131426,2.165481,calls/second,milliseconds
1617654857,67,10.333359,0.478717,0.025194,0.487266,0.279271,0.599460,1.440294,1.640224,1.817837,2.637580,0.111638,0.094201,0.516403,1.597154,calls/second,milliseconds
1617654865,71,10.333359,0.453120,0.025194,0.465120,0.279271,0.599460,1.374337,1.440294,1.817837,2.637580,0.116686,0.086669,0.507868,1.588306,calls/second,milliseconds
1617654865,71,10.333359,0.453120,0.025194,0.465120,0.279271,0.599460,1.374337,1.440294,1.817837,2.637580,0.116684,0.086669,0.507868,1.588306,calls/second,milliseconds
