t,count,max,mean,min,stddev,p50,p75,p95,p98,p99,p999,mean_rate,m1_rate,m5_rate,m15_rate,rate_unit,duration_unit
1617643803,12,33.941105,2.273818,0.004797,4.205276,0.118724,2.433799,11.188294,11.188294,11.188294,33.941105,0.039996,0.086727,0.395619,0.728097,calls/second,milliseconds
1617644037,28,33.941105,1.548278,0.004797,1.929931,1.684711,1.684711,6.454511,6.454511,11.188294,11.188294,0.052521,0.012917,0.210251,0.577373,calls/second,milliseconds
1617644037,28,33.941105,1.548278,0.004797,1.929931,1.684711,1.684711,6.454511,6.454511,11.188294,11.188294,0.052521,0.012917,0.210251,0.577373,calls/second,milliseconds
