t,count,max,mean,min,stddev,p50,p75,p95,p98,p99,p999,mean_rate,m1_rate,m5_rate,m15_rate,rate_unit,duration_unit
1617582118,32,4.344609,0.269408,0.012606,0.257912,0.246906,0.427539,0.785878,0.785878,0.785878,4.344609,0.106672,0.196354,1.190432,2.191586,calls/second,milliseconds
1617582343,70,4.344609,0.314779,0.001680,0.307847,0.276127,0.499420,0.690048,0.785878,1.456844,2.028940,0.133180,0.038063,0.614066,1.728032,calls/second,milliseconds
1617582343,70,4.344609,0.314779,0.001680,0.307847,0.276127,0.499420,0.690048,0.785878,1.456844,2.028940,0.132893,0.038063,0.614066,1.728032,calls/second,milliseconds
