t,count,max,mean,min,stddev,p50,p75,p95,p98,p99,p999,mean_rate,m1_rate,m5_rate,m15_rate,rate_unit,duration_unit
1618833059,62,0.107183,0.012895,0.001923,0.014909,0.008930,0.012433,0.053587,0.068903,0.068903,0.107183,0.878306,0.901718,0.811255,0.802778,calls/second,milliseconds
1618833059,62,0.107183,0.012895,0.001923,0.014909,0.008930,0.012433,0.053587,0.068903,0.068903,0.107183,0.878234,0.901718,0.811255,0.802778,calls/second,milliseconds
