t,count,max,mean,min,stddev,p50,p75,p95,p98,p99,p999,mean_rate,m1_rate,m5_rate,m15_rate,rate_unit,duration_unit
1617587247,38,2.048332,0.474278,0.005690,0.553978,0.170213,0.635316,1.868617,1.868617,1.868617,1.868617,0.126673,0.172103,1.189519,2.191500,calls/second,milliseconds
1617587440,69,2.048332,0.291064,0.005690,0.285188,0.129173,0.470000,0.617101,0.874188,1.436464,1.868617,0.139709,0.050936,0.684914,1.795149,calls/second,milliseconds
1617587440,69,2.048332,0.291064,0.005690,0.285188,0.129173,0.470000,0.617101,0.874188,1.436464,1.868617,0.139706,0.050936,0.684914,1.795149,calls/second,milliseconds
