t,count,max,mean,min,stddev,p50,p75,p95,p98,p99,p999,mean_rate,m1_rate,m5_rate,m15_rate,rate_unit,duration_unit
1617670456,32,3.994990,0.541151,0.021077,0.655105,0.204450,0.778499,1.978266,1.978266,3.561645,3.994990,0.106623,0.176223,1.170758,2.179459,calls/second,milliseconds
1617670572,68,3.994990,0.295026,0.018214,0.382641,0.150693,0.386179,1.067172,1.536011,1.978266,3.561645,0.163174,0.149021,0.876756,1.950154,calls/second,milliseconds
1617670572,68,3.994990,0.295026,0.018214,0.382641,0.150693,0.386179,1.067172,1.536011,1.978266,3.561645,0.163172,0.149021,0.876756,1.950154,calls/second,milliseconds
