t,count,max,mean,min,stddev,p50,p75,p95,p98,p99,p999,mean_rate,m1_rate,m5_rate,m15_rate,rate_unit,duration_unit
1609996811,27,33.158660,2.058165,0.005023,3.939769,0.172707,1.127048,11.526632,13.175103,13.175103,33.158660,0.089992,0.147208,0.067290,0.027023,calls/second,milliseconds
1609996958,28,33.158660,2.608033,0.005023,2.880665,3.189617,3.189617,7.859183,11.526632,13.175103,13.175103,0.062649,0.013134,0.041499,0.023002,calls/second,milliseconds
1609996958,28,33.158660,2.608033,0.005023,2.880665,3.189617,3.189617,7.859183,11.526632,13.175103,13.175103,0.062646,0.013134,0.041499,0.023002,calls/second,milliseconds
