t,count,max,mean,min,stddev,p50,p75,p95,p98,p99,p999,mean_rate,m1_rate,m5_rate,m15_rate,rate_unit,duration_unit
1607900148,5,47.289954,9.470484,0.002652,18.909739,0.023190,0.033608,47.289954,47.289954,47.289954,47.289954,0.016665,0.000817,0.006609,0.004082,calls/second,milliseconds
1607900448,17,47.289954,2.535705,0.002652,4.796825,0.264210,0.596630,16.007217,16.007217,16.007217,16.007217,0.028332,0.117925,0.037730,0.015698,calls/second,milliseconds
1607900748,27,47.289954,1.629027,0.002652,3.281939,0.124848,0.321589,10.072996,10.072996,16.007217,16.007217,0.029999,0.003224,0.028102,0.019610,calls/second,milliseconds
1607901048,27,47.289954,1.629027,0.002652,3.281939,0.124848,0.321589,10.072996,10.072996,16.007217,16.007217,0.022500,0.000022,0.010338,0.014051,calls/second,milliseconds
1607901102,28,47.289954,1.672442,0.002652,0.126418,1.672507,1.672507,1.672507,1.672507,1.672507,1.672507,0.022324,0.000009,0.008751,0.013292,calls/second,milliseconds
1607901102,28,47.289954,1.672442,0.002652,0.126418,1.672507,1.672507,1.672507,1.672507,1.672507,1.672507,0.022323,0.000009,0.008751,0.013292,calls/second,milliseconds
