t,count,max,mean,min,stddev,p50,p75,p95,p98,p99,p999,mean_rate,m1_rate,m5_rate,m15_rate,rate_unit,duration_unit
1607880281,64,0.189420,0.012649,0.001477,0.024648,0.004890,0.008667,0.082210,0.125813,0.125813,0.189420,0.522382,0.851596,2.177601,2.688161,calls/second,milliseconds
1607880281,64,0.189420,0.012649,0.001477,0.024648,0.004890,0.008667,0.082210,0.125813,0.125813,0.189420,0.522331,0.851596,2.177601,2.688161,calls/second,milliseconds
