t,count,max,mean,min,stddev,p50,p75,p95,p98,p99,p999,mean_rate,m1_rate,m5_rate,m15_rate,rate_unit,duration_unit
1617614026,5,29.377719,5.888274,0.005041,11.744726,0.014941,0.031466,29.377719,29.377719,29.377719,29.377719,0.016665,0.007324,0.374062,0.720523,calls/second,milliseconds
1617614326,27,29.377719,3.046067,0.005041,5.942109,0.202087,0.715475,21.857670,21.857670,21.857670,21.857670,0.044998,0.017927,0.176452,0.536018,calls/second,milliseconds
1617614362,28,29.377719,1.928658,0.005041,4.124179,1.005161,1.005161,10.716469,21.857670,21.857670,21.857670,0.044011,0.010004,0.157022,0.515573,calls/second,milliseconds
1617614362,28,29.377719,1.928658,0.005041,4.124179,1.005161,1.005161,10.716469,21.857670,21.857670,21.857670,0.044010,0.010004,0.157022,0.515573,calls/second,milliseconds
