t,count,max,mean,min,stddev,p50,p75,p95,p98,p99,p999,mean_rate,m1_rate,m5_rate,m15_rate,rate_unit,duration_unit
1608509078,19,1.286038,0.046602,0.001420,0.166348,0.006276,0.006846,0.270578,0.484737,1.286038,1.286038,0.063334,0.023385,0.328150,0.592549,calls/second,milliseconds
1608509327,71,1.286038,0.240362,0.001420,0.232074,0.099908,0.502563,0.508848,0.621378,0.694621,1.074490,0.129428,0.043700,0.228111,0.492042,calls/second,milliseconds
1608509327,71,1.286038,0.240362,0.001420,0.232074,0.099908,0.502563,0.508848,0.621378,0.694621,1.074490,0.129427,0.043700,0.228111,0.492042,calls/second,milliseconds
