t,count,max,mean,min,stddev,p50,p75,p95,p98,p99,p999,mean_rate,m1_rate,m5_rate,m15_rate,rate_unit,duration_unit
1608915733,19,0.765344,0.025358,0.000596,0.073967,0.021167,0.021167,0.024848,0.197147,0.197147,0.765344,0.063331,0.022576,0.322636,0.589238,calls/second,milliseconds
1608916033,67,0.765344,0.012081,0.000463,0.012775,0.006806,0.014376,0.043624,0.043624,0.043624,0.043624,0.111664,0.101761,0.221088,0.468075,calls/second,milliseconds
1608916161,73,0.765344,0.011420,0.000463,0.009359,0.011628,0.019792,0.023359,0.041122,0.043624,0.043624,0.100297,0.024877,0.151101,0.409440,calls/second,milliseconds
1608916161,73,0.765344,0.011420,0.000463,0.009359,0.011628,0.019792,0.023359,0.041122,0.043624,0.043624,0.100296,0.024877,0.151101,0.409440,calls/second,milliseconds
