t,count,max,mean,min,stddev,p50,p75,p95,p98,p99,p999,mean_rate,m1_rate,m5_rate,m15_rate,rate_unit,duration_unit
1617583842,32,4.959669,0.420538,0.013754,0.447616,0.302916,0.691735,1.152528,1.152528,2.381568,3.304468,0.106623,0.203445,1.172090,2.179608,calls/second,milliseconds
1617584086,70,4.959669,0.313753,0.010438,0.355139,0.129670,0.644953,1.109722,1.109722,1.109722,1.556511,0.128573,0.035737,0.587149,1.700012,calls/second,milliseconds
1617584086,70,4.959669,0.313753,0.010438,0.355139,0.129670,0.644953,1.109722,1.109722,1.109722,1.556511,0.128571,0.035737,0.587149,1.700012,calls/second,milliseconds
