t,count,max,mean,min,stddev,p50,p75,p95,p98,p99,p999,mean_rate,m1_rate,m5_rate,m15_rate,rate_unit,duration_unit
1609281123,68,43.958579,2.076300,0.013090,5.975049,0.742320,1.388992,11.927862,22.846731,43.958579,43.958579,5.464516,4.047751,3.692560,3.631025,calls/second,milliseconds
1609281123,68,43.958579,2.076300,0.013090,5.975049,0.742320,1.388992,11.927862,22.846731,43.958579,43.958579,5.457687,4.047751,3.692560,3.631025,calls/second,milliseconds
