t,count,max,mean,min,stddev,p50,p75,p95,p98,p99,p999,mean_rate,m1_rate,m5_rate,m15_rate,rate_unit,duration_unit
1618761094,62,0.100243,0.005972,0.000443,0.012132,0.001974,0.003020,0.031967,0.059123,0.067980,0.067980,0.206644,0.247219,0.435628,0.633356,calls/second,milliseconds
1618761192,68,0.100243,0.010927,0.000443,0.019362,0.002300,0.007114,0.059911,0.059911,0.059911,0.067980,0.171086,0.067787,0.323106,0.572018,calls/second,milliseconds
1618761192,68,0.100243,0.010927,0.000443,0.019362,0.002300,0.007114,0.059911,0.059911,0.059911,0.067980,0.171081,0.067787,0.323106,0.572018,calls/second,milliseconds
