t,count,max,mean,min,stddev,p50,p75,p95,p98,p99,p999,mean_rate,m1_rate,m5_rate,m15_rate,rate_unit,duration_unit
1609139462,32,2.075386,0.145399,0.005236,0.202199,0.060373,0.151424,0.710843,0.710843,0.710843,2.075386,0.106644,0.176757,0.362594,0.603274,calls/second,milliseconds
1609139637,69,2.075386,0.141687,0.005236,0.105830,0.119126,0.193430,0.291908,0.434426,0.484784,0.710843,0.145190,0.058679,0.269038,0.527684,calls/second,milliseconds
1609139637,69,2.075386,0.141687,0.005236,0.105830,0.119126,0.193430,0.291908,0.434426,0.484784,0.710843,0.145188,0.058679,0.269038,0.527684,calls/second,milliseconds
