t,count,max,mean,min,stddev,p50,p75,p95,p98,p99,p999,mean_rate,m1_rate,m5_rate,m15_rate,rate_unit,duration_unit
1617620765,19,4.820831,1.397657,0.046557,0.691256,1.426584,1.841547,2.181677,2.181677,4.820831,4.820831,0.063304,0.033701,1.130830,2.165395,calls/second,milliseconds
1617621065,67,4.820831,0.379652,0.036029,0.408582,0.249966,0.381137,1.533304,1.533304,1.533304,1.533304,0.111641,0.075493,0.511671,1.596394,calls/second,milliseconds
1617621170,73,4.820831,0.489821,0.036029,0.420162,0.551121,0.708215,1.498258,1.498258,1.533304,1.533304,0.103547,0.028679,0.372160,1.430602,calls/second,milliseconds
1617621170,73,4.820831,0.489821,0.036029,0.420162,0.551121,0.708215,1.498258,1.498258,1.533304,1.533304,0.103545,0.090350,0.379232,1.427108,calls/second,milliseconds
