t,count,max,mean,min,stddev,p50,p75,p95,p98,p99,p999,mean_rate,m1_rate,m5_rate,m15_rate,rate_unit,duration_unit
1607846082,19,0.088029,0.034673,0.000985,0.014911,0.031840,0.046693,0.060770,0.060770,0.060770,0.088029,0.063328,0.041311,1.131739,2.165524,calls/second,milliseconds
1607846382,67,1.262311,0.343905,0.000985,0.483788,0.021754,0.785555,1.171938,1.171938,1.262311,1.262311,0.111662,0.052428,0.502660,1.594961,calls/second,milliseconds
1607846682,72,6.314047,3.697898,0.000985,3.075761,6.314047,6.314047,6.314047,6.314047,6.314047,6.314047,0.079996,0.019922,0.195884,1.147629,calls/second,milliseconds
1607846982,77,6.314047,0.651224,0.000985,1.142439,0.090884,1.473161,1.473161,4.849281,4.849281,6.314047,0.064165,0.019703,0.083027,0.827102,calls/second,milliseconds
1607847282,82,6.314047,0.055488,0.000985,0.136081,0.052100,0.052100,0.054846,0.059940,0.059940,1.473161,0.054666,0.019702,0.041509,0.597434,calls/second,milliseconds
1607847582,87,6.314047,0.087331,0.000985,0.036009,0.072086,0.126812,0.140011,0.140011,0.140011,0.140011,0.048333,0.019702,0.026236,0.432870,calls/second,milliseconds
1607847882,98,6.314047,0.048436,0.000985,0.011559,0.051790,0.051790,0.051790,0.058587,0.058587,0.140011,0.046666,0.020532,0.028288,0.319798,calls/second,milliseconds
1607847993,104,6.314047,0.031166,0.000985,0.016593,0.039597,0.047923,0.049317,0.051790,0.051790,0.058587,0.047026,0.039645,0.033503,0.288231,calls/second,milliseconds
1607847993,104,6.314047,0.031166,0.000985,0.016593,0.039597,0.047923,0.049317,0.051790,0.051790,0.058587,0.047026,0.039645,0.033503,0.288231,calls/second,milliseconds
