t,count,max,mean,min,stddev,p50,p75,p95,p98,p99,p999,mean_rate,m1_rate,m5_rate,m15_rate,rate_unit,duration_unit
1617573296,19,6.956739,2.446511,0.037394,2.409413,1.315414,1.497594,6.956739,6.956739,6.956739,6.956739,0.063303,0.038342,1.131426,2.165481,calls/second,milliseconds
1617573596,59,6.956739,0.372627,0.020840,0.535639,0.263576,0.465462,1.226125,1.685934,1.685934,6.509406,0.098307,0.209122,0.515284,1.591709,calls/second,milliseconds
1617573862,75,7.572558,0.902444,0.020840,1.420254,0.455303,1.358711,1.984964,7.572558,7.572558,7.572558,0.086565,0.015262,0.232966,1.196245,calls/second,milliseconds
1617573862,75,7.572558,0.902444,0.020840,1.420254,0.455303,1.358711,1.984964,7.572558,7.572558,7.572558,0.086564,0.015262,0.232966,1.196245,calls/second,milliseconds
