t,count,max,mean,min,stddev,p50,p75,p95,p98,p99,p999,mean_rate,m1_rate,m5_rate,m15_rate,rate_unit,duration_unit
1617589628,22,31.946002,2.395663,0.003223,4.739569,0.044036,1.045331,15.678436,15.678436,15.678436,15.678436,0.073329,0.193201,0.425604,0.738813,calls/second,milliseconds
1617589786,28,31.946002,1.989243,0.003223,3.229841,2.003196,2.003196,10.837431,15.678436,15.678436,15.678436,0.061169,0.022614,0.264310,0.626680,calls/second,milliseconds
1617589786,28,31.946002,1.989243,0.003223,3.229841,2.003196,2.003196,10.837431,15.678436,15.678436,15.678436,0.061168,0.022614,0.264310,0.626680,calls/second,milliseconds
