t,count,max,mean,min,stddev,p50,p75,p95,p98,p99,p999,mean_rate,m1_rate,m5_rate,m15_rate,rate_unit,duration_unit
1610012200,19,4.453998,0.124360,0.005028,0.406693,0.044928,0.049883,0.208199,1.124053,1.526918,4.453998,0.063336,0.048714,1.151089,2.177633,calls/second,milliseconds
1610012500,60,4.453998,0.260593,0.004936,0.390027,0.058286,0.439769,0.990735,1.603147,1.603147,1.603147,0.100003,0.329840,0.534524,1.602030,calls/second,milliseconds
1610012625,74,4.453998,0.413428,0.004936,0.431200,0.132680,0.876155,1.127429,1.376225,1.603147,1.603147,0.102029,0.128497,0.383103,1.400859,calls/second,milliseconds
1610012625,74,4.453998,0.413428,0.004936,0.431200,0.132680,0.876155,1.127429,1.376225,1.603147,1.603147,0.102029,0.128497,0.383103,1.400859,calls/second,milliseconds
