t,count,max,mean,min,stddev,p50,p75,p95,p98,p99,p999,mean_rate,m1_rate,m5_rate,m15_rate,rate_unit,duration_unit
1609282250,62,3.119093,0.211131,0.002911,0.281993,0.065244,0.391125,0.661243,0.808771,0.808771,3.119093,0.206668,0.062785,1.224114,2.215836,calls/second,milliseconds
1609282515,71,3.119093,0.348693,0.002911,0.351316,0.152270,0.764989,0.838256,0.838256,0.838256,0.838256,0.125623,0.068240,0.518570,1.649646,calls/second,milliseconds
1609282515,71,3.119093,0.348693,0.002911,0.351316,0.152270,0.764989,0.838256,0.838256,0.838256,0.838256,0.125622,0.068240,0.518570,1.649646,calls/second,milliseconds
