t,count,max,mean,min,stddev,p50,p75,p95,p98,p99,p999,mean_rate,m1_rate,m5_rate,m15_rate,rate_unit,duration_unit
1617580437,32,4.218786,0.349572,0.013983,0.368662,0.195651,0.510989,1.345545,1.345545,1.345545,2.121184,0.106673,0.214461,1.192007,2.191801,calls/second,milliseconds
1617580619,69,4.218786,0.294787,0.007520,0.240250,0.324024,0.457397,0.621012,1.101721,1.101721,1.345545,0.143343,0.077857,0.713021,1.815993,calls/second,milliseconds
1617580619,69,4.218786,0.294787,0.007520,0.240250,0.324024,0.457397,0.621012,1.101721,1.101721,1.345545,0.143341,0.077857,0.713021,1.815993,calls/second,milliseconds
