t,count,max,mean,min,stddev,p50,p75,p95,p98,p99,p999,mean_rate,m1_rate,m5_rate,m15_rate,rate_unit,duration_unit
1615988637,19,2.909630,0.081201,0.002370,0.321364,0.007315,0.014007,0.480505,0.689848,0.912287,2.909630,0.063337,0.038943,1.150133,2.177501,calls/second,milliseconds
1615988937,67,2.909630,0.549804,0.001018,0.615711,0.241102,0.963239,1.628116,1.933623,2.753399,2.896078,0.111670,0.202960,0.538805,1.607954,calls/second,milliseconds
1615989237,72,2.909630,0.080986,0.001018,0.283670,0.010270,0.012893,0.725272,1.132996,1.508124,2.896078,0.080002,0.016608,0.208646,1.156860,calls/second,milliseconds
1615989537,77,2.909630,0.012002,0.001018,0.032895,0.013180,0.013180,0.013180,0.015485,0.015485,0.089240,0.064168,0.015352,0.087187,0.833637,calls/second,milliseconds
1615989837,82,2.909630,0.010301,0.001018,0.003510,0.010506,0.010506,0.010813,0.010894,0.010894,0.013180,0.054667,0.015344,0.042505,0.602037,calls/second,milliseconds
1615990137,87,2.909630,0.010115,0.001018,0.001657,0.010010,0.010010,0.014646,0.014646,0.014646,0.014646,0.048334,0.015344,0.026067,0.436089,calls/second,milliseconds
1615990437,92,2.909630,0.010074,0.001018,0.002008,0.008515,0.013030,0.013030,0.013110,0.013110,0.014646,0.043810,0.015344,0.020020,0.317182,calls/second,milliseconds
1615990737,100,2.909630,1.220549,0.001018,1.288926,0.093202,2.561153,2.705542,2.705542,2.705542,2.705542,0.041667,0.052705,0.027229,0.235250,calls/second,milliseconds
1615991037,105,2.909630,0.054003,0.001018,0.322999,0.013873,0.013873,0.014824,0.093202,2.561153,2.705542,0.038889,0.015595,0.020448,0.173275,calls/second,milliseconds
1615991337,110,2.909630,0.009815,0.001018,0.034895,0.007063,0.013270,0.013720,0.013720,0.013720,0.013873,0.036667,0.015345,0.017953,0.128867,calls/second,milliseconds
1615991526,114,2.909630,0.327923,0.001018,0.292789,0.599066,0.599066,0.599066,0.599066,0.599066,0.599066,0.035757,0.012988,0.016731,0.107321,calls/second,milliseconds
1615991526,114,2.909630,0.327923,0.001018,0.292789,0.599066,0.599066,0.599066,0.599066,0.599066,0.599066,0.035757,0.012988,0.016731,0.107321,calls/second,milliseconds
