t,count,max,mean,min,stddev,p50,p75,p95,p98,p99,p999,mean_rate,m1_rate,m5_rate,m15_rate,rate_unit,duration_unit
1608507324,27,26.769890,1.961342,0.011040,3.727398,0.206128,0.570386,10.790124,12.885193,12.885193,12.885193,0.089996,0.256814,0.074294,0.027862,calls/second,milliseconds
1608507452,28,26.769890,1.917851,0.011040,3.122268,0.331110,1.815721,10.790124,12.885193,12.885193,12.885193,0.065492,0.031977,0.048978,0.024249,calls/second,milliseconds
1608507452,28,26.769890,1.917851,0.011040,3.122268,0.331110,1.815721,10.790124,12.885193,12.885193,12.885193,0.065491,0.031977,0.048978,0.024249,calls/second,milliseconds
