t,count,max,mean,min,stddev,p50,p75,p95,p98,p99,p999,mean_rate,m1_rate,m5_rate,m15_rate,rate_unit,duration_unit
1617569268,19,0.361688,0.145297,0.004577,0.066081,0.123074,0.208204,0.252612,0.252612,0.252612,0.361688,0.063326,0.041311,1.131739,2.165524,calls/second,milliseconds
1617569568,67,0.361688,0.029425,0.004577,0.029388,0.019150,0.029383,0.081518,0.132309,0.186077,0.191503,0.111661,0.226812,0.535196,1.599815,calls/second,milliseconds
1617569853,76,0.851187,0.170282,0.004577,0.307212,0.017443,0.132309,0.851187,0.851187,0.851187,0.851187,0.085880,0.012063,0.218821,1.175859,calls/second,milliseconds
1617569853,76,0.851187,0.170282,0.004577,0.307212,0.017443,0.132309,0.851187,0.851187,0.851187,0.851187,0.085879,0.012063,0.218821,1.175859,calls/second,milliseconds
