t,count,max,mean,min,stddev,p50,p75,p95,p98,p99,p999,mean_rate,m1_rate,m5_rate,m15_rate,rate_unit,duration_unit
1615628241,19,0.422093,0.093958,0.001986,0.048158,0.104783,0.104783,0.109017,0.109017,0.422093,0.422093,0.063327,0.032763,1.130687,2.165374,calls/second,milliseconds
1615628541,67,0.422093,0.018805,0.001986,0.023271,0.011604,0.018974,0.065041,0.088040,0.151253,0.151253,0.111662,0.154831,0.526014,1.598483,calls/second,milliseconds
1615628841,72,0.422093,0.093917,0.001986,0.031694,0.101813,0.108634,0.122034,0.122034,0.122034,0.151253,0.079997,0.011963,0.203268,1.149970,calls/second,milliseconds
1615629141,77,0.422093,0.049226,0.001986,0.015403,0.038796,0.056133,0.073547,0.107880,0.107880,0.122034,0.064165,0.011001,0.084536,0.828597,calls/second,milliseconds
1615629441,82,0.422093,0.067189,0.001986,0.022048,0.057543,0.080027,0.103473,0.103473,0.103473,0.103473,0.054666,0.010994,0.040857,0.598323,calls/second,milliseconds
1615629741,90,0.422093,0.084982,0.001986,0.040159,0.113063,0.113063,0.119887,0.119887,0.119887,0.119887,0.049999,0.016968,0.031326,0.436217,calls/second,milliseconds
1615630041,95,0.422093,0.116440,0.001986,0.018428,0.122013,0.122013,0.137056,0.137056,0.137056,0.137056,0.045237,0.011035,0.021282,0.317170,calls/second,milliseconds
1615630230,100,0.422093,0.072432,0.001986,0.031992,0.083329,0.099860,0.117484,0.117484,0.122013,0.137056,0.043685,0.010117,0.018337,0.261168,calls/second,milliseconds
1615630230,100,0.422093,0.072432,0.001986,0.031992,0.083329,0.099860,0.117484,0.117484,0.122013,0.137056,0.043685,0.010117,0.018337,0.261168,calls/second,milliseconds
