t,count,max,mean,min,stddev,p50,p75,p95,p98,p99,p999,mean_rate,m1_rate,m5_rate,m15_rate,rate_unit,duration_unit
1607875603,63,0.125163,0.013578,0.001694,0.012118,0.008803,0.015382,0.040774,0.040774,0.042890,0.125163,0.209976,0.151077,0.426354,0.632832,calls/second,milliseconds
1607875903,68,1.815637,0.158700,0.001694,0.328637,0.150119,0.150119,0.150119,1.815637,1.815637,1.815637,0.113325,0.017583,0.167453,0.458181,calls/second,milliseconds
1607876066,75,1.815637,0.058969,0.001694,0.185297,0.028577,0.038070,0.083934,1.138378,1.138378,1.138378,0.098331,0.023338,0.106328,0.386653,calls/second,milliseconds
1607876066,75,1.815637,0.058969,0.001694,0.185297,0.028577,0.038070,0.083934,1.138378,1.138378,1.138378,0.098328,0.023338,0.106328,0.386653,calls/second,milliseconds
