t,count,max,mean,min,stddev,p50,p75,p95,p98,p99,p999,mean_rate,m1_rate,m5_rate,m15_rate,rate_unit,duration_unit
1608503923,65,0.101850,0.005147,0.000698,0.009070,0.002946,0.005533,0.014145,0.023607,0.023607,0.101850,0.831372,1.565516,2.523084,2.825953,calls/second,milliseconds
1608503923,65,0.101850,0.005147,0.000698,0.009070,0.002946,0.005533,0.014145,0.023607,0.023607,0.101850,0.831202,1.565516,2.523084,2.825953,calls/second,milliseconds
