t,count,max,mean,min,stddev,p50,p75,p95,p98,p99,p999,mean_rate,m1_rate,m5_rate,m15_rate,rate_unit,duration_unit
1609994076,64,8.837445,0.431210,0.034413,0.757402,0.290964,0.410054,1.513231,2.160282,2.160282,8.837445,0.612437,1.186978,2.327624,2.748554,calls/second,milliseconds
1609994076,64,8.837445,0.431210,0.034413,0.757402,0.290964,0.410054,1.513231,2.160282,2.160282,8.837445,0.611745,1.186978,2.327624,2.748554,calls/second,milliseconds
