t,count,max,mean,min,stddev,p50,p75,p95,p98,p99,p999,mean_rate,m1_rate,m5_rate,m15_rate,rate_unit,duration_unit
1617615521,19,5.657485,0.127191,0.007533,0.486179,0.065358,0.065358,0.242184,0.949205,1.448234,5.657485,0.063338,0.048714,1.151089,2.177633,calls/second,milliseconds
1617615821,67,5.657485,0.277149,0.003237,0.338522,0.165633,0.450706,0.611696,1.172540,1.629043,2.433750,0.111670,0.139606,0.530732,1.606886,calls/second,milliseconds
1617615947,73,5.657485,0.447161,0.003237,0.487830,0.154080,0.968933,1.271362,1.271362,1.271362,2.433750,0.100523,0.034509,0.349912,1.392886,calls/second,milliseconds
1617615947,73,5.657485,0.447161,0.003237,0.487830,0.154080,0.968933,1.271362,1.271362,1.271362,2.433750,0.100522,0.034509,0.349912,1.392886,calls/second,milliseconds
