t,count,max,mean,min,stddev,p50,p75,p95,p98,p99,p999,mean_rate,m1_rate,m5_rate,m15_rate,rate_unit,duration_unit
1607890904,5,33.105959,6.646516,0.004543,13.229758,0.024540,0.090787,33.105959,33.105959,33.105959,33.105959,0.016665,0.000817,0.006609,0.004082,calls/second,milliseconds
1607891204,27,33.105959,1.985815,0.004543,4.103630,0.177822,0.382419,9.949067,19.293223,19.293223,19.293223,0.044998,0.027177,0.044852,0.023260,calls/second,milliseconds
1607891443,28,33.105959,2.167622,0.004543,0.954688,2.178002,2.178002,2.178002,2.178002,5.028323,19.293223,0.033360,0.000541,0.020492,0.017915,calls/second,milliseconds
1607891443,28,33.105959,2.167622,0.004543,0.954688,2.178002,2.178002,2.178002,2.178002,5.028323,19.293223,0.033359,0.000541,0.020492,0.017915,calls/second,milliseconds
