t,count,max,mean,min,stddev,p50,p75,p95,p98,p99,p999,mean_rate,m1_rate,m5_rate,m15_rate,rate_unit,duration_unit
1618645768,21,0.264131,0.087604,0.003943,0.061337,0.107481,0.140560,0.155717,0.155717,0.155717,0.264131,0.069995,0.062344,0.330037,0.591563,calls/second,milliseconds
1618646068,67,0.454649,0.202416,0.003943,0.192050,0.139016,0.454649,0.454649,0.454649,0.454649,0.454649,0.111661,0.034585,0.192068,0.463189,calls/second,milliseconds
1618646076,71,0.454649,0.084027,0.003943,0.144138,0.021427,0.023409,0.454649,0.454649,0.454649,0.454649,0.116823,0.031820,0.188894,0.460623,calls/second,milliseconds
1618646076,71,0.454649,0.084027,0.003943,0.144138,0.021427,0.023409,0.454649,0.454649,0.454649,0.454649,0.116821,0.031820,0.188894,0.460623,calls/second,milliseconds
