t,count,max,mean,min,stddev,p50,p75,p95,p98,p99,p999,mean_rate,m1_rate,m5_rate,m15_rate,rate_unit,duration_unit
1617619345,19,7.496164,4.943271,0.022312,2.999186,7.496164,7.496164,7.496164,7.496164,7.496164,7.496164,0.063302,0.039765,1.131581,2.165502,calls/second,milliseconds
1617619643,71,7.496164,0.518753,0.022312,0.687791,0.303670,0.703431,1.331081,2.949932,2.949932,7.496164,0.118720,0.038910,0.501880,1.602227,calls/second,milliseconds
1617619643,71,7.496164,0.518753,0.022312,0.687791,0.303670,0.703431,1.331081,2.949932,2.949932,7.496164,0.118718,0.038910,0.501880,1.602227,calls/second,milliseconds
