t,count,max,mean,min,stddev,p50,p75,p95,p98,p99,p999,mean_rate,m1_rate,m5_rate,m15_rate,rate_unit,duration_unit
1608355463,32,3.523938,0.192162,0.000766,0.281215,0.068482,0.277256,0.941564,0.941564,0.941564,2.937279,0.106670,0.202813,0.370088,0.606848,calls/second,milliseconds
1608355717,71,3.523938,0.243963,0.000512,0.256032,0.101860,0.473340,0.634855,0.686303,0.709996,0.941564,0.128163,0.030770,0.216382,0.487883,calls/second,milliseconds
1608355717,71,3.523938,0.243963,0.000512,0.256032,0.101860,0.473340,0.634855,0.686303,0.709996,0.941564,0.128162,0.030770,0.216382,0.487883,calls/second,milliseconds
