t,count,max,mean,min,stddev,p50,p75,p95,p98,p99,p999,mean_rate,m1_rate,m5_rate,m15_rate,rate_unit,duration_unit
1608498666,70,0.047623,0.001528,0.000178,0.003245,0.001047,0.001672,0.004173,0.005143,0.007095,0.047623,0.536877,0.532753,0.698666,0.760909,calls/second,milliseconds
1608498666,70,0.047623,0.001528,0.000178,0.003245,0.001047,0.001672,0.004173,0.005143,0.007095,0.047623,0.536840,0.532753,0.698666,0.760909,calls/second,milliseconds
