t,count,max,mean,min,stddev,p50,p75,p95,p98,p99,p999,mean_rate,m1_rate,m5_rate,m15_rate,rate_unit,duration_unit
1609281700,64,5.938080,0.561721,0.024208,0.527754,0.511127,0.839351,1.328824,1.490850,1.490850,5.938080,0.213240,0.056100,1.200093,2.203999,calls/second,milliseconds
1609281704,68,5.938080,0.369298,0.024208,0.396829,0.200846,0.567074,0.839351,1.328824,1.490850,5.938080,0.223376,0.056100,1.200093,2.203999,calls/second,milliseconds
1609281704,68,5.938080,0.369298,0.024208,0.396829,0.200846,0.567074,0.839351,1.328824,1.490850,5.938080,0.223370,0.056100,1.200093,2.203999,calls/second,milliseconds
