t,count,max,mean,min,stddev,p50,p75,p95,p98,p99,p999,mean_rate,m1_rate,m5_rate,m15_rate,rate_unit,duration_unit
1617633305,32,5.181191,0.439688,0.018646,0.791201,0.234130,0.342872,1.358488,3.791801,3.791801,5.181191,0.106622,0.189683,1.171223,2.179498,calls/second,milliseconds
1617633552,71,5.181191,0.693752,0.018646,0.942040,0.204954,0.920352,3.990856,3.990856,3.990856,3.990856,0.129745,0.030332,0.576221,1.690363,calls/second,milliseconds
1617633552,71,5.181191,0.693752,0.018646,0.942040,0.204954,0.920352,3.990856,3.990856,3.990856,3.990856,0.129743,0.030332,0.576221,1.690363,calls/second,milliseconds
