t,count,max,mean,min,stddev,p50,p75,p95,p98,p99,p999,mean_rate,m1_rate,m5_rate,m15_rate,rate_unit,duration_unit
1608515877,19,1.805297,0.067176,0.001246,0.211162,0.021140,0.024437,0.292423,0.398647,1.805297,1.805297,0.063335,0.034673,1.149547,2.177416,calls/second,milliseconds
1608516177,68,1.805297,0.231200,0.000646,0.236155,0.142229,0.381648,0.679197,0.685845,1.002327,1.002327,0.113335,0.269103,0.548286,1.609877,calls/second,milliseconds
1608516370,76,1.805297,0.280455,0.000646,0.292401,0.131667,0.654026,0.703968,0.703968,0.703968,1.002327,0.095796,0.033283,0.296107,1.300269,calls/second,milliseconds
1608516370,76,1.805297,0.280455,0.000646,0.292401,0.131667,0.654026,0.703968,0.703968,0.703968,1.002327,0.095795,0.033283,0.296107,1.300269,calls/second,milliseconds
