t,count,max,mean,min,stddev,p50,p75,p95,p98,p99,p999,mean_rate,m1_rate,m5_rate,m15_rate,rate_unit,duration_unit
1617627712,7,31.561671,2.475761,0.002660,2.374430,1.827409,2.976815,2.976815,2.976815,2.976815,31.561671,0.023332,0.036851,0.380565,0.722727,calls/second,milliseconds
1617628012,27,31.561671,1.827377,0.002660,3.526370,0.167339,0.786132,12.623848,12.623848,12.623848,12.623848,0.044998,0.006726,0.169634,0.534794,calls/second,milliseconds
1617628014,28,31.561671,1.604563,0.002660,2.154476,1.473186,1.473186,5.704653,9.467796,12.623848,12.623848,0.046514,0.006726,0.169634,0.534794,calls/second,milliseconds
1617628014,28,31.561671,1.604563,0.002660,2.154476,1.473186,1.473186,5.704653,9.467796,12.623848,12.623848,0.046513,0.006726,0.169634,0.534794,calls/second,milliseconds
