t,count,max,mean,min,stddev,p50,p75,p95,p98,p99,p999,mean_rate,m1_rate,m5_rate,m15_rate,rate_unit,duration_unit
1617592491,32,6.047600,0.404526,0.008920,0.501790,0.187509,0.569456,1.071675,1.432028,2.536186,6.047600,0.106620,0.169863,1.170480,2.179428,calls/second,milliseconds
1617592689,69,6.047600,0.564148,0.005160,0.737526,0.213760,0.663764,2.304569,2.304569,2.304569,2.536186,0.138677,0.047970,0.674738,1.785399,calls/second,milliseconds
1617592689,69,6.047600,0.564148,0.005160,0.737526,0.213760,0.663764,2.304569,2.304569,2.304569,2.536186,0.138675,0.047970,0.674738,1.785399,calls/second,milliseconds
