t,count,max,mean,min,stddev,p50,p75,p95,p98,p99,p999,mean_rate,m1_rate,m5_rate,m15_rate,rate_unit,duration_unit
1609240236,71,0.716705,0.172784,0.000389,0.189647,0.063669,0.337831,0.507860,0.521527,0.671711,0.716705,0.254007,0.224008,0.470873,0.654321,calls/second,milliseconds
1609240236,71,0.716705,0.172784,0.000389,0.189647,0.063669,0.337831,0.507860,0.521527,0.671711,0.716705,0.253999,0.224008,0.470873,0.654321,calls/second,milliseconds
