t,count,max,mean,min,stddev,p50,p75,p95,p98,p99,p999,mean_rate,m1_rate,m5_rate,m15_rate,rate_unit,duration_unit
1618711275,54,6.775751,0.379474,0.026077,0.497602,0.246977,0.452102,0.888346,1.897398,2.517820,3.984924,0.179933,0.456473,0.432527,0.627379,calls/second,milliseconds
1618711494,69,7.895220,1.726586,0.026077,2.003615,0.444163,3.964809,4.638971,7.895220,7.895220,7.895220,0.133042,0.026721,0.231580,0.504075,calls/second,milliseconds
1618711494,69,7.895220,1.726586,0.026077,2.003615,0.444163,3.964809,4.638971,7.895220,7.895220,7.895220,0.133040,0.026721,0.231580,0.504075,calls/second,milliseconds
