t,count,max,mean,min,stddev,p50,p75,p95,p98,p99,p999,mean_rate,m1_rate,m5_rate,m15_rate,rate_unit,duration_unit
1617583842,12,35.337514,2.868731,0.002655,5.122635,0.030088,4.019778,13.963791,13.963791,13.963791,35.337514,0.039997,0.101127,0.396350,0.728182,calls/second,milliseconds
1617584086,28,35.337514,1.433048,0.002655,2.658399,0.958754,0.958754,8.188041,11.434752,13.963791,13.963791,0.051439,0.012110,0.204289,0.571166,calls/second,milliseconds
1617584086,28,35.337514,1.433048,0.002655,2.658399,0.958754,0.958754,8.188041,11.434752,13.963791,13.963791,0.051438,0.012110,0.204289,0.571166,calls/second,milliseconds
