t,count,max,mean,min,stddev,p50,p75,p95,p98,p99,p999,mean_rate,m1_rate,m5_rate,m15_rate,rate_unit,duration_unit
1617621543,21,0.201959,0.036447,0.000773,0.040096,0.030908,0.065586,0.070493,0.201959,0.201959,0.201959,0.069994,0.070324,1.138037,2.167697,calls/second,milliseconds
1617621843,67,0.201959,0.027320,0.000773,0.025308,0.009771,0.052640,0.067404,0.067404,0.067404,0.082007,0.111662,0.036683,0.494855,1.593576,calls/second,milliseconds
1617621874,71,0.201959,0.025389,0.000773,0.023479,0.013030,0.052640,0.063560,0.067404,0.067404,0.082007,0.112645,0.070223,0.457681,1.544657,calls/second,milliseconds
1617621874,71,0.201959,0.025389,0.000773,0.023479,0.013030,0.052640,0.063560,0.067404,0.067404,0.082007,0.112643,0.070223,0.457681,1.544657,calls/second,milliseconds
