t,count,max,mean,min,stddev,p50,p75,p95,p98,p99,p999,mean_rate,m1_rate,m5_rate,m15_rate,rate_unit,duration_unit
1617655243,19,12.162865,2.281619,0.017252,1.971808,1.879653,1.879653,7.561997,7.561997,7.561997,12.162865,0.063298,0.042992,1.131899,2.165546,calls/second,milliseconds
1617655482,70,12.162865,0.771210,0.017252,1.123189,0.273216,0.743025,4.110612,4.110612,4.110612,4.110612,0.129912,0.112952,0.619549,1.713131,calls/second,milliseconds
1617655482,70,12.162865,0.771210,0.017252,1.123189,0.273216,0.743025,4.110612,4.110612,4.110612,4.110612,0.129910,0.112952,0.619549,1.713131,calls/second,milliseconds
