t,count,max,mean,min,stddev,p50,p75,p95,p98,p99,p999,mean_rate,m1_rate,m5_rate,m15_rate,rate_unit,duration_unit
1617585531,32,3.297014,0.295197,0.021800,0.294308,0.203604,0.354422,0.927708,1.088147,1.088147,3.297014,0.106616,0.185828,1.171490,2.179551,calls/second,milliseconds
1617585749,70,3.297014,0.409133,0.011982,0.406401,0.277906,0.595459,1.111195,1.166770,1.634867,1.634867,0.134987,0.054618,0.636471,1.747605,calls/second,milliseconds
1617585749,70,3.297014,0.409133,0.011982,0.406401,0.277906,0.595459,1.111195,1.166770,1.634867,1.634867,0.134985,0.054618,0.636471,1.747605,calls/second,milliseconds
