t,count,max,mean,min,stddev,p50,p75,p95,p98,p99,p999,mean_rate,m1_rate,m5_rate,m15_rate,rate_unit,duration_unit
1607896126,19,0.137565,0.087084,0.000237,0.038988,0.114436,0.114436,0.114436,0.114436,0.114436,0.137565,0.063326,0.032347,0.323591,0.589370,calls/second,milliseconds
1607896426,68,0.409152,0.042906,0.000117,0.108362,0.006185,0.016870,0.409152,0.409152,0.409152,0.409152,0.113329,0.217320,0.238753,0.471250,calls/second,milliseconds
1607896726,73,0.409152,0.114314,0.000117,0.139117,0.031648,0.341537,0.341537,0.352962,0.352962,0.409152,0.081109,0.026591,0.099360,0.342535,calls/second,milliseconds
1607896933,80,0.409152,0.026626,0.000117,0.028267,0.019390,0.047710,0.054674,0.056907,0.056907,0.341537,0.072235,0.016720,0.057740,0.275790,calls/second,milliseconds
1607896933,80,0.409152,0.026626,0.000117,0.028267,0.019390,0.047710,0.054674,0.056907,0.056907,0.341537,0.072234,0.016720,0.057740,0.275790,calls/second,milliseconds
