t,count,max,mean,min,stddev,p50,p75,p95,p98,p99,p999,mean_rate,m1_rate,m5_rate,m15_rate,rate_unit,duration_unit
1607882258,67,8.338356,0.412354,0.016395,0.785322,0.237913,0.361456,1.761967,1.761967,2.069556,8.338356,0.240704,0.233297,1.339542,2.270854,calls/second,milliseconds
1607882258,67,8.338356,0.412354,0.016395,0.785322,0.237913,0.361456,1.761967,1.761967,2.069556,8.338356,0.240695,0.233297,1.339542,2.270854,calls/second,milliseconds
