t,count,max,mean,min,stddev,p50,p75,p95,p98,p99,p999,mean_rate,m1_rate,m5_rate,m15_rate,rate_unit,duration_unit
1617610863,19,34.075993,1.081362,0.006729,4.520107,0.026849,0.096910,5.762866,24.779767,34.075993,34.075993,0.063384,0.037738,1.149983,2.177480,calls/second,milliseconds
1617611163,67,34.075993,0.691775,0.006729,1.225409,0.186326,0.845426,2.072232,4.246293,4.246293,11.647068,0.111715,0.049059,0.509496,1.603559,calls/second,milliseconds
1617611201,72,34.075993,0.997078,0.006729,0.798999,1.332071,1.382759,1.517338,1.860995,2.097939,11.647068,0.112937,0.037642,0.449042,1.534940,calls/second,milliseconds
1617611201,72,34.075993,0.997078,0.006729,0.798999,1.332071,1.382759,1.517338,1.860995,2.097939,11.647068,0.112935,0.037642,0.449042,1.534940,calls/second,milliseconds
