t,count,max,mean,min,stddev,p50,p75,p95,p98,p99,p999,mean_rate,m1_rate,m5_rate,m15_rate,rate_unit,duration_unit
1617666714,32,6.928311,0.526444,0.028638,0.778067,0.275306,0.510590,2.117143,2.117143,2.117143,6.928311,0.106620,0.218108,1.172781,2.179687,calls/second,milliseconds
1617666856,69,6.928311,0.443173,0.028638,0.800099,0.230441,0.394247,1.054087,5.116115,5.116115,5.116115,0.156241,0.144089,0.815517,1.898639,calls/second,milliseconds
1617666856,69,6.928311,0.443173,0.028638,0.800099,0.230441,0.394247,1.054087,5.116115,5.116115,5.116115,0.156239,0.144089,0.815517,1.898639,calls/second,milliseconds
