t,count,max,mean,min,stddev,p50,p75,p95,p98,p99,p999,mean_rate,m1_rate,m5_rate,m15_rate,rate_unit,duration_unit
1617610863,19,13.434126,0.774881,0.030960,1.376312,0.810697,0.810697,0.810697,3.325561,13.434126,13.434126,0.063222,0.034721,1.130975,2.165416,calls/second,milliseconds
1617611163,67,13.434126,0.319654,0.016991,0.506496,0.080890,0.250366,1.474270,1.474270,1.474270,1.474270,0.111572,0.045279,0.501181,1.594694,calls/second,milliseconds
1617611201,72,13.434126,0.158190,0.016991,0.296372,0.082019,0.141874,0.529626,1.474270,1.474270,1.474270,0.112802,0.037721,0.449136,1.534958,calls/second,milliseconds
1617611201,72,13.434126,0.158190,0.016991,0.296372,0.082019,0.141874,0.529626,1.474270,1.474270,1.474270,0.112799,0.037721,0.449136,1.534958,calls/second,milliseconds
