t,count,max,mean,min,stddev,p50,p75,p95,p98,p99,p999,mean_rate,m1_rate,m5_rate,m15_rate,rate_unit,duration_unit
1608468472,28,18.081112,1.401133,0.001561,2.106367,0.136328,2.160389,4.685063,8.447061,8.447061,18.081112,0.094903,0.050638,0.055625,0.025450,calls/second,milliseconds
1608468472,28,18.081112,1.401133,0.001561,2.106367,0.136328,2.160389,4.685063,8.447061,8.447061,18.081112,0.094899,0.050638,0.055625,0.025450,calls/second,milliseconds
