t,count,max,mean,min,stddev,p50,p75,p95,p98,p99,p999,mean_rate,m1_rate,m5_rate,m15_rate,rate_unit,duration_unit
1608491498,70,1.584120,0.099528,0.005039,0.146242,0.065753,0.101612,0.275901,0.578520,0.688635,1.584120,0.375492,0.284015,0.590897,0.717058,calls/second,milliseconds
1608491498,70,1.584120,0.099528,0.005039,0.146242,0.065753,0.101612,0.275901,0.578520,0.688635,1.584120,0.375483,0.284015,0.590897,0.717058,calls/second,milliseconds
