t,count,max,mean,min,stddev,p50,p75,p95,p98,p99,p999,mean_rate,m1_rate,m5_rate,m15_rate,rate_unit,duration_unit
1607735650,38,0.195223,0.033557,0.003357,0.038235,0.020191,0.033905,0.136023,0.159873,0.195223,0.195223,0.126652,0.259941,0.382397,0.609963,calls/second,milliseconds
1607735950,68,1.544882,0.082636,0.003357,0.175687,0.016820,0.168451,0.256157,0.256157,1.544882,1.544882,0.113326,0.022300,0.184030,0.462136,calls/second,milliseconds
1607736250,73,1.544882,0.107409,0.003357,0.138588,0.034455,0.184850,0.185580,0.185580,1.017276,1.017276,0.081108,0.016715,0.078307,0.335872,calls/second,milliseconds
1607736475,81,1.544882,0.043831,0.003357,0.039922,0.030830,0.087781,0.090485,0.147506,0.211816,0.211816,0.072018,0.023276,0.047487,0.267034,calls/second,milliseconds
1607736475,81,1.544882,0.043831,0.003357,0.039922,0.030830,0.087781,0.090485,0.147506,0.211816,0.211816,0.072017,0.023276,0.047487,0.267034,calls/second,milliseconds
