t,count,max,mean,min,stddev,p50,p75,p95,p98,p99,p999,mean_rate,m1_rate,m5_rate,m15_rate,rate_unit,duration_unit
1609993775,62,0.530559,0.012422,0.002346,0.047939,0.005431,0.008017,0.038560,0.041433,0.041433,0.530559,0.844799,0.869465,0.809630,0.802590,calls/second,milliseconds
1609993775,62,0.530559,0.012422,0.002346,0.047939,0.005431,0.008017,0.038560,0.041433,0.041433,0.530559,0.844548,0.869465,0.809630,0.802590,calls/second,milliseconds
