t,count,max,mean,min,stddev,p50,p75,p95,p98,p99,p999,mean_rate,m1_rate,m5_rate,m15_rate,rate_unit,duration_unit
1607727281,63,0.177092,0.013055,0.001096,0.018631,0.005437,0.009530,0.055187,0.072487,0.072487,0.177092,0.209975,0.119814,1.226000,2.207712,calls/second,milliseconds
1607727535,71,0.177092,0.033457,0.001096,0.039792,0.008400,0.081232,0.098373,0.098373,0.098373,0.098373,0.128051,0.012650,0.541318,1.676069,calls/second,milliseconds
1607727535,71,0.177092,0.033457,0.001096,0.039792,0.008400,0.081232,0.098373,0.098373,0.098373,0.098373,0.128048,0.012650,0.541318,1.676069,calls/second,milliseconds
