t,count,max,mean,min,stddev,p50,p75,p95,p98,p99,p999,mean_rate,m1_rate,m5_rate,m15_rate,rate_unit,duration_unit
1607882562,67,0.113453,0.010322,0.001297,0.012777,0.005903,0.009100,0.039094,0.039094,0.077060,0.077060,0.223301,0.251146,0.446620,0.638228,calls/second,milliseconds
1607882641,72,0.113453,0.020676,0.001297,0.027544,0.008692,0.023146,0.095626,0.095626,0.095626,0.095626,0.189854,0.080878,0.350770,0.588264,calls/second,milliseconds
1607882641,72,0.113453,0.020676,0.001297,0.027544,0.008692,0.023146,0.095626,0.095626,0.095626,0.095626,0.189848,0.080878,0.350770,0.588264,calls/second,milliseconds
