t,count,max,mean,min,stddev,p50,p75,p95,p98,p99,p999,mean_rate,m1_rate,m5_rate,m15_rate,rate_unit,duration_unit
1609415847,66,6.206220,0.324369,0.000376,0.764715,0.163924,0.277130,1.386881,1.386881,4.570761,6.206220,0.514876,0.384785,0.686088,0.759319,calls/second,milliseconds
1609415847,66,6.206220,0.324369,0.000376,0.764715,0.163924,0.277130,1.386881,1.386881,4.570761,6.206220,0.514785,0.384785,0.686088,0.759319,calls/second,milliseconds
