t,count,max,mean,min,stddev,p50,p75,p95,p98,p99,p999,mean_rate,m1_rate,m5_rate,m15_rate,rate_unit,duration_unit
1617618537,19,0.629422,0.368286,0.001312,0.275695,0.629422,0.629422,0.629422,0.629422,0.629422,0.629422,0.063327,0.035829,1.131123,2.165437,calls/second,milliseconds
1617618837,67,0.629422,0.014921,0.001123,0.025602,0.006680,0.013490,0.075077,0.075077,0.075077,0.078583,0.111661,0.121000,0.520910,1.597789,calls/second,milliseconds
1617618963,73,0.629422,0.019985,0.001123,0.024178,0.007728,0.044744,0.063933,0.073104,0.075077,0.075077,0.100626,0.026297,0.348666,1.392646,calls/second,milliseconds
1617618963,73,0.629422,0.019985,0.001123,0.024178,0.007728,0.044744,0.063933,0.073104,0.075077,0.075077,0.100625,0.026297,0.348666,1.392646,calls/second,milliseconds
