t,count,max,mean,min,stddev,p50,p75,p95,p98,p99,p999,mean_rate,m1_rate,m5_rate,m15_rate,rate_unit,duration_unit
1617588423,12,21.716534,2.066633,0.001402,3.270703,0.259874,2.692455,9.240784,9.240784,9.240784,21.716534,0.039997,0.113450,0.396934,0.728249,calls/second,milliseconds
1617588667,28,21.716534,1.911538,0.001402,3.146977,1.861560,1.861560,6.678269,17.796593,17.796593,17.796593,0.051420,0.014029,0.205329,0.571347,calls/second,milliseconds
1617588667,28,21.716534,1.911538,0.001402,3.146977,1.861560,1.861560,6.678269,17.796593,17.796593,17.796593,0.051420,0.014029,0.205329,0.571347,calls/second,milliseconds
