t,count,max,mean,min,stddev,p50,p75,p95,p98,p99,p999,mean_rate,m1_rate,m5_rate,m15_rate,rate_unit,duration_unit
1617666714,32,2.612120,0.429202,0.009069,0.518870,0.172532,0.579702,1.871022,1.871022,1.871022,1.871022,0.106674,0.098016,1.165601,2.182916,calls/second,milliseconds
1617666856,69,2.612120,0.347555,0.009069,0.371080,0.128407,0.573789,1.032447,1.032447,1.061130,1.871022,0.156294,0.143901,0.815480,1.898633,calls/second,milliseconds
1617666856,69,2.612120,0.347555,0.009069,0.371080,0.128407,0.573789,1.032447,1.032447,1.061130,1.871022,0.156292,0.143901,0.815480,1.898633,calls/second,milliseconds
