t,count,max,mean,min,stddev,p50,p75,p95,p98,p99,p999,mean_rate,m1_rate,m5_rate,m15_rate,rate_unit,duration_unit
1609418433,67,0.911795,0.084060,0.004592,0.164052,0.021000,0.058043,0.435922,0.911795,0.911795,0.911795,0.237467,0.206165,1.316354,2.258129,calls/second,milliseconds
1609418433,67,0.911795,0.084060,0.004592,0.164052,0.021000,0.058043,0.435922,0.911795,0.911795,0.911795,0.237458,0.206165,1.316354,2.258129,calls/second,milliseconds
