t,count,max,mean,min,stddev,p50,p75,p95,p98,p99,p999,mean_rate,m1_rate,m5_rate,m15_rate,rate_unit,duration_unit
1617580971,24,8.324970,0.534317,0.051993,0.688299,0.398689,0.652085,2.622869,2.622869,2.622869,8.324970,0.079965,0.114595,1.148051,2.171044,calls/second,milliseconds
1617581173,69,8.324970,0.365834,0.025382,0.503302,0.160017,0.398689,1.961163,1.961163,1.961163,2.622869,0.137226,0.075662,0.673963,1.777199,calls/second,milliseconds
1617581173,69,8.324970,0.365834,0.025382,0.503302,0.160017,0.398689,1.961163,1.961163,1.961163,2.622869,0.137224,0.075662,0.673963,1.777199,calls/second,milliseconds
