t,count,max,mean,min,stddev,p50,p75,p95,p98,p99,p999,mean_rate,m1_rate,m5_rate,m15_rate,rate_unit,duration_unit
1607885558,32,0.114122,0.015586,0.000970,0.025764,0.006320,0.009986,0.084773,0.084773,0.099910,0.114122,0.106658,0.179367,1.170900,2.179473,calls/second,milliseconds
1607885858,68,0.114122,0.033441,0.000756,0.024110,0.033563,0.060350,0.060350,0.060350,0.060350,0.084773,0.113320,0.020318,0.481814,1.591608,calls/second,milliseconds
1607885978,74,0.114122,0.026239,0.000756,0.027282,0.011966,0.040758,0.090990,0.090990,0.090990,0.090990,0.102858,0.016256,0.333837,1.402767,calls/second,milliseconds
1607885978,74,0.114122,0.026239,0.000756,0.027282,0.011966,0.040758,0.090990,0.090990,0.090990,0.090990,0.102857,0.016256,0.333837,1.402767,calls/second,milliseconds
