t,count,max,mean,min,stddev,p50,p75,p95,p98,p99,p999,mean_rate,m1_rate,m5_rate,m15_rate,rate_unit,duration_unit
1618781459,27,31.613403,1.968831,0.006324,4.054315,0.190752,0.682183,10.421532,13.711787,13.711787,31.613403,0.089993,0.061626,0.057554,0.025720,calls/second,milliseconds
1618781496,28,31.613403,2.486443,0.006324,3.529511,0.354116,3.795557,10.421532,13.711787,13.711787,31.613403,0.082920,0.034390,0.051216,0.024739,calls/second,milliseconds
1618781496,28,31.613403,2.486443,0.006324,3.529511,0.354116,3.795557,10.421532,13.711787,13.711787,31.613403,0.082918,0.034390,0.051216,0.024739,calls/second,milliseconds
