t,count,max,mean,min,stddev,p50,p75,p95,p98,p99,p999,mean_rate,m1_rate,m5_rate,m15_rate,rate_unit,duration_unit
1617644394,35,4.116850,0.348385,0.000970,0.671416,0.067130,0.345243,1.253371,3.130091,3.130091,3.130091,0.116673,0.181647,1.189955,2.191546,calls/second,milliseconds
1617644612,70,4.116850,0.287185,0.000970,0.464916,0.120193,0.354759,0.733078,1.253371,3.130091,4.112333,0.135159,0.049932,0.634536,1.747263,calls/second,milliseconds
1617644612,70,4.116850,0.287185,0.000970,0.464916,0.120193,0.354759,0.733078,1.253371,3.130091,4.112333,0.135156,0.049932,0.634536,1.747263,calls/second,milliseconds
