t,count,max,mean,min,stddev,p50,p75,p95,p98,p99,p999,mean_rate,m1_rate,m5_rate,m15_rate,rate_unit,duration_unit
1617568596,19,8.989916,1.030545,0.058802,1.037817,0.878553,1.013458,2.673928,3.194474,8.989916,8.989916,0.063300,0.032763,1.130687,2.165374,calls/second,milliseconds
1617568892,71,17.237941,0.745456,0.053156,1.175499,0.394795,1.312832,2.673767,2.673767,2.673767,17.237941,0.119175,0.045347,0.508407,1.603361,calls/second,milliseconds
1617568892,71,17.237941,0.745456,0.053156,1.175499,0.394795,1.312832,2.673767,2.673767,2.673767,17.237941,0.119173,0.045347,0.508407,1.603361,calls/second,milliseconds
