t,count,max,mean,min,stddev,p50,p75,p95,p98,p99,p999,mean_rate,m1_rate,m5_rate,m15_rate,rate_unit,duration_unit
1609276574,69,1.404733,0.176506,0.002250,0.231938,0.068512,0.234776,0.684078,0.980207,0.980207,1.404733,0.578687,0.655670,0.728247,0.771528,calls/second,milliseconds
1609276574,69,1.404733,0.176506,0.002250,0.231938,0.068512,0.234776,0.684078,0.980207,0.980207,1.404733,0.578653,0.655670,0.728247,0.771528,calls/second,milliseconds
