t,count,max,mean,min,stddev,p50,p75,p95,p98,p99,p999,mean_rate,m1_rate,m5_rate,m15_rate,rate_unit,duration_unit
1609279853,62,0.108728,0.002072,0.000217,0.009826,0.000880,0.001190,0.003470,0.008390,0.008390,0.108728,0.893922,0.932393,0.822447,0.806967,calls/second,milliseconds
1609279853,62,0.108728,0.002072,0.000217,0.009826,0.000880,0.001190,0.003470,0.008390,0.008390,0.108728,0.893795,0.932393,0.822447,0.806967,calls/second,milliseconds
