t,count,max,mean,min,stddev,p50,p75,p95,p98,p99,p999,mean_rate,m1_rate,m5_rate,m15_rate,rate_unit,duration_unit
1607731992,27,29.808897,2.592989,0.013106,5.251440,0.154923,0.690711,15.478862,15.478862,15.478862,29.808897,0.089993,0.162117,0.435283,0.743530,calls/second,milliseconds
1607732292,27,29.808897,2.592989,0.013106,5.251440,0.154923,0.690711,15.478862,15.478862,15.478862,29.808897,0.044998,0.001092,0.160132,0.532762,calls/second,milliseconds
1607732592,27,29.808897,2.592989,0.013106,5.251440,0.154923,0.690711,15.478862,15.478862,15.478862,29.808897,0.029999,0.000007,0.058909,0.381741,calls/second,milliseconds
1607732855,28,29.808897,2.087880,0.013106,0.026057,2.087868,2.087868,2.087868,2.087868,2.087868,2.087868,0.024071,0.000000,0.024762,0.285960,calls/second,milliseconds
1607732855,28,29.808897,2.087880,0.013106,0.026057,2.087868,2.087868,2.087868,2.087868,2.087868,2.087868,0.024071,0.000000,0.024762,0.285960,calls/second,milliseconds
