t,count,max,mean,min,stddev,p50,p75,p95,p98,p99,p999,mean_rate,m1_rate,m5_rate,m15_rate,rate_unit,duration_unit
1610083912,19,5.283351,1.158962,0.010151,1.019824,0.861565,1.081185,3.968650,3.968650,5.283351,5.283351,0.063315,0.026998,0.323342,0.589353,calls/second,milliseconds
1610084212,60,9.139187,0.673923,0.010151,1.450291,0.224781,0.674739,1.557917,9.139187,9.139187,9.139187,0.099985,0.259796,0.226915,0.464271,calls/second,milliseconds
1610084513,72,9.139187,1.942770,0.010151,1.310209,2.005032,3.155083,3.155083,3.155083,3.155083,9.139187,0.079980,0.022256,0.103329,0.343092,calls/second,milliseconds
1610084619,78,9.139187,0.553026,0.010151,0.560646,0.380696,0.901841,0.911204,3.155083,3.155083,3.155083,0.077454,0.025741,0.078827,0.307456,calls/second,milliseconds
1610084619,78,9.139187,0.553026,0.010151,0.560646,0.380696,0.901841,0.911204,3.155083,3.155083,3.155083,0.077454,0.025741,0.078827,0.307456,calls/second,milliseconds
