t,count,max,mean,min,stddev,p50,p75,p95,p98,p99,p999,mean_rate,m1_rate,m5_rate,m15_rate,rate_unit,duration_unit
1617678421,44,0.132853,0.015801,0.001230,0.021178,0.008930,0.017804,0.082857,0.082857,0.105856,0.118662,0.146654,0.352015,1.209495,2.192643,calls/second,milliseconds
1617678528,68,0.300866,0.033274,0.001230,0.063522,0.013143,0.020277,0.105856,0.300866,0.300866,0.300866,0.167277,0.161312,0.904430,1.971658,calls/second,milliseconds
1617678528,68,0.300866,0.033274,0.001230,0.063522,0.013143,0.020277,0.105856,0.300866,0.300866,0.300866,0.167273,0.161312,0.904430,1.971658,calls/second,milliseconds
