t,count,max,mean,min,stddev,p50,p75,p95,p98,p99,p999,mean_rate,m1_rate,m5_rate,m15_rate,rate_unit,duration_unit
1617635092,32,5.493710,0.315700,0.005131,0.347115,0.195529,0.464104,0.896644,0.896644,0.896644,5.493710,0.106675,0.217285,1.192140,2.191814,calls/second,milliseconds
1617635324,70,5.493710,0.285029,0.003539,0.288599,0.083966,0.511572,0.810276,0.810276,0.861545,0.896644,0.131545,0.051253,0.607581,1.719081,calls/second,milliseconds
1617635324,70,5.493710,0.285029,0.003539,0.288599,0.083966,0.511572,0.810276,0.810276,0.861545,0.896644,0.131542,0.051253,0.607581,1.719081,calls/second,milliseconds
