t,count,max,mean,min,stddev,p50,p75,p95,p98,p99,p999,mean_rate,m1_rate,m5_rate,m15_rate,rate_unit,duration_unit
1607886285,6,43.656173,4.297144,0.003330,4.835517,3.953604,3.953604,3.953604,3.953604,43.656173,43.656173,0.019999,0.016808,0.009915,0.005190,calls/second,milliseconds
1607886585,27,43.656173,1.891449,0.003330,3.747948,0.130894,0.450020,12.772188,12.772188,12.772188,12.772188,0.044995,0.006442,0.034583,0.021477,calls/second,milliseconds
1607886806,28,43.656173,1.965988,0.003330,0.542607,1.967583,1.967583,1.967583,1.967583,1.967583,12.772188,0.034108,0.000165,0.016611,0.016820,calls/second,milliseconds
1607886806,28,43.656173,1.965988,0.003330,0.542607,1.967583,1.967583,1.967583,1.967583,1.967583,12.772188,0.034107,0.000165,0.016611,0.016820,calls/second,milliseconds
