t,count,max,mean,min,stddev,p50,p75,p95,p98,p99,p999,mean_rate,m1_rate,m5_rate,m15_rate,rate_unit,duration_unit
1609298483,5,18.683912,3.743188,0.002814,7.470366,0.003975,0.022286,18.683912,18.683912,18.683912,18.683912,0.016666,0.000817,0.006609,0.004082,calls/second,milliseconds
1609298783,27,18.683912,1.547416,0.002814,2.814101,0.168261,0.423836,8.818670,8.818670,8.818670,8.818670,0.044999,0.011393,0.038303,0.022162,calls/second,milliseconds
1609299083,27,18.683912,1.547416,0.002814,2.814101,0.168261,0.423836,8.818670,8.818670,8.818670,8.818670,0.030000,0.000077,0.014091,0.015880,calls/second,milliseconds
1609299383,27,18.683912,1.547416,0.002814,2.814101,0.168261,0.423836,8.818670,8.818670,8.818670,8.818670,0.022500,0.000001,0.005184,0.011378,calls/second,milliseconds
1609299683,27,18.683912,1.547416,0.002814,2.814101,0.168261,0.423836,8.818670,8.818670,8.818670,8.818670,0.018000,0.000000,0.001907,0.008153,calls/second,milliseconds
1609299847,28,18.683912,0.959176,0.002814,0.000960,0.959176,0.959176,0.959176,0.959176,0.959176,0.959176,0.016820,0.000000,0.001119,0.006825,calls/second,milliseconds
1609299847,28,18.683912,0.959176,0.002814,0.000960,0.959176,0.959176,0.959176,0.959176,0.959176,0.959176,0.016820,0.000000,0.001119,0.006825,calls/second,milliseconds
