t,count,max,mean,min,stddev,p50,p75,p95,p98,p99,p999,mean_rate,m1_rate,m5_rate,m15_rate,rate_unit,duration_unit
1617673680,54,15.782940,0.336502,0.017044,0.537848,0.183048,0.313488,1.162458,1.986007,1.986007,1.986007,0.179133,0.409220,1.237013,2.203078,calls/second,milliseconds
1617673753,67,15.782940,0.314127,0.016686,0.438681,0.178536,0.313488,0.979702,1.496455,1.986007,1.986007,0.178955,0.183419,1.004171,2.047580,calls/second,milliseconds
1617673753,67,15.782940,0.314127,0.016686,0.438681,0.178536,0.313488,0.979702,1.496455,1.986007,1.986007,0.178952,0.183419,1.004171,2.047580,calls/second,milliseconds
