t,count,max,mean,min,stddev,p50,p75,p95,p98,p99,p999,mean_rate,m1_rate,m5_rate,m15_rate,rate_unit,duration_unit
1607724229,66,4.341692,0.240463,0.003416,0.714802,0.033766,0.093927,1.679741,4.341692,4.341692,4.341692,0.224068,0.067359,1.237684,2.226897,calls/second,milliseconds
1607724229,66,4.341692,0.240463,0.003416,0.714802,0.033766,0.093927,1.679741,4.341692,4.341692,4.341692,0.224053,0.067359,1.237684,2.226897,calls/second,milliseconds
