t,count,max,mean,min,stddev,p50,p75,p95,p98,p99,p999,mean_rate,m1_rate,m5_rate,m15_rate,rate_unit,duration_unit
1617632078,32,3.953545,0.567677,0.029780,0.690690,0.187891,0.919158,1.950593,2.546217,2.546217,3.953545,0.106625,0.175832,1.170988,2.179495,calls/second,milliseconds
1617632320,70,3.953545,0.579376,0.029780,0.521847,0.403412,1.045628,1.525613,1.525613,1.525613,2.862095,0.128964,0.037790,0.585571,1.699710,calls/second,milliseconds
1617632320,70,3.953545,0.579376,0.029780,0.521847,0.403412,1.045628,1.525613,1.525613,1.525613,2.862095,0.128961,0.037790,0.585571,1.699710,calls/second,milliseconds
