t,count,max,mean,min,stddev,p50,p75,p95,p98,p99,p999,mean_rate,m1_rate,m5_rate,m15_rate,rate_unit,duration_unit
1617659101,19,0.288565,0.124574,0.001437,0.077666,0.156689,0.156689,0.288565,0.288565,0.288565,0.288565,0.063328,0.044819,1.132063,2.165569,calls/second,milliseconds
1617659401,67,0.593229,0.070638,0.001187,0.176074,0.005717,0.010870,0.593229,0.593229,0.593229,0.593229,0.111661,0.121011,0.521291,1.597898,calls/second,milliseconds
1617659423,71,0.593229,0.056712,0.001187,0.140100,0.007934,0.040849,0.593229,0.593229,0.593229,0.593229,0.114200,0.086708,0.487672,1.562781,calls/second,milliseconds
1617659423,71,0.593229,0.056712,0.001187,0.140100,0.007934,0.040849,0.593229,0.593229,0.593229,0.593229,0.114198,0.086708,0.487672,1.562781,calls/second,milliseconds
