t,count,max,mean,min,stddev,p50,p75,p95,p98,p99,p999,mean_rate,m1_rate,m5_rate,m15_rate,rate_unit,duration_unit
1617575895,19,0.353765,0.214156,0.000603,0.153005,0.353765,0.353765,0.353765,0.353765,0.353765,0.353765,0.063328,0.039765,1.131581,2.165502,calls/second,milliseconds
1617576196,67,0.353765,0.022373,0.000603,0.040104,0.005056,0.027312,0.077223,0.083106,0.138157,0.353765,0.111651,0.078410,0.511927,1.596463,calls/second,milliseconds
1617576311,73,0.371656,0.039328,0.000603,0.081320,0.017104,0.031136,0.371656,0.371656,0.371656,0.371656,0.102004,0.028569,0.354641,1.407074,calls/second,milliseconds
1617576311,73,0.371656,0.039328,0.000603,0.081320,0.017104,0.031136,0.371656,0.371656,0.371656,0.371656,0.102003,0.028569,0.354641,1.407074,calls/second,milliseconds
