t,count,max,mean,min,stddev,p50,p75,p95,p98,p99,p999,mean_rate,m1_rate,m5_rate,m15_rate,rate_unit,duration_unit
1617677340,19,0.171023,0.062120,0.001197,0.039479,0.057803,0.057803,0.171023,0.171023,0.171023,0.171023,0.063328,0.042992,1.131899,2.165546,calls/second,milliseconds
1617677567,69,0.302606,0.031846,0.001197,0.062317,0.015540,0.022483,0.076617,0.302606,0.302606,0.302606,0.130868,0.064371,0.624955,1.729299,calls/second,milliseconds
1617677567,69,0.302606,0.031846,0.001197,0.062317,0.015540,0.022483,0.076617,0.302606,0.302606,0.302606,0.130866,0.064371,0.624955,1.729299,calls/second,milliseconds
