t,count,max,mean,min,stddev,p50,p75,p95,p98,p99,p999,mean_rate,m1_rate,m5_rate,m15_rate,rate_unit,duration_unit
1617629669,32,0.163175,0.020815,0.001583,0.032018,0.011277,0.019148,0.128456,0.128456,0.128456,0.163175,0.106656,0.198645,1.172163,2.179629,calls/second,milliseconds
1617629924,70,0.829709,0.088513,0.001583,0.090942,0.064649,0.169716,0.183474,0.306349,0.306349,0.829709,0.126104,0.077573,0.567973,1.675146,calls/second,milliseconds
1617629924,70,0.829709,0.088513,0.001583,0.090942,0.064649,0.169716,0.183474,0.306349,0.306349,0.829709,0.126102,0.077573,0.567973,1.675146,calls/second,milliseconds
