t,count,max,mean,min,stddev,p50,p75,p95,p98,p99,p999,mean_rate,m1_rate,m5_rate,m15_rate,rate_unit,duration_unit
1617663797,19,2.930869,0.135070,0.007287,0.320964,0.077430,0.077430,0.319402,0.839921,1.442668,2.930869,0.063335,0.040252,1.150286,2.177523,calls/second,milliseconds
1617664096,71,3.271127,0.845161,0.002382,1.101445,0.154982,1.735854,3.251618,3.251618,3.251618,3.271127,0.118643,0.053921,0.511366,1.603888,calls/second,milliseconds
1617664096,71,3.271127,0.845161,0.002382,1.101445,0.154982,1.735854,3.251618,3.251618,3.251618,3.271127,0.118641,0.053921,0.511366,1.603888,calls/second,milliseconds
