t,count,max,mean,min,stddev,p50,p75,p95,p98,p99,p999,mean_rate,m1_rate,m5_rate,m15_rate,rate_unit,duration_unit
1609282818,63,4.150320,0.568820,0.031605,0.621527,0.327697,1.069303,1.422627,2.258692,3.682093,4.150320,0.209943,0.055868,0.402800,0.629226,calls/second,milliseconds
1609282909,69,4.150320,0.741700,0.031605,0.719271,0.416150,1.075295,2.093603,2.093603,2.093603,3.682093,0.176355,0.029501,0.304121,0.571457,calls/second,milliseconds
1609282909,69,4.150320,0.741700,0.031605,0.719271,0.416150,1.075295,2.093603,2.093603,2.093603,3.682093,0.176351,0.029501,0.304121,0.571457,calls/second,milliseconds
