t,count,max,mean,min,stddev,p50,p75,p95,p98,p99,p999,mean_rate,m1_rate,m5_rate,m15_rate,rate_unit,duration_unit
1617102721,5,202.657656,42.166576,0.023252,80.266598,3.497861,4.623043,202.657656,202.657656,202.657656,202.657656,0.016648,0.007324,0.374062,0.720523,calls/second,milliseconds
1617103021,27,202.657656,4.430432,0.021218,8.670738,0.414335,1.624632,26.301092,36.030770,36.030770,36.030770,0.044976,0.022459,0.178446,0.536354,calls/second,milliseconds
1617103035,28,202.657656,7.127085,0.021218,7.390462,10.980244,10.980244,15.089240,26.301092,36.030770,36.030770,0.045580,0.019011,0.172596,0.530427,calls/second,milliseconds
1617103035,28,202.657656,7.127085,0.021218,7.390462,10.980244,10.980244,15.089240,26.301092,36.030770,36.030770,0.045579,0.019011,0.172596,0.530427,calls/second,milliseconds
