t,count,max,mean,min,stddev,p50,p75,p95,p98,p99,p999,mean_rate,m1_rate,m5_rate,m15_rate,rate_unit,duration_unit
1617626251,19,56.723196,2.170385,0.048870,5.791279,1.138695,1.439221,3.668476,5.151458,56.723196,56.723196,0.062971,0.035829,1.131123,2.165437,calls/second,milliseconds
1617626551,67,56.723196,1.094052,0.020222,1.439265,0.292319,1.240131,3.663971,3.663971,3.663971,3.668476,0.111346,0.033976,0.494304,1.593478,calls/second,milliseconds
1617626586,72,56.723196,0.520647,0.020222,0.810525,0.273396,0.579622,3.663971,3.663971,3.663971,3.663971,0.112938,0.032496,0.443070,1.533794,calls/second,milliseconds
1617626586,72,56.723196,0.520647,0.020222,0.810525,0.273396,0.579622,3.663971,3.663971,3.663971,3.663971,0.112936,0.032496,0.443070,1.533794,calls/second,milliseconds
