t,count,max,mean,min,stddev,p50,p75,p95,p98,p99,p999,mean_rate,m1_rate,m5_rate,m15_rate,rate_unit,duration_unit
1617577705,28,37.911793,2.622810,0.002430,7.280279,0.135032,0.979826,9.785888,37.911793,37.911793,37.911793,4.532389,5.600000,5.600000,5.600000,calls/second,milliseconds
1617577705,28,37.911793,2.622810,0.002430,7.280279,0.135032,0.979826,9.785888,37.911793,37.911793,37.911793,4.525516,5.600000,5.600000,5.600000,calls/second,milliseconds
