t,count,max,mean,min,stddev,p50,p75,p95,p98,p99,p999,mean_rate,m1_rate,m5_rate,m15_rate,rate_unit,duration_unit
1609964333,66,0.212848,0.011018,0.000098,0.014278,0.004850,0.018944,0.033547,0.052867,0.072246,0.212848,0.220815,0.086935,0.416119,0.633122,calls/second,milliseconds
1609964334,66,0.212848,0.011018,0.000098,0.014278,0.004850,0.018944,0.033547,0.052867,0.072246,0.212848,0.220800,0.086935,0.416119,0.633122,calls/second,milliseconds
