t,count,max,mean,min,stddev,p50,p75,p95,p98,p99,p999,mean_rate,m1_rate,m5_rate,m15_rate,rate_unit,duration_unit
1608503724,62,0.161423,0.024128,0.003523,0.024299,0.017249,0.029851,0.059391,0.109027,0.161423,0.161423,2.402408,1.422681,0.926313,0.842184,calls/second,milliseconds
1608503724,62,0.161423,0.024128,0.003523,0.024299,0.017249,0.029851,0.059391,0.109027,0.161423,0.161423,2.401476,1.422681,0.926313,0.842184,calls/second,milliseconds
