t,count,max,mean,min,stddev,p50,p75,p95,p98,p99,p999,mean_rate,m1_rate,m5_rate,m15_rate,rate_unit,duration_unit
1609423432,22,3.370640,0.561542,0.011351,0.506775,0.424398,0.876224,1.183424,1.183424,1.183424,3.370640,0.073335,0.038943,1.150133,2.177501,calls/second,milliseconds
1609423662,70,3.370640,0.473704,0.005354,0.578789,0.174066,0.494496,1.747908,1.747908,1.747908,1.747908,0.132044,0.104663,0.623423,1.723432,calls/second,milliseconds
1609423662,70,3.370640,0.473704,0.005354,0.578789,0.174066,0.494496,1.747908,1.747908,1.747908,1.747908,0.132042,0.104663,0.623423,1.723432,calls/second,milliseconds
