t,count,max,mean,min,stddev,p50,p75,p95,p98,p99,p999,mean_rate,m1_rate,m5_rate,m15_rate,rate_unit,duration_unit
1617590745,39,4.723875,0.286445,0.004894,0.439372,0.166170,0.388479,1.377843,1.812097,1.812097,2.513086,0.130006,0.173432,1.189384,2.191472,calls/second,milliseconds
1617590928,69,4.723875,0.306558,0.002463,0.283380,0.213803,0.463498,0.768433,0.768433,0.937522,1.812097,0.142829,0.056392,0.707864,1.815164,calls/second,milliseconds
1617590928,69,4.723875,0.306558,0.002463,0.283380,0.213803,0.463498,0.768433,0.768433,0.937522,1.812097,0.142827,0.056392,0.707864,1.815164,calls/second,milliseconds
