t,count,max,mean,min,stddev,p50,p75,p95,p98,p99,p999,mean_rate,m1_rate,m5_rate,m15_rate,rate_unit,duration_unit
1617660991,19,0.372156,0.219729,0.003774,0.155788,0.361499,0.361499,0.361499,0.361499,0.372156,0.372156,0.063328,0.032763,1.130687,2.165374,calls/second,milliseconds
1617661274,71,2.221920,0.155856,0.003774,0.500858,0.017803,0.025123,2.221920,2.221920,2.221920,2.221920,0.121669,0.101337,0.546698,1.632232,calls/second,milliseconds
1617661274,71,2.221920,0.155856,0.003774,0.500858,0.017803,0.025123,2.221920,2.221920,2.221920,2.221920,0.121668,0.101337,0.546698,1.632232,calls/second,milliseconds
