t,count,max,mean,min,stddev,p50,p75,p95,p98,p99,p999,mean_rate,m1_rate,m5_rate,m15_rate,rate_unit,duration_unit
1609995310,68,3.365412,0.393240,0.005442,0.574178,0.188493,0.391304,2.080053,2.274521,2.274521,3.365412,0.311242,0.448791,1.627378,2.427069,calls/second,milliseconds
1609995310,68,3.365412,0.393240,0.005442,0.574178,0.188493,0.391304,2.080053,2.274521,2.274521,3.365412,0.310947,0.448791,1.627378,2.427069,calls/second,milliseconds
