t,count,max,mean,min,stddev,p50,p75,p95,p98,p99,p999,mean_rate,m1_rate,m5_rate,m15_rate,rate_unit,duration_unit
1609993661,68,11.215558,0.430369,0.014984,1.329967,0.183366,0.360265,0.947907,1.532091,11.215558,11.215558,2.302191,0.749127,0.784768,0.794607,calls/second,milliseconds
1609993661,68,11.215558,0.430369,0.014984,1.329967,0.183366,0.360265,0.947907,1.532091,11.215558,11.215558,2.301214,0.749127,0.784768,0.794607,calls/second,milliseconds
