t,count,max,mean,min,stddev,p50,p75,p95,p98,p99,p999,mean_rate,m1_rate,m5_rate,m15_rate,rate_unit,duration_unit
1607885019,44,0.298730,0.015811,0.000280,0.047141,0.005445,0.007917,0.064227,0.298730,0.298730,0.298730,0.146610,0.327392,0.400935,0.616464,calls/second,milliseconds
1607885250,71,0.298730,0.010872,0.000280,0.017252,0.008793,0.009757,0.020107,0.053497,0.064227,0.298730,0.133483,0.035739,0.227041,0.498075,calls/second,milliseconds
1607885250,71,0.298730,0.010872,0.000280,0.017252,0.008793,0.009757,0.020107,0.053497,0.064227,0.298730,0.133481,0.035739,0.227041,0.498075,calls/second,milliseconds
