t,count,max,mean,min,stddev,p50,p75,p95,p98,p99,p999,mean_rate,m1_rate,m5_rate,m15_rate,rate_unit,duration_unit
1609994076,64,3.404043,0.507767,0.002380,0.674633,0.199176,0.661836,2.062912,2.395994,2.395994,3.404043,0.613262,1.186978,2.327624,2.748554,calls/second,milliseconds
1609994076,64,3.404043,0.507767,0.002380,0.674633,0.199176,0.661836,2.062912,2.395994,2.395994,3.404043,0.612568,1.186978,2.327624,2.748554,calls/second,milliseconds
