t,count,max,mean,min,stddev,p50,p75,p95,p98,p99,p999,mean_rate,m1_rate,m5_rate,m15_rate,rate_unit,duration_unit
1617574294,19,0.751158,0.457783,0.002864,0.321431,0.751158,0.751158,0.751158,0.751158,0.751158,0.751158,0.063328,0.038342,1.131426,2.165481,calls/second,milliseconds
1617574595,67,0.751158,0.048857,0.002816,0.088613,0.016653,0.030787,0.196955,0.196955,0.512066,0.751158,0.111530,0.087758,0.514462,1.596849,calls/second,milliseconds
1617574796,74,0.751158,0.063733,0.002816,0.087734,0.028280,0.081474,0.291816,0.291816,0.291816,0.512066,0.092326,0.014485,0.271216,1.281619,calls/second,milliseconds
1617574796,74,0.751158,0.063733,0.002816,0.087734,0.028280,0.081474,0.291816,0.291816,0.291816,0.512066,0.092325,0.014485,0.271216,1.281619,calls/second,milliseconds
