t,count,max,mean,min,stddev,p50,p75,p95,p98,p99,p999,mean_rate,m1_rate,m5_rate,m15_rate,rate_unit,duration_unit
1607883282,27,27.228130,3.183498,0.004617,6.042942,0.234538,2.305610,19.713577,19.713577,19.713577,27.228130,0.089991,0.142048,0.066657,0.026932,calls/second,milliseconds
1607883416,28,27.228130,2.843832,0.004617,4.519346,2.419576,2.419576,15.775673,19.713577,19.713577,19.713577,0.064523,0.016273,0.043217,0.023310,calls/second,milliseconds
1607883416,28,27.228130,2.843832,0.004617,4.519346,2.419576,2.419576,15.775673,19.713577,19.713577,19.713577,0.064521,0.016273,0.043217,0.023310,calls/second,milliseconds
