t,count,max,mean,min,stddev,p50,p75,p95,p98,p99,p999,mean_rate,m1_rate,m5_rate,m15_rate,rate_unit,duration_unit
1609326385,19,1.027949,0.039726,0.000654,0.144675,0.003748,0.003748,0.255901,0.606195,0.671782,1.027949,0.063336,0.040252,1.150286,2.177523,calls/second,milliseconds
1609326685,50,1.027949,0.167274,0.000654,0.203559,0.053610,0.305132,0.560313,0.777939,0.777939,0.777939,0.083336,0.253405,0.506855,1.591559,calls/second,milliseconds
1609326985,72,1.047911,0.089823,0.000654,0.191353,0.006126,0.007690,0.453675,0.777939,0.927211,1.047911,0.080002,0.022190,0.221969,1.160047,calls/second,milliseconds
1609327285,77,1.047911,0.007873,0.000654,0.026653,0.007227,0.007227,0.007227,0.007227,0.007227,0.453675,0.064167,0.016714,0.092264,0.835947,calls/second,milliseconds
1609327585,82,1.047911,0.005344,0.000654,0.002994,0.005886,0.005886,0.005886,0.005886,0.005886,0.007227,0.054667,0.016677,0.044548,0.603719,calls/second,milliseconds
1609327885,87,1.047911,0.004274,0.000654,0.000791,0.004072,0.004072,0.006325,0.006325,0.006325,0.006325,0.048334,0.016677,0.026994,0.437320,calls/second,milliseconds
1609328185,98,1.047911,0.003954,0.000654,0.001573,0.004013,0.004013,0.007858,0.007858,0.007858,0.007858,0.046667,0.017658,0.028467,0.322988,calls/second,milliseconds
1609328329,104,5.401135,1.412806,0.000654,2.094027,0.131567,1.107860,5.401135,5.401135,5.401135,5.401135,0.046349,0.011082,0.022646,0.276955,calls/second,milliseconds
1609328329,104,5.401135,1.412806,0.000654,2.094027,0.131567,1.107860,5.401135,5.401135,5.401135,5.401135,0.046349,0.011082,0.022646,0.276955,calls/second,milliseconds
