t,count,max,mean,min,stddev,p50,p75,p95,p98,p99,p999,mean_rate,m1_rate,m5_rate,m15_rate,rate_unit,duration_unit
1617624718,19,7.547186,1.158849,0.032840,0.701282,1.230884,1.230884,1.491180,1.491180,1.491180,7.547186,0.063308,0.038342,1.131426,2.165481,calls/second,milliseconds
1617625019,67,7.547186,0.687434,0.020287,0.978936,0.217994,0.523652,2.811515,2.811515,2.811515,2.811515,0.111626,0.071788,0.509724,1.596097,calls/second,milliseconds
1617625157,73,7.547186,0.509018,0.020287,0.542109,0.289933,0.915521,1.420924,2.617556,2.811515,2.811515,0.098857,0.018797,0.330276,1.375824,calls/second,milliseconds
1617625157,73,7.547186,0.509018,0.020287,0.542109,0.289933,0.915521,1.420924,2.617556,2.811515,2.811515,0.098856,0.018797,0.330276,1.375824,calls/second,milliseconds
