t,count,max,mean,min,stddev,p50,p75,p95,p98,p99,p999,mean_rate,m1_rate,m5_rate,m15_rate,rate_unit,duration_unit
1618781459,62,0.236140,0.019735,0.001757,0.038162,0.007882,0.011614,0.093317,0.132927,0.236140,0.236140,0.206648,0.139564,0.422100,0.631530,calls/second,milliseconds
1618781496,67,0.379479,0.056740,0.001757,0.110228,0.011770,0.034836,0.379479,0.379479,0.379479,0.379479,0.198414,0.092594,0.378870,0.608544,calls/second,milliseconds
1618781496,67,0.379479,0.056740,0.001757,0.110228,0.011770,0.034836,0.379479,0.379479,0.379479,0.379479,0.198408,0.092594,0.378870,0.608544,calls/second,milliseconds
