t,count,max,mean,min,stddev,p50,p75,p95,p98,p99,p999,mean_rate,m1_rate,m5_rate,m15_rate,rate_unit,duration_unit
1609999338,32,4.722168,0.736819,0.010092,1.216703,0.149369,0.716156,4.294326,4.294326,4.294326,4.722168,0.106672,0.206136,0.369516,0.606738,calls/second,milliseconds
1609999609,71,4.722168,0.462574,0.007667,0.523005,0.124351,0.984778,1.232074,1.232074,1.315402,4.294326,0.124326,0.030507,0.203167,0.477217,calls/second,milliseconds
1609999609,71,4.722168,0.462574,0.007667,0.523005,0.124351,0.984778,1.232074,1.232074,1.315402,4.294326,0.124324,0.030507,0.203167,0.477217,calls/second,milliseconds
