t,count,max,mean,min,stddev,p50,p75,p95,p98,p99,p999,mean_rate,m1_rate,m5_rate,m15_rate,rate_unit,duration_unit
1617658544,19,6.715531,1.276778,0.033294,1.470715,0.742489,0.890094,3.806014,6.715531,6.715531,6.715531,0.063300,0.042992,1.131899,2.165546,calls/second,milliseconds
1617658726,69,6.715531,0.765473,0.033294,1.188308,0.264150,1.067478,3.250902,6.237360,6.237360,6.237360,0.143157,0.126762,0.725043,1.817825,calls/second,milliseconds
1617658726,69,6.715531,0.765473,0.033294,1.188308,0.264150,1.067478,3.250902,6.237360,6.237360,6.237360,0.143154,0.126762,0.725043,1.817825,calls/second,milliseconds
