t,count,max,mean,min,stddev,p50,p75,p95,p98,p99,p999,mean_rate,m1_rate,m5_rate,m15_rate,rate_unit,duration_unit
1617641722,19,1.770715,0.807708,0.010967,0.476881,0.529759,1.211631,1.552761,1.552761,1.552761,1.770715,0.062937,0.031582,1.129036,2.164499,calls/second,milliseconds
1617642022,67,2.386303,0.528866,0.010967,0.470832,0.364376,0.666137,1.101456,2.386303,2.386303,2.386303,0.111317,0.040785,0.498145,1.593614,calls/second,milliseconds
1617642129,72,2.386303,0.764144,0.010967,0.779898,0.666137,1.718604,2.229259,2.229259,2.229259,2.386303,0.101523,0.049944,0.365422,1.423413,calls/second,milliseconds
1617642129,72,2.386303,0.764144,0.010967,0.779898,0.666137,1.718604,2.229259,2.229259,2.229259,2.386303,0.101522,0.049944,0.365422,1.423413,calls/second,milliseconds
