t,count,max,mean,min,stddev,p50,p75,p95,p98,p99,p999,mean_rate,m1_rate,m5_rate,m15_rate,rate_unit,duration_unit
1617566608,19,0.324588,0.148297,0.006240,0.082321,0.112216,0.215942,0.324588,0.324588,0.324588,0.324588,0.063327,0.038342,1.131426,2.165481,calls/second,milliseconds
1617566908,67,1.837066,0.351911,0.003941,0.669189,0.019277,0.206233,1.837066,1.837066,1.837066,1.837066,0.111661,0.055571,0.504634,1.595281,calls/second,milliseconds
1617567133,75,1.837066,0.086491,0.003941,0.203343,0.028683,0.096555,0.235953,1.053783,1.053783,1.837066,0.090912,0.025548,0.252310,1.253333,calls/second,milliseconds
1617567133,75,1.837066,0.086491,0.003941,0.203343,0.028683,0.096555,0.235953,1.053783,1.053783,1.837066,0.090910,0.025548,0.252310,1.253333,calls/second,milliseconds
