t,count,max,mean,min,stddev,p50,p75,p95,p98,p99,p999,mean_rate,m1_rate,m5_rate,m15_rate,rate_unit,duration_unit
1609285644,62,0.059923,0.007042,0.000385,0.008556,0.003813,0.008472,0.025212,0.038142,0.044824,0.044824,0.206655,0.196481,0.430252,0.632664,calls/second,milliseconds
1609285944,67,0.059923,0.006649,0.000385,0.005762,0.005479,0.005479,0.021796,0.021796,0.021796,0.044824,0.111663,0.014225,0.168370,0.457982,calls/second,milliseconds
1609285992,72,0.059923,0.004567,0.000385,0.004620,0.003046,0.003360,0.015401,0.015401,0.016540,0.021796,0.111107,0.017261,0.147958,0.436724,calls/second,milliseconds
1609285992,72,0.059923,0.004567,0.000385,0.004620,0.003046,0.003360,0.015401,0.015401,0.016540,0.021796,0.111106,0.017261,0.147958,0.436724,calls/second,milliseconds
