t,count,max,mean,min,stddev,p50,p75,p95,p98,p99,p999,mean_rate,m1_rate,m5_rate,m15_rate,rate_unit,duration_unit
1607886285,21,0.153990,0.036308,0.004214,0.022302,0.025367,0.063887,0.063887,0.063887,0.063887,0.153990,0.069993,0.064473,0.330443,0.591635,calls/second,milliseconds
1607886585,67,1.175528,0.460426,0.003230,0.536235,0.117153,1.175528,1.175528,1.175528,1.175528,1.175528,0.111652,0.037435,0.193064,0.463388,calls/second,milliseconds
1607886806,74,1.175528,0.053744,0.003230,0.132535,0.027363,0.037620,0.094468,0.710065,0.710065,1.175528,0.090142,0.013298,0.099930,0.365876,calls/second,milliseconds
1607886806,74,1.175528,0.053744,0.003230,0.132535,0.027363,0.037620,0.094468,0.710065,0.710065,1.175528,0.090140,0.013298,0.099930,0.365876,calls/second,milliseconds
