t,count,max,mean,min,stddev,p50,p75,p95,p98,p99,p999,mean_rate,m1_rate,m5_rate,m15_rate,rate_unit,duration_unit
1607898041,5,28.719355,5.755514,0.003168,11.481925,0.019803,0.029300,28.719355,28.719355,28.719355,28.719355,0.016665,0.000817,0.006609,0.004082,calls/second,milliseconds
1607898342,22,28.719355,2.213415,0.002064,4.331735,0.111973,0.257649,12.617674,12.617674,12.617674,12.617674,0.036656,0.150051,0.050901,0.020823,calls/second,milliseconds
1607898641,27,28.719355,1.904773,0.002064,3.701605,0.137653,0.312365,12.617674,12.617674,12.617674,12.617674,0.029999,0.001961,0.025536,0.019043,calls/second,milliseconds
1607898938,28,28.719355,2.120142,0.002064,0.175066,2.120623,2.120623,2.120623,2.120623,2.120623,2.120623,0.023408,0.000014,0.009552,0.013721,calls/second,milliseconds
1607898938,28,28.719355,2.120142,0.002064,0.175066,2.120623,2.120623,2.120623,2.120623,2.120623,2.120623,0.023408,0.000014,0.009552,0.013721,calls/second,milliseconds
