t,count,max,mean,min,stddev,p50,p75,p95,p98,p99,p999,mean_rate,m1_rate,m5_rate,m15_rate,rate_unit,duration_unit
1617625538,5,51.130500,10.258496,0.006854,20.436037,0.028817,0.112860,51.130500,51.130500,51.130500,51.130500,0.016665,0.007324,0.374062,0.720523,calls/second,milliseconds
1617625838,27,51.130500,1.864099,0.002397,3.393329,0.171024,1.176002,9.864190,10.461208,10.461208,10.461208,0.044998,0.011488,0.173214,0.535457,calls/second,milliseconds
1617625859,28,51.130500,2.186115,0.002397,2.251101,2.432232,2.432232,9.378904,9.864190,9.864190,10.461208,0.045053,0.022944,0.165294,0.524791,calls/second,milliseconds
1617625859,28,51.130500,2.186115,0.002397,2.251101,2.432232,2.432232,9.378904,9.864190,9.864190,10.461208,0.045053,0.022944,0.165294,0.524791,calls/second,milliseconds
