t,count,max,mean,min,stddev,p50,p75,p95,p98,p99,p999,mean_rate,m1_rate,m5_rate,m15_rate,rate_unit,duration_unit
1617614026,19,4.352311,0.259053,0.012131,0.364892,0.260826,0.260826,0.260826,1.089575,1.214297,4.352311,0.063335,0.048714,1.151089,2.177633,calls/second,milliseconds
1617614326,67,4.352311,0.474593,0.012131,0.412207,0.504883,0.653270,1.108328,1.631304,2.114941,2.114941,0.111670,0.061591,0.511471,1.603895,calls/second,milliseconds
1617614362,71,4.352311,0.640960,0.012131,0.546489,0.504883,1.126582,1.508821,1.508821,1.560274,2.114941,0.111605,0.031622,0.447626,1.534172,calls/second,milliseconds
1617614362,71,4.352311,0.640960,0.012131,0.546489,0.504883,1.126582,1.508821,1.508821,1.560274,2.114941,0.111603,0.031622,0.447626,1.534172,calls/second,milliseconds
