t,count,max,mean,min,stddev,p50,p75,p95,p98,p99,p999,mean_rate,m1_rate,m5_rate,m15_rate,rate_unit,duration_unit
1610007484,5,30.307874,6.082530,0.005820,12.112697,0.019132,0.072794,30.307874,30.307874,30.307874,30.307874,0.016666,0.000817,0.006609,0.004082,calls/second,milliseconds
1610007784,27,30.307874,1.722139,0.005820,3.357811,0.154956,0.364421,9.061904,14.062556,14.062556,14.062556,0.044999,0.088689,0.055991,0.024897,calls/second,milliseconds
1610008084,27,30.307874,1.722139,0.005820,3.357811,0.154956,0.364421,9.061904,14.062556,14.062556,14.062556,0.029999,0.000598,0.020598,0.017839,calls/second,milliseconds
1610008113,28,30.307874,1.785220,0.005820,0.686359,1.787970,1.787970,1.787970,1.787970,1.787970,9.061904,0.030129,0.000394,0.018951,0.017351,calls/second,milliseconds
1610008113,28,30.307874,1.785220,0.005820,0.686359,1.787970,1.787970,1.787970,1.787970,1.787970,9.061904,0.030128,0.000394,0.018951,0.017351,calls/second,milliseconds
