t,count,max,mean,min,stddev,p50,p75,p95,p98,p99,p999,mean_rate,m1_rate,m5_rate,m15_rate,rate_unit,duration_unit
1607884094,63,3.171042,0.318405,0.004142,0.396377,0.237787,0.450560,1.087448,1.784814,2.015267,2.015267,0.210007,0.392661,0.436355,0.631169,calls/second,milliseconds
1607884294,70,3.171042,0.485655,0.004142,0.510993,0.126795,1.073534,1.266939,1.266939,1.266939,2.015267,0.140016,0.033548,0.245283,0.515551,calls/second,milliseconds
1607884294,70,3.171042,0.485655,0.004142,0.510993,0.126795,1.073534,1.266939,1.266939,1.266939,2.015267,0.140013,0.033548,0.245283,0.515551,calls/second,milliseconds
