t,count,max,mean,min,stddev,p50,p75,p95,p98,p99,p999,mean_rate,m1_rate,m5_rate,m15_rate,rate_unit,duration_unit
1618833362,65,6.924092,2.597080,0.016696,3.150242,0.285663,6.924092,6.924092,6.924092,6.924092,6.924092,0.216579,0.100140,4.572059,8.794186,calls/second,milliseconds
1618833662,70,6.924092,1.070890,0.016696,1.410721,0.258413,1.254561,3.370224,3.370224,3.370224,6.924092,0.116644,0.011595,1.691724,6.305917,calls/second,milliseconds
1618833962,75,6.924092,0.278076,0.016696,0.171811,0.271810,0.271810,0.271810,0.286956,0.286956,3.370224,0.083323,0.010998,0.632109,4.522994,calls/second,milliseconds
1618834013,77,6.924092,0.266545,0.016696,0.075773,0.254996,0.280989,0.280989,0.280989,0.280989,0.286956,0.080931,0.012990,0.537961,4.279629,calls/second,milliseconds
1618834013,77,6.924092,0.266545,0.016696,0.075773,0.254996,0.280989,0.280989,0.280989,0.280989,0.286956,0.080931,0.012990,0.537961,4.279629,calls/second,milliseconds
