t,count,max,mean,min,stddev,p50,p75,p95,p98,p99,p999,mean_rate,m1_rate,m5_rate,m15_rate,rate_unit,duration_unit
1607880019,63,0.125138,0.009642,0.000661,0.017384,0.004587,0.008578,0.029860,0.077804,0.077804,0.125138,0.762753,1.365319,2.472491,2.807816,calls/second,milliseconds
1607880019,63,0.125138,0.009642,0.000661,0.017384,0.004587,0.008578,0.029860,0.077804,0.077804,0.125138,0.762604,1.365319,2.472491,2.807816,calls/second,milliseconds
