t,count,max,mean,min,stddev,p50,p75,p95,p98,p99,p999,mean_rate,m1_rate,m5_rate,m15_rate,rate_unit,duration_unit
1617664476,19,10.490445,6.752518,0.035770,4.321056,10.490445,10.490445,10.490445,10.490445,10.490445,10.490445,0.063305,0.038342,1.131426,2.165481,calls/second,milliseconds
1617664769,71,10.490445,1.285763,0.035770,2.130689,0.532511,0.903644,8.179389,8.179389,8.179389,8.179389,0.119721,0.078515,0.526063,1.613805,calls/second,milliseconds
1617664769,71,10.490445,1.285763,0.035770,2.130689,0.532511,0.903644,8.179389,8.179389,8.179389,8.179389,0.119719,0.078515,0.526063,1.613805,calls/second,milliseconds
