t,count,max,mean,min,stddev,p50,p75,p95,p98,p99,p999,mean_rate,m1_rate,m5_rate,m15_rate,rate_unit,duration_unit
1609426815,19,2.455533,0.141189,0.003297,0.354953,0.026648,0.055408,0.764895,1.012665,2.455533,2.455533,0.063336,0.020010,0.327640,0.592471,calls/second,milliseconds
1609427115,68,2.455533,0.289913,0.002280,0.365572,0.096543,0.364503,1.216678,1.287440,1.287440,1.548357,0.113336,0.054041,0.211280,0.469182,calls/second,milliseconds
1609427390,77,2.455533,0.557199,0.002280,0.586805,0.102126,1.194588,1.378751,1.378751,1.378751,1.378751,0.088000,0.081037,0.106913,0.352907,calls/second,milliseconds
1609427390,77,2.455533,0.557199,0.002280,0.586805,0.102126,1.194588,1.378751,1.378751,1.378751,1.378751,0.087998,0.081037,0.106913,0.352907,calls/second,milliseconds
