t,count,max,mean,min,stddev,p50,p75,p95,p98,p99,p999,mean_rate,m1_rate,m5_rate,m15_rate,rate_unit,duration_unit
1617657230,5,31.473138,6.314893,0.006160,12.579129,0.026482,0.044597,31.473138,31.473138,31.473138,31.473138,0.016665,0.007324,0.374062,0.720523,calls/second,milliseconds
1617657464,28,31.473138,2.274336,0.005771,3.257498,0.322856,3.381974,8.637902,8.637902,16.600300,16.600300,0.052477,0.051765,0.222243,0.579298,calls/second,milliseconds
1617657464,28,31.473138,2.274336,0.005771,3.257498,0.322856,3.381974,8.637902,8.637902,16.600300,16.600300,0.052477,0.051765,0.222243,0.579298,calls/second,milliseconds
