t,count,max,mean,min,stddev,p50,p75,p95,p98,p99,p999,mean_rate,m1_rate,m5_rate,m15_rate,rate_unit,duration_unit
1610012200,19,0.243791,0.044356,0.000153,0.063763,0.023726,0.028703,0.243791,0.243791,0.243791,0.243791,0.063327,0.044819,1.132063,2.165569,calls/second,milliseconds
1610012500,60,0.243791,0.010066,0.000153,0.015845,0.002989,0.011134,0.051557,0.058264,0.062683,0.062683,0.099996,0.319459,0.528995,1.594263,calls/second,milliseconds
1610012625,74,0.259126,0.034804,0.000153,0.073444,0.007187,0.010274,0.242942,0.259126,0.259126,0.259126,0.102023,0.128497,0.383103,1.400859,calls/second,milliseconds
1610012625,74,0.259126,0.034804,0.000153,0.073444,0.007187,0.010274,0.242942,0.259126,0.259126,0.259126,0.102022,0.128497,0.383103,1.400859,calls/second,milliseconds
