t,count,max,mean,min,stddev,p50,p75,p95,p98,p99,p999,mean_rate,m1_rate,m5_rate,m15_rate,rate_unit,duration_unit
1617578007,15,26.305063,1.772880,0.002111,4.074017,0.157140,0.783103,13.904879,13.904879,13.904879,26.305063,0.049996,0.123771,0.404925,0.731349,calls/second,milliseconds
1617578227,28,26.305063,1.696270,0.002111,2.953064,1.211652,1.211652,10.882168,12.308102,13.904879,13.904879,0.053840,0.027124,0.218722,0.584599,calls/second,milliseconds
1617578227,28,26.305063,1.696270,0.002111,2.953064,1.211652,1.211652,10.882168,12.308102,13.904879,13.904879,0.053839,0.027124,0.218722,0.584599,calls/second,milliseconds
