t,count,max,mean,min,stddev,p50,p75,p95,p98,p99,p999,mean_rate,m1_rate,m5_rate,m15_rate,rate_unit,duration_unit
1617636892,44,5.383291,0.325620,0.001596,0.436766,0.178326,0.519436,1.396084,1.593014,1.593014,1.593014,0.146674,0.323084,1.224878,2.203584,calls/second,milliseconds
1617637087,69,5.383291,0.237006,0.001596,0.261940,0.109507,0.368306,0.556264,0.980147,1.278352,1.593014,0.139334,0.096953,0.682373,1.788321,calls/second,milliseconds
1617637087,69,5.383291,0.237006,0.001596,0.261940,0.109507,0.368306,0.556264,0.980147,1.278352,1.593014,0.139331,0.096953,0.682373,1.788321,calls/second,milliseconds
