t,count,max,mean,min,stddev,p50,p75,p95,p98,p99,p999,mean_rate,m1_rate,m5_rate,m15_rate,rate_unit,duration_unit
1617677340,19,6.385172,3.962041,0.010286,2.686372,6.385172,6.385172,6.385172,6.385172,6.385172,6.385172,0.063308,0.042992,1.131899,2.165546,calls/second,milliseconds
1617677567,69,6.385172,0.757575,0.010286,0.976684,0.338659,1.052205,2.954175,2.954175,2.954175,6.385172,0.130844,0.064371,0.624955,1.729299,calls/second,milliseconds
1617677567,69,6.385172,0.757575,0.010286,0.976684,0.338659,1.052205,2.954175,2.954175,2.954175,6.385172,0.130842,0.064371,0.624955,1.729299,calls/second,milliseconds
