t,count,max,mean,min,stddev,p50,p75,p95,p98,p99,p999,mean_rate,m1_rate,m5_rate,m15_rate,rate_unit,duration_unit
1609287108,27,21.002531,1.524259,0.003136,2.908162,0.195617,0.461143,9.727596,9.727596,9.727596,21.002531,0.089986,0.167567,0.068798,0.027210,calls/second,milliseconds
1609287408,27,21.002531,1.524259,0.003136,2.908162,0.195617,0.461143,9.727596,9.727596,9.727596,21.002531,0.044999,0.001129,0.025310,0.019497,calls/second,milliseconds
1609287523,28,21.002531,1.156612,0.003136,0.425856,1.148688,1.148688,1.148688,1.148688,1.148688,9.727596,0.039162,0.000181,0.017541,0.017254,calls/second,milliseconds
1609287523,28,21.002531,1.156612,0.003136,0.425856,1.148688,1.148688,1.148688,1.148688,1.148688,9.727596,0.039161,0.000181,0.017541,0.017254,calls/second,milliseconds
