t,count,max,mean,min,stddev,p50,p75,p95,p98,p99,p999,mean_rate,m1_rate,m5_rate,m15_rate,rate_unit,duration_unit
1617670456,32,2.228660,0.415622,0.001095,0.547535,0.116546,0.486145,1.721064,1.721064,1.721064,2.228660,0.106671,0.191538,1.190434,2.191601,calls/second,milliseconds
1617670572,68,2.228660,0.246414,0.000721,0.311543,0.116546,0.322040,0.819062,1.261229,1.286742,1.721064,0.163228,0.149021,0.876756,1.950154,calls/second,milliseconds
1617670572,68,2.228660,0.246414,0.000721,0.311543,0.116546,0.322040,0.819062,1.261229,1.286742,1.721064,0.163225,0.149021,0.876756,1.950154,calls/second,milliseconds
