t,count,max,mean,min,stddev,p50,p75,p95,p98,p99,p999,mean_rate,m1_rate,m5_rate,m15_rate,rate_unit,duration_unit
1609417801,66,0.273842,0.046970,0.004225,0.066079,0.020365,0.027203,0.182216,0.246526,0.273842,0.273842,0.267751,0.259432,1.466923,2.345404,calls/second,milliseconds
1609417801,66,0.273842,0.046970,0.004225,0.066079,0.020365,0.027203,0.182216,0.246526,0.273842,0.273842,0.267216,0.259432,1.466923,2.345404,calls/second,milliseconds
