t,count,max,mean,min,stddev,p50,p75,p95,p98,p99,p999,mean_rate,m1_rate,m5_rate,m15_rate,rate_unit,duration_unit
1608506204,66,0.097730,0.005856,0.000861,0.008576,0.002855,0.004514,0.029588,0.040000,0.040000,0.040000,0.236730,0.359920,1.349686,2.271481,calls/second,milliseconds
1608506204,66,0.097730,0.005856,0.000861,0.008576,0.002855,0.004514,0.029588,0.040000,0.040000,0.040000,0.236724,0.359920,1.349686,2.271481,calls/second,milliseconds
