t,count,max,mean,min,stddev,p50,p75,p95,p98,p99,p999,mean_rate,m1_rate,m5_rate,m15_rate,rate_unit,duration_unit
1617655859,19,0.210242,0.020186,0.001149,0.026633,0.013064,0.029963,0.029963,0.097733,0.210242,0.210242,0.063325,0.033701,1.130830,2.165395,calls/second,milliseconds
1617656159,71,0.210242,0.009199,0.001149,0.011743,0.004673,0.009554,0.018751,0.048153,0.081807,0.081807,0.118361,0.090616,0.522714,1.605668,calls/second,milliseconds
1617656159,71,0.210242,0.009199,0.001149,0.011743,0.004673,0.009554,0.018751,0.048153,0.081807,0.081807,0.118360,0.090616,0.522714,1.605668,calls/second,milliseconds
1617656159,71,0.210242,0.009199,0.001149,0.011743,0.004673,0.009554,0.018751,0.048153,0.081807,0.081807,0.118327,0.147335,0.527297,1.601205,calls/second,milliseconds
