t,count,max,mean,min,stddev,p50,p75,p95,p98,p99,p999,mean_rate,m1_rate,m5_rate,m15_rate,rate_unit,duration_unit
1608468472,66,0.033897,0.008945,0.000605,0.007792,0.007162,0.008810,0.032941,0.032941,0.032941,0.033453,0.223696,0.121776,0.423727,0.634266,calls/second,milliseconds
1608468472,66,0.033897,0.008945,0.000605,0.007792,0.007162,0.008810,0.032941,0.032941,0.032941,0.033453,0.223685,0.121776,0.423727,0.634266,calls/second,milliseconds
