t,count,max,mean,min,stddev,p50,p75,p95,p98,p99,p999,mean_rate,m1_rate,m5_rate,m15_rate,rate_unit,duration_unit
1609139462,32,0.079720,0.001711,0.000027,0.003023,0.001064,0.001551,0.005430,0.005430,0.005430,0.079720,0.106660,0.176757,0.362594,0.603274,calls/second,milliseconds
1609139637,69,0.079720,0.002480,0.000027,0.001800,0.002553,0.003566,0.005789,0.005789,0.005789,0.005789,0.145204,0.058679,0.269038,0.527684,calls/second,milliseconds
1609139637,69,0.079720,0.002480,0.000027,0.001800,0.002553,0.003566,0.005789,0.005789,0.005789,0.005789,0.145202,0.058679,0.269038,0.527684,calls/second,milliseconds
