t,count,max,mean,min,stddev,p50,p75,p95,p98,p99,p999,mean_rate,m1_rate,m5_rate,m15_rate,rate_unit,duration_unit
1617591285,54,1.956196,0.298745,0.013763,0.379395,0.198867,0.338863,1.394758,1.683361,1.683361,1.956196,0.179935,0.406168,1.236216,2.202957,calls/second,milliseconds
1617591441,69,1.956196,0.407777,0.013763,0.451679,0.206949,0.720588,1.250111,1.339971,1.487672,1.873485,0.151048,0.057660,0.761439,1.865031,calls/second,milliseconds
1617591441,69,1.956196,0.407777,0.013763,0.451679,0.206949,0.720588,1.250111,1.339971,1.487672,1.873485,0.151046,0.057660,0.761439,1.865031,calls/second,milliseconds
