t,count,max,mean,min,stddev,p50,p75,p95,p98,p99,p999,mean_rate,m1_rate,m5_rate,m15_rate,rate_unit,duration_unit
1617674584,32,4.630639,0.729367,0.005520,1.279380,0.108160,1.067308,4.630639,4.630639,4.630639,4.630639,0.106675,0.089848,1.165048,2.182847,calls/second,milliseconds
1617674726,69,4.630639,0.481671,0.001590,0.799430,0.113469,0.434425,1.799224,3.442400,3.442400,4.630639,0.156150,0.142265,0.815191,1.898584,calls/second,milliseconds
1617674726,69,4.630639,0.481671,0.001590,0.799430,0.113469,0.434425,1.799224,3.442400,3.442400,4.630639,0.156147,0.142265,0.815191,1.898584,calls/second,milliseconds
