t,count,max,mean,min,stddev,p50,p75,p95,p98,p99,p999,mean_rate,m1_rate,m5_rate,m15_rate,rate_unit,duration_unit
1610005050,5,26.119590,5.234340,0.001844,10.442630,0.016843,0.030657,26.119590,26.119590,26.119590,26.119590,0.016665,0.007324,0.374062,0.720523,calls/second,milliseconds
1610005350,27,26.119590,2.546978,0.001844,5.078086,0.208476,0.307731,17.385518,17.385518,17.385518,17.385518,0.044977,0.035394,0.182374,0.536981,calls/second,milliseconds
1610005473,28,26.119590,1.295803,0.001844,2.903458,0.757550,0.757550,7.212590,11.931267,17.385518,17.385518,0.038731,0.004790,0.122249,0.469951,calls/second,milliseconds
1610005473,28,26.119590,1.295803,0.001844,2.903458,0.757550,0.757550,7.212590,11.931267,17.385518,17.385518,0.038731,0.004790,0.122249,0.469951,calls/second,milliseconds
