t,count,max,mean,min,stddev,p50,p75,p95,p98,p99,p999,mean_rate,m1_rate,m5_rate,m15_rate,rate_unit,duration_unit
1609891514,63,0.089270,0.004592,0.000088,0.006125,0.002650,0.005133,0.021433,0.023617,0.029684,0.029684,0.209984,0.463066,0.453649,0.636290,calls/second,milliseconds
1609891766,71,0.089270,0.023327,0.000088,0.017704,0.017210,0.031276,0.055813,0.055813,0.055813,0.055813,0.128770,0.018910,0.205799,0.485793,calls/second,milliseconds
1609891766,71,0.089270,0.023327,0.000088,0.017704,0.017210,0.031276,0.055813,0.055813,0.055813,0.055813,0.128767,0.018910,0.205799,0.485793,calls/second,milliseconds
