t,count,max,mean,min,stddev,p50,p75,p95,p98,p99,p999,mean_rate,m1_rate,m5_rate,m15_rate,rate_unit,duration_unit
1617589030,7,36.256010,3.102588,0.003242,3.588852,0.877549,5.279598,5.279598,5.279598,5.279598,36.256010,0.023332,0.031236,0.380299,0.722697,calls/second,milliseconds
1617589266,28,36.256010,1.448773,0.003242,1.854070,1.651006,1.651006,6.868932,7.003011,8.377263,8.377263,0.052204,0.015341,0.208858,0.574545,calls/second,milliseconds
1617589266,28,36.256010,1.448773,0.003242,1.854070,1.651006,1.651006,6.868932,7.003011,8.377263,8.377263,0.052203,0.015341,0.208858,0.574545,calls/second,milliseconds
