t,count,max,mean,min,stddev,p50,p75,p95,p98,p99,p999,mean_rate,m1_rate,m5_rate,m15_rate,rate_unit,duration_unit
1609421320,44,3.535694,0.453195,0.008128,0.540968,0.230026,0.684465,1.709985,1.874597,1.874597,1.874597,0.146669,0.177391,0.368947,0.606723,calls/second,milliseconds
1609421620,67,18.793327,0.949552,0.008083,3.175773,0.227760,0.227760,2.056193,18.793327,18.793327,18.793327,0.111667,0.030886,0.186167,0.463935,calls/second,milliseconds
1609421737,73,18.793327,0.334885,0.008083,0.856068,0.155621,0.457349,0.863077,0.863077,0.863077,18.793327,0.101780,0.026054,0.130804,0.408168,calls/second,milliseconds
1609421737,73,18.793327,0.334885,0.008083,0.856068,0.155621,0.457349,0.863077,0.863077,0.863077,18.793327,0.101778,0.026054,0.130804,0.408168,calls/second,milliseconds
