t,count,max,mean,min,stddev,p50,p75,p95,p98,p99,p999,mean_rate,m1_rate,m5_rate,m15_rate,rate_unit,duration_unit
1609993775,28,42.942342,3.197452,0.008094,7.332829,0.264931,3.093368,12.535886,42.942342,42.942342,42.942342,0.381539,0.301796,0.082885,0.029183,calls/second,milliseconds
1609993775,28,42.942342,3.197452,0.008094,7.332829,0.264931,3.093368,12.535886,42.942342,42.942342,42.942342,0.381424,0.301796,0.082885,0.029183,calls/second,milliseconds
