t,count,max,mean,min,stddev,p50,p75,p95,p98,p99,p999,mean_rate,m1_rate,m5_rate,m15_rate,rate_unit,duration_unit
1608516681,19,3.501145,0.541501,0.013266,0.412869,0.593383,0.593383,0.616170,0.616170,3.501145,3.501145,0.063318,0.019388,0.322433,0.589223,calls/second,milliseconds
1608516981,73,3.501145,0.151353,0.013266,0.140153,0.133437,0.183692,0.418152,0.571819,0.586979,0.910238,0.121652,0.386393,0.263911,0.477869,calls/second,milliseconds
1608517209,81,3.501145,0.304233,0.013266,0.240266,0.330803,0.567006,0.672039,0.672039,0.672039,0.910238,0.097805,0.024150,0.133750,0.376055,calls/second,milliseconds
1608517209,81,3.501145,0.304233,0.013266,0.240266,0.330803,0.567006,0.672039,0.672039,0.672039,0.910238,0.097803,0.024150,0.133750,0.376055,calls/second,milliseconds
