t,count,max,mean,min,stddev,p50,p75,p95,p98,p99,p999,mean_rate,m1_rate,m5_rate,m15_rate,rate_unit,duration_unit
1609279853,62,0.111562,0.005852,0.000916,0.010470,0.003690,0.006953,0.010227,0.028473,0.028473,0.111562,0.893916,0.932393,0.822447,0.806967,calls/second,milliseconds
1609279853,62,0.111562,0.005852,0.000916,0.010470,0.003690,0.006953,0.010227,0.028473,0.028473,0.111562,0.893792,0.932393,0.822447,0.806967,calls/second,milliseconds
