t,count,max,mean,min,stddev,p50,p75,p95,p98,p99,p999,mean_rate,m1_rate,m5_rate,m15_rate,rate_unit,duration_unit
1609326385,5,16.441331,3.295108,0.002202,6.573115,0.007674,0.021693,16.441331,16.441331,16.441331,16.441331,0.016666,0.007324,0.374062,0.720523,calls/second,milliseconds
1609326685,17,16.441331,1.297120,0.002202,2.271078,0.269083,0.608735,6.238640,6.238640,6.238640,6.238640,0.028333,0.100877,0.171910,0.528932,calls/second,milliseconds
1609326985,27,16.441331,1.816836,0.002202,3.552438,0.169168,0.310247,8.049020,12.455257,12.455257,12.455257,0.030000,0.002766,0.076987,0.387262,calls/second,milliseconds
1609327285,27,16.441331,1.816836,0.002202,3.552438,0.169168,0.310247,8.049020,12.455257,12.455257,12.455257,0.022500,0.000019,0.028322,0.277485,calls/second,milliseconds
1609327585,27,16.441331,1.816836,0.002202,3.552438,0.169168,0.310247,8.049020,12.455257,12.455257,12.455257,0.018000,0.000000,0.010419,0.198827,calls/second,milliseconds
1609327885,27,16.441331,1.816836,0.002202,3.552438,0.169168,0.310247,8.049020,12.455257,12.455257,12.455257,0.015000,0.000000,0.003833,0.142466,calls/second,milliseconds
1609328185,27,16.441331,1.816836,0.002202,3.552438,0.169168,0.310247,8.049020,12.455257,12.455257,12.455257,0.012857,0.000000,0.001410,0.102081,calls/second,milliseconds
1609328329,28,16.441331,1.690152,0.002202,0.000078,1.690152,1.690152,1.690152,1.690152,1.690152,1.690152,0.012478,0.000000,0.000884,0.087375,calls/second,milliseconds
1609328329,28,16.441331,1.690152,0.002202,0.000078,1.690152,1.690152,1.690152,1.690152,1.690152,1.690152,0.012478,0.000000,0.000884,0.087375,calls/second,milliseconds
