t,count,max,mean,min,stddev,p50,p75,p95,p98,p99,p999,mean_rate,m1_rate,m5_rate,m15_rate,rate_unit,duration_unit
1609964333,66,3.724225,0.724169,0.001076,1.027953,0.211423,0.978938,3.183685,3.183685,3.724225,3.724225,0.220841,0.086935,0.416119,0.633122,calls/second,milliseconds
1609964334,66,3.724225,0.724169,0.001076,1.027953,0.211423,0.978938,3.183685,3.183685,3.724225,3.724225,0.220826,0.086935,0.416119,0.633122,calls/second,milliseconds
