t,count,max,mean,min,stddev,p50,p75,p95,p98,p99,p999,mean_rate,m1_rate,m5_rate,m15_rate,rate_unit,duration_unit
1617591799,5,31.033155,6.217335,0.002728,12.407913,0.015482,0.027371,31.033155,31.033155,31.033155,31.033155,0.016666,0.007324,0.374062,0.720523,calls/second,milliseconds
1617592099,27,31.033155,1.765071,0.002728,3.498415,0.171795,0.515423,11.649987,11.649987,11.649987,11.649987,0.044998,0.013183,0.174121,0.535614,calls/second,milliseconds
1617592115,28,31.033155,1.839208,0.002728,2.369614,1.901959,1.901959,9.477573,11.649987,11.649987,11.649987,0.045425,0.010267,0.165629,0.526761,calls/second,milliseconds
1617592115,28,31.033155,1.839208,0.002728,2.369614,1.901959,1.901959,9.477573,11.649987,11.649987,11.649987,0.045425,0.010267,0.165629,0.526761,calls/second,milliseconds
