t,count,max,mean,min,stddev,p50,p75,p95,p98,p99,p999,mean_rate,m1_rate,m5_rate,m15_rate,rate_unit,duration_unit
1614784468,17,31.411433,2.274278,0.007320,4.327736,0.123226,0.900642,11.665543,11.665543,11.665543,31.411433,0.056662,0.155131,0.411529,0.733565,calls/second,milliseconds
1614784768,27,31.411433,1.778468,0.007320,3.647499,0.137124,0.498919,10.710315,11.665543,11.665543,11.665543,0.044998,0.002846,0.164841,0.533831,calls/second,milliseconds
1614785068,27,31.411433,1.778468,0.007320,3.647499,0.137124,0.498919,10.710315,11.665543,11.665543,11.665543,0.029999,0.000019,0.060641,0.382507,calls/second,milliseconds
1614785368,28,31.411433,2.604931,0.007320,0.193832,2.607157,2.607157,2.607157,2.607157,2.607157,2.607157,0.023333,0.000127,0.023566,0.274881,calls/second,milliseconds
1614785668,28,31.411433,2.604931,0.007320,0.193832,2.607157,2.607157,2.607157,2.607157,2.607157,2.607157,0.018666,0.000001,0.008669,0.196961,calls/second,milliseconds
1614785968,28,31.411433,2.604931,0.007320,0.193832,2.607157,2.607157,2.607157,2.607157,2.607157,2.607157,0.015555,0.000000,0.003189,0.141129,calls/second,milliseconds
1614786268,28,31.411433,2.604931,0.007320,0.193832,2.607157,2.607157,2.607157,2.607157,2.607157,2.607157,0.013333,0.000000,0.001173,0.101123,calls/second,milliseconds
1614786568,28,31.411433,2.604931,0.007320,0.193832,2.607157,2.607157,2.607157,2.607157,2.607157,2.607157,0.011667,0.000000,0.000432,0.072458,calls/second,milliseconds
1614786868,28,31.411433,2.604931,0.007320,0.193832,2.607157,2.607157,2.607157,2.607157,2.607157,2.607157,0.010370,0.000000,0.000159,0.051918,calls/second,milliseconds
1614787168,28,31.411433,2.604931,0.007320,0.193832,2.607157,2.607157,2.607157,2.607157,2.607157,2.607157,0.009333,0.000000,0.000058,0.037201,calls/second,milliseconds
1614787468,28,31.411433,2.604931,0.007320,0.193832,2.607157,2.607157,2.607157,2.607157,2.607157,2.607157,0.008485,0.000000,0.000021,0.026656,calls/second,milliseconds
1614787768,28,31.411433,2.604931,0.007320,0.193832,2.607157,2.607157,2.607157,2.607157,2.607157,2.607157,0.007778,0.000000,0.000008,0.019100,calls/second,milliseconds
1614787889,28,31.411433,2.604931,0.007320,0.193832,2.607157,2.607157,2.607157,2.607157,2.607157,2.607157,0.007524,0.000000,0.000005,0.016716,calls/second,milliseconds
1614787889,28,31.411433,2.604931,0.007320,0.193832,2.607157,2.607157,2.607157,2.607157,2.607157,2.607157,0.007524,0.000000,0.000005,0.016716,calls/second,milliseconds
