t,count,max,mean,min,stddev,p50,p75,p95,p98,p99,p999,mean_rate,m1_rate,m5_rate,m15_rate,rate_unit,duration_unit
1609995310,68,5.158176,0.305227,0.020281,0.383546,0.183282,0.327524,1.188583,1.228528,1.716887,5.158176,0.311044,0.449395,1.627425,2.427075,calls/second,milliseconds
1609995310,68,5.158176,0.305227,0.020281,0.383546,0.183282,0.327524,1.188583,1.228528,1.716887,5.158176,0.310750,0.449395,1.627425,2.427075,calls/second,milliseconds
