t,count,max,mean,min,stddev,p50,p75,p95,p98,p99,p999,mean_rate,m1_rate,m5_rate,m15_rate,rate_unit,duration_unit
1609727701,19,0.091043,0.010474,0.000990,0.011142,0.007076,0.013720,0.015829,0.037474,0.091043,0.091043,0.063327,0.018450,0.322290,0.589202,calls/second,milliseconds
1609728001,72,0.393376,0.011401,0.000221,0.033187,0.003065,0.010307,0.055747,0.057711,0.057711,0.393376,0.119995,0.063731,0.218764,0.470815,calls/second,milliseconds
1609728265,81,0.393376,0.023942,0.000221,0.021676,0.009673,0.026619,0.064254,0.064254,0.064254,0.064254,0.093770,0.022106,0.103107,0.357502,calls/second,milliseconds
1609728265,81,0.393376,0.023942,0.000221,0.021676,0.009673,0.026619,0.064254,0.064254,0.064254,0.064254,0.093769,0.022106,0.103107,0.357502,calls/second,milliseconds
