t,count,max,mean,min,stddev,p50,p75,p95,p98,p99,p999,mean_rate,m1_rate,m5_rate,m15_rate,rate_unit,duration_unit
1617678421,17,22.231070,1.791200,0.002606,3.267842,0.097224,0.716969,8.883142,8.883142,8.883142,22.231070,0.056663,0.155862,0.411538,0.733566,calls/second,milliseconds
1617678528,28,22.231070,1.889277,0.002606,3.030313,0.206873,2.263262,10.173239,10.173239,10.173239,10.173239,0.068879,0.075223,0.315974,0.663010,calls/second,milliseconds
1617678528,28,22.231070,1.889277,0.002606,3.030313,0.206873,2.263262,10.173239,10.173239,10.173239,10.173239,0.068878,0.075223,0.315974,0.663010,calls/second,milliseconds
