t,count,max,mean,min,stddev,p50,p75,p95,p98,p99,p999,mean_rate,m1_rate,m5_rate,m15_rate,rate_unit,duration_unit
1617594157,32,4.446359,0.316132,0.004320,0.466552,0.131696,0.251270,1.478127,1.478127,1.478127,4.446359,0.106624,0.190653,1.171185,2.179489,calls/second,milliseconds
1617594355,70,4.446359,0.421702,0.003345,0.444299,0.224790,0.820969,1.006498,1.804146,1.804146,1.804146,0.140652,0.062168,0.679101,1.786683,calls/second,milliseconds
1617594355,70,4.446359,0.421702,0.003345,0.444299,0.224790,0.820969,1.006498,1.804146,1.804146,1.804146,0.140650,0.062168,0.679101,1.786683,calls/second,milliseconds
