t,count,max,mean,min,stddev,p50,p75,p95,p98,p99,p999,mean_rate,m1_rate,m5_rate,m15_rate,rate_unit,duration_unit
1610006846,5,33.996142,6.815384,0.003357,13.590389,0.018089,0.050797,33.996142,33.996142,33.996142,33.996142,0.016666,0.007324,0.374062,0.720523,calls/second,milliseconds
1610007146,27,33.996142,2.547577,0.003357,4.816294,0.206967,0.555256,13.271220,13.332513,13.332513,13.332513,0.044999,0.067066,0.188138,0.537823,calls/second,milliseconds
1610007172,28,33.996142,2.213925,0.003357,4.246194,0.297463,1.146175,13.271220,13.271220,13.332513,13.332513,0.044693,0.044212,0.173095,0.523089,calls/second,milliseconds
1610007172,28,33.996142,2.213925,0.003357,4.246194,0.297463,1.146175,13.271220,13.271220,13.332513,13.332513,0.044692,0.044212,0.173095,0.523089,calls/second,milliseconds
