t,count,max,mean,min,stddev,p50,p75,p95,p98,p99,p999,mean_rate,m1_rate,m5_rate,m15_rate,rate_unit,duration_unit
1607890904,19,0.204437,0.081313,0.002275,0.047628,0.084163,0.097669,0.204437,0.204437,0.204437,0.204437,0.063325,0.019388,0.322433,0.589223,calls/second,milliseconds
1607891204,68,0.204437,0.024484,0.001333,0.031226,0.011472,0.029944,0.081673,0.144946,0.172111,0.172111,0.113327,0.063621,0.212637,0.467385,calls/second,milliseconds
1607891443,76,0.204437,0.065528,0.001333,0.052820,0.070880,0.117363,0.135465,0.137451,0.137451,0.137451,0.090546,0.014017,0.105939,0.363824,calls/second,milliseconds
1607891443,76,0.204437,0.065528,0.001333,0.052820,0.070880,0.117363,0.135465,0.137451,0.137451,0.137451,0.090545,0.014017,0.105939,0.363824,calls/second,milliseconds
