t,count,max,mean,min,stddev,p50,p75,p95,p98,p99,p999,mean_rate,m1_rate,m5_rate,m15_rate,rate_unit,duration_unit
1608108392,19,3.864023,0.933568,0.013063,0.617930,0.862945,0.980246,2.152503,2.152503,3.864023,3.864023,0.063313,0.018306,0.322050,0.589152,calls/second,milliseconds
1608108692,72,3.864023,0.308827,0.013063,0.437570,0.160200,0.341400,1.230188,1.492264,2.470906,2.470906,0.119981,0.133912,0.234716,0.473220,calls/second,milliseconds
1608108992,77,3.864023,1.715631,0.013063,0.631618,1.973528,1.973528,2.160832,2.160832,2.160832,2.470906,0.085546,0.011822,0.096105,0.343684,calls/second,milliseconds
1608109038,82,3.864023,0.604291,0.013063,0.525494,0.625843,0.995299,1.973528,1.973528,2.160832,2.160832,0.086717,0.014508,0.085660,0.327988,calls/second,milliseconds
1608109038,82,3.864023,0.604291,0.013063,0.525494,0.625843,0.995299,1.973528,1.973528,2.160832,2.160832,0.086716,0.014508,0.085660,0.327988,calls/second,milliseconds
