t,count,max,mean,min,stddev,p50,p75,p95,p98,p99,p999,mean_rate,m1_rate,m5_rate,m15_rate,rate_unit,duration_unit
1608152726,19,2.658447,0.108488,0.005510,0.352851,0.051276,0.051276,0.363213,1.029358,2.517606,2.658447,0.063336,0.029330,0.328754,0.592632,calls/second,milliseconds
1608153026,68,3.715411,0.543703,0.005510,0.687389,0.379170,0.810378,1.469169,3.715411,3.715411,3.715411,0.113336,0.091460,0.221630,0.470869,calls/second,milliseconds
1608153311,77,3.715411,0.749222,0.005510,1.071214,0.128708,1.073301,2.923727,2.923727,2.923727,2.923727,0.087010,0.010721,0.094074,0.346846,calls/second,milliseconds
1608153311,77,3.715411,0.749222,0.005510,1.071214,0.128708,1.073301,2.923727,2.923727,2.923727,2.923727,0.087008,0.010721,0.094074,0.346846,calls/second,milliseconds
