t,count,max,mean,min,stddev,p50,p75,p95,p98,p99,p999,mean_rate,m1_rate,m5_rate,m15_rate,rate_unit,duration_unit
1617667212,32,2.981075,0.302966,0.013650,0.359567,0.164495,0.417567,1.089368,1.089368,1.089368,1.346621,0.106672,0.240260,1.193250,2.191942,calls/second,milliseconds
1617667343,68,2.981075,0.458110,0.010056,0.591621,0.179479,0.525983,2.046149,2.046149,2.046423,2.046423,0.157539,0.147879,0.839419,1.918714,calls/second,milliseconds
1617667343,68,2.981075,0.458110,0.010056,0.591621,0.179479,0.525983,2.046149,2.046149,2.046423,2.046423,0.157537,0.147879,0.839419,1.918714,calls/second,milliseconds
