t,count,max,mean,min,stddev,p50,p75,p95,p98,p99,p999,mean_rate,m1_rate,m5_rate,m15_rate,rate_unit,duration_unit
1617661713,5,24.784594,4.976485,0.008351,9.904066,0.021192,0.052055,24.784594,24.784594,24.784594,24.784594,0.016665,0.007324,0.374062,0.720523,calls/second,milliseconds
1617661919,28,24.784594,1.908311,0.008030,3.245743,0.287018,2.121013,9.421189,11.354506,15.526364,15.526364,0.055339,0.049527,0.236722,0.594922,calls/second,milliseconds
1617661919,28,24.784594,1.908311,0.008030,3.245743,0.287018,2.121013,9.421189,11.354506,15.526364,15.526364,0.055338,0.049527,0.236722,0.594922,calls/second,milliseconds
