t,count,max,mean,min,stddev,p50,p75,p95,p98,p99,p999,mean_rate,m1_rate,m5_rate,m15_rate,rate_unit,duration_unit
1617669106,17,37.663259,1.727867,0.005737,3.376033,0.147750,0.898489,9.296478,9.296478,9.296478,37.663259,0.056662,0.140960,0.410802,0.733481,calls/second,milliseconds
1617669203,28,37.663259,1.664802,0.005737,2.993061,0.258063,1.282784,9.495925,9.495925,9.495925,9.495925,0.070396,0.077076,0.325268,0.670227,calls/second,milliseconds
1617669204,28,37.663259,1.664802,0.005737,2.993061,0.258063,1.282784,9.495925,9.495925,9.495925,9.495925,0.070395,0.077076,0.325268,0.670227,calls/second,milliseconds
