t,count,max,mean,min,stddev,p50,p75,p95,p98,p99,p999,mean_rate,m1_rate,m5_rate,m15_rate,rate_unit,duration_unit
1617573296,19,4.022219,0.295678,0.015710,0.401683,0.237063,0.305114,0.518726,1.154410,1.724020,4.022219,0.063338,0.041674,1.150441,2.177545,calls/second,milliseconds
1617573596,59,4.140523,0.537993,0.010927,0.826847,0.131757,0.600869,2.426973,3.348950,3.348950,4.140523,0.098334,0.227187,0.523886,1.600566,calls/second,milliseconds
1617573862,75,5.871891,0.667634,0.007859,0.694303,0.206836,1.078142,1.432395,1.432395,3.348950,5.871891,0.086582,0.015241,0.232919,1.196233,calls/second,milliseconds
1617573862,75,5.871891,0.667634,0.007859,0.694303,0.206836,1.078142,1.432395,1.432395,3.348950,5.871891,0.086581,0.015241,0.232919,1.196233,calls/second,milliseconds
