t,count,max,mean,min,stddev,p50,p75,p95,p98,p99,p999,mean_rate,m1_rate,m5_rate,m15_rate,rate_unit,duration_unit
1609433210,5,28.218059,5.663000,0.007192,11.277539,0.020477,0.051448,28.218059,28.218059,28.218059,28.218059,0.016666,0.007324,0.374062,0.720523,calls/second,milliseconds
1609433510,27,28.218059,2.551284,0.007192,4.848512,0.215920,0.257096,12.924930,12.924930,15.486940,15.486940,0.044998,0.082608,0.190077,0.538093,calls/second,milliseconds
1609433716,28,28.218059,1.609411,0.007192,2.263545,1.361992,1.361992,1.361992,12.048257,12.924930,15.486940,0.034716,0.018702,0.099281,0.429592,calls/second,milliseconds
1609433716,28,28.218059,1.609411,0.007192,2.263545,1.361992,1.361992,1.361992,12.048257,12.924930,15.486940,0.034716,0.018702,0.099281,0.429592,calls/second,milliseconds
