t,count,max,mean,min,stddev,p50,p75,p95,p98,p99,p999,mean_rate,m1_rate,m5_rate,m15_rate,rate_unit,duration_unit
1617674103,32,0.244053,0.019945,0.000177,0.053275,0.002517,0.006696,0.244053,0.244053,0.244053,0.244053,0.106654,0.178994,1.170926,2.179478,calls/second,milliseconds
1617674225,68,0.244053,0.010365,0.000177,0.025052,0.003253,0.008183,0.052348,0.083350,0.083350,0.244053,0.161099,0.143598,0.863230,1.939483,calls/second,milliseconds
1617674225,68,0.244053,0.010365,0.000177,0.025052,0.003253,0.008183,0.052348,0.083350,0.083350,0.244053,0.161095,0.143598,0.863230,1.939483,calls/second,milliseconds
