t,count,max,mean,min,stddev,p50,p75,p95,p98,p99,p999,mean_rate,m1_rate,m5_rate,m15_rate,rate_unit,duration_unit
1618833059,62,2.885098,0.325355,0.005239,0.402585,0.294795,0.474276,0.818704,1.364191,2.885098,2.885098,0.878831,0.901718,0.811255,0.802778,calls/second,milliseconds
1618833059,62,2.885098,0.325355,0.005239,0.402585,0.294795,0.474276,0.818704,1.364191,2.885098,2.885098,0.878758,0.901718,0.811255,0.802778,calls/second,milliseconds
