t,count,max,mean,min,stddev,p50,p75,p95,p98,p99,p999,mean_rate,m1_rate,m5_rate,m15_rate,rate_unit,duration_unit
1617587247,38,4.150356,0.491430,0.016940,0.668952,0.205320,0.537026,1.353200,4.106023,4.106023,4.106023,0.126617,0.256153,1.189834,2.186025,calls/second,milliseconds
1617587440,69,4.150356,0.333621,0.015216,0.406573,0.206917,0.485480,1.353725,1.353725,1.353725,4.106023,0.139671,0.051129,0.685023,1.795169,calls/second,milliseconds
1617587440,69,4.150356,0.333621,0.015216,0.406573,0.206917,0.485480,1.353725,1.353725,1.353725,4.106023,0.139669,0.051129,0.685023,1.795169,calls/second,milliseconds
