t,count,max,mean,min,stddev,p50,p75,p95,p98,p99,p999,mean_rate,m1_rate,m5_rate,m15_rate,rate_unit,duration_unit
1617577705,62,0.176943,0.014106,0.003082,0.022240,0.010135,0.013312,0.023826,0.059816,0.176943,0.176943,10.025242,12.200000,12.200000,12.200000,calls/second,milliseconds
1617577705,62,0.176943,0.014106,0.003082,0.022240,0.010135,0.013312,0.023826,0.059816,0.176943,0.176943,10.011033,12.200000,12.200000,12.200000,calls/second,milliseconds
