t,count,max,mean,min,stddev,p50,p75,p95,p98,p99,p999,mean_rate,m1_rate,m5_rate,m15_rate,rate_unit,duration_unit
1618828928,63,4.572532,0.337566,0.029594,0.548903,0.155931,0.333282,1.008737,2.318480,2.318480,4.572532,0.509532,0.491542,0.696977,0.761376,calls/second,milliseconds
1618828928,63,4.572532,0.337566,0.029594,0.548903,0.155931,0.333282,1.008737,2.318480,2.318480,4.572532,0.509481,0.491542,0.696977,0.761376,calls/second,milliseconds
