t,count,max,mean,min,stddev,p50,p75,p95,p98,p99,p999,mean_rate,m1_rate,m5_rate,m15_rate,rate_unit,duration_unit
1617587247,38,2.043302,0.464099,0.001320,0.555853,0.163719,0.628839,1.861818,1.861818,1.861818,1.861818,0.126673,0.172103,1.189519,2.191500,calls/second,milliseconds
1617587440,69,2.043302,0.283304,0.001160,0.285016,0.120419,0.468009,0.610130,0.870665,1.422924,1.861818,0.139709,0.050936,0.684914,1.795149,calls/second,milliseconds
1617587440,69,2.043302,0.283304,0.001160,0.285016,0.120419,0.468009,0.610130,0.870665,1.422924,1.861818,0.139707,0.050936,0.684914,1.795149,calls/second,milliseconds
