t,count,max,mean,min,stddev,p50,p75,p95,p98,p99,p999,mean_rate,m1_rate,m5_rate,m15_rate,rate_unit,duration_unit
1617621543,21,5.244357,0.858857,0.040883,0.506048,0.848972,1.279731,1.729590,1.729590,1.774487,5.244357,0.069970,0.070324,1.138037,2.167697,calls/second,milliseconds
1617621843,67,5.244357,0.818086,0.039160,0.754568,0.364466,1.277097,2.536402,2.536402,2.536402,2.536402,0.111643,0.036683,0.494855,1.593576,calls/second,milliseconds
1617621874,71,5.244357,0.553375,0.039160,0.587993,0.344346,1.183514,1.277097,2.536402,2.536402,2.536402,0.112626,0.070223,0.457681,1.544657,calls/second,milliseconds
1617621874,71,5.244357,0.553375,0.039160,0.587993,0.344346,1.183514,1.277097,2.536402,2.536402,2.536402,0.112625,0.070223,0.457681,1.544657,calls/second,milliseconds
