t,count,max,mean,min,stddev,p50,p75,p95,p98,p99,p999,mean_rate,m1_rate,m5_rate,m15_rate,rate_unit,duration_unit
1617584440,32,0.298086,0.053529,0.001749,0.070553,0.014790,0.091236,0.186630,0.298086,0.298086,0.298086,0.106656,0.189627,1.171996,2.179626,calls/second,milliseconds
1617584608,68,0.298086,0.035707,0.001749,0.053942,0.010074,0.024163,0.136733,0.270123,0.270123,0.298086,0.145545,0.075099,0.744609,1.845159,calls/second,milliseconds
1617584608,68,0.298086,0.035707,0.001749,0.053942,0.010074,0.024163,0.136733,0.270123,0.270123,0.298086,0.145544,0.075099,0.744609,1.845159,calls/second,milliseconds
