t,count,max,mean,min,stddev,p50,p75,p95,p98,p99,p999,mean_rate,m1_rate,m5_rate,m15_rate,rate_unit,duration_unit
1617620018,19,6.119643,1.805979,0.039976,1.525891,1.214855,2.316623,6.119643,6.119643,6.119643,6.119643,0.063306,0.034721,1.130975,2.165416,calls/second,milliseconds
1617620318,67,6.119643,0.580577,0.039976,0.661618,0.287095,0.686103,1.659222,1.816957,3.117724,3.117724,0.111643,0.044857,0.500801,1.594623,calls/second,milliseconds
1617620385,72,6.119643,0.498176,0.036823,0.639226,0.170799,0.760113,2.150286,2.150286,2.150286,3.117724,0.107906,0.022736,0.406090,1.484570,calls/second,milliseconds
1617620385,72,6.119643,0.498176,0.036823,0.639226,0.170799,0.760113,2.150286,2.150286,2.150286,3.117724,0.107905,0.022736,0.406090,1.484570,calls/second,milliseconds
