t,count,max,mean,min,stddev,p50,p75,p95,p98,p99,p999,mean_rate,m1_rate,m5_rate,m15_rate,rate_unit,duration_unit
1614340092,32,4.253459,0.446869,0.022052,0.577274,0.238852,0.494009,2.009766,2.271266,2.271266,4.253459,0.106608,0.180780,1.170942,2.179475,calls/second,milliseconds
1614340392,70,4.253459,0.604113,0.018762,0.618275,0.210037,0.779166,1.469198,2.651665,2.651665,2.997344,0.116638,0.059902,0.490255,1.594119,calls/second,milliseconds
1614340692,75,4.253459,0.291088,0.018762,0.153593,0.274866,0.277242,0.277242,0.779166,1.295452,2.651665,0.083320,0.013304,0.190444,1.146895,calls/second,milliseconds
1614340992,80,4.253459,0.849357,0.018762,0.264393,0.910844,0.910844,1.088645,1.088645,1.088645,1.088645,0.066658,0.012990,0.080149,0.826445,calls/second,milliseconds
1614341292,85,4.253459,0.348755,0.018762,0.196226,0.294656,0.294656,0.906122,0.906122,0.906122,1.088645,0.056661,0.012988,0.039574,0.596832,calls/second,milliseconds
1614341592,90,4.253459,0.276498,0.018762,0.025440,0.268890,0.279199,0.311533,0.311533,0.311533,0.906122,0.049996,0.012988,0.024647,0.432307,calls/second,milliseconds
1614341892,95,4.253459,0.291682,0.018762,0.007967,0.291213,0.291919,0.301780,0.301780,0.301780,0.311533,0.045235,0.012988,0.019156,0.314420,calls/second,milliseconds
1614342124,100,4.253459,0.320154,0.018762,0.037016,0.356220,0.356220,0.356220,0.356220,0.356220,0.356220,0.042878,0.015344,0.017986,0.247404,calls/second,milliseconds
1614342124,100,4.253459,0.320154,0.018762,0.037016,0.356220,0.356220,0.356220,0.356220,0.356220,0.356220,0.042878,0.015344,0.017986,0.247404,calls/second,milliseconds
