t,count,max,mean,min,stddev,p50,p75,p95,p98,p99,p999,mean_rate,m1_rate,m5_rate,m15_rate,rate_unit,duration_unit
1617675578,62,0.152459,0.005914,0.000170,0.011234,0.002063,0.005743,0.032656,0.045989,0.054329,0.076997,0.206649,0.443126,1.257542,2.211216,calls/second,milliseconds
1617675639,67,0.152459,0.006807,0.000170,0.010174,0.003974,0.007284,0.026040,0.042218,0.045989,0.076997,0.185534,0.169966,1.032387,2.069656,calls/second,milliseconds
1617675639,67,0.152459,0.006807,0.000170,0.010174,0.003974,0.007284,0.026040,0.042218,0.045989,0.076997,0.185531,0.169966,1.032387,2.069656,calls/second,milliseconds
