t,count,max,mean,min,stddev,p50,p75,p95,p98,p99,p999,mean_rate,m1_rate,m5_rate,m15_rate,rate_unit,duration_unit
1617676924,62,5.465110,0.329129,0.010305,0.718237,0.161280,0.223291,0.962842,3.193339,3.193339,5.465110,0.206576,0.470317,1.259220,2.211425,calls/second,milliseconds
1617676988,67,5.465110,0.479033,0.010305,0.716752,0.180176,0.435813,1.503704,3.193339,3.193339,5.465110,0.184027,0.181944,1.033904,2.069869,calls/second,milliseconds
1617676988,67,5.465110,0.479033,0.010305,0.716752,0.180176,0.435813,1.503704,3.193339,3.193339,5.465110,0.184024,0.181944,1.033904,2.069869,calls/second,milliseconds
