t,count,max,mean,min,stddev,p50,p75,p95,p98,p99,p999,mean_rate,m1_rate,m5_rate,m15_rate,rate_unit,duration_unit
1608515877,19,2.496024,0.577944,0.010401,0.322803,0.609217,0.609217,0.699892,1.140424,2.496024,2.496024,0.063319,0.031900,1.130547,2.165352,calls/second,milliseconds
1608516177,68,2.496024,0.189164,0.010401,0.157482,0.153809,0.223275,0.515729,0.527403,0.730521,0.782107,0.113321,0.247710,0.539258,1.600963,calls/second,milliseconds
1608516370,76,2.496024,0.235049,0.010401,0.169042,0.161959,0.343262,0.555303,0.561158,0.561158,0.730521,0.095787,0.033288,0.296125,1.300274,calls/second,milliseconds
1608516370,76,2.496024,0.235049,0.010401,0.169042,0.161959,0.343262,0.555303,0.561158,0.561158,0.730521,0.095786,0.033288,0.296125,1.300274,calls/second,milliseconds
