t,count,max,mean,min,stddev,p50,p75,p95,p98,p99,p999,mean_rate,m1_rate,m5_rate,m15_rate,rate_unit,duration_unit
1607881915,63,5.846370,0.428429,0.028906,0.492104,0.247992,0.415939,1.613737,1.619005,1.621411,5.846370,0.209925,0.140216,0.424269,0.632507,calls/second,milliseconds
1607881974,68,8.354763,0.965771,0.028906,2.014548,0.314517,1.113615,8.354763,8.354763,8.354763,8.354763,0.189444,0.065764,0.356191,0.596083,calls/second,milliseconds
1607881974,68,8.354763,0.965771,0.028906,2.014548,0.314517,1.113615,8.354763,8.354763,8.354763,8.354763,0.189435,0.065764,0.356191,0.596083,calls/second,milliseconds
