t,count,max,mean,min,stddev,p50,p75,p95,p98,p99,p999,mean_rate,m1_rate,m5_rate,m15_rate,rate_unit,duration_unit
1610004121,19,4.756585,0.143222,0.001420,0.474148,0.058210,0.058210,0.417796,0.901063,1.176392,4.756585,0.063336,0.031014,0.328695,0.592608,calls/second,milliseconds
1610004421,68,4.756585,0.482285,0.001031,0.708258,0.067340,0.685612,2.118860,2.503219,2.660472,3.397157,0.113289,0.086624,0.218338,0.468302,calls/second,milliseconds
1610004721,73,4.756585,0.106455,0.001031,0.215124,0.049604,0.049604,0.453241,0.453241,0.930661,2.503219,0.081113,0.023752,0.093009,0.342266,calls/second,milliseconds
1610004739,77,4.756585,0.633553,0.001031,0.672815,0.131419,1.352037,1.555284,1.555284,1.555284,1.927826,0.083867,0.017019,0.087011,0.334744,calls/second,milliseconds
1610004739,77,4.756585,0.633553,0.001031,0.672815,0.131419,1.352037,1.555284,1.555284,1.555284,1.927826,0.083865,0.017019,0.087011,0.334744,calls/second,milliseconds
