t,count,max,mean,min,stddev,p50,p75,p95,p98,p99,p999,mean_rate,m1_rate,m5_rate,m15_rate,rate_unit,duration_unit
1617653855,19,11.321704,1.695405,0.039688,1.371395,0.975925,2.710278,4.268940,4.268940,4.268940,11.321704,0.063300,0.046805,1.132229,2.165591,calls/second,milliseconds
1617654155,67,17.480694,1.102133,0.039688,1.693854,0.465275,1.864963,3.220024,3.220024,3.220024,17.480694,0.111635,0.127364,0.522464,1.598079,calls/second,milliseconds
1617654176,71,17.480694,0.827377,0.030732,1.413248,0.262817,1.221990,3.220024,3.220024,3.220024,17.480694,0.114283,0.091260,0.488768,1.562958,calls/second,milliseconds
1617654176,71,17.480694,0.827377,0.030732,1.413248,0.262817,1.221990,3.220024,3.220024,3.220024,17.480694,0.114280,0.091260,0.488768,1.562958,calls/second,milliseconds
