t,count,max,mean,min,stddev,p50,p75,p95,p98,p99,p999,mean_rate,m1_rate,m5_rate,m15_rate,rate_unit,duration_unit
1617643219,37,0.354379,0.031362,0.000859,0.071218,0.009465,0.013082,0.124610,0.354379,0.354379,0.354379,0.123324,0.252483,1.187536,2.185047,calls/second,milliseconds
1617643443,69,0.354379,0.032135,0.000859,0.044392,0.014830,0.061465,0.076121,0.105987,0.344675,0.354379,0.131781,0.036919,0.621905,1.736671,calls/second,milliseconds
1617643443,69,0.354379,0.032135,0.000859,0.044392,0.014830,0.061465,0.076121,0.105987,0.344675,0.354379,0.131778,0.036919,0.621905,1.736671,calls/second,milliseconds
