t,count,max,mean,min,stddev,p50,p75,p95,p98,p99,p999,mean_rate,m1_rate,m5_rate,m15_rate,rate_unit,duration_unit
1617639920,7,30.617731,1.187702,0.003186,2.533494,0.980438,1.020019,1.020019,1.020019,1.020019,30.617731,0.023331,0.031236,0.380299,0.722697,calls/second,milliseconds
1617640185,28,30.617731,2.549172,0.003186,2.808430,2.969062,2.969062,8.879968,12.450075,13.558784,13.558784,0.049563,0.011334,0.192702,0.558895,calls/second,milliseconds
1617640185,28,30.617731,2.549172,0.003186,2.808430,2.969062,2.969062,8.879968,12.450075,13.558784,13.558784,0.049562,0.011334,0.192702,0.558895,calls/second,milliseconds
