t,count,max,mean,min,stddev,p50,p75,p95,p98,p99,p999,mean_rate,m1_rate,m5_rate,m15_rate,rate_unit,duration_unit
1608506204,28,16.641091,1.398461,0.004798,2.388032,0.207925,1.118505,7.048610,7.553657,7.553657,16.641091,0.100432,0.171263,0.468397,0.763904,calls/second,milliseconds
1608506204,28,16.641091,1.398461,0.004798,2.388032,0.207925,1.118505,7.048610,7.553657,7.553657,16.641091,0.100429,0.171263,0.468397,0.763904,calls/second,milliseconds
