t,count,max,mean,min,stddev,p50,p75,p95,p98,p99,p999,mean_rate,m1_rate,m5_rate,m15_rate,rate_unit,duration_unit
1610258873,19,0.838343,0.045258,0.001154,0.129015,0.010084,0.015577,0.138676,0.593268,0.838343,0.838343,0.063335,0.023385,0.328150,0.592549,calls/second,milliseconds
1610259173,67,2.956025,0.330087,0.000642,0.529637,0.087650,0.452048,1.705140,1.912677,2.461432,2.956025,0.111670,0.106253,0.223644,0.470513,calls/second,milliseconds
1610259288,73,2.956025,0.469680,0.000642,0.587249,0.099554,0.716667,1.561919,1.561919,1.705140,2.956025,0.102193,0.030050,0.157964,0.416160,calls/second,milliseconds
1610259288,73,2.956025,0.469680,0.000642,0.587249,0.099554,0.716667,1.561919,1.561919,1.705140,2.956025,0.102192,0.030050,0.157964,0.416160,calls/second,milliseconds
