t,count,max,mean,min,stddev,p50,p75,p95,p98,p99,p999,mean_rate,m1_rate,m5_rate,m15_rate,rate_unit,duration_unit
1609281123,68,43.884159,2.039163,0.002708,5.968296,0.726508,1.340249,11.852837,22.790570,43.884159,43.884159,5.465086,4.047751,3.692560,3.631025,calls/second,milliseconds
1609281123,68,43.884159,2.039163,0.002708,5.968296,0.726508,1.340249,11.852837,22.790570,43.884159,43.884159,5.458285,4.047751,3.692560,3.631025,calls/second,milliseconds
