t,count,max,mean,min,stddev,p50,p75,p95,p98,p99,p999,mean_rate,m1_rate,m5_rate,m15_rate,rate_unit,duration_unit
1609416662,64,3.831043,0.607078,0.005514,0.929503,0.172315,0.538972,3.078875,3.078875,3.078875,3.831043,0.336250,0.242021,0.567016,0.707159,calls/second,milliseconds
1609416662,64,3.831043,0.607078,0.005514,0.929503,0.172315,0.538972,3.078875,3.078875,3.078875,3.831043,0.336212,0.242021,0.567016,0.707159,calls/second,milliseconds
