t,count,max,mean,min,stddev,p50,p75,p95,p98,p99,p999,mean_rate,m1_rate,m5_rate,m15_rate,rate_unit,duration_unit
1617636892,44,0.369589,0.011006,0.000343,0.026918,0.004245,0.008687,0.024091,0.172507,0.172507,0.172507,0.146653,0.313243,1.207938,2.192484,calls/second,milliseconds
1617637087,69,0.369589,0.012739,0.000343,0.018100,0.004500,0.009840,0.046757,0.063803,0.063803,0.172507,0.139322,0.096953,0.682373,1.788321,calls/second,milliseconds
1617637087,69,0.369589,0.012739,0.000343,0.018100,0.004500,0.009840,0.046757,0.063803,0.063803,0.172507,0.139319,0.096953,0.682373,1.788321,calls/second,milliseconds
