t,count,max,mean,min,stddev,p50,p75,p95,p98,p99,p999,mean_rate,m1_rate,m5_rate,m15_rate,rate_unit,duration_unit
1609429481,5,24.854885,4.980724,0.002165,9.937083,0.013509,0.025420,24.854885,24.854885,24.854885,24.854885,0.016666,0.007324,0.374062,0.720523,calls/second,milliseconds
1609429781,27,24.854885,2.929112,0.002165,5.701505,0.159842,0.353495,16.971279,16.971279,16.971279,16.971279,0.044993,0.036857,0.182424,0.536980,calls/second,milliseconds
1609429970,28,24.854885,1.446065,0.002165,2.230489,1.200900,1.200900,1.200900,11.291151,16.971279,16.971279,0.035510,0.001688,0.098461,0.437206,calls/second,milliseconds
1609429970,28,24.854885,1.446065,0.002165,2.230489,1.200900,1.200900,1.200900,11.291151,16.971279,16.971279,0.035509,0.001688,0.098461,0.437206,calls/second,milliseconds
