t,count,max,mean,min,stddev,p50,p75,p95,p98,p99,p999,mean_rate,m1_rate,m5_rate,m15_rate,rate_unit,duration_unit
1617584440,32,3.933366,0.512371,0.011394,0.654005,0.288941,0.511443,1.993949,2.037210,3.545264,3.933366,0.106623,0.189627,1.171996,2.179626,calls/second,milliseconds
1617584608,68,3.933366,0.394219,0.011394,0.553812,0.230086,0.506532,1.495198,3.236078,3.236078,3.545264,0.145516,0.075099,0.744609,1.845159,calls/second,milliseconds
1617584608,68,3.933366,0.394219,0.011394,0.553812,0.230086,0.506532,1.495198,3.236078,3.236078,3.545264,0.145514,0.075099,0.744609,1.845159,calls/second,milliseconds
