t,count,max,mean,min,stddev,p50,p75,p95,p98,p99,p999,mean_rate,m1_rate,m5_rate,m15_rate,rate_unit,duration_unit
1618604701,19,8.182423,0.306637,0.012691,1.106260,0.030847,0.095850,1.622618,2.201346,8.182423,8.182423,0.063333,0.019544,0.322677,0.589273,calls/second,milliseconds
1618605001,67,8.182423,0.455973,0.002862,0.782332,0.082517,0.656512,2.544616,3.596566,3.596566,3.938566,0.111665,0.033122,0.198474,0.464431,calls/second,milliseconds
1618605069,72,8.182423,1.524628,0.002862,1.680905,0.311271,3.017901,4.188742,4.188742,4.188742,4.188742,0.107779,0.018160,0.162609,0.433120,calls/second,milliseconds
1618605069,72,8.182423,1.524628,0.002862,1.680905,0.311271,3.017901,4.188742,4.188742,4.188742,4.188742,0.107775,0.018160,0.162609,0.433120,calls/second,milliseconds
