t,count,max,mean,min,stddev,p50,p75,p95,p98,p99,p999,mean_rate,m1_rate,m5_rate,m15_rate,rate_unit,duration_unit
1617654557,19,4.940874,0.132337,0.005232,0.551662,0.022365,0.026660,0.549594,1.729263,2.490876,4.940874,0.063337,0.041674,1.150441,2.177545,calls/second,milliseconds
1617654857,67,4.940874,0.367287,0.003922,0.444920,0.184770,0.532486,1.137698,2.099274,2.122202,2.170683,0.111670,0.102387,0.525082,1.606052,calls/second,milliseconds
1617654865,71,4.940874,0.475941,0.003922,0.492118,0.228879,0.924028,1.339010,1.633987,2.122202,2.170683,0.116718,0.086669,0.507868,1.588306,calls/second,milliseconds
1617654865,71,4.940874,0.475941,0.003922,0.492118,0.228879,0.924028,1.339010,1.633987,2.122202,2.170683,0.116717,0.086669,0.507868,1.588306,calls/second,milliseconds
