t,count,max,mean,min,stddev,p50,p75,p95,p98,p99,p999,mean_rate,m1_rate,m5_rate,m15_rate,rate_unit,duration_unit
1607887115,21,4.023060,1.173656,0.031563,1.029524,1.056288,1.343267,3.125665,3.125665,3.125665,4.023060,0.069972,0.064146,1.137477,2.167620,calls/second,milliseconds
1607887415,68,4.023060,0.621732,0.025508,0.582017,0.414244,0.910214,1.779754,1.864671,1.864671,3.125665,0.113311,0.029976,0.493451,1.593900,calls/second,milliseconds
1607887442,73,4.023060,0.538330,0.025508,0.560780,0.136663,1.025885,1.401504,1.779754,1.779754,1.864671,0.116378,0.034474,0.457248,1.551336,calls/second,milliseconds
1607887442,73,4.023060,0.538330,0.025508,0.560780,0.136663,1.025885,1.401504,1.779754,1.779754,1.864671,0.116376,0.034474,0.457248,1.551336,calls/second,milliseconds
