t,count,max,mean,min,stddev,p50,p75,p95,p98,p99,p999,mean_rate,m1_rate,m5_rate,m15_rate,rate_unit,duration_unit
1610010270,19,3.247324,0.183196,0.004167,0.413648,0.070656,0.125554,0.984648,1.489694,3.247324,3.247324,0.063337,0.034673,1.149547,2.177416,calls/second,milliseconds
1610010570,68,3.247324,0.294191,0.004167,0.345163,0.170114,0.386347,0.935331,1.359958,1.359958,1.372561,0.113337,0.284037,0.538634,1.605196,calls/second,milliseconds
1610010750,75,3.247324,0.466265,0.004167,0.472647,0.113294,1.045343,1.146594,1.146594,1.206731,1.372561,0.096116,0.074576,0.316561,1.317732,calls/second,milliseconds
1610010750,75,3.247324,0.466265,0.004167,0.472647,0.113294,1.045343,1.146594,1.146594,1.206731,1.372561,0.096115,0.074576,0.316561,1.317732,calls/second,milliseconds
