t,count,max,mean,min,stddev,p50,p75,p95,p98,p99,p999,mean_rate,m1_rate,m5_rate,m15_rate,rate_unit,duration_unit
1610145868,19,2.154697,0.089969,0.002229,0.257064,0.040689,0.040689,0.238473,0.993915,2.154697,2.154697,0.063336,0.027363,0.328131,0.592514,calls/second,milliseconds
1610146168,67,3.580847,0.317953,0.002229,0.426330,0.186763,0.457507,1.186151,1.294192,1.294192,3.580847,0.111669,0.290649,0.246026,0.473567,calls/second,milliseconds
1610146395,75,3.580847,0.415400,0.002229,0.498866,0.128409,0.798683,1.305961,1.305961,1.305961,1.305961,0.090726,0.029137,0.124170,0.370771,calls/second,milliseconds
1610146395,75,3.580847,0.415400,0.002229,0.498866,0.128409,0.798683,1.305961,1.305961,1.305961,1.305961,0.090725,0.029137,0.124170,0.370771,calls/second,milliseconds
