t,count,max,mean,min,stddev,p50,p75,p95,p98,p99,p999,mean_rate,m1_rate,m5_rate,m15_rate,rate_unit,duration_unit
1607727281,63,6.760005,0.766905,0.025267,1.396716,0.257608,0.474439,5.288489,5.288489,5.288489,6.760005,0.209885,0.119814,1.226000,2.207712,calls/second,milliseconds
1607727535,71,6.760005,0.969871,0.025267,0.938803,0.876168,1.783167,2.373526,2.373526,2.451656,5.288489,0.128022,0.012650,0.541318,1.676069,calls/second,milliseconds
1607727535,71,6.760005,0.969871,0.025267,0.938803,0.876168,1.783167,2.373526,2.373526,2.451656,5.288489,0.128019,0.012650,0.541318,1.676069,calls/second,milliseconds
