t,count,max,mean,min,stddev,p50,p75,p95,p98,p99,p999,mean_rate,m1_rate,m5_rate,m15_rate,rate_unit,duration_unit
1608502906,72,1.071351,0.065247,0.000921,0.124025,0.035658,0.035658,0.295304,0.460990,0.511546,1.071351,0.240009,0.106036,4.434415,8.416159,calls/second,milliseconds
1608503206,77,1.071351,0.025802,0.000921,0.021472,0.016087,0.034568,0.045628,0.045628,0.045628,0.291205,0.128336,0.010762,1.640927,6.035023,calls/second,milliseconds
1608503506,82,1.071351,0.011868,0.000921,0.004001,0.013629,0.013629,0.016087,0.017120,0.017120,0.045628,0.091112,0.010120,0.613260,4.328864,calls/second,milliseconds
1608503638,85,1.071351,0.112381,0.000921,0.101796,0.032871,0.230148,0.230148,0.230148,0.230148,0.230148,0.082334,0.021414,0.398990,3.728968,calls/second,milliseconds
1608503638,85,1.071351,0.112381,0.000921,0.101796,0.032871,0.230148,0.230148,0.230148,0.230148,0.230148,0.082334,0.021414,0.398990,3.728968,calls/second,milliseconds
