t,count,max,mean,min,stddev,p50,p75,p95,p98,p99,p999,mean_rate,m1_rate,m5_rate,m15_rate,rate_unit,duration_unit
1607736783,36,3.665761,0.389093,0.010619,0.631804,0.069643,0.607379,1.667484,2.703725,2.703725,2.703725,0.120007,0.182887,1.189898,2.191532,calls/second,milliseconds
1607737083,68,3.665761,0.842001,0.010619,0.657135,0.513599,1.611204,1.611204,1.611204,1.611204,2.703725,0.113335,0.020510,0.489013,1.600291,calls/second,milliseconds
1607737383,73,3.665761,0.210146,0.010619,0.165142,0.176610,0.176610,0.532816,0.532816,0.532816,1.611204,0.081112,0.014160,0.190156,1.151343,calls/second,milliseconds
1607737683,78,3.665761,0.172337,0.010619,0.021976,0.180068,0.180068,0.180068,0.180068,0.180068,0.532816,0.065001,0.014117,0.080213,0.829658,calls/second,milliseconds
1607737983,83,3.665761,0.157484,0.010619,0.006984,0.153053,0.163723,0.164243,0.180068,0.187424,0.187424,0.055334,0.014117,0.039767,0.599160,calls/second,milliseconds
1607738236,91,3.665761,0.801095,0.010619,0.719061,0.436486,1.180424,1.981740,1.981740,1.981740,1.981740,0.051908,0.010994,0.025498,0.455133,calls/second,milliseconds
1607738237,91,3.665761,0.801095,0.010619,0.719061,0.436486,1.180424,1.981740,1.981740,1.981740,1.981740,0.051908,0.010994,0.025498,0.455133,calls/second,milliseconds
