t,count,max,mean,min,stddev,p50,p75,p95,p98,p99,p999,mean_rate,m1_rate,m5_rate,m15_rate,rate_unit,duration_unit
1617612274,19,19.353920,1.360003,0.031886,1.725654,1.355907,1.355907,1.488403,1.488403,1.636122,19.353920,0.063298,0.038342,1.131426,2.165481,calls/second,milliseconds
1617612574,67,19.353920,0.452948,0.031886,0.407889,0.302125,0.688320,1.204946,1.546167,2.303733,2.303733,0.111636,0.133370,0.522977,1.598101,calls/second,milliseconds
1617612707,73,19.353920,0.621403,0.031886,0.557173,0.410086,1.005844,1.400635,2.071063,2.071063,2.303733,0.099554,0.027485,0.344419,1.385224,calls/second,milliseconds
1617612707,73,19.353920,0.621403,0.031886,0.557173,0.410086,1.005844,1.400635,2.071063,2.071063,2.303733,0.099552,0.027485,0.344419,1.385224,calls/second,milliseconds
