t,count,max,mean,min,stddev,p50,p75,p95,p98,p99,p999,mean_rate,m1_rate,m5_rate,m15_rate,rate_unit,duration_unit
1617623158,19,0.386326,0.088700,0.001603,0.096108,0.060170,0.069893,0.386326,0.386326,0.386326,0.386326,0.063330,0.046805,1.132229,2.165591,calls/second,milliseconds
1617623458,67,0.386326,0.038761,0.001603,0.047043,0.006348,0.093137,0.100022,0.100022,0.237966,0.237966,0.111663,0.065168,0.505898,1.595493,calls/second,milliseconds
1617623551,72,0.386326,0.030237,0.001603,0.030704,0.023707,0.052290,0.093137,0.100022,0.100022,0.237966,0.103870,0.024240,0.377770,1.444733,calls/second,milliseconds
1617623551,72,0.386326,0.030237,0.001603,0.030704,0.023707,0.052290,0.093137,0.100022,0.100022,0.237966,0.103869,0.024240,0.377770,1.444733,calls/second,milliseconds
