t,count,max,mean,min,stddev,p50,p75,p95,p98,p99,p999,mean_rate,m1_rate,m5_rate,m15_rate,rate_unit,duration_unit
1607889231,19,0.102116,0.053443,0.000691,0.025350,0.071263,0.071263,0.076567,0.076567,0.102116,0.102116,0.063328,0.020263,0.322338,0.589195,calls/second,milliseconds
1607889531,68,0.247323,0.034167,0.000207,0.045415,0.009317,0.059993,0.082318,0.207246,0.207246,0.247323,0.113270,0.041252,0.203529,0.465858,calls/second,milliseconds
1607889759,76,0.384204,0.050649,0.000207,0.081212,0.024347,0.059993,0.087773,0.384204,0.384204,0.384204,0.091791,0.017342,0.105379,0.366722,calls/second,milliseconds
1607889759,76,0.384204,0.050649,0.000207,0.081212,0.024347,0.059993,0.087773,0.384204,0.384204,0.384204,0.091699,0.017342,0.105379,0.366722,calls/second,milliseconds
