t,count,max,mean,min,stddev,p50,p75,p95,p98,p99,p999,mean_rate,m1_rate,m5_rate,m15_rate,rate_unit,duration_unit
1617612274,19,3.332056,0.194704,0.023257,0.371731,0.091313,0.137404,0.553625,1.002806,2.078799,3.332056,0.063336,0.041674,1.150441,2.177545,calls/second,milliseconds
1617612574,67,3.332056,0.569108,0.017098,0.573314,0.306355,0.879152,1.615060,1.660907,1.878091,2.159802,0.111670,0.144961,0.531766,1.607004,calls/second,milliseconds
1617612707,73,3.332056,0.939373,0.017098,0.934586,0.319907,1.957350,2.418162,2.418162,2.418162,2.418162,0.099578,0.027485,0.344419,1.385224,calls/second,milliseconds
1617612707,73,3.332056,0.939373,0.017098,0.934586,0.319907,1.957350,2.418162,2.418162,2.418162,2.418162,0.099576,0.027485,0.344419,1.385224,calls/second,milliseconds
