t,count,max,mean,min,stddev,p50,p75,p95,p98,p99,p999,mean_rate,m1_rate,m5_rate,m15_rate,rate_unit,duration_unit
1617627712,24,3.202125,0.515177,0.040477,0.406204,0.288073,0.757745,1.179734,1.344706,1.633016,3.202125,0.079961,0.106292,1.147033,2.170898,calls/second,milliseconds
1617628012,67,3.202125,1.012051,0.026425,1.110538,0.319936,1.667397,2.818768,2.818768,2.818768,2.818768,0.111640,0.024597,0.488011,1.592300,calls/second,milliseconds
1617628014,71,3.202125,0.523333,0.026425,0.737509,0.314379,0.653236,2.818768,2.818768,2.818768,2.818768,0.117922,0.024597,0.488011,1.592300,calls/second,milliseconds
1617628014,71,3.202125,0.523333,0.026425,0.737509,0.314379,0.653236,2.818768,2.818768,2.818768,2.818768,0.117920,0.024597,0.488011,1.592300,calls/second,milliseconds
