t,count,max,mean,min,stddev,p50,p75,p95,p98,p99,p999,mean_rate,m1_rate,m5_rate,m15_rate,rate_unit,duration_unit
1607887115,21,2.533727,0.682159,0.004591,0.528272,0.744668,1.291858,1.291858,1.291858,1.291858,2.533727,0.070006,0.069720,1.156594,2.179696,calls/second,milliseconds
1607887415,68,2.533727,0.321294,0.004424,0.318157,0.332722,0.419311,0.939729,1.481637,1.481637,1.549081,0.113338,0.032553,0.501719,1.602775,calls/second,milliseconds
1607887442,73,2.533727,0.340432,0.004424,0.320690,0.116238,0.599405,0.839003,0.839003,1.291858,1.549081,0.116405,0.034457,0.457225,1.551332,calls/second,milliseconds
1607887442,73,2.533727,0.340432,0.004424,0.320690,0.116238,0.599405,0.839003,0.839003,1.291858,1.549081,0.116403,0.034457,0.457225,1.551332,calls/second,milliseconds
