t,count,max,mean,min,stddev,p50,p75,p95,p98,p99,p999,mean_rate,m1_rate,m5_rate,m15_rate,rate_unit,duration_unit
1617590143,24,9.827771,0.384342,0.004686,0.537032,0.403932,0.478211,0.881566,0.881566,0.881566,9.827771,0.080006,0.105419,1.165969,2.182959,calls/second,milliseconds
1617590385,70,9.827771,0.295372,0.003048,0.319581,0.180620,0.380283,0.713776,0.886102,1.067142,2.112447,0.129164,0.041211,0.590109,1.700528,calls/second,milliseconds
1617590385,70,9.827771,0.295372,0.003048,0.319581,0.180620,0.380283,0.713776,0.886102,1.067142,2.112447,0.129162,0.041211,0.590109,1.700528,calls/second,milliseconds
