t,count,max,mean,min,stddev,p50,p75,p95,p98,p99,p999,mean_rate,m1_rate,m5_rate,m15_rate,rate_unit,duration_unit
1607895332,19,4.407939,1.350399,0.018329,0.643574,1.293204,1.662653,2.125406,2.125406,2.125406,4.407939,0.063308,0.037033,1.131273,2.165459,calls/second,milliseconds
1607895632,68,4.407939,0.392638,0.018329,0.465934,0.264502,0.383146,1.817232,1.817232,2.159432,2.159432,0.113311,0.195253,0.533422,1.600220,calls/second,milliseconds
1607895814,75,4.407939,0.418749,0.018329,0.607484,0.157479,0.639741,1.817232,2.936099,2.936099,2.936099,0.095867,0.024301,0.300193,1.313162,calls/second,milliseconds
1607895814,75,4.407939,0.418749,0.018329,0.607484,0.157479,0.639741,1.817232,2.936099,2.936099,2.936099,0.095866,0.024301,0.300193,1.313162,calls/second,milliseconds
