t,count,max,mean,min,stddev,p50,p75,p95,p98,p99,p999,mean_rate,m1_rate,m5_rate,m15_rate,rate_unit,duration_unit
1617585531,12,34.948037,1.031724,0.001598,2.179149,0.022164,1.867277,4.248279,4.248279,4.248279,34.948037,0.039996,0.089059,0.395768,0.728115,calls/second,milliseconds
1617585749,28,34.948037,1.433197,0.001598,1.986924,1.477807,1.477807,6.366687,9.154999,9.154999,9.154999,0.054007,0.015555,0.220769,0.587039,calls/second,milliseconds
1617585749,28,34.948037,1.433197,0.001598,1.986924,1.477807,1.477807,6.366687,9.154999,9.154999,9.154999,0.054006,0.015555,0.220769,0.587039,calls/second,milliseconds
