t,count,max,mean,min,stddev,p50,p75,p95,p98,p99,p999,mean_rate,m1_rate,m5_rate,m15_rate,rate_unit,duration_unit
1609438310,19,3.081302,0.124134,0.000900,0.424359,0.020623,0.050516,0.386199,1.068956,3.081302,3.081302,0.063331,0.017587,0.322149,0.589181,calls/second,milliseconds
1609438610,51,3.081302,0.274178,0.000900,0.343220,0.057270,0.512056,0.865988,0.870979,1.493497,1.493497,0.085000,0.236498,0.207081,0.457548,calls/second,milliseconds
1609438910,73,3.081302,0.362957,0.000900,0.363525,0.480296,0.480296,1.087528,1.493497,1.926997,1.926997,0.081111,0.015940,0.109175,0.346481,calls/second,milliseconds
1609439210,78,3.081302,0.077134,0.000900,0.065110,0.060594,0.103270,0.103270,0.103270,0.369962,0.866359,0.065000,0.011028,0.049921,0.252871,calls/second,milliseconds
1609439269,83,3.081302,0.627861,0.000900,0.627082,0.149866,1.354701,1.357594,1.357594,1.357594,1.357594,0.065957,0.011007,0.043670,0.237611,calls/second,milliseconds
1609439269,83,3.081302,0.627861,0.000900,0.627082,0.149866,1.354701,1.357594,1.357594,1.357594,1.357594,0.065957,0.011007,0.043670,0.237611,calls/second,milliseconds
