t,count,max,mean,min,stddev,p50,p75,p95,p98,p99,p999,mean_rate,m1_rate,m5_rate,m15_rate,rate_unit,duration_unit
1617663797,19,5.990741,1.412653,0.028671,0.724925,1.528301,1.528301,2.512239,2.512239,2.512239,5.990741,0.063304,0.037033,1.131273,2.165459,calls/second,milliseconds
1617664096,71,5.990741,1.110368,0.028671,1.517200,0.329806,1.745115,4.663768,4.663768,4.663768,4.663768,0.118613,0.053921,0.511366,1.603888,calls/second,milliseconds
1617664096,71,5.990741,1.110368,0.028671,1.517200,0.329806,1.745115,4.663768,4.663768,4.663768,4.663768,0.118611,0.053921,0.511366,1.603888,calls/second,milliseconds
