t,count,max,mean,min,stddev,p50,p75,p95,p98,p99,p999,mean_rate,m1_rate,m5_rate,m15_rate,rate_unit,duration_unit
1618828928,63,0.155310,0.014382,0.001435,0.023534,0.006883,0.012764,0.077357,0.101650,0.101650,0.155310,0.509823,0.490886,0.696930,0.761370,calls/second,milliseconds
1618828928,63,0.155310,0.014382,0.001435,0.023534,0.006883,0.012764,0.077357,0.101650,0.101650,0.155310,0.509773,0.490886,0.696930,0.761370,calls/second,milliseconds
