t,count,max,mean,min,stddev,p50,p75,p95,p98,p99,p999,mean_rate,m1_rate,m5_rate,m15_rate,rate_unit,duration_unit
1617576692,19,1.933902,0.126631,0.011534,0.163483,0.092710,0.092710,0.255764,0.424796,0.521636,1.933902,0.063334,0.033491,1.147896,2.176541,calls/second,milliseconds
1617576992,67,1.933902,0.279053,0.011534,0.265332,0.235760,0.265559,0.901659,1.218017,1.293683,1.670843,0.111667,0.030703,0.500721,1.601508,calls/second,milliseconds
1617577010,71,1.933902,0.490751,0.011534,0.484729,0.235760,0.986068,1.323834,1.323834,1.323834,1.670843,0.115037,0.034453,0.471573,1.567401,calls/second,milliseconds
1617577010,71,1.933902,0.490751,0.011534,0.484729,0.235760,0.986068,1.323834,1.323834,1.323834,1.670843,0.115036,0.034453,0.471573,1.567401,calls/second,milliseconds
