t,count,max,mean,min,stddev,p50,p75,p95,p98,p99,p999,mean_rate,m1_rate,m5_rate,m15_rate,rate_unit,duration_unit
1608505851,27,18.322704,1.443454,0.005206,3.082131,0.184637,0.514549,5.352881,14.581877,14.581877,18.322704,0.089918,0.190016,0.070532,0.027425,calls/second,milliseconds
1608505919,28,18.322704,1.367038,0.005206,2.788352,0.246362,1.028757,5.352881,14.581877,14.581877,18.322704,0.076152,0.064314,0.056792,0.025515,calls/second,milliseconds
1608505919,28,18.322704,1.367038,0.005206,2.788352,0.246362,1.028757,5.352881,14.581877,14.581877,18.322704,0.076150,0.064314,0.056792,0.025515,calls/second,milliseconds
