t,count,max,mean,min,stddev,p50,p75,p95,p98,p99,p999,mean_rate,m1_rate,m5_rate,m15_rate,rate_unit,duration_unit
1617623158,19,0.404229,0.106221,0.004937,0.097850,0.074400,0.095660,0.404229,0.404229,0.404229,0.404229,0.063330,0.046805,1.132229,2.165591,calls/second,milliseconds
1617623458,67,0.404229,0.077419,0.004937,0.083758,0.017488,0.189519,0.194880,0.194880,0.274771,0.274771,0.111663,0.065168,0.505898,1.595493,calls/second,milliseconds
1617623551,72,0.404229,0.060952,0.004937,0.059615,0.042973,0.101777,0.189519,0.190708,0.194880,0.274771,0.103870,0.024240,0.377770,1.444733,calls/second,milliseconds
1617623551,72,0.404229,0.060952,0.004937,0.059615,0.042973,0.101777,0.189519,0.190708,0.194880,0.274771,0.103869,0.024240,0.377770,1.444733,calls/second,milliseconds
