t,count,max,mean,min,stddev,p50,p75,p95,p98,p99,p999,mean_rate,m1_rate,m5_rate,m15_rate,rate_unit,duration_unit
1617576692,19,0.110082,0.058534,0.001139,0.023581,0.056477,0.056769,0.106379,0.106379,0.106379,0.110082,0.062894,0.031582,1.129036,2.164499,calls/second,milliseconds
1617576992,67,0.378253,0.047552,0.001139,0.044550,0.052936,0.088816,0.088816,0.088816,0.096404,0.378253,0.111278,0.029512,0.493090,1.592757,calls/second,milliseconds
1617577010,71,0.378253,0.020944,0.001139,0.034971,0.003814,0.006412,0.088816,0.088816,0.088816,0.378253,0.114647,0.036520,0.472239,1.567527,calls/second,milliseconds
1617577010,71,0.378253,0.020944,0.001139,0.034971,0.003814,0.006412,0.088816,0.088816,0.088816,0.378253,0.114646,0.036520,0.472239,1.567527,calls/second,milliseconds
