t,count,max,mean,min,stddev,p50,p75,p95,p98,p99,p999,mean_rate,m1_rate,m5_rate,m15_rate,rate_unit,duration_unit
1609292757,32,0.142359,0.006452,0.000305,0.009508,0.002035,0.006737,0.025038,0.026738,0.026738,0.031610,0.106654,0.225553,1.173438,2.179775,calls/second,milliseconds
1609293057,68,0.142359,0.026541,0.000305,0.018621,0.035648,0.045410,0.045410,0.045410,0.045410,0.045410,0.113328,0.024698,0.485189,1.592299,calls/second,milliseconds
1609293357,73,0.142359,0.038750,0.000305,0.006846,0.035136,0.038726,0.049677,0.049677,0.049677,0.049677,0.081108,0.016731,0.189097,1.145669,calls/second,milliseconds
1609293657,78,0.142359,0.026845,0.000305,0.005297,0.022821,0.031690,0.035136,0.038991,0.038991,0.049677,0.064998,0.016678,0.080171,0.825644,calls/second,milliseconds
1609293957,83,0.142359,0.027426,0.000305,0.000801,0.027804,0.027804,0.027804,0.027804,0.027804,0.033643,0.055332,0.016677,0.040099,0.596337,calls/second,milliseconds
1609293977,87,0.142359,0.015287,0.000305,0.012195,0.016798,0.027804,0.030627,0.030627,0.030627,0.030627,0.057250,0.012988,0.038143,0.586480,calls/second,milliseconds
1609293977,87,0.142359,0.015287,0.000305,0.012195,0.016798,0.027804,0.030627,0.030627,0.030627,0.030627,0.057250,0.012988,0.038143,0.586480,calls/second,milliseconds
