t,count,max,mean,min,stddev,p50,p75,p95,p98,p99,p999,mean_rate,m1_rate,m5_rate,m15_rate,rate_unit,duration_unit
1608062755,19,0.130802,0.032859,0.001686,0.015948,0.038406,0.038406,0.049572,0.049572,0.130802,0.130802,0.063327,0.020263,0.322338,0.589195,calls/second,milliseconds
1608063055,72,0.155743,0.017896,0.000825,0.027757,0.008322,0.019785,0.056517,0.155743,0.155743,0.155743,0.119995,0.327751,0.256719,0.476236,calls/second,milliseconds
1608063355,77,1.470822,0.384944,0.000825,0.588044,0.040155,0.991701,1.470822,1.470822,1.470822,1.470822,0.085553,0.015109,0.104530,0.345897,calls/second,milliseconds
1608063510,84,1.620324,0.346745,0.000825,0.622013,0.063496,0.100667,1.620324,1.620324,1.620324,1.620324,0.079626,0.021588,0.071359,0.295875,calls/second,milliseconds
1608063510,84,1.620324,0.346745,0.000825,0.622013,0.063496,0.100667,1.620324,1.620324,1.620324,1.620324,0.079625,0.021588,0.071359,0.295875,calls/second,milliseconds
