t,count,max,mean,min,stddev,p50,p75,p95,p98,p99,p999,mean_rate,m1_rate,m5_rate,m15_rate,rate_unit,duration_unit
1607895332,19,0.406292,0.119267,0.000237,0.150028,0.049765,0.065456,0.406292,0.406292,0.406292,0.406292,0.063328,0.037033,1.131273,2.165459,calls/second,milliseconds
1607895632,68,0.406292,0.014746,0.000097,0.031546,0.003707,0.011810,0.056924,0.066097,0.066097,0.278391,0.113328,0.195253,0.533422,1.600220,calls/second,milliseconds
1607895814,75,0.406292,0.035828,0.000097,0.075449,0.009146,0.048637,0.063990,0.378192,0.378192,0.378192,0.095879,0.024301,0.300193,1.313162,calls/second,milliseconds
1607895814,75,0.406292,0.035828,0.000097,0.075449,0.009146,0.048637,0.063990,0.378192,0.378192,0.378192,0.095878,0.024301,0.300193,1.313162,calls/second,milliseconds
