t,count,max,mean,min,stddev,p50,p75,p95,p98,p99,p999,mean_rate,m1_rate,m5_rate,m15_rate,rate_unit,duration_unit
1617627712,24,3.190474,0.504958,0.032108,0.398896,0.280777,0.738650,1.141398,1.325870,1.584754,3.190474,0.079962,0.106292,1.147033,2.170898,calls/second,milliseconds
1617628012,67,3.190474,0.994950,0.023060,1.099795,0.282940,1.646048,2.784848,2.784848,2.784848,2.784848,0.111640,0.024597,0.488011,1.592300,calls/second,milliseconds
1617628014,71,3.190474,0.507872,0.023060,0.729392,0.282940,0.615856,2.784848,2.784848,2.784848,2.784848,0.117922,0.024597,0.488011,1.592300,calls/second,milliseconds
1617628014,71,3.190474,0.507872,0.023060,0.729392,0.282940,0.615856,2.784848,2.784848,2.784848,2.784848,0.117921,0.024597,0.488011,1.592300,calls/second,milliseconds
