t,count,max,mean,min,stddev,p50,p75,p95,p98,p99,p999,mean_rate,m1_rate,m5_rate,m15_rate,rate_unit,duration_unit
1609305035,19,0.083885,0.020136,0.000917,0.009089,0.021027,0.022473,0.024853,0.026318,0.026318,0.083885,0.063329,0.022576,0.322636,0.589238,calls/second,milliseconds
1609305335,68,0.083885,0.008918,0.000192,0.010619,0.003354,0.018544,0.027816,0.027816,0.027816,0.053740,0.113303,0.074248,0.215491,0.467837,calls/second,milliseconds
1609305635,73,0.083885,0.011838,0.000192,0.010755,0.003324,0.025951,0.026088,0.026088,0.029812,0.029812,0.081110,0.015741,0.089705,0.339931,calls/second,milliseconds
1609305935,78,0.083885,0.011560,0.000192,0.006858,0.008521,0.022674,0.022674,0.022674,0.022860,0.026088,0.064999,0.015346,0.043431,0.248281,calls/second,milliseconds
1609306235,83,0.083885,0.007249,0.000192,0.003387,0.009870,0.009870,0.009870,0.009870,0.009870,0.022674,0.055333,0.015344,0.026408,0.182612,calls/second,milliseconds
1609306535,88,0.083885,0.004567,0.000192,0.001958,0.006046,0.006046,0.006046,0.006046,0.006046,0.009870,0.048889,0.015344,0.020146,0.135558,calls/second,milliseconds
1609306750,101,0.083885,0.004499,0.000192,0.006738,0.001378,0.002046,0.017380,0.017380,0.017380,0.035596,0.050137,0.028398,0.028675,0.115829,calls/second,milliseconds
1609306750,101,0.083885,0.004499,0.000192,0.006738,0.001378,0.002046,0.017380,0.017380,0.017380,0.035596,0.050137,0.028398,0.028675,0.115829,calls/second,milliseconds
