t,count,max,mean,min,stddev,p50,p75,p95,p98,p99,p999,mean_rate,m1_rate,m5_rate,m15_rate,rate_unit,duration_unit
1609998955,44,5.099314,0.316383,0.027794,0.258151,0.280817,0.410193,0.833281,0.833281,1.008256,2.516973,0.146608,0.359727,1.210381,2.192768,calls/second,milliseconds
1609999032,68,5.099314,0.502900,0.027794,0.853768,0.243935,0.473540,3.914352,3.914352,3.914352,3.914352,0.180309,0.239232,0.998227,2.038356,calls/second,milliseconds
1609999032,68,5.099314,0.502900,0.027794,0.853768,0.243935,0.473540,3.914352,3.914352,3.914352,3.914352,0.180303,0.239232,0.998227,2.038356,calls/second,milliseconds
