t,count,max,mean,min,stddev,p50,p75,p95,p98,p99,p999,mean_rate,m1_rate,m5_rate,m15_rate,rate_unit,duration_unit
1607899252,19,0.323145,0.134258,0.003014,0.105386,0.098434,0.098434,0.323145,0.323145,0.323145,0.323145,0.063326,0.046805,1.132229,2.165591,calls/second,milliseconds
1607899552,59,0.323145,0.019316,0.003014,0.023366,0.010790,0.017923,0.078490,0.100350,0.100350,0.100350,0.098329,0.320957,0.527035,1.593336,calls/second,milliseconds
1607899836,76,0.574243,0.078259,0.003014,0.161061,0.032942,0.037608,0.574243,0.574243,0.574243,0.574243,0.086017,0.018252,0.229221,1.178777,calls/second,milliseconds
1607899836,76,0.574243,0.078259,0.003014,0.161061,0.032942,0.037608,0.574243,0.574243,0.574243,0.574243,0.086016,0.018252,0.229221,1.178777,calls/second,milliseconds
