t,count,max,mean,min,stddev,p50,p75,p95,p98,p99,p999,mean_rate,m1_rate,m5_rate,m15_rate,rate_unit,duration_unit
1609406406,55,2.794788,0.268864,0.008050,0.342263,0.113040,0.288066,1.003205,1.345144,1.345144,1.593617,0.183277,0.415945,0.433191,0.628207,calls/second,milliseconds
1609406706,68,4.236533,2.714422,0.008050,1.597670,3.594628,3.594628,4.236533,4.236533,4.236533,4.236533,0.113315,0.026939,0.180758,0.461396,calls/second,milliseconds
1609407006,73,4.236533,0.828442,0.008050,0.351906,0.873392,0.873392,0.873392,1.944514,1.944514,4.236533,0.081102,0.023300,0.077834,0.335448,calls/second,milliseconds
1609407163,79,12.000866,1.742805,0.008050,3.579955,0.397450,0.842778,12.000866,12.000866,12.000866,12.000866,0.074738,0.012990,0.051690,0.284429,calls/second,milliseconds
1609407163,79,12.000866,1.742805,0.008050,3.579955,0.397450,0.842778,12.000866,12.000866,12.000866,12.000866,0.074737,0.012990,0.051690,0.284429,calls/second,milliseconds
