t,count,max,mean,min,stddev,p50,p75,p95,p98,p99,p999,mean_rate,m1_rate,m5_rate,m15_rate,rate_unit,duration_unit
1617643219,37,3.376393,0.414680,0.017180,0.588986,0.229887,0.429901,1.595531,2.958307,2.958307,2.958307,0.123283,0.252483,1.187536,2.185047,calls/second,milliseconds
1617643443,69,3.376393,0.292950,0.012271,0.387435,0.106644,0.253551,0.918179,1.153628,2.462221,2.958307,0.131756,0.036919,0.621905,1.736671,calls/second,milliseconds
1617643443,69,3.376393,0.292950,0.012271,0.387435,0.106644,0.253551,0.918179,1.153628,2.462221,2.958307,0.131752,0.036919,0.621905,1.736671,calls/second,milliseconds
