t,count,max,mean,min,stddev,p50,p75,p95,p98,p99,p999,mean_rate,m1_rate,m5_rate,m15_rate,rate_unit,duration_unit
1617570988,19,5.427214,1.090427,0.024068,0.542029,1.233374,1.233374,1.359741,2.100596,2.100596,5.427214,0.063306,0.042992,1.131899,2.165546,calls/second,milliseconds
1617571288,67,5.427214,0.539646,0.018073,0.498369,0.318289,1.045900,1.446692,1.446692,1.446692,1.446692,0.111635,0.076575,0.510800,1.596287,calls/second,milliseconds
1617571461,74,5.427214,0.836365,0.018073,1.242171,0.168305,1.322845,3.577820,3.577820,3.577820,3.577820,0.095653,0.028542,0.298063,1.324646,calls/second,milliseconds
1617571461,74,5.427214,0.836365,0.018073,1.242171,0.168305,1.322845,3.577820,3.577820,3.577820,3.577820,0.095652,0.028542,0.298063,1.324646,calls/second,milliseconds
