t,count,max,mean,min,stddev,p50,p75,p95,p98,p99,p999,mean_rate,m1_rate,m5_rate,m15_rate,rate_unit,duration_unit
1607880633,28,32.888463,2.248835,0.009620,4.342993,0.236733,1.954386,10.573059,11.204191,11.204191,32.888463,0.170721,0.243775,0.659133,0.864981,calls/second,milliseconds
1607880633,28,32.888463,2.248835,0.009620,4.342993,0.236733,1.954386,10.573059,11.204191,11.204191,32.888463,0.170707,0.243775,0.659133,0.864981,calls/second,milliseconds
