t,count,max,mean,min,stddev,p50,p75,p95,p98,p99,p999,mean_rate,m1_rate,m5_rate,m15_rate,rate_unit,duration_unit
1608516681,5,18.085475,3.623653,0.002554,7.230914,0.005140,0.020332,18.085475,18.085475,18.085475,18.085475,0.016666,0.000817,0.006609,0.004082,calls/second,milliseconds
1608516981,27,18.085475,1.113660,0.002554,2.233278,0.118856,0.274679,5.025050,11.788211,11.788211,11.788211,0.044999,0.157110,0.062406,0.025740,calls/second,milliseconds
1608517209,28,18.085475,1.313336,0.002554,1.115160,1.378736,1.378736,2.688974,4.092685,5.025050,11.788211,0.033812,0.003695,0.029479,0.020046,calls/second,milliseconds
1608517209,28,18.085475,1.313336,0.002554,1.115160,1.378736,1.378736,2.688974,4.092685,5.025050,11.788211,0.033811,0.003695,0.029479,0.020046,calls/second,milliseconds
