t,count,max,mean,min,stddev,p50,p75,p95,p98,p99,p999,mean_rate,m1_rate,m5_rate,m15_rate,rate_unit,duration_unit
1609996506,67,0.240188,0.030672,0.001216,0.054105,0.011154,0.021412,0.160003,0.240188,0.240188,0.240188,0.249695,0.373429,1.393871,2.297366,calls/second,milliseconds
1609996506,67,0.240188,0.030672,0.001216,0.054105,0.011154,0.021412,0.160003,0.240188,0.240188,0.240188,0.249682,0.373429,1.393871,2.297366,calls/second,milliseconds
