t,count,max,mean,min,stddev,p50,p75,p95,p98,p99,p999,mean_rate,m1_rate,m5_rate,m15_rate,rate_unit,duration_unit
1617632677,12,36.486017,3.307594,0.002403,6.396084,0.061391,3.212598,17.846784,17.846784,17.846784,36.486017,0.039997,0.104798,0.396554,0.728206,calls/second,milliseconds
1617632945,28,36.486017,2.094762,0.002403,2.947683,1.954519,1.954519,6.828008,12.937320,12.937320,17.846784,0.049340,0.008868,0.188477,0.555611,calls/second,milliseconds
1617632945,28,36.486017,2.094762,0.002403,2.947683,1.954519,1.954519,6.828008,12.937320,12.937320,17.846784,0.049339,0.008868,0.188477,0.555611,calls/second,milliseconds
