t,count,max,mean,min,stddev,p50,p75,p95,p98,p99,p999,mean_rate,m1_rate,m5_rate,m15_rate,rate_unit,duration_unit
1617663797,5,27.541115,5.530670,0.007301,11.005238,0.026592,0.061600,27.541115,27.541115,27.541115,27.541115,0.016665,0.007324,0.374062,0.720523,calls/second,milliseconds
1617664096,28,27.541115,3.462438,0.007053,3.454716,5.268860,5.268860,8.891108,12.083819,14.464346,14.464346,0.046786,0.019813,0.179924,0.539100,calls/second,milliseconds
1617664096,28,27.541115,3.462438,0.007053,3.454716,5.268860,5.268860,8.891108,12.083819,14.464346,14.464346,0.046785,0.019813,0.179924,0.539100,calls/second,milliseconds
