t,count,max,mean,min,stddev,p50,p75,p95,p98,p99,p999,mean_rate,m1_rate,m5_rate,m15_rate,rate_unit,duration_unit
1609993968,64,2.565408,0.456619,0.003466,0.625363,0.218091,0.572020,2.433138,2.525549,2.565408,2.565408,0.537778,0.527043,0.708284,0.765569,calls/second,milliseconds
1609993968,64,2.565408,0.456619,0.003466,0.625363,0.218091,0.572020,2.433138,2.525549,2.565408,2.565408,0.537704,0.527043,0.708284,0.765569,calls/second,milliseconds
