t,count,max,mean,min,stddev,p50,p75,p95,p98,p99,p999,mean_rate,m1_rate,m5_rate,m15_rate,rate_unit,duration_unit
1617579241,7,28.398290,3.631029,0.004322,2.292222,2.726942,4.705486,4.705486,4.705486,4.705486,28.398290,0.023332,0.034773,0.380460,0.722715,calls/second,milliseconds
1617579452,28,28.398290,2.258547,0.004322,3.021440,2.726942,2.782072,10.768514,12.962581,12.962581,12.962581,0.054796,0.024174,0.227269,0.590769,calls/second,milliseconds
1617579452,28,28.398290,2.258547,0.004322,3.021440,2.726942,2.782072,10.768514,12.962581,12.962581,12.962581,0.054795,0.024174,0.227269,0.590769,calls/second,milliseconds
