t,count,max,mean,min,stddev,p50,p75,p95,p98,p99,p999,mean_rate,m1_rate,m5_rate,m15_rate,rate_unit,duration_unit
1609802193,21,4.381578,0.627361,0.001223,0.700257,0.627815,1.608517,1.608517,1.608517,1.608517,4.381578,0.070003,0.033156,0.329105,0.592681,calls/second,milliseconds
1609802493,67,4.381578,0.174763,0.000830,0.375925,0.011715,0.161504,0.742313,1.317617,1.608517,2.728952,0.111669,0.040159,0.197399,0.466175,calls/second,milliseconds
1609802605,72,5.529148,1.527696,0.000830,2.114003,0.170117,1.689704,5.529148,5.529148,5.529148,5.529148,0.101135,0.012301,0.137296,0.411299,calls/second,milliseconds
1609802605,72,5.529148,1.527696,0.000830,2.114003,0.170117,1.689704,5.529148,5.529148,5.529148,5.529148,0.101133,0.012301,0.137296,0.411299,calls/second,milliseconds
