t,count,max,mean,min,stddev,p50,p75,p95,p98,p99,p999,mean_rate,m1_rate,m5_rate,m15_rate,rate_unit,duration_unit
1617613198,5,34.652549,6.955145,0.013680,13.848711,0.030648,0.060388,34.652549,34.652549,34.652549,34.652549,0.016657,0.007324,0.374062,0.720523,calls/second,milliseconds
1617613498,27,34.652549,3.184294,0.013680,5.967252,0.317702,0.894441,16.533627,18.469971,18.469971,18.469971,0.044998,0.075793,0.188942,0.537923,calls/second,milliseconds
1617613647,28,34.652549,2.799271,0.013680,3.609029,2.579470,2.579470,16.181098,16.533627,18.469971,18.469971,0.037338,0.006762,0.116525,0.457879,calls/second,milliseconds
1617613647,28,34.652549,2.799271,0.013680,3.609029,2.579470,2.579470,16.181098,16.533627,18.469971,18.469971,0.037338,0.006762,0.116525,0.457879,calls/second,milliseconds
