t,count,max,mean,min,stddev,p50,p75,p95,p98,p99,p999,mean_rate,m1_rate,m5_rate,m15_rate,rate_unit,duration_unit
1616133546,19,5.460700,0.896791,0.035852,0.701408,0.884752,0.884752,1.840791,1.879338,5.460700,5.460700,0.063305,0.031900,1.130547,2.165352,calls/second,milliseconds
1616133846,67,5.460700,0.348321,0.016895,0.419846,0.194418,0.364979,1.275671,1.275671,1.275671,3.118061,0.111642,0.055507,0.505011,1.595296,calls/second,milliseconds
1616134146,72,5.460700,0.817124,0.016895,0.199789,0.886642,0.890293,0.890293,1.174068,1.174068,1.275671,0.079988,0.010421,0.195380,1.147661,calls/second,milliseconds
1616134446,77,5.460700,0.723641,0.016895,0.125299,0.802919,0.802919,0.802919,0.802919,0.802919,0.890293,0.064160,0.010117,0.081473,0.826917,calls/second,milliseconds
1616134746,85,5.460700,0.234722,0.016895,0.186076,0.175673,0.175673,0.782319,0.782319,0.873366,0.873366,0.056662,0.011690,0.044576,0.599740,calls/second,milliseconds
1616135046,90,5.460700,0.292252,0.016895,0.155255,0.216998,0.216998,0.562352,0.562352,0.562352,0.673925,0.049996,0.010126,0.025995,0.434314,calls/second,milliseconds
1616135346,95,5.460700,0.207263,0.016895,0.025169,0.196751,0.228396,0.228396,0.228396,0.286731,0.562352,0.045235,0.010115,0.019160,0.315781,calls/second,milliseconds
1616135636,101,5.460700,0.207909,0.016895,0.021982,0.224856,0.224856,0.224856,0.226388,0.226388,0.228396,0.042256,0.011950,0.017209,0.233428,calls/second,milliseconds
1616135636,101,5.460700,0.207909,0.016895,0.021982,0.224856,0.224856,0.224856,0.226388,0.226388,0.228396,0.042256,0.011950,0.017209,0.233428,calls/second,milliseconds
