t,count,max,mean,min,stddev,p50,p75,p95,p98,p99,p999,mean_rate,m1_rate,m5_rate,m15_rate,rate_unit,duration_unit
1607881064,28,27.622223,1.877599,0.008195,3.763798,0.314294,1.420841,10.354855,13.096303,13.096303,27.622223,0.141169,0.186935,0.591580,0.832640,calls/second,milliseconds
1607881064,28,27.622223,1.877599,0.008195,3.763798,0.314294,1.420841,10.354855,13.096303,13.096303,27.622223,0.141160,0.186935,0.591580,0.832640,calls/second,milliseconds
