t,count,max,mean,min,stddev,p50,p75,p95,p98,p99,p999,mean_rate,m1_rate,m5_rate,m15_rate,rate_unit,duration_unit
1609285046,27,19.666612,1.843719,0.003590,3.400965,0.215434,0.281204,9.815376,13.107538,13.107538,19.666612,0.089993,0.073352,0.425813,0.742279,calls/second,milliseconds
1609285341,28,19.666612,0.967596,0.003590,0.825377,0.916572,0.916572,0.916572,0.916572,4.928682,13.107538,0.047126,0.000584,0.161958,0.537809,calls/second,milliseconds
1609285341,28,19.666612,0.967596,0.003590,0.825377,0.916572,0.916572,0.916572,0.916572,4.928682,13.107538,0.047125,0.000584,0.161958,0.537809,calls/second,milliseconds
