t,count,max,mean,min,stddev,p50,p75,p95,p98,p99,p999,mean_rate,m1_rate,m5_rate,m15_rate,rate_unit,duration_unit
1609416832,28,30.006332,1.696196,0.009603,3.489041,0.331799,1.409434,8.533196,8.533196,8.533196,30.006332,0.168596,0.219646,0.647866,0.860143,calls/second,milliseconds
1609416832,28,30.006332,1.696196,0.009603,3.489041,0.331799,1.409434,8.533196,8.533196,8.533196,30.006332,0.168582,0.219646,0.647866,0.860143,calls/second,milliseconds
