t,count,max,mean,min,stddev,p50,p75,p95,p98,p99,p999,mean_rate,m1_rate,m5_rate,m15_rate,rate_unit,duration_unit
1608968121,5,42.843329,8.624942,0.004246,17.109327,0.072203,0.193000,42.843329,42.843329,42.843329,42.843329,0.016666,0.000752,0.006500,0.004059,calls/second,milliseconds
1608968421,27,42.843329,1.341654,0.004246,2.476830,0.155414,0.230066,7.371640,7.371640,7.371640,7.371640,0.044999,0.023742,0.044049,0.023131,calls/second,milliseconds
1608968487,28,42.843329,2.009503,0.004246,1.670885,2.465038,2.465038,5.913753,7.371640,7.371640,7.371640,0.042058,0.008036,0.035468,0.021519,calls/second,milliseconds
1608968487,28,42.843329,2.009503,0.004246,1.670885,2.465038,2.465038,5.913753,7.371640,7.371640,7.371640,0.042057,0.008036,0.035468,0.021519,calls/second,milliseconds
