t,count,max,mean,min,stddev,p50,p75,p95,p98,p99,p999,mean_rate,m1_rate,m5_rate,m15_rate,rate_unit,duration_unit
1607962847,5,36.952200,7.404700,0.003775,14.773756,0.023303,0.039737,36.952200,36.952200,36.952200,36.952200,0.016665,0.000817,0.006609,0.004082,calls/second,milliseconds
1607963147,22,36.952200,2.172837,0.003775,3.966009,0.092607,0.780170,10.824619,10.824619,10.824619,10.824619,0.036666,0.154696,0.051102,0.020843,calls/second,milliseconds
1607963447,27,36.952200,1.787626,0.003775,3.359217,0.119481,0.264462,10.824619,10.824619,10.824619,10.824619,0.029999,0.002008,0.025632,0.019062,calls/second,milliseconds
1607963698,28,36.952200,2.757864,0.003775,0.235221,2.762273,2.762273,2.762273,2.762273,2.762273,2.762273,0.024338,0.000031,0.011140,0.014439,calls/second,milliseconds
1607963698,28,36.952200,2.757864,0.003775,0.235221,2.762273,2.762273,2.762273,2.762273,2.762273,2.762273,0.024338,0.000031,0.011140,0.014439,calls/second,milliseconds
