t,count,max,mean,min,stddev,p50,p75,p95,p98,p99,p999,mean_rate,m1_rate,m5_rate,m15_rate,rate_unit,duration_unit
1617587792,24,0.298563,0.042469,0.001467,0.052942,0.027486,0.049232,0.129533,0.287887,0.287887,0.298563,0.079993,0.107634,1.147570,2.170981,calls/second,milliseconds
1617588059,70,0.298563,0.032958,0.001385,0.043385,0.019094,0.050838,0.159727,0.159727,0.159727,0.159727,0.123456,0.032919,0.545335,1.654379,calls/second,milliseconds
1617588059,70,0.298563,0.032958,0.001385,0.043385,0.019094,0.050838,0.159727,0.159727,0.159727,0.159727,0.123455,0.032919,0.545335,1.654379,calls/second,milliseconds
