t,count,max,mean,min,stddev,p50,p75,p95,p98,p99,p999,mean_rate,m1_rate,m5_rate,m15_rate,rate_unit,duration_unit
1618761094,62,3.785234,0.437901,0.005469,0.607431,0.196956,0.553416,1.511354,1.835793,3.669367,3.669367,0.206669,0.267591,0.442857,0.636873,calls/second,milliseconds
1618761192,68,4.903877,0.902773,0.005469,1.327111,0.407182,1.083116,4.903877,4.903877,4.903877,4.903877,0.171102,0.067577,0.323040,0.572008,calls/second,milliseconds
1618761192,68,4.903877,0.902773,0.005469,1.327111,0.407182,1.083116,4.903877,4.903877,4.903877,4.903877,0.171097,0.067577,0.323040,0.572008,calls/second,milliseconds
