t,count,max,mean,min,stddev,p50,p75,p95,p98,p99,p999,mean_rate,m1_rate,m5_rate,m15_rate,rate_unit,duration_unit
1607723675,64,42.281549,2.169861,0.021056,6.078447,0.589610,1.153569,9.504455,22.326201,42.281549,42.281549,6.315615,5.327929,5.226446,5.208864,calls/second,milliseconds
1607723675,64,42.281549,2.169861,0.021056,6.078447,0.589610,1.153569,9.504455,22.326201,42.281549,42.281549,6.303697,5.327929,5.226446,5.208864,calls/second,milliseconds
