t,count,max,mean,min,stddev,p50,p75,p95,p98,p99,p999,mean_rate,m1_rate,m5_rate,m15_rate,rate_unit,duration_unit
1617590745,39,4.752059,0.290979,0.012890,0.344745,0.217027,0.294582,1.454287,1.543197,1.543197,1.803014,0.129947,0.271503,1.192865,2.187087,calls/second,milliseconds
1617590928,69,4.752059,0.649103,0.010202,0.955913,0.238929,0.500365,3.767403,3.767403,3.767403,3.767403,0.142788,0.056392,0.707864,1.815164,calls/second,milliseconds
1617590928,69,4.752059,0.649103,0.010202,0.955913,0.238929,0.500365,3.767403,3.767403,3.767403,3.767403,0.142786,0.056392,0.707864,1.815164,calls/second,milliseconds
