t,count,max,mean,min,stddev,p50,p75,p95,p98,p99,p999,mean_rate,m1_rate,m5_rate,m15_rate,rate_unit,duration_unit
1617669106,44,0.185580,0.012861,0.001602,0.014698,0.008738,0.010157,0.048200,0.051817,0.051817,0.088407,0.146652,0.319506,1.207915,2.192461,calls/second,milliseconds
1617669203,68,0.185580,0.015582,0.001602,0.016304,0.009690,0.015124,0.062259,0.062259,0.062259,0.088407,0.170960,0.168885,0.932400,1.993324,calls/second,milliseconds
1617669204,68,0.185580,0.015582,0.001602,0.016304,0.009690,0.015124,0.062259,0.062259,0.062259,0.088407,0.170956,0.168885,0.932400,1.993324,calls/second,milliseconds
