t,count,max,mean,min,stddev,p50,p75,p95,p98,p99,p999,mean_rate,m1_rate,m5_rate,m15_rate,rate_unit,duration_unit
1610002281,19,3.303127,0.133916,0.001563,0.353352,0.051670,0.078120,0.438982,0.971935,3.303127,3.303127,0.063338,0.038943,1.150133,2.177501,calls/second,milliseconds
1610002477,70,3.303127,0.313216,0.000712,0.301640,0.225733,0.623868,0.784876,0.866967,0.866967,1.382702,0.141032,0.141888,0.699438,1.789818,calls/second,milliseconds
1610002477,70,3.303127,0.313216,0.000712,0.301640,0.225733,0.623868,0.784876,0.866967,0.866967,1.382702,0.141029,0.141888,0.699438,1.789818,calls/second,milliseconds
