t,count,max,mean,min,stddev,p50,p75,p95,p98,p99,p999,mean_rate,m1_rate,m5_rate,m15_rate,rate_unit,duration_unit
1608503697,62,69.738785,3.242477,0.029569,9.891684,0.301485,0.722780,17.906173,29.525320,69.738785,69.738785,6.951761,3.000000,3.000000,3.000000,calls/second,milliseconds
1608503698,62,69.738785,3.242477,0.029569,9.891684,0.301485,0.722780,17.906173,29.525320,69.738785,69.738785,6.935605,3.000000,3.000000,3.000000,calls/second,milliseconds
