t,count,max,mean,min,stddev,p50,p75,p95,p98,p99,p999,mean_rate,m1_rate,m5_rate,m15_rate,rate_unit,duration_unit
1607900148,19,10.527431,0.549958,0.001580,1.647889,0.440065,0.440065,0.553269,10.126242,10.527431,10.527431,0.063335,0.023385,0.328150,0.592549,calls/second,milliseconds
1607900448,49,10.527431,0.399622,0.001487,0.508463,0.115155,0.522273,1.760146,1.760146,1.760146,1.760146,0.081668,0.291509,0.206292,0.456090,calls/second,milliseconds
1607900748,73,10.527431,0.291155,0.001346,0.250273,0.376476,0.376476,0.657869,0.904681,1.651951,1.760146,0.081112,0.021849,0.113298,0.347389,calls/second,milliseconds
1607901048,78,10.527431,0.051514,0.001346,0.048770,0.054474,0.054474,0.062211,0.062211,0.281377,0.657869,0.065000,0.015388,0.052110,0.253626,calls/second,milliseconds
1607901102,83,10.527431,0.672017,0.001346,0.764641,0.114179,1.271401,1.891219,1.891219,1.891219,1.891219,0.066175,0.016695,0.046423,0.239668,calls/second,milliseconds
1607901102,83,10.527431,0.672017,0.001346,0.764641,0.114179,1.271401,1.891219,1.891219,1.891219,1.891219,0.066174,0.016695,0.046423,0.239668,calls/second,milliseconds
