t,count,max,mean,min,stddev,p50,p75,p95,p98,p99,p999,mean_rate,m1_rate,m5_rate,m15_rate,rate_unit,duration_unit
1617663115,19,4.969488,1.722345,0.030477,1.208080,1.435254,1.435254,4.954918,4.954918,4.954918,4.969488,0.063303,0.042992,1.131899,2.165546,calls/second,milliseconds
1617663415,67,4.969488,0.582844,0.030477,0.573662,0.301697,0.820873,1.459407,2.099496,2.099496,2.099496,0.111618,0.061020,0.505822,1.595488,calls/second,milliseconds
1617663417,71,4.969488,0.358700,0.030477,0.480248,0.189599,0.311187,1.459407,1.459407,2.099496,2.099496,0.117909,0.061020,0.505822,1.595488,calls/second,milliseconds
1617663417,71,4.969488,0.358700,0.030477,0.480248,0.189599,0.311187,1.459407,1.459407,2.099496,2.099496,0.117908,0.061020,0.505822,1.595488,calls/second,milliseconds
