t,count,max,mean,min,stddev,p50,p75,p95,p98,p99,p999,mean_rate,m1_rate,m5_rate,m15_rate,rate_unit,duration_unit
1617675994,12,28.949666,1.586911,0.002657,2.696634,0.019370,2.829250,6.652528,6.652528,6.652528,28.949666,0.039997,0.093100,0.395935,0.728134,calls/second,milliseconds
1617676127,28,28.949666,1.876148,0.002657,3.612912,0.188188,1.060815,13.231039,13.231039,13.231039,13.231039,0.064627,0.066318,0.293464,0.645238,calls/second,milliseconds
1617676127,28,28.949666,1.876148,0.002657,3.612912,0.188188,1.060815,13.231039,13.231039,13.231039,13.231039,0.064626,0.066318,0.293464,0.645238,calls/second,milliseconds
