t,count,max,mean,min,stddev,p50,p75,p95,p98,p99,p999,mean_rate,m1_rate,m5_rate,m15_rate,rate_unit,duration_unit
1607735650,15,38.387985,2.254070,0.006217,4.868631,0.144321,0.395277,15.576506,15.576506,15.576506,38.387985,0.049996,0.126378,0.037942,0.014962,calls/second,milliseconds
1607735950,27,38.387985,2.103884,0.003503,3.999073,0.156898,0.496363,10.046641,15.576506,15.576506,15.576506,0.044998,0.002870,0.029856,0.020522,calls/second,milliseconds
1607736250,27,38.387985,2.103884,0.003503,3.999073,0.156898,0.496363,10.046641,15.576506,15.576506,15.576506,0.029999,0.000019,0.010983,0.014705,calls/second,milliseconds
1607736475,28,38.387985,1.551345,0.003503,0.041268,1.551287,1.551287,1.551287,1.551287,1.551287,1.551287,0.024895,0.000000,0.005275,0.011516,calls/second,milliseconds
1607736475,28,38.387985,1.551345,0.003503,0.041268,1.551287,1.551287,1.551287,1.551287,1.551287,1.551287,0.024895,0.000000,0.005275,0.011516,calls/second,milliseconds
