t,count,max,mean,min,stddev,p50,p75,p95,p98,p99,p999,mean_rate,m1_rate,m5_rate,m15_rate,rate_unit,duration_unit
1617660374,19,3.818252,0.234667,0.010327,0.346642,0.234756,0.234756,0.311483,1.373470,1.413183,3.818252,0.063338,0.048714,1.151089,2.177633,calls/second,milliseconds
1617660612,70,4.965979,0.695747,0.010327,0.947534,0.338332,0.727706,2.008443,4.965979,4.965979,4.965979,0.130158,0.112079,0.619173,1.713080,calls/second,milliseconds
1617660612,70,4.965979,0.695747,0.010327,0.947534,0.338332,0.727706,2.008443,4.965979,4.965979,4.965979,0.130156,0.112079,0.619173,1.713080,calls/second,milliseconds
