t,count,max,mean,min,stddev,p50,p75,p95,p98,p99,p999,mean_rate,m1_rate,m5_rate,m15_rate,rate_unit,duration_unit
1617586708,44,5.022436,0.329588,0.014053,0.434204,0.206433,0.363929,1.599534,1.835577,1.835577,1.835577,0.146611,0.352445,1.209653,2.192668,calls/second,milliseconds
1617586892,69,5.022436,0.354074,0.009938,0.413131,0.208576,0.542972,1.314721,1.314721,1.835577,1.879057,0.142521,0.058761,0.707958,1.815181,calls/second,milliseconds
1617586892,69,5.022436,0.354074,0.009938,0.413131,0.208576,0.542972,1.314721,1.314721,1.835577,1.879057,0.142519,0.058761,0.707958,1.815181,calls/second,milliseconds
