t,count,max,mean,min,stddev,p50,p75,p95,p98,p99,p999,mean_rate,m1_rate,m5_rate,m15_rate,rate_unit,duration_unit
1617664476,19,3.467348,0.273833,0.009216,0.455889,0.150697,0.150697,1.186495,1.186495,1.613857,3.467348,0.063337,0.041674,1.150441,2.177545,calls/second,milliseconds
1617664769,71,3.467348,0.673041,0.009216,0.587424,0.513220,0.964978,2.225597,2.225597,2.225597,2.225597,0.119752,0.078515,0.526063,1.613805,calls/second,milliseconds
1617664769,71,3.467348,0.673041,0.009216,0.587424,0.513220,0.964978,2.225597,2.225597,2.225597,2.225597,0.119749,0.078515,0.526063,1.613805,calls/second,milliseconds
