t,count,max,mean,min,stddev,p50,p75,p95,p98,p99,p999,mean_rate,m1_rate,m5_rate,m15_rate,rate_unit,duration_unit
1617678421,44,0.109562,0.007105,0.000173,0.014607,0.001529,0.005469,0.041437,0.041437,0.081233,0.109562,0.146655,0.352015,1.209495,2.192643,calls/second,milliseconds
1617678528,68,0.288733,0.023149,0.000173,0.060500,0.002754,0.014016,0.081233,0.288733,0.288733,0.288733,0.167277,0.161312,0.904430,1.971658,calls/second,milliseconds
1617678528,68,0.288733,0.023149,0.000173,0.060500,0.002754,0.014016,0.081233,0.288733,0.288733,0.288733,0.167274,0.161312,0.904430,1.971658,calls/second,milliseconds
