t,count,max,mean,min,stddev,p50,p75,p95,p98,p99,p999,mean_rate,m1_rate,m5_rate,m15_rate,rate_unit,duration_unit
1617593046,32,0.251963,0.034471,0.000800,0.032251,0.020566,0.065484,0.089853,0.089853,0.089853,0.251963,0.106658,0.192533,1.171214,2.179494,calls/second,milliseconds
1617593249,70,0.251963,0.032403,0.000800,0.031375,0.020138,0.063587,0.096293,0.096293,0.096293,0.096293,0.139303,0.060783,0.668717,1.776918,calls/second,milliseconds
1617593249,70,0.251963,0.032403,0.000800,0.031375,0.020138,0.063587,0.096293,0.096293,0.096293,0.096293,0.139302,0.060783,0.668717,1.776918,calls/second,milliseconds
