t,count,max,mean,min,stddev,p50,p75,p95,p98,p99,p999,mean_rate,m1_rate,m5_rate,m15_rate,rate_unit,duration_unit
1617582118,32,0.412226,0.038104,0.001810,0.043160,0.017307,0.044767,0.145946,0.145946,0.189237,0.412226,0.106658,0.180655,1.170756,2.179444,calls/second,milliseconds
1617582343,70,0.412226,0.059253,0.001810,0.073373,0.017307,0.095176,0.193236,0.193236,0.193236,0.376792,0.133170,0.038063,0.614066,1.728032,calls/second,milliseconds
1617582343,70,0.412226,0.059253,0.001810,0.073373,0.017307,0.095176,0.193236,0.193236,0.193236,0.376792,0.132883,0.038063,0.614066,1.728032,calls/second,milliseconds
