t,count,max,mean,min,stddev,p50,p75,p95,p98,p99,p999,mean_rate,m1_rate,m5_rate,m15_rate,rate_unit,duration_unit
1617674103,12,35.896085,2.770249,0.004460,5.165599,0.022326,4.361666,13.921369,13.921369,13.921369,35.896085,0.039996,0.086846,0.395621,0.728097,calls/second,milliseconds
1617674225,28,35.896085,1.784107,0.002970,3.818977,0.165330,1.254594,13.921369,15.193874,15.193874,15.193874,0.066336,0.068417,0.302111,0.652270,calls/second,milliseconds
1617674225,28,35.896085,1.784107,0.002970,3.818977,0.165330,1.254594,13.921369,15.193874,15.193874,15.193874,0.066335,0.068417,0.302111,0.652270,calls/second,milliseconds
