t,count,max,mean,min,stddev,p50,p75,p95,p98,p99,p999,mean_rate,m1_rate,m5_rate,m15_rate,rate_unit,duration_unit
1617629669,32,5.090184,0.301305,0.030229,0.345625,0.219196,0.396560,0.969291,1.139775,1.716510,5.090184,0.106623,0.198645,1.172163,2.179629,calls/second,milliseconds
1617629924,70,5.090184,0.716881,0.030229,0.911384,0.357850,1.181617,3.382005,3.382005,3.382005,3.382005,0.126083,0.077693,0.568054,1.675160,calls/second,milliseconds
1617629924,70,5.090184,0.716881,0.030229,0.911384,0.357850,1.181617,3.382005,3.382005,3.382005,3.382005,0.126081,0.077693,0.568054,1.675160,calls/second,milliseconds
