t,count,max,mean,min,stddev,p50,p75,p95,p98,p99,p999,mean_rate,m1_rate,m5_rate,m15_rate,rate_unit,duration_unit
1609287829,27,17.269437,2.194226,0.003535,4.551246,0.213262,0.477010,16.913244,16.913244,16.913244,16.913244,0.089995,0.213256,0.438672,0.743942,calls/second,milliseconds
1609288129,27,17.269437,2.194226,0.003535,4.551246,0.213262,0.477010,16.913244,16.913244,16.913244,16.913244,0.044999,0.001437,0.161378,0.533058,calls/second,milliseconds
1609288429,27,17.269437,2.194226,0.003535,4.551246,0.213262,0.477010,16.913244,16.913244,16.913244,16.913244,0.030000,0.000010,0.059368,0.381953,calls/second,milliseconds
1609288517,28,17.269437,1.991571,0.003535,0.094532,1.991484,1.991484,1.991484,1.991484,1.991484,1.991484,0.028349,0.000002,0.044720,0.347530,calls/second,milliseconds
1609288517,28,17.269437,1.991571,0.003535,0.094532,1.991484,1.991484,1.991484,1.991484,1.991484,1.991484,0.028348,0.000002,0.044720,0.347530,calls/second,milliseconds
