t,count,max,mean,min,stddev,p50,p75,p95,p98,p99,p999,mean_rate,m1_rate,m5_rate,m15_rate,rate_unit,duration_unit
1617577705,62,3.524583,0.353642,0.002312,0.497137,0.150840,0.524049,0.828232,1.048746,3.524583,3.524583,10.099932,12.200000,12.200000,12.200000,calls/second,milliseconds
1617577705,62,3.524583,0.353642,0.002312,0.497137,0.150840,0.524049,0.828232,1.048746,3.524583,3.524583,10.084738,12.200000,12.200000,12.200000,calls/second,milliseconds
