t,count,max,mean,min,stddev,p50,p75,p95,p98,p99,p999,mean_rate,m1_rate,m5_rate,m15_rate,rate_unit,duration_unit
1617565759,19,1.019549,0.103929,0.007940,0.118390,0.086707,0.087423,0.244715,0.678287,1.019549,1.019549,0.063326,0.034721,1.130975,2.165416,calls/second,milliseconds
1617566059,67,1.369174,0.149205,0.007053,0.345560,0.024897,0.046951,1.369174,1.369174,1.369174,1.369174,0.111648,0.122679,0.521576,1.597881,calls/second,milliseconds
1617566213,74,1.369174,0.224111,0.004555,0.367505,0.038875,0.135464,0.986690,0.986690,0.986690,1.369174,0.098156,0.030418,0.324310,1.355657,calls/second,milliseconds
1617566213,74,1.369174,0.224111,0.004555,0.367505,0.038875,0.135464,0.986690,0.986690,0.986690,1.369174,0.098155,0.030418,0.324310,1.355657,calls/second,milliseconds
