t,count,max,mean,min,stddev,p50,p75,p95,p98,p99,p999,mean_rate,m1_rate,m5_rate,m15_rate,rate_unit,duration_unit
1617636892,44,5.393910,0.334494,0.006082,0.435306,0.183887,0.523262,1.408275,1.598624,1.598624,1.598624,0.146674,0.323084,1.224878,2.203584,calls/second,milliseconds
1617637087,69,5.393910,0.250175,0.006082,0.256526,0.119399,0.370557,0.572963,0.985575,1.287824,1.598624,0.139334,0.096953,0.682373,1.788321,calls/second,milliseconds
1617637087,69,5.393910,0.250175,0.006082,0.256526,0.119399,0.370557,0.572963,0.985575,1.287824,1.598624,0.139331,0.096953,0.682373,1.788321,calls/second,milliseconds
