t,count,max,mean,min,stddev,p50,p75,p95,p98,p99,p999,mean_rate,m1_rate,m5_rate,m15_rate,rate_unit,duration_unit
1617637440,24,0.390269,0.019843,0.000640,0.049321,0.005064,0.014450,0.028495,0.204206,0.390269,0.390269,0.079991,0.110673,1.147886,2.171025,calls/second,milliseconds
1617637720,70,0.958465,0.028611,0.000640,0.070809,0.005186,0.055970,0.086100,0.086100,0.086100,0.958465,0.120677,0.075793,0.529211,1.630455,calls/second,milliseconds
1617637720,70,0.958465,0.028611,0.000640,0.070809,0.005186,0.055970,0.086100,0.086100,0.086100,0.958465,0.120674,0.075793,0.529211,1.630455,calls/second,milliseconds
