t,count,max,mean,min,stddev,p50,p75,p95,p98,p99,p999,mean_rate,m1_rate,m5_rate,m15_rate,rate_unit,duration_unit
1607736783,36,8.093830,0.541992,0.020620,1.085098,0.242193,0.426539,1.975761,1.975761,8.093830,8.093830,0.119951,0.216237,1.180148,2.182715,calls/second,milliseconds
1607737083,68,8.093830,1.907493,0.020620,1.863017,2.004126,2.004126,5.432178,6.023465,6.023465,8.093830,0.113309,0.018880,0.480951,1.591429,calls/second,milliseconds
1607737383,73,8.872817,2.251403,0.020620,2.192882,1.587143,1.587143,8.872817,8.872817,8.872817,8.872817,0.081100,0.013028,0.187021,1.144968,calls/second,milliseconds
1607737683,78,8.872817,1.384922,0.020620,0.254158,1.396911,1.396911,1.431421,1.531314,1.531314,8.872817,0.064993,0.012988,0.078890,0.825064,calls/second,milliseconds
1607737983,83,8.872817,1.713902,0.020620,0.675005,1.342884,1.413471,2.908028,2.908028,2.908028,2.908028,0.055329,0.012988,0.039111,0.595842,calls/second,milliseconds
1607738236,91,8.872817,0.582250,0.020620,0.516361,0.350209,1.196578,1.293022,1.310748,1.310748,2.908028,0.051904,0.010994,0.025498,0.455134,calls/second,milliseconds
1607738237,91,8.872817,0.582250,0.020620,0.516361,0.350209,1.196578,1.293022,1.310748,1.310748,2.908028,0.051904,0.010994,0.025498,0.455134,calls/second,milliseconds
