t,count,max,mean,min,stddev,p50,p75,p95,p98,p99,p999,mean_rate,m1_rate,m5_rate,m15_rate,rate_unit,duration_unit
1609891514,63,56.214859,1.440488,0.003496,7.792166,0.172383,0.441708,1.226819,3.810584,56.214859,56.214859,0.210009,0.363419,0.434333,0.630915,calls/second,milliseconds
1609891766,71,56.214859,2.368726,0.003496,3.702342,0.373251,3.573384,6.966441,6.966441,6.966441,56.214859,0.128778,0.018898,0.205777,0.485788,calls/second,milliseconds
1609891766,71,56.214859,2.368726,0.003496,3.702342,0.373251,3.573384,6.966441,6.966441,6.966441,56.214859,0.128775,0.018898,0.205777,0.485788,calls/second,milliseconds
