t,count,max,mean,min,stddev,p50,p75,p95,p98,p99,p999,mean_rate,m1_rate,m5_rate,m15_rate,rate_unit,duration_unit
1608521050,19,0.163709,0.048919,0.002220,0.039334,0.045262,0.045262,0.163709,0.163709,0.163709,0.163709,0.063328,0.034721,1.130975,2.165416,calls/second,milliseconds
1608521350,37,0.163709,0.011891,0.001414,0.013300,0.005508,0.016217,0.041560,0.041560,0.045682,0.045682,0.061664,0.117865,0.463390,1.569975,calls/second,milliseconds
1608521532,75,0.163709,0.013649,0.001268,0.015124,0.006961,0.013605,0.047978,0.047978,0.047978,0.047978,0.096004,0.119858,0.336258,1.321154,calls/second,milliseconds
1608521532,75,0.163709,0.013649,0.001268,0.015124,0.006961,0.013605,0.047978,0.047978,0.047978,0.047978,0.096003,0.119858,0.336258,1.321154,calls/second,milliseconds
