t,count,max,mean,min,stddev,p50,p75,p95,p98,p99,p999,mean_rate,m1_rate,m5_rate,m15_rate,rate_unit,duration_unit
1609995086,67,122.132809,1.250763,0.022994,5.288307,0.278789,0.923152,7.388801,7.388801,7.388801,122.132809,0.241757,0.139120,0.450765,0.648890,calls/second,milliseconds
1609995086,67,122.132809,1.250763,0.022994,5.288307,0.278789,0.923152,7.388801,7.388801,7.388801,122.132809,0.241421,0.139120,0.450765,0.648890,calls/second,milliseconds
