t,count,max,mean,min,stddev,p50,p75,p95,p98,p99,p999,mean_rate,m1_rate,m5_rate,m15_rate,rate_unit,duration_unit
1609414906,64,4.620722,0.250703,0.000770,0.613691,0.014783,0.336120,1.288664,1.438410,4.620722,4.620722,0.213341,0.052035,1.218769,2.216042,calls/second,milliseconds
1609415190,73,4.620722,1.016078,0.000770,0.946229,0.751352,2.430412,2.430412,2.430412,2.430412,2.430412,0.125039,0.048641,0.491078,1.622520,calls/second,milliseconds
1609415190,73,4.620722,1.016078,0.000770,0.946229,0.751352,2.430412,2.430412,2.430412,2.430412,2.430412,0.125037,0.048641,0.491078,1.622520,calls/second,milliseconds
