t,count,max,mean,min,stddev,p50,p75,p95,p98,p99,p999,mean_rate,m1_rate,m5_rate,m15_rate,rate_unit,duration_unit
1609428444,19,4.354821,1.756959,0.020534,1.397101,1.224815,1.866087,4.263015,4.263015,4.354821,4.354821,0.063088,0.025307,0.322944,0.589281,calls/second,milliseconds
1609428744,68,4.354821,0.469538,0.020534,0.443223,0.286664,0.697027,1.135224,1.224815,2.163489,2.163489,0.113082,0.083710,0.217417,0.468136,calls/second,milliseconds
1609429044,73,4.354821,1.498807,0.020534,0.271343,1.545621,1.590960,1.620679,1.620679,1.620679,2.163489,0.081005,0.018568,0.090768,0.340197,calls/second,milliseconds
1609429169,79,4.354821,0.463963,0.020534,0.373925,0.356371,0.644836,1.012484,1.545621,1.590960,1.620679,0.077021,0.016732,0.065369,0.298168,calls/second,milliseconds
1609429169,79,4.354821,0.463963,0.020534,0.373925,0.356371,0.644836,1.012484,1.545621,1.590960,1.620679,0.077020,0.016732,0.065369,0.298168,calls/second,milliseconds
