t,count,max,mean,min,stddev,p50,p75,p95,p98,p99,p999,mean_rate,m1_rate,m5_rate,m15_rate,rate_unit,duration_unit
1609437388,19,3.257227,0.140819,0.004792,0.303222,0.109460,0.109460,0.330374,0.833409,1.092742,3.257227,0.063338,0.044902,1.150759,2.177589,calls/second,milliseconds
1609437688,51,3.257227,0.354820,0.003213,0.624244,0.090807,0.499402,1.326489,2.936361,2.936361,2.936361,0.085003,0.209476,0.508460,1.593191,calls/second,milliseconds
1609437988,73,3.257227,0.275632,0.003213,0.398873,0.172551,0.172551,1.205205,1.473797,2.515647,2.936361,0.081112,0.025810,0.221011,1.160327,calls/second,milliseconds
1609437996,77,3.257227,0.968675,0.003213,1.189931,0.172551,1.572979,3.200382,3.200382,3.200382,3.200382,0.084797,0.021848,0.213765,1.147506,calls/second,milliseconds
1609437996,77,3.257227,0.968675,0.003213,1.189931,0.172551,1.572979,3.200382,3.200382,3.200382,3.200382,0.084796,0.021848,0.213765,1.147506,calls/second,milliseconds
