t,count,max,mean,min,stddev,p50,p75,p95,p98,p99,p999,mean_rate,m1_rate,m5_rate,m15_rate,rate_unit,duration_unit
1617626251,19,54.646528,0.819196,0.003874,5.657047,0.225572,0.225572,0.438236,5.020441,54.646528,54.646528,0.063381,0.037738,1.149983,2.177480,calls/second,milliseconds
1617626551,67,54.646528,0.398537,0.002582,0.553955,0.365276,0.464456,1.184422,1.607394,1.735384,1.735384,0.111709,0.034864,0.501861,1.602221,calls/second,milliseconds
1617626586,72,54.646528,0.492882,0.002582,0.510602,0.224588,0.915934,1.261472,1.261472,1.261472,1.735384,0.113284,0.078327,0.452277,1.536984,calls/second,milliseconds
1617626586,72,54.646528,0.492882,0.002582,0.510602,0.224588,0.915934,1.261472,1.261472,1.261472,1.735384,0.113283,0.078327,0.452277,1.536984,calls/second,milliseconds
