t,count,max,mean,min,stddev,p50,p75,p95,p98,p99,p999,mean_rate,m1_rate,m5_rate,m15_rate,rate_unit,duration_unit
1617670456,32,0.465523,0.020752,0.000124,0.051379,0.002947,0.011756,0.062543,0.062543,0.465523,0.465523,0.106658,0.176223,1.170758,2.179459,calls/second,milliseconds
1617670572,68,0.465523,0.007794,0.000124,0.022324,0.001634,0.003256,0.037894,0.076424,0.076424,0.465523,0.163213,0.149021,0.876756,1.950154,calls/second,milliseconds
1617670572,68,0.465523,0.007794,0.000124,0.022324,0.001634,0.003256,0.037894,0.076424,0.076424,0.465523,0.163210,0.149021,0.876756,1.950154,calls/second,milliseconds
