t,count,max,mean,min,stddev,p50,p75,p95,p98,p99,p999,mean_rate,m1_rate,m5_rate,m15_rate,rate_unit,duration_unit
1607872675,63,0.212039,0.019569,0.001710,0.030415,0.009874,0.014483,0.114000,0.114000,0.114000,0.114000,0.209977,0.179969,1.235944,2.209131,calls/second,milliseconds
1607872975,68,0.212039,0.063497,0.001710,0.029913,0.065897,0.065897,0.075517,0.194493,0.194493,0.194493,0.113328,0.024331,0.466015,1.587755,calls/second,milliseconds
1607873275,73,0.212039,0.055395,0.001710,0.006239,0.059400,0.059400,0.059400,0.059400,0.059400,0.065897,0.081109,0.023282,0.182775,1.142519,calls/second,milliseconds
1607873466,80,0.212039,0.041973,0.001710,0.020212,0.047387,0.059920,0.059920,0.059920,0.059920,0.059920,0.073353,0.037350,0.112967,0.931252,calls/second,milliseconds
1607873466,80,0.212039,0.041973,0.001710,0.020212,0.047387,0.059920,0.059920,0.059920,0.059920,0.059920,0.073352,0.037350,0.112967,0.931252,calls/second,milliseconds
