t,count,max,mean,min,stddev,p50,p75,p95,p98,p99,p999,mean_rate,m1_rate,m5_rate,m15_rate,rate_unit,duration_unit
1607885019,17,27.137796,1.737685,0.003226,3.224437,0.151478,0.939044,8.867564,8.867564,8.867564,27.137796,0.056645,0.144224,0.043906,0.017105,calls/second,milliseconds
1607885250,28,27.137796,1.565183,0.003226,1.859484,1.542601,1.542601,7.215745,7.602111,8.867564,8.867564,0.052641,0.008194,0.036955,0.022047,calls/second,milliseconds
1607885250,28,27.137796,1.565183,0.003226,1.859484,1.542601,1.542601,7.215745,7.602111,8.867564,8.867564,0.052640,0.008194,0.036955,0.022047,calls/second,milliseconds
