t,count,max,mean,min,stddev,p50,p75,p95,p98,p99,p999,mean_rate,m1_rate,m5_rate,m15_rate,rate_unit,duration_unit
1617659805,21,3.323612,1.324085,0.006442,1.315150,1.094410,3.323612,3.323612,3.323612,3.323612,3.323612,0.070005,0.072646,1.157101,2.179770,calls/second,milliseconds
1617660002,69,3.323612,0.695288,0.006442,0.891181,0.186607,0.798222,2.842255,2.842255,2.842255,3.323612,0.139053,0.109452,0.691801,1.788077,calls/second,milliseconds
1617660002,69,3.323612,0.695288,0.006442,0.891181,0.186607,0.798222,2.842255,2.842255,2.842255,3.323612,0.139050,0.109452,0.691801,1.788077,calls/second,milliseconds
