t,count,max,mean,min,stddev,p50,p75,p95,p98,p99,p999,mean_rate,m1_rate,m5_rate,m15_rate,rate_unit,duration_unit
1609308660,19,1.274078,0.060225,0.000718,0.189140,0.006760,0.006760,0.414430,0.673315,1.274078,1.274078,0.063331,0.017311,0.321673,0.589082,calls/second,milliseconds
1609308960,68,1.274078,0.206372,0.000650,0.207424,0.173280,0.347308,0.652104,0.700129,0.700129,0.800747,0.113331,0.094815,0.220418,0.468531,calls/second,milliseconds
1609309260,73,1.274078,0.023879,0.000650,0.088094,0.003361,0.003817,0.085006,0.360798,0.442258,0.700129,0.081112,0.011615,0.092208,0.342194,calls/second,milliseconds
1609309560,78,1.274078,0.003338,0.000650,0.010079,0.003670,0.003670,0.005645,0.005645,0.005645,0.010922,0.065001,0.010998,0.043679,0.249800,calls/second,milliseconds
1609309860,83,1.274078,0.001013,0.000650,0.001273,0.000735,0.000829,0.002971,0.002971,0.002971,0.005645,0.055334,0.010994,0.025827,0.183596,calls/second,milliseconds
1609310160,88,1.274078,0.001190,0.000650,0.000927,0.000733,0.001209,0.003608,0.003608,0.004093,0.004093,0.048889,0.010994,0.019259,0.136160,calls/second,milliseconds
1609310460,98,1.274078,0.002280,0.000650,0.000972,0.003061,0.003061,0.003061,0.003061,0.004743,0.004743,0.046667,0.011848,0.023516,0.106265,calls/second,milliseconds
1609310521,103,1.382329,0.544272,0.000650,0.595552,0.081489,1.081981,1.382329,1.382329,1.382329,1.382329,0.047661,0.010404,0.021687,0.099903,calls/second,milliseconds
1609310521,103,1.382329,0.544272,0.000650,0.595552,0.081489,1.081981,1.382329,1.382329,1.382329,1.382329,0.047661,0.010404,0.021687,0.099903,calls/second,milliseconds
