t,count,max,mean,min,stddev,p50,p75,p95,p98,p99,p999,mean_rate,m1_rate,m5_rate,m15_rate,rate_unit,duration_unit
1607887115,21,0.276793,0.102049,0.000840,0.121717,0.038653,0.276793,0.276793,0.276793,0.276793,0.276793,0.069994,0.064146,1.137477,2.167620,calls/second,milliseconds
1607887415,68,0.320463,0.057330,0.000840,0.090889,0.009760,0.089460,0.320463,0.320463,0.320463,0.320463,0.113329,0.029976,0.493451,1.593900,calls/second,milliseconds
1607887442,73,0.320463,0.030466,0.000840,0.054474,0.008730,0.013157,0.089460,0.320463,0.320463,0.320463,0.116396,0.034474,0.457248,1.551336,calls/second,milliseconds
1607887442,73,0.320463,0.030466,0.000840,0.054474,0.008730,0.013157,0.089460,0.320463,0.320463,0.320463,0.116394,0.034474,0.457248,1.551336,calls/second,milliseconds
