t,count,max,mean,min,stddev,p50,p75,p95,p98,p99,p999,mean_rate,m1_rate,m5_rate,m15_rate,rate_unit,duration_unit
1607865990,12,30.490406,1.158992,0.002740,2.443312,0.034640,1.460739,5.243918,5.243918,5.243918,30.490406,0.039935,0.088810,0.028739,0.011733,calls/second,milliseconds
1607866289,27,30.490406,1.302521,0.002740,2.343507,0.180836,0.857793,6.305335,6.305335,6.305335,6.305335,0.044998,0.003193,0.030533,0.020676,calls/second,milliseconds
1607866589,27,30.490406,1.302521,0.002740,2.343507,0.180836,0.857793,6.305335,6.305335,6.305335,6.305335,0.029999,0.000022,0.011232,0.014815,calls/second,milliseconds
1607866872,28,30.490406,1.600235,0.002740,0.016473,1.600249,1.600249,1.600249,1.600249,1.600249,1.600249,0.023682,0.000000,0.004417,0.010854,calls/second,milliseconds
1607866872,28,30.490406,1.600235,0.002740,0.016473,1.600249,1.600249,1.600249,1.600249,1.600249,1.600249,0.023682,0.000000,0.004417,0.010854,calls/second,milliseconds
