t,count,max,mean,min,stddev,p50,p75,p95,p98,p99,p999,mean_rate,m1_rate,m5_rate,m15_rate,rate_unit,duration_unit
1615628241,5,39.614482,7.944203,0.007156,15.835145,0.027256,0.047664,39.614482,39.614482,39.614482,39.614482,0.016665,0.007324,0.374062,0.720523,calls/second,milliseconds
1615628541,27,39.614482,3.137618,0.007156,5.693031,0.312782,0.581913,15.731535,15.731535,15.731535,15.731535,0.044998,0.077884,0.189465,0.538002,calls/second,milliseconds
1615628841,27,39.614482,3.137618,0.007156,5.693031,0.312782,0.581913,15.731535,15.731535,15.731535,15.731535,0.029999,0.000525,0.069700,0.385496,calls/second,milliseconds
1615629141,27,39.614482,3.137618,0.007156,5.693031,0.312782,0.581913,15.731535,15.731535,15.731535,15.731535,0.022500,0.000004,0.025641,0.276220,calls/second,milliseconds
1615629441,27,39.614482,3.137618,0.007156,5.693031,0.312782,0.581913,15.731535,15.731535,15.731535,15.731535,0.018000,0.000000,0.009433,0.197920,calls/second,milliseconds
1615629741,28,39.614482,2.343733,0.007156,0.004274,2.343733,2.343733,2.343733,2.343733,2.343733,2.343733,0.015555,0.001991,0.005649,0.142780,calls/second,milliseconds
1615630041,28,39.614482,2.343733,0.007156,0.004274,2.343733,2.343733,2.343733,2.343733,2.343733,2.343733,0.013333,0.000013,0.002078,0.102307,calls/second,milliseconds
1615630230,28,39.614482,2.343733,0.007156,0.004274,2.343733,2.343733,2.343733,2.343733,2.343733,2.343733,0.012232,0.000001,0.001122,0.083297,calls/second,milliseconds
1615630230,28,39.614482,2.343733,0.007156,0.004274,2.343733,2.343733,2.343733,2.343733,2.343733,2.343733,0.012232,0.000001,0.001122,0.083297,calls/second,milliseconds
