t,count,max,mean,min,stddev,p50,p75,p95,p98,p99,p999,mean_rate,m1_rate,m5_rate,m15_rate,rate_unit,duration_unit
1617620765,19,4.804290,1.378658,0.040022,0.688504,1.415397,1.808307,2.168330,2.168330,4.804290,4.804290,0.063304,0.033701,1.130830,2.165395,calls/second,milliseconds
1617621065,67,4.804290,0.370663,0.031837,0.404815,0.242526,0.372259,1.516547,1.516547,1.516547,1.516547,0.111641,0.075493,0.511671,1.596394,calls/second,milliseconds
1617621170,73,4.804290,0.478984,0.031837,0.413619,0.545749,0.692927,1.463065,1.463065,1.516547,1.516547,0.103547,0.028679,0.372160,1.430602,calls/second,milliseconds
1617621170,73,4.804290,0.478984,0.031837,0.413619,0.545749,0.692927,1.463065,1.463065,1.516547,1.516547,0.103545,0.090350,0.379232,1.427108,calls/second,milliseconds
