t,count,max,mean,min,stddev,p50,p75,p95,p98,p99,p999,mean_rate,m1_rate,m5_rate,m15_rate,rate_unit,duration_unit
1617654557,5,37.960178,7.608971,0.008432,15.175609,0.017355,0.045242,37.960178,37.960178,37.960178,37.960178,0.016665,0.007324,0.374062,0.720523,calls/second,milliseconds
1617654857,27,37.960178,2.793767,0.008432,5.057911,0.311878,0.526338,14.295996,16.555451,16.555451,16.555451,0.044998,0.041238,0.183763,0.537191,calls/second,milliseconds
1617654865,28,37.960178,2.420656,0.008432,4.368643,0.486866,1.405620,14.295996,14.295996,16.555451,16.555451,0.046027,0.037941,0.180726,0.534215,calls/second,milliseconds
1617654865,28,37.960178,2.420656,0.008432,4.368643,0.486866,1.405620,14.295996,14.295996,16.555451,16.555451,0.046026,0.037941,0.180726,0.534215,calls/second,milliseconds
