t,count,max,mean,min,stddev,p50,p75,p95,p98,p99,p999,mean_rate,m1_rate,m5_rate,m15_rate,rate_unit,duration_unit
1617583269,32,6.621928,0.524145,0.017157,0.881478,0.271220,0.559706,2.470058,4.087457,4.087457,6.621928,0.106624,0.191026,1.171371,2.179520,calls/second,milliseconds
1617583486,70,6.621928,0.620747,0.007482,0.888207,0.258175,0.986103,3.107257,3.107257,3.107257,4.087457,0.135247,0.048725,0.636241,1.747572,calls/second,milliseconds
1617583486,70,6.621928,0.620747,0.007482,0.888207,0.258175,0.986103,3.107257,3.107257,3.107257,4.087457,0.135246,0.048725,0.636241,1.747572,calls/second,milliseconds
