t,count,max,mean,min,stddev,p50,p75,p95,p98,p99,p999,mean_rate,m1_rate,m5_rate,m15_rate,rate_unit,duration_unit
1617617856,19,0.439173,0.294532,0.009000,0.172078,0.439173,0.439173,0.439173,0.439173,0.439173,0.439173,0.063325,0.037033,1.131273,2.165459,calls/second,milliseconds
1617618156,67,0.439173,0.085558,0.005451,0.091089,0.029807,0.183457,0.219459,0.219459,0.219459,0.439173,0.111659,0.036654,0.495589,1.593715,calls/second,milliseconds
1617618163,71,0.966174,0.187814,0.003495,0.335177,0.029807,0.183457,0.966174,0.966174,0.966174,0.966174,0.116978,0.033724,0.487398,1.584885,calls/second,milliseconds
1617618163,71,0.966174,0.187814,0.003495,0.335177,0.029807,0.183457,0.966174,0.966174,0.966174,0.966174,0.116976,0.033724,0.487398,1.584885,calls/second,milliseconds
