t,count,max,mean,min,stddev,p50,p75,p95,p98,p99,p999,mean_rate,m1_rate,m5_rate,m15_rate,rate_unit,duration_unit
1609994804,65,3.597432,0.444117,0.007899,0.691303,0.212394,0.490139,1.668251,3.597432,3.597432,3.597432,0.384260,0.663583,1.897573,2.560678,calls/second,milliseconds
1609994804,65,3.597432,0.444117,0.007899,0.691303,0.212394,0.490139,1.668251,3.597432,3.597432,3.597432,0.383681,0.663583,1.897573,2.560678,calls/second,milliseconds
