t,count,max,mean,min,stddev,p50,p75,p95,p98,p99,p999,mean_rate,m1_rate,m5_rate,m15_rate,rate_unit,duration_unit
1617660374,19,6.791762,2.746579,0.039974,2.320898,1.494331,4.947678,6.791762,6.791762,6.791762,6.791762,0.063303,0.044819,1.132063,2.165569,calls/second,milliseconds
1617660612,70,6.791762,0.632714,0.033976,0.691969,0.285849,1.022321,1.647764,2.854389,2.854389,4.947678,0.130118,0.114301,0.619641,1.713149,calls/second,milliseconds
1617660612,70,6.791762,0.632714,0.033976,0.691969,0.285849,1.022321,1.647764,2.854389,2.854389,4.947678,0.130116,0.114301,0.619641,1.713149,calls/second,milliseconds
