t,count,max,mean,min,stddev,p50,p75,p95,p98,p99,p999,mean_rate,m1_rate,m5_rate,m15_rate,rate_unit,duration_unit
1609139462,32,0.613284,0.040013,0.000320,0.141074,0.005180,0.008604,0.613284,0.613284,0.613284,0.613284,0.106659,0.176757,0.362594,0.603274,calls/second,milliseconds
1609139637,69,0.613284,0.012203,0.000320,0.044498,0.006312,0.008853,0.026981,0.026981,0.026981,0.613284,0.145204,0.058679,0.269038,0.527684,calls/second,milliseconds
1609139637,69,0.613284,0.012203,0.000320,0.044498,0.006312,0.008853,0.026981,0.026981,0.026981,0.613284,0.145201,0.058679,0.269038,0.527684,calls/second,milliseconds
