t,count,max,mean,min,stddev,p50,p75,p95,p98,p99,p999,mean_rate,m1_rate,m5_rate,m15_rate,rate_unit,duration_unit
1608860185,19,2.531468,0.601795,0.012436,0.347567,0.478816,0.793242,1.274888,1.274888,1.274888,2.531468,0.063322,0.030362,0.323425,0.589347,calls/second,milliseconds
1608860485,72,2.531468,0.205644,0.012436,0.178983,0.128255,0.347086,0.524365,0.524365,0.552257,0.574989,0.119989,0.196647,0.245186,0.474809,calls/second,milliseconds
1608860657,79,2.531468,0.273045,0.012436,0.148327,0.259046,0.443616,0.472340,0.472340,0.524365,0.574989,0.102275,0.020312,0.144127,0.395102,calls/second,milliseconds
1608860657,79,2.531468,0.273045,0.012436,0.148327,0.259046,0.443616,0.472340,0.472340,0.524365,0.574989,0.102274,0.020312,0.144127,0.395102,calls/second,milliseconds
