t,count,max,mean,min,stddev,p50,p75,p95,p98,p99,p999,mean_rate,m1_rate,m5_rate,m15_rate,rate_unit,duration_unit
1607882948,62,3.317378,0.419861,0.011987,0.480725,0.375818,0.523353,1.461697,1.593731,2.606441,2.606441,0.206668,0.271591,1.263641,2.221683,calls/second,milliseconds
1607882977,67,4.629862,0.773632,0.011987,1.196894,0.278457,0.637532,4.629862,4.629862,4.629862,4.629862,0.203697,0.180719,1.146695,2.149956,calls/second,milliseconds
1607882977,67,4.629862,0.773632,0.011987,1.196894,0.278457,0.637532,4.629862,4.629862,4.629862,4.629862,0.203688,0.180719,1.146695,2.149956,calls/second,milliseconds
