t,count,max,mean,min,stddev,p50,p75,p95,p98,p99,p999,mean_rate,m1_rate,m5_rate,m15_rate,rate_unit,duration_unit
1609426118,19,4.585670,0.264575,0.002077,0.522189,0.294213,0.294213,0.451736,0.899544,4.585670,4.585670,0.063336,0.034673,1.149547,2.177416,calls/second,milliseconds
1609426418,73,4.585670,0.216214,0.001982,0.271272,0.102093,0.396524,0.674491,1.230034,1.230034,1.300552,0.121666,0.044352,0.509639,1.599692,calls/second,milliseconds
1609426506,79,4.585670,0.652057,0.001982,0.736510,0.184636,1.385648,1.912762,1.912762,1.912762,1.912762,0.114718,0.026430,0.389520,1.457623,calls/second,milliseconds
1609426506,79,4.585670,0.652057,0.001982,0.736510,0.184636,1.385648,1.912762,1.912762,1.912762,1.912762,0.114716,0.026430,0.389520,1.457623,calls/second,milliseconds
