t,count,max,mean,min,stddev,p50,p75,p95,p98,p99,p999,mean_rate,m1_rate,m5_rate,m15_rate,rate_unit,duration_unit
1607880633,65,4.595878,0.436169,0.003445,0.553100,0.208670,0.570677,1.539595,1.539595,2.698889,4.595878,0.396401,0.580272,1.920490,2.573864,calls/second,milliseconds
1607880633,65,4.595878,0.436169,0.003445,0.553100,0.208670,0.570677,1.539595,1.539595,2.698889,4.595878,0.396368,0.580272,1.920490,2.573864,calls/second,milliseconds
