t,count,max,mean,min,stddev,p50,p75,p95,p98,p99,p999,mean_rate,m1_rate,m5_rate,m15_rate,rate_unit,duration_unit
1609240236,71,0.075489,0.007574,0.000967,0.005981,0.005522,0.007856,0.021088,0.024483,0.024483,0.025800,0.253982,0.226939,0.471213,0.654366,calls/second,milliseconds
1609240236,71,0.075489,0.007574,0.000967,0.005981,0.005522,0.007856,0.021088,0.024483,0.024483,0.025800,0.253974,0.226939,0.471213,0.654366,calls/second,milliseconds
