t,count,max,mean,min,stddev,p50,p75,p95,p98,p99,p999,mean_rate,m1_rate,m5_rate,m15_rate,rate_unit,duration_unit
1608062755,19,5.947156,1.115159,0.016351,0.783725,1.056331,1.207701,2.126939,2.126939,5.947156,5.947156,0.063314,0.020263,0.322338,0.589195,calls/second,milliseconds
1608063055,72,181.089675,2.823273,0.010711,21.429869,0.145305,0.264710,1.029784,1.310757,181.089675,181.089675,0.119983,0.327751,0.256719,0.476236,calls/second,milliseconds
1608063355,77,181.089675,1.642872,0.010711,9.927071,0.695491,1.480112,4.257923,4.257923,4.257923,181.089675,0.085547,0.015109,0.104530,0.345897,calls/second,milliseconds
1608063510,84,181.089675,0.952954,0.010711,1.729035,0.500505,1.620234,2.937189,2.937189,2.937189,4.257923,0.079622,0.021588,0.071359,0.295875,calls/second,milliseconds
1608063510,84,181.089675,0.952954,0.010711,1.729035,0.500505,1.620234,2.937189,2.937189,2.937189,4.257923,0.079621,0.083826,0.083403,0.298668,calls/second,milliseconds
