t,count,max,mean,min,stddev,p50,p75,p95,p98,p99,p999,mean_rate,m1_rate,m5_rate,m15_rate,rate_unit,duration_unit
1617584440,32,0.139450,0.025441,0.000514,0.035733,0.005464,0.030773,0.094817,0.139450,0.139450,0.139450,0.106657,0.189627,1.171996,2.179626,calls/second,milliseconds
1617584608,68,0.206428,0.018950,0.000463,0.036727,0.002560,0.006971,0.088663,0.139450,0.206428,0.206428,0.145545,0.075099,0.744609,1.845159,calls/second,milliseconds
1617584608,68,0.206428,0.018950,0.000463,0.036727,0.002560,0.006971,0.088663,0.139450,0.206428,0.206428,0.145544,0.075099,0.744609,1.845159,calls/second,milliseconds
