t,count,max,mean,min,stddev,p50,p75,p95,p98,p99,p999,mean_rate,m1_rate,m5_rate,m15_rate,rate_unit,duration_unit
1617575895,19,0.442648,0.292593,0.001949,0.176883,0.442648,0.442648,0.442648,0.442648,0.442648,0.442648,0.063328,0.039765,1.131581,2.165502,calls/second,milliseconds
1617576196,67,0.442648,0.045471,0.001949,0.064072,0.016447,0.037135,0.174562,0.174562,0.315444,0.442648,0.111651,0.078410,0.511927,1.596463,calls/second,milliseconds
1617576311,73,0.542112,0.069341,0.001949,0.119394,0.035250,0.064155,0.542112,0.542112,0.542112,0.542112,0.102004,0.028569,0.354641,1.407074,calls/second,milliseconds
1617576311,73,0.542112,0.069341,0.001949,0.119394,0.035250,0.064155,0.542112,0.542112,0.542112,0.542112,0.102003,0.028569,0.354641,1.407074,calls/second,milliseconds
