t,count,max,mean,min,stddev,p50,p75,p95,p98,p99,p999,mean_rate,m1_rate,m5_rate,m15_rate,rate_unit,duration_unit
1617634496,32,0.245706,0.007361,0.000117,0.017302,0.002340,0.007854,0.042469,0.042469,0.065850,0.245706,0.106658,0.197197,1.171510,2.179530,calls/second,milliseconds
1617634738,70,0.245706,0.011768,0.000117,0.019215,0.002424,0.023443,0.065503,0.065503,0.065503,0.065503,0.129090,0.035715,0.587385,1.700037,calls/second,milliseconds
1617634738,70,0.245706,0.011768,0.000117,0.019215,0.002424,0.023443,0.065503,0.065503,0.065503,0.065503,0.129088,0.035715,0.587385,1.700037,calls/second,milliseconds
