t,count,max,mean,min,stddev,p50,p75,p95,p98,p99,p999,mean_rate,m1_rate,m5_rate,m15_rate,rate_unit,duration_unit
1610258873,19,0.842316,0.055630,0.002351,0.127585,0.022200,0.027280,0.140914,0.595623,0.842316,0.842316,0.063335,0.023385,0.328150,0.592549,calls/second,milliseconds
1610259173,67,2.963828,0.338211,0.002351,0.528464,0.091020,0.460907,1.708710,1.921934,2.472456,2.963828,0.111670,0.106253,0.223644,0.470513,calls/second,milliseconds
1610259288,73,2.963828,0.477330,0.002351,0.588385,0.104951,0.719284,1.575182,1.575182,1.708710,2.963828,0.102193,0.030050,0.157964,0.416160,calls/second,milliseconds
1610259288,73,2.963828,0.477330,0.002351,0.588385,0.104951,0.719284,1.575182,1.575182,1.708710,2.963828,0.102192,0.030050,0.157964,0.416160,calls/second,milliseconds
