t,count,max,mean,min,stddev,p50,p75,p95,p98,p99,p999,mean_rate,m1_rate,m5_rate,m15_rate,rate_unit,duration_unit
1608468472,66,1.106910,0.258115,0.002729,0.311989,0.097405,0.345514,0.959894,0.959894,0.959894,1.106910,0.223717,0.137767,0.427032,0.635374,calls/second,milliseconds
1608468472,66,1.106910,0.258115,0.002729,0.311989,0.097405,0.345514,0.959894,0.959894,0.959894,1.106910,0.223705,0.137767,0.427032,0.635374,calls/second,milliseconds
