t,count,max,mean,min,stddev,p50,p75,p95,p98,p99,p999,mean_rate,m1_rate,m5_rate,m15_rate,rate_unit,duration_unit
1617670924,44,0.325203,0.015213,0.000277,0.039229,0.002746,0.007923,0.056480,0.065346,0.325203,0.325203,0.146652,0.346573,1.209328,2.192628,calls/second,milliseconds
1617671026,68,0.412019,0.039214,0.000227,0.102762,0.003286,0.011266,0.412019,0.412019,0.412019,0.412019,0.168932,0.175783,0.919607,1.982641,calls/second,milliseconds
1617671026,68,0.412019,0.039214,0.000227,0.102762,0.003286,0.011266,0.412019,0.412019,0.412019,0.412019,0.168575,0.175783,0.919607,1.982641,calls/second,milliseconds
