t,count,max,mean,min,stddev,p50,p75,p95,p98,p99,p999,mean_rate,m1_rate,m5_rate,m15_rate,rate_unit,duration_unit
1618761094,62,5.842590,0.443736,0.030263,0.655143,0.216439,0.353919,2.194653,2.308717,2.308717,4.620190,0.206595,0.247219,0.435628,0.633356,calls/second,milliseconds
1618761192,68,8.943060,1.152172,0.030263,2.404206,0.307593,1.000478,8.943060,8.943060,8.943060,8.943060,0.171056,0.067787,0.323106,0.572018,calls/second,milliseconds
1618761192,68,8.943060,1.152172,0.030263,2.404206,0.307593,1.000478,8.943060,8.943060,8.943060,8.943060,0.171051,0.067787,0.323106,0.572018,calls/second,milliseconds
