t,count,max,mean,min,stddev,p50,p75,p95,p98,p99,p999,mean_rate,m1_rate,m5_rate,m15_rate,rate_unit,duration_unit
1609283530,27,22.078716,1.530187,0.004473,2.910974,0.174247,1.635757,7.272380,7.272380,7.272380,22.078716,0.089991,0.034594,0.051976,0.024906,calls/second,milliseconds
1609283714,28,22.078716,1.085560,0.004473,1.114696,1.011521,1.011521,1.011521,5.996949,6.860570,7.272380,0.057807,0.001722,0.028525,0.020392,calls/second,milliseconds
1609283714,28,22.078716,1.085560,0.004473,1.114696,1.011521,1.011521,1.011521,5.996949,6.860570,7.272380,0.057806,0.001722,0.028525,0.020392,calls/second,milliseconds
