t,count,max,mean,min,stddev,p50,p75,p95,p98,p99,p999,mean_rate,m1_rate,m5_rate,m15_rate,rate_unit,duration_unit
1607724473,67,2.436039,0.886251,0.008528,0.911163,0.343897,1.863669,2.434924,2.434924,2.434924,2.436039,0.276499,0.095034,0.479767,0.670777,calls/second,milliseconds
1607724473,67,2.436039,0.886251,0.008528,0.911163,0.343897,1.863669,2.434924,2.434924,2.434924,2.436039,0.276479,0.095034,0.479767,0.670777,calls/second,milliseconds
