t,count,max,mean,min,stddev,p50,p75,p95,p98,p99,p999,mean_rate,m1_rate,m5_rate,m15_rate,rate_unit,duration_unit
1617583269,32,6.634744,0.532135,0.021767,0.891230,0.275723,0.568726,2.482228,4.137426,4.137426,6.634744,0.106624,0.191026,1.171371,2.179520,calls/second,milliseconds
1617583486,70,6.634744,0.634005,0.009561,0.899517,0.274650,1.000372,3.148928,3.148928,3.148928,4.137426,0.135247,0.048725,0.636241,1.747572,calls/second,milliseconds
1617583486,70,6.634744,0.634005,0.009561,0.899517,0.274650,1.000372,3.148928,3.148928,3.148928,4.137426,0.135246,0.048725,0.636241,1.747572,calls/second,milliseconds
