t,count,max,mean,min,stddev,p50,p75,p95,p98,p99,p999,mean_rate,m1_rate,m5_rate,m15_rate,rate_unit,duration_unit
1617623933,19,0.174740,0.064420,0.001374,0.058153,0.039171,0.056449,0.174740,0.174740,0.174740,0.174740,0.063327,0.033701,1.130830,2.165395,calls/second,milliseconds
1617624233,67,0.373161,0.017336,0.001374,0.030684,0.006204,0.009320,0.071690,0.071690,0.092683,0.373161,0.111662,0.057786,0.505530,1.595387,calls/second,milliseconds
1617624337,73,0.373161,0.018077,0.001374,0.026386,0.005956,0.010818,0.076123,0.076123,0.076123,0.092683,0.103673,0.025335,0.367759,1.429701,calls/second,milliseconds
1617624337,73,0.373161,0.018077,0.001374,0.026386,0.005956,0.010818,0.076123,0.076123,0.076123,0.092683,0.103673,0.025335,0.367759,1.429701,calls/second,milliseconds
