t,count,max,mean,min,stddev,p50,p75,p95,p98,p99,p999,mean_rate,m1_rate,m5_rate,m15_rate,rate_unit,duration_unit
1609998955,44,0.446566,0.040100,0.003426,0.079488,0.017020,0.029987,0.116533,0.446566,0.446566,0.446566,0.146653,0.359727,1.210381,2.192768,calls/second,milliseconds
1609999032,68,0.446566,0.037840,0.002249,0.063544,0.016117,0.028586,0.175275,0.175275,0.446566,0.446566,0.180353,0.239232,0.998227,2.038356,calls/second,milliseconds
1609999032,68,0.446566,0.037840,0.002249,0.063544,0.016117,0.028586,0.175275,0.175275,0.446566,0.446566,0.180347,0.239232,0.998227,2.038356,calls/second,milliseconds
