t,count,max,mean,min,stddev,p50,p75,p95,p98,p99,p999,mean_rate,m1_rate,m5_rate,m15_rate,rate_unit,duration_unit
1618604701,19,14.866372,2.688539,0.043792,1.978255,3.097125,3.097125,3.965024,3.965024,14.866372,14.866372,0.063304,0.019544,0.322677,0.589273,calls/second,milliseconds
1618605001,67,14.866372,0.851572,0.029174,0.861897,0.447739,1.241725,3.268931,3.268931,3.268931,3.268931,0.111640,0.033122,0.198474,0.464431,calls/second,milliseconds
1618605069,72,14.866372,1.072608,0.029174,0.820752,1.241725,1.952923,2.123970,2.123970,3.268931,3.268931,0.107757,0.018160,0.162609,0.433120,calls/second,milliseconds
1618605069,72,14.866372,1.072608,0.029174,0.820752,1.241725,1.952923,2.123970,2.123970,3.268931,3.268931,0.107754,0.018160,0.162609,0.433120,calls/second,milliseconds
