t,count,max,mean,min,stddev,p50,p75,p95,p98,p99,p999,mean_rate,m1_rate,m5_rate,m15_rate,rate_unit,duration_unit
1608520089,19,2.863329,0.574182,0.005417,0.397118,0.609605,0.609605,0.723827,2.516156,2.863329,2.863329,0.063319,0.021371,0.322486,0.589216,calls/second,milliseconds
1608520389,37,2.863329,0.246117,0.005417,0.202603,0.245306,0.311367,0.604272,0.618184,0.618184,0.618184,0.061660,0.118896,0.166133,0.440604,calls/second,milliseconds
1608520689,73,2.863329,0.388637,0.005417,0.236857,0.537364,0.537364,0.757380,0.757380,0.757380,0.776392,0.081105,0.021373,0.113964,0.346006,calls/second,milliseconds
1608520737,78,2.863329,0.228732,0.005417,0.183173,0.185983,0.338600,0.537364,0.607422,0.607422,0.776392,0.082287,0.021554,0.101183,0.330215,calls/second,milliseconds
1608520737,78,2.863329,0.228732,0.005417,0.183173,0.185983,0.338600,0.537364,0.607422,0.607422,0.776392,0.082286,0.021554,0.101183,0.330215,calls/second,milliseconds
