t,count,max,mean,min,stddev,p50,p75,p95,p98,p99,p999,mean_rate,m1_rate,m5_rate,m15_rate,rate_unit,duration_unit
1609424725,19,2.408235,0.088166,0.005582,0.264268,0.030534,0.030534,0.299259,0.812561,2.408235,2.408235,0.063338,0.038943,1.150133,2.177501,calls/second,milliseconds
1609424961,71,2.408235,0.570551,0.005202,0.600139,0.392028,1.047652,1.726354,1.726354,2.324387,2.324387,0.132640,0.107514,0.617653,1.715230,calls/second,milliseconds
1609424961,71,2.408235,0.570551,0.005202,0.600139,0.392028,1.047652,1.726354,1.726354,2.324387,2.324387,0.132637,0.107514,0.617653,1.715230,calls/second,milliseconds
