t,count,max,mean,min,stddev,p50,p75,p95,p98,p99,p999,mean_rate,m1_rate,m5_rate,m15_rate,rate_unit,duration_unit
1617641722,19,0.063814,0.034704,0.000039,0.016931,0.029037,0.054743,0.060447,0.060447,0.060447,0.063814,0.063328,0.046805,1.132229,2.165591,calls/second,milliseconds
1617642022,67,0.460661,0.030040,0.000039,0.066660,0.010490,0.023128,0.054613,0.244957,0.460661,0.460661,0.111663,0.055364,0.500921,1.594627,calls/second,milliseconds
1617642129,72,0.460661,0.041152,0.000039,0.057880,0.021226,0.084109,0.158500,0.158500,0.158500,0.460661,0.101791,0.048800,0.364963,1.423316,calls/second,milliseconds
1617642129,72,0.460661,0.041152,0.000039,0.057880,0.021226,0.084109,0.158500,0.158500,0.158500,0.460661,0.101789,0.048800,0.364963,1.423316,calls/second,milliseconds
