t,count,max,mean,min,stddev,p50,p75,p95,p98,p99,p999,mean_rate,m1_rate,m5_rate,m15_rate,rate_unit,duration_unit
1617577705,62,4.166163,0.239290,0.032951,0.548983,0.122077,0.181863,0.588201,1.557231,4.166163,4.166163,9.853374,12.200000,12.200000,12.200000,calls/second,milliseconds
1617577705,62,4.166163,0.239290,0.032951,0.548983,0.122077,0.181863,0.588201,1.557231,4.166163,4.166163,9.839314,12.200000,12.200000,12.200000,calls/second,milliseconds
