t,count,max,mean,min,stddev,p50,p75,p95,p98,p99,p999,mean_rate,m1_rate,m5_rate,m15_rate,rate_unit,duration_unit
1609384373,19,0.296748,0.032497,0.001184,0.031273,0.033333,0.033333,0.036271,0.074420,0.296748,0.296748,0.063328,0.033701,1.130830,2.165395,calls/second,milliseconds
1609384673,68,0.296748,0.044319,0.001184,0.049288,0.018548,0.070260,0.103196,0.226797,0.226797,0.226797,0.113329,0.049975,0.505301,1.595996,calls/second,milliseconds
1609384973,73,1.580773,0.226508,0.001184,0.437943,0.091986,0.091986,1.580773,1.580773,1.580773,1.580773,0.081108,0.012206,0.195812,1.148214,calls/second,milliseconds
1609385273,78,1.580773,0.075142,0.001184,0.051230,0.068513,0.068513,0.093683,0.093683,0.093683,1.580773,0.064999,0.011951,0.081957,0.827364,calls/second,milliseconds
1609385573,83,1.580773,0.049517,0.001184,0.009425,0.045090,0.060763,0.060763,0.060763,0.062674,0.093683,0.055332,0.011950,0.040072,0.597465,calls/second,milliseconds
1609385873,88,1.580773,0.060964,0.001184,0.004883,0.063134,0.063134,0.063134,0.071480,0.071480,0.071480,0.048888,0.011950,0.024664,0.432735,calls/second,milliseconds
1609386173,101,1.580773,0.026771,0.001184,0.023317,0.015836,0.047806,0.063943,0.063943,0.063943,0.063943,0.048095,0.050003,0.034821,0.322006,calls/second,milliseconds
1609386227,103,1.580773,0.028417,0.001184,0.017194,0.035637,0.035637,0.054133,0.063943,0.063943,0.063943,0.047810,0.030655,0.032417,0.305671,calls/second,milliseconds
1609386227,103,1.580773,0.028417,0.001184,0.017194,0.035637,0.035637,0.054133,0.063943,0.063943,0.063943,0.047810,0.030655,0.032417,0.305671,calls/second,milliseconds
