t,count,max,mean,min,stddev,p50,p75,p95,p98,p99,p999,mean_rate,m1_rate,m5_rate,m15_rate,rate_unit,duration_unit
1607889231,19,0.259706,0.110054,0.002715,0.064636,0.130923,0.130923,0.259706,0.259706,0.259706,0.259706,0.063328,0.020263,0.322338,0.589195,calls/second,milliseconds
1607889531,68,0.282261,0.056633,0.001809,0.060601,0.019470,0.124520,0.133440,0.215670,0.215670,0.282261,0.113269,0.041252,0.203529,0.465858,calls/second,milliseconds
1607889759,76,0.500412,0.073359,0.001809,0.101768,0.037666,0.094129,0.133440,0.500412,0.500412,0.500412,0.091791,0.017342,0.105379,0.366722,calls/second,milliseconds
1607889759,76,0.500412,0.073359,0.001809,0.101768,0.037666,0.094129,0.133440,0.500412,0.500412,0.500412,0.091699,0.017342,0.105379,0.366722,calls/second,milliseconds
