t,count,max,mean,min,stddev,p50,p75,p95,p98,p99,p999,mean_rate,m1_rate,m5_rate,m15_rate,rate_unit,duration_unit
1617677939,17,39.638020,1.296560,0.005060,2.702597,0.152629,1.224161,8.458592,8.458592,8.458592,39.638020,0.056661,0.144542,0.410964,0.733499,calls/second,milliseconds
1617678064,28,39.638020,1.502240,0.003870,2.478664,0.190320,1.834627,8.458592,8.745747,8.745747,8.745747,0.065935,0.053124,0.299648,0.651921,calls/second,milliseconds
1617678064,28,39.638020,1.502240,0.003870,2.478664,0.190320,1.834627,8.458592,8.745747,8.745747,8.745747,0.065934,0.053124,0.299648,0.651921,calls/second,milliseconds
