t,count,max,mean,min,stddev,p50,p75,p95,p98,p99,p999,mean_rate,m1_rate,m5_rate,m15_rate,rate_unit,duration_unit
1617623158,19,6.123630,0.167245,0.014097,0.491523,0.079575,0.082999,0.384038,0.732495,0.806026,6.123630,0.063338,0.033491,1.147896,2.176541,calls/second,milliseconds
1617623458,67,6.123630,0.302576,0.009637,0.360586,0.190132,0.370320,0.706512,1.890260,2.252705,2.252705,0.111670,0.053451,0.511039,1.603267,calls/second,milliseconds
1617623551,72,6.123630,0.348160,0.009637,0.306003,0.228524,0.459648,0.842338,0.842338,0.842338,2.252705,0.103876,0.024240,0.377770,1.444733,calls/second,milliseconds
1617623551,72,6.123630,0.348160,0.009637,0.306003,0.228524,0.459648,0.842338,0.842338,0.842338,2.252705,0.103875,0.024240,0.377770,1.444733,calls/second,milliseconds
