t,count,max,mean,min,stddev,p50,p75,p95,p98,p99,p999,mean_rate,m1_rate,m5_rate,m15_rate,rate_unit,duration_unit
1608503766,64,10.815023,0.604350,0.021093,1.758555,0.204931,0.357720,1.895192,9.144542,10.815023,10.815023,1.589054,2.340517,2.816112,2.935176,calls/second,milliseconds
1608503766,64,10.815023,0.604350,0.021093,1.758555,0.204931,0.357720,1.895192,9.144542,10.815023,10.815023,1.588509,2.340517,2.816112,2.935176,calls/second,milliseconds
