t,count,max,mean,min,stddev,p50,p75,p95,p98,p99,p999,mean_rate,m1_rate,m5_rate,m15_rate,rate_unit,duration_unit
1617641144,44,0.193120,0.019628,0.001647,0.025309,0.008777,0.015468,0.073433,0.097167,0.097167,0.097167,0.146655,0.346956,1.209425,2.192647,calls/second,milliseconds
1617641359,69,0.193120,0.025121,0.001647,0.032883,0.009650,0.047503,0.119160,0.119160,0.119160,0.119160,0.133984,0.085227,0.650528,1.758993,calls/second,milliseconds
1617641359,69,0.193120,0.025121,0.001647,0.032883,0.009650,0.047503,0.119160,0.119160,0.119160,0.119160,0.133982,0.085227,0.650528,1.758993,calls/second,milliseconds
