t,count,max,mean,min,stddev,p50,p75,p95,p98,p99,p999,mean_rate,m1_rate,m5_rate,m15_rate,rate_unit,duration_unit
1610000337,19,0.151897,0.107222,0.005276,0.045992,0.138633,0.138633,0.151897,0.151897,0.151897,0.151897,0.063328,0.032491,0.323832,0.589419,calls/second,milliseconds
1610000637,68,0.151897,0.058303,0.003246,0.035901,0.071080,0.080150,0.139536,0.139536,0.139536,0.147423,0.113329,0.037394,0.194307,0.464193,calls/second,milliseconds
1610000656,72,0.167591,0.061004,0.003246,0.054286,0.042763,0.080150,0.167591,0.167591,0.167591,0.167591,0.116294,0.029122,0.184830,0.456520,calls/second,milliseconds
1610000656,72,0.167591,0.061004,0.003246,0.054286,0.042763,0.080150,0.167591,0.167591,0.167591,0.167591,0.116292,0.029122,0.184830,0.456520,calls/second,milliseconds
