t,count,max,mean,min,stddev,p50,p75,p95,p98,p99,p999,mean_rate,m1_rate,m5_rate,m15_rate,rate_unit,duration_unit
1617663115,19,5.326972,0.358546,0.016177,0.518317,0.294794,0.294794,1.035245,1.174170,1.757530,5.326972,0.063339,0.046728,1.150923,2.177611,calls/second,milliseconds
1617663415,67,5.326972,0.325825,0.004770,0.365486,0.179586,0.509783,1.472531,1.583631,1.583631,1.583631,0.111649,0.061020,0.505822,1.595488,calls/second,milliseconds
1617663417,71,5.326972,0.313678,0.004770,0.309685,0.179586,0.509783,0.668934,1.472531,1.583631,1.583631,0.117942,0.061020,0.505822,1.595488,calls/second,milliseconds
1617663417,71,5.326972,0.313678,0.004770,0.309685,0.179586,0.509783,0.668934,1.472531,1.583631,1.583631,0.117941,0.061020,0.505822,1.595488,calls/second,milliseconds
