t,count,max,mean,min,stddev,p50,p75,p95,p98,p99,p999,mean_rate,m1_rate,m5_rate,m15_rate,rate_unit,duration_unit
1609287108,63,2.549991,0.285412,0.002986,0.344066,0.137795,0.438925,0.941108,1.704777,1.704777,1.704777,0.209980,0.354301,0.447267,0.635552,calls/second,milliseconds
1609287408,68,2.549991,0.067900,0.002986,0.171508,0.031563,0.031563,0.385476,0.646082,0.941108,1.704777,0.113334,0.023864,0.178455,0.462746,calls/second,milliseconds
1609287523,74,2.549991,0.243912,0.002986,0.251567,0.068818,0.548558,0.587237,0.587237,0.587237,0.646082,0.103502,0.023635,0.127545,0.409372,calls/second,milliseconds
1609287523,74,2.549991,0.243912,0.002986,0.251567,0.068818,0.548558,0.587237,0.587237,0.587237,0.646082,0.103501,0.023635,0.127545,0.409372,calls/second,milliseconds
