t,count,max,mean,min,stddev,p50,p75,p95,p98,p99,p999,mean_rate,m1_rate,m5_rate,m15_rate,rate_unit,duration_unit
1607889231,19,3.849382,0.165601,0.001412,0.476946,0.042720,0.052703,0.644282,1.019147,3.849382,3.849382,0.063336,0.022024,0.327755,0.592477,calls/second,milliseconds
1607889531,68,4.009863,0.381142,0.000797,0.524255,0.147833,0.599319,1.236867,1.565824,1.775984,4.009863,0.113276,0.041252,0.203529,0.465858,calls/second,milliseconds
1607889759,76,4.009863,0.631067,0.000797,0.639599,0.161426,1.271478,1.548151,1.548151,1.548151,1.548151,0.091795,0.017342,0.105379,0.366722,calls/second,milliseconds
1607889759,76,4.009863,0.631067,0.000797,0.639599,0.161426,1.271478,1.548151,1.548151,1.548151,1.548151,0.091703,0.017342,0.105379,0.366722,calls/second,milliseconds
