t,count,max,mean,min,stddev,p50,p75,p95,p98,p99,p999,mean_rate,m1_rate,m5_rate,m15_rate,rate_unit,duration_unit
1617630872,32,4.589966,0.315771,0.019258,0.368980,0.199444,0.291150,1.364325,1.364325,1.382928,1.382928,0.106625,0.195970,1.172010,2.179611,calls/second,milliseconds
1617631126,70,4.589966,0.335039,0.019258,0.314793,0.221568,0.580444,0.837610,1.023070,1.023070,1.364325,0.126225,0.032948,0.567957,1.681228,calls/second,milliseconds
1617631126,70,4.589966,0.335039,0.019258,0.314793,0.221568,0.580444,0.837610,1.023070,1.023070,1.364325,0.126222,0.032948,0.567957,1.681228,calls/second,milliseconds
