t,count,max,mean,min,stddev,p50,p75,p95,p98,p99,p999,mean_rate,m1_rate,m5_rate,m15_rate,rate_unit,duration_unit
1617674103,32,8.796473,0.325460,0.020188,0.372876,0.302443,0.395331,0.722609,1.099429,1.099429,8.796473,0.106620,0.181779,1.171144,2.179506,calls/second,milliseconds
1617674225,68,8.796473,0.390850,0.012025,0.518620,0.198210,0.334660,1.483330,1.483330,2.941362,2.941362,0.161063,0.145036,0.863466,1.939520,calls/second,milliseconds
1617674225,68,8.796473,0.390850,0.012025,0.518620,0.198210,0.334660,1.483330,1.483330,2.941362,2.941362,0.161059,0.145036,0.863466,1.939520,calls/second,milliseconds
