t,count,max,mean,min,stddev,p50,p75,p95,p98,p99,p999,mean_rate,m1_rate,m5_rate,m15_rate,rate_unit,duration_unit
1617669555,43,3.000538,0.355778,0.003832,0.618634,0.232226,0.402439,0.925724,3.000538,3.000538,3.000538,0.143338,0.348328,1.226253,2.203746,calls/second,milliseconds
1617669656,67,3.000538,0.351403,0.003832,0.453265,0.178245,0.453805,0.886547,1.480084,3.000538,3.000538,0.166830,0.150022,0.915188,1.981402,calls/second,milliseconds
1617669656,67,3.000538,0.351403,0.003832,0.453265,0.178245,0.453805,0.886547,1.480084,3.000538,3.000538,0.166827,0.150022,0.915188,1.981402,calls/second,milliseconds
