t,count,max,mean,min,stddev,p50,p75,p95,p98,p99,p999,mean_rate,m1_rate,m5_rate,m15_rate,rate_unit,duration_unit
1607893504,5,26.067481,5.225188,0.002965,10.421151,0.018357,0.030951,26.067481,26.067481,26.067481,26.067481,0.016665,0.007324,0.374062,0.720523,calls/second,milliseconds
1607893804,27,26.067481,2.488671,0.002965,4.715377,0.175841,1.131598,14.716777,14.716777,14.716777,14.716777,0.044983,0.057629,0.186409,0.537571,calls/second,milliseconds
1607893976,28,26.067481,1.817556,0.002965,2.353141,1.602652,1.602652,4.356121,11.298845,14.716777,14.716777,0.036280,0.003390,0.105771,0.445043,calls/second,milliseconds
1607893976,28,26.067481,1.817556,0.002965,2.353141,1.602652,1.602652,4.356121,11.298845,14.716777,14.716777,0.036280,0.003390,0.105771,0.445043,calls/second,milliseconds
