t,count,max,mean,min,stddev,p50,p75,p95,p98,p99,p999,mean_rate,m1_rate,m5_rate,m15_rate,rate_unit,duration_unit
1617611583,19,11.333935,2.620533,0.049446,1.099141,3.142455,3.142455,3.142455,3.142455,3.142455,11.333935,0.063290,0.046805,1.132229,2.165591,calls/second,milliseconds
1617611883,67,11.333935,1.299708,0.049446,1.440868,0.758347,1.726914,5.180968,5.180968,5.180968,5.180968,0.111627,0.054823,0.501472,1.594744,calls/second,milliseconds
1617611902,71,11.333935,1.024680,0.049446,1.066308,0.687921,1.653080,1.800974,5.180968,5.180968,5.180968,0.114613,0.042696,0.477015,1.568386,calls/second,milliseconds
1617611902,71,11.333935,1.024680,0.049446,1.066308,0.687921,1.653080,1.800974,5.180968,5.180968,5.180968,0.114609,0.042696,0.477015,1.568386,calls/second,milliseconds
