t,count,max,mean,min,stddev,p50,p75,p95,p98,p99,p999,mean_rate,m1_rate,m5_rate,m15_rate,rate_unit,duration_unit
1608516681,19,3.495342,0.534624,0.010412,0.412240,0.585431,0.585431,0.611425,0.611425,3.495342,3.495342,0.063318,0.019388,0.322433,0.589223,calls/second,milliseconds
1608516981,73,3.495342,0.145277,0.010412,0.139213,0.130045,0.175803,0.405935,0.562516,0.568051,0.903706,0.121652,0.386393,0.263911,0.477869,calls/second,milliseconds
1608517209,81,3.495342,0.297062,0.010412,0.235660,0.324459,0.557779,0.653070,0.653070,0.653070,0.903706,0.097805,0.024150,0.133750,0.376055,calls/second,milliseconds
1608517209,81,3.495342,0.297062,0.010412,0.235660,0.324459,0.557779,0.653070,0.653070,0.653070,0.903706,0.097803,0.024150,0.133750,0.376055,calls/second,milliseconds
