t,count,max,mean,min,stddev,p50,p75,p95,p98,p99,p999,mean_rate,m1_rate,m5_rate,m15_rate,rate_unit,duration_unit
1617638083,24,4.281522,0.847419,0.020485,0.380703,1.022121,1.030995,1.140925,1.789562,1.789562,4.281522,0.079966,0.098503,1.146438,2.170820,calls/second,milliseconds
1617638357,71,4.281522,0.318579,0.009567,0.340940,0.191228,0.478207,1.127014,1.127014,1.127014,1.140925,0.123599,0.037249,0.538598,1.646135,calls/second,milliseconds
1617638357,71,4.281522,0.318579,0.009567,0.340940,0.191228,0.478207,1.127014,1.127014,1.127014,1.140925,0.123597,0.037249,0.538598,1.646135,calls/second,milliseconds
