t,count,max,mean,min,stddev,p50,p75,p95,p98,p99,p999,mean_rate,m1_rate,m5_rate,m15_rate,rate_unit,duration_unit
1617629669,32,3.778378,0.266881,0.007083,0.298649,0.199476,0.415939,1.165745,1.165745,1.165745,3.778378,0.106671,0.215908,1.191863,2.191772,calls/second,milliseconds
1617629924,70,3.778378,0.575500,0.007083,0.589268,0.230020,0.905534,1.680307,1.680307,1.680307,2.026640,0.126114,0.077550,0.567949,1.675141,calls/second,milliseconds
1617629924,70,3.778378,0.575500,0.007083,0.589268,0.230020,0.905534,1.680307,1.680307,1.680307,2.026640,0.126112,0.077550,0.567949,1.675141,calls/second,milliseconds
