t,count,max,mean,min,stddev,p50,p75,p95,p98,p99,p999,mean_rate,m1_rate,m5_rate,m15_rate,rate_unit,duration_unit
1617638083,24,4.877090,0.699798,0.008735,0.894668,0.311550,0.638967,2.445961,2.445961,2.445961,4.877090,0.080004,0.072302,1.158983,2.180685,calls/second,milliseconds
1617638357,71,4.877090,0.569688,0.004987,0.620273,0.137043,1.466491,1.494784,1.494784,1.494784,2.445961,0.123631,0.037249,0.538598,1.646135,calls/second,milliseconds
1617638357,71,4.877090,0.569688,0.004987,0.620273,0.137043,1.466491,1.494784,1.494784,1.494784,2.445961,0.123629,0.037249,0.538598,1.646135,calls/second,milliseconds
