t,count,max,mean,min,stddev,p50,p75,p95,p98,p99,p999,mean_rate,m1_rate,m5_rate,m15_rate,rate_unit,duration_unit
1617653272,19,10.575099,1.965638,0.045360,1.412379,1.657450,2.619859,4.196088,4.196088,10.575099,10.575099,0.063295,0.031900,1.130547,2.165352,calls/second,milliseconds
1617653486,70,10.575099,0.855300,0.045360,1.148588,0.453654,0.660495,3.677061,3.677061,3.677061,7.248005,0.136071,0.122195,0.666445,1.760354,calls/second,milliseconds
1617653486,70,10.575099,0.855300,0.045360,1.148588,0.453654,0.660495,3.677061,3.677061,3.677061,7.248005,0.136066,0.122195,0.666445,1.760354,calls/second,milliseconds
