t,count,max,mean,min,stddev,p50,p75,p95,p98,p99,p999,mean_rate,m1_rate,m5_rate,m15_rate,rate_unit,duration_unit
1617672734,32,7.640660,0.577381,0.013600,1.196754,0.328549,0.791962,1.067035,7.640660,7.640660,7.640660,0.106626,0.223887,1.173580,2.179800,calls/second,milliseconds
1617672894,68,7.640660,0.345750,0.013600,0.494557,0.233579,0.357170,1.067035,1.092872,1.092872,7.640660,0.147638,0.089923,0.759692,1.855833,calls/second,milliseconds
1617672894,68,7.640660,0.345750,0.013600,0.494557,0.233579,0.357170,1.067035,1.092872,1.092872,7.640660,0.147636,0.089923,0.759692,1.855833,calls/second,milliseconds
