t,count,max,mean,min,stddev,p50,p75,p95,p98,p99,p999,mean_rate,m1_rate,m5_rate,m15_rate,rate_unit,duration_unit
1617666264,46,2.887248,0.214737,0.004814,0.241657,0.124883,0.402010,0.769388,0.783530,0.783530,0.922377,0.153340,0.313815,1.226423,2.204465,calls/second,milliseconds
1617666357,68,2.887248,0.318845,0.004814,0.464139,0.083614,0.483536,0.862434,2.822196,2.822196,2.822196,0.172949,0.162547,0.945213,2.004036,calls/second,milliseconds
1617666357,68,2.887248,0.318845,0.004814,0.464139,0.083614,0.483536,0.862434,2.822196,2.822196,2.822196,0.172946,0.162547,0.945213,2.004036,calls/second,milliseconds
