t,count,max,mean,min,stddev,p50,p75,p95,p98,p99,p999,mean_rate,m1_rate,m5_rate,m15_rate,rate_unit,duration_unit
1608282096,19,2.075494,0.453446,0.007455,0.255382,0.481682,0.481682,0.678954,1.070451,2.075494,2.075494,0.063323,0.018306,0.322050,0.589152,calls/second,milliseconds
1608282396,72,2.075494,0.212765,0.004928,0.193530,0.115068,0.426982,0.595808,0.595808,0.595808,0.634241,0.119991,0.032046,0.203795,0.468231,calls/second,milliseconds
1608282456,77,2.075494,0.229519,0.004928,0.170258,0.198548,0.295491,0.514689,0.514689,0.595808,0.634241,0.116707,0.020367,0.172503,0.441527,calls/second,milliseconds
1608282456,77,2.075494,0.229519,0.004928,0.170258,0.198548,0.295491,0.514689,0.514689,0.595808,0.634241,0.116706,0.020367,0.172503,0.441527,calls/second,milliseconds
