t,count,max,mean,min,stddev,p50,p75,p95,p98,p99,p999,mean_rate,m1_rate,m5_rate,m15_rate,rate_unit,duration_unit
1610005050,19,0.226440,0.053618,0.000197,0.055504,0.055157,0.055157,0.226440,0.226440,0.226440,0.226440,0.063326,0.031900,1.130547,2.165352,calls/second,milliseconds
1610005350,68,0.332862,0.033734,0.000197,0.088153,0.002063,0.005346,0.332862,0.332862,0.332862,0.332862,0.113274,0.078584,0.514473,1.597446,calls/second,milliseconds
1610005473,74,0.405573,0.047031,0.000197,0.109983,0.010433,0.028783,0.405573,0.405573,0.405573,0.405573,0.102360,0.019381,0.349867,1.400060,calls/second,milliseconds
1610005473,74,0.405573,0.047031,0.000197,0.109983,0.010433,0.028783,0.405573,0.405573,0.405573,0.405573,0.102359,0.019381,0.349867,1.400060,calls/second,milliseconds
