t,count,max,mean,min,stddev,p50,p75,p95,p98,p99,p999,mean_rate,m1_rate,m5_rate,m15_rate,rate_unit,duration_unit
1608672117,19,0.063569,0.006879,0.000357,0.007602,0.005989,0.005989,0.011762,0.028288,0.063569,0.063569,0.063331,0.018306,0.322050,0.589152,calls/second,milliseconds
1608672417,49,0.063569,0.012820,0.000357,0.013531,0.006883,0.016346,0.057107,0.057107,0.057107,0.057107,0.081665,0.230517,0.200354,0.453198,calls/second,milliseconds
1608672717,77,0.063569,0.009537,0.000357,0.008060,0.004953,0.018861,0.019284,0.025852,0.032712,0.057107,0.085554,0.016780,0.114533,0.348243,calls/second,milliseconds
1608672740,82,0.063569,0.009215,0.000357,0.008305,0.004717,0.013059,0.023224,0.023224,0.023224,0.057107,0.088895,0.025559,0.110343,0.341685,calls/second,milliseconds
1608672740,82,0.063569,0.009215,0.000357,0.008305,0.004717,0.013059,0.023224,0.023224,0.023224,0.057107,0.088895,0.025559,0.110343,0.341685,calls/second,milliseconds
