t,count,max,mean,min,stddev,p50,p75,p95,p98,p99,p999,mean_rate,m1_rate,m5_rate,m15_rate,rate_unit,duration_unit
1617666714,32,6.880752,0.512514,0.023578,0.768466,0.266851,0.503550,2.094896,2.094896,2.094896,6.880752,0.106621,0.218108,1.172781,2.179687,calls/second,milliseconds
1617666856,69,6.880752,0.431448,0.023578,0.794433,0.220735,0.386973,1.017483,5.088947,5.088947,5.088947,0.156241,0.144089,0.815517,1.898639,calls/second,milliseconds
1617666856,69,6.880752,0.431448,0.023578,0.794433,0.220735,0.386973,1.017483,5.088947,5.088947,5.088947,0.156239,0.144089,0.815517,1.898639,calls/second,milliseconds
