t,count,max,mean,min,stddev,p50,p75,p95,p98,p99,p999,mean_rate,m1_rate,m5_rate,m15_rate,rate_unit,duration_unit
1617568596,19,0.410299,0.069952,0.006040,0.043435,0.079008,0.079008,0.079008,0.079863,0.410299,0.410299,0.063327,0.032763,1.130687,2.165374,calls/second,milliseconds
1617568892,71,0.410299,0.058235,0.003776,0.056964,0.036736,0.083744,0.190796,0.190796,0.190796,0.190796,0.119201,0.093320,0.518324,1.606685,calls/second,milliseconds
1617568892,71,0.410299,0.058235,0.003776,0.056964,0.036736,0.083744,0.190796,0.190796,0.190796,0.190796,0.119199,0.093320,0.518324,1.606685,calls/second,milliseconds
