t,count,max,mean,min,stddev,p50,p75,p95,p98,p99,p999,mean_rate,m1_rate,m5_rate,m15_rate,rate_unit,duration_unit
1617591799,19,4.830289,1.884547,0.011277,1.116601,2.831948,2.831948,2.831948,2.831948,2.831948,4.830289,0.063307,0.037033,1.131273,2.165459,calls/second,milliseconds
1617592099,67,4.830289,0.698879,0.010886,0.731430,0.327479,1.023873,1.969499,1.969499,1.969499,2.831948,0.111643,0.039570,0.497115,1.593977,calls/second,milliseconds
1617592115,71,4.830289,0.593017,0.010886,0.564070,0.327479,1.023873,1.969499,1.969499,1.969499,1.969499,0.115165,0.030817,0.472870,1.567631,calls/second,milliseconds
1617592115,71,4.830289,0.593017,0.010886,0.564070,0.327479,1.023873,1.969499,1.969499,1.969499,1.969499,0.115164,0.030817,0.472870,1.567631,calls/second,milliseconds
