t,count,max,mean,min,stddev,p50,p75,p95,p98,p99,p999,mean_rate,m1_rate,m5_rate,m15_rate,rate_unit,duration_unit
1609365204,19,0.159660,0.054764,0.001302,0.027836,0.063626,0.063626,0.063626,0.128575,0.159660,0.159660,0.063326,0.032763,1.130687,2.165374,calls/second,milliseconds
1609365504,67,0.159660,0.021218,0.000934,0.020747,0.014096,0.022429,0.065569,0.069123,0.077333,0.145230,0.111661,0.227858,0.534653,1.599675,calls/second,milliseconds
1609365804,72,0.914021,0.206130,0.000934,0.353461,0.029575,0.047630,0.914021,0.914021,0.914021,0.914021,0.079997,0.012455,0.206446,1.150824,calls/second,milliseconds
1609366104,77,0.914021,0.036658,0.000934,0.050856,0.016723,0.053784,0.082216,0.082216,0.082216,0.914021,0.064165,0.011004,0.085705,0.829208,calls/second,milliseconds
1609366404,82,0.914021,0.048684,0.000934,0.009434,0.054114,0.054114,0.054114,0.054114,0.054114,0.082216,0.054665,0.010994,0.041287,0.598761,calls/second,milliseconds
1609366704,87,0.914021,0.049115,0.000934,0.006879,0.050923,0.050923,0.050923,0.054114,0.055120,0.055120,0.048332,0.010994,0.024947,0.433638,calls/second,milliseconds
1609367004,98,0.914021,0.047731,0.000934,0.014223,0.053997,0.053997,0.055608,0.056523,0.056523,0.056523,0.046666,0.011835,0.026627,0.320170,calls/second,milliseconds
1609367304,103,0.914021,0.112890,0.000934,0.027242,0.115311,0.128827,0.128827,0.128827,0.248806,0.248806,0.042916,0.011000,0.019554,0.234019,calls/second,milliseconds
1609367498,111,0.914021,0.055794,0.000934,0.042453,0.037060,0.119680,0.119680,0.119680,0.119680,0.128827,0.042798,0.041535,0.028407,0.196595,calls/second,milliseconds
1609367498,111,0.914021,0.055794,0.000934,0.042453,0.037060,0.119680,0.119680,0.119680,0.119680,0.128827,0.042797,0.041535,0.028407,0.196595,calls/second,milliseconds
