t,count,max,mean,min,stddev,p50,p75,p95,p98,p99,p999,mean_rate,m1_rate,m5_rate,m15_rate,rate_unit,duration_unit
1618833362,65,0.040902,0.008437,0.000330,0.006787,0.008943,0.015600,0.015863,0.015863,0.015863,0.040902,0.216647,0.100140,4.572059,8.794186,calls/second,milliseconds
1618833662,70,0.040902,0.010250,0.000330,0.004715,0.007363,0.011154,0.018406,0.018406,0.018406,0.018406,0.116662,0.011595,1.691724,6.305917,calls/second,milliseconds
1618833962,75,0.040902,0.008235,0.000330,0.001262,0.008920,0.008920,0.008920,0.008920,0.008920,0.018406,0.083331,0.010998,0.632109,4.522994,calls/second,milliseconds
1618834013,77,0.040902,0.012868,0.000330,0.004285,0.016834,0.016834,0.016834,0.016834,0.016834,0.016834,0.080940,0.012990,0.537961,4.279629,calls/second,milliseconds
1618834013,77,0.040902,0.012868,0.000330,0.004285,0.016834,0.016834,0.016834,0.016834,0.016834,0.016834,0.080939,0.012990,0.537961,4.279629,calls/second,milliseconds
