t,count,max,mean,min,stddev,p50,p75,p95,p98,p99,p999,mean_rate,m1_rate,m5_rate,m15_rate,rate_unit,duration_unit
1609301506,19,1.116829,0.060108,0.001102,0.155911,0.020292,0.026284,0.244816,0.586115,1.116829,1.116829,0.063336,0.022535,0.328501,0.592628,calls/second,milliseconds
1609301806,68,1.223242,0.362887,0.000752,0.355923,0.243148,0.551187,1.223242,1.223242,1.223242,1.223242,0.113335,0.207842,0.236511,0.472968,calls/second,milliseconds
1609302106,73,1.223242,0.062408,0.000752,0.179939,0.002760,0.024231,0.517745,0.768466,0.786158,1.223242,0.081112,0.015422,0.097266,0.343581,calls/second,milliseconds
1609302406,78,1.223242,0.008841,0.000752,0.023166,0.002080,0.022640,0.022640,0.025418,0.025418,0.230587,0.065000,0.014126,0.046040,0.250871,calls/second,milliseconds
1609302706,83,1.223242,0.019952,0.000752,0.011415,0.025702,0.025702,0.034185,0.034185,0.034185,0.034185,0.055333,0.014117,0.027196,0.184441,calls/second,milliseconds
1609303006,88,1.223242,0.015941,0.000752,0.020805,0.003190,0.027897,0.051641,0.051641,0.051641,0.051641,0.048889,0.014117,0.020263,0.136842,calls/second,milliseconds
1609303189,100,1.223242,0.335238,0.000752,0.396289,0.053915,0.674177,0.981878,0.981878,0.981878,0.981878,0.050437,0.018544,0.027834,0.119033,calls/second,milliseconds
1609303189,100,1.223242,0.335238,0.000752,0.396289,0.053915,0.674177,0.981878,0.981878,0.981878,0.981878,0.050437,0.018544,0.027834,0.119033,calls/second,milliseconds
