t,count,max,mean,min,stddev,p50,p75,p95,p98,p99,p999,mean_rate,m1_rate,m5_rate,m15_rate,rate_unit,duration_unit
1610205134,19,1.935207,0.066053,0.001143,0.240343,0.008592,0.010730,0.429904,0.823106,1.935207,1.935207,0.063335,0.027507,0.328371,0.592564,calls/second,milliseconds
1610205434,67,3.101294,0.242924,0.001076,0.391097,0.077967,0.356543,0.798313,1.229211,1.704582,3.101294,0.111669,0.135936,0.228979,0.471294,calls/second,milliseconds
1610205589,73,3.101294,0.382595,0.001076,0.413408,0.095457,0.748104,0.986276,0.986276,0.986276,3.101294,0.096640,0.018192,0.139335,0.396551,calls/second,milliseconds
1610205589,73,3.101294,0.382595,0.001076,0.413408,0.095457,0.748104,0.986276,0.986276,0.986276,3.101294,0.096639,0.018192,0.139335,0.396551,calls/second,milliseconds
