t,count,max,mean,min,stddev,p50,p75,p95,p98,p99,p999,mean_rate,m1_rate,m5_rate,m15_rate,rate_unit,duration_unit
1617668639,44,0.199115,0.008469,0.000176,0.018101,0.001963,0.004130,0.057000,0.057000,0.057960,0.129010,0.146655,0.322788,1.208611,2.192566,calls/second,milliseconds
1617668754,67,0.199115,0.015828,0.000176,0.025715,0.002302,0.023324,0.082500,0.082500,0.082500,0.129010,0.161486,0.124340,0.884636,1.959428,calls/second,milliseconds
1617668754,67,0.199115,0.015828,0.000176,0.025715,0.002302,0.023324,0.082500,0.082500,0.082500,0.129010,0.161483,0.124340,0.884636,1.959428,calls/second,milliseconds
