t,count,max,mean,min,stddev,p50,p75,p95,p98,p99,p999,mean_rate,m1_rate,m5_rate,m15_rate,rate_unit,duration_unit
1617670924,44,0.332836,0.024321,0.001797,0.041096,0.009820,0.018380,0.068950,0.073640,0.332836,0.332836,0.146652,0.346573,1.209328,2.192628,calls/second,milliseconds
1617671026,68,0.476805,0.058075,0.001797,0.115201,0.014527,0.043810,0.476805,0.476805,0.476805,0.476805,0.168932,0.175783,0.919607,1.982641,calls/second,milliseconds
1617671026,68,0.476805,0.058075,0.001797,0.115201,0.014527,0.043810,0.476805,0.476805,0.476805,0.476805,0.168575,0.175783,0.919607,1.982641,calls/second,milliseconds
