t,count,max,mean,min,stddev,p50,p75,p95,p98,p99,p999,mean_rate,m1_rate,m5_rate,m15_rate,rate_unit,duration_unit
1617582697,32,0.371000,0.037561,0.001591,0.081542,0.008887,0.012483,0.217197,0.371000,0.371000,0.371000,0.106658,0.174273,1.170359,2.179397,calls/second,milliseconds
1617582910,70,0.371000,0.047578,0.001591,0.038562,0.056649,0.083340,0.090667,0.090667,0.090897,0.371000,0.136326,0.048079,0.645105,1.756995,calls/second,milliseconds
1617582910,70,0.371000,0.047578,0.001591,0.038562,0.056649,0.083340,0.090667,0.090667,0.090897,0.371000,0.136324,0.048079,0.645105,1.756995,calls/second,milliseconds
