t,count,max,mean,min,stddev,p50,p75,p95,p98,p99,p999,mean_rate,m1_rate,m5_rate,m15_rate,rate_unit,duration_unit
1607857180,19,5.366134,0.104891,0.001557,0.613280,0.006314,0.006314,0.248803,1.032548,4.393240,5.366134,0.063337,0.017764,0.325647,0.591534,calls/second,milliseconds
1607857480,68,5.366134,0.158583,0.001038,0.330564,0.027707,0.110724,0.906572,1.345104,2.087283,2.092277,0.113336,0.026791,0.197031,0.466169,calls/second,milliseconds
1607857780,73,5.366134,0.019026,0.001038,0.056677,0.001231,0.027707,0.060876,0.060876,0.060876,0.906572,0.081112,0.010228,0.082080,0.338606,calls/second,milliseconds
1607858080,78,5.366134,0.006450,0.001038,0.006954,0.007366,0.007366,0.012630,0.012630,0.012630,0.060876,0.065001,0.010116,0.039792,0.247203,calls/second,milliseconds
1607858380,83,5.366134,0.005871,0.001038,0.003511,0.008200,0.008200,0.008200,0.011467,0.011467,0.012630,0.055334,0.010115,0.024235,0.181710,calls/second,milliseconds
1607858680,88,5.366134,0.005341,0.001038,0.008282,0.001179,0.011034,0.011034,0.040568,0.040568,0.040568,0.048889,0.010115,0.018512,0.134783,calls/second,milliseconds
1607858980,98,5.366134,0.006418,0.001038,0.001936,0.007244,0.007244,0.008172,0.008172,0.008172,0.011034,0.046667,0.010867,0.022907,0.105216,calls/second,milliseconds
1607859258,106,5.366134,0.548330,0.001038,0.612555,0.173594,0.880004,1.587947,1.587947,1.587947,1.587947,0.044565,0.014124,0.019266,0.081769,calls/second,milliseconds
1607859258,106,5.366134,0.548330,0.001038,0.612555,0.173594,0.880004,1.587947,1.587947,1.587947,1.587947,0.044565,0.014124,0.019266,0.081769,calls/second,milliseconds
