t,count,max,mean,min,stddev,p50,p75,p95,p98,p99,p999,mean_rate,m1_rate,m5_rate,m15_rate,rate_unit,duration_unit
1617611583,19,15.265570,0.539250,0.016767,1.185894,0.517420,0.517420,0.526879,1.199140,1.950560,15.265570,0.063335,0.033491,1.147896,2.176541,calls/second,milliseconds
1617611883,67,15.265570,0.776130,0.016767,0.702023,0.846975,0.928815,1.668814,3.227784,4.024105,4.024105,0.111667,0.042083,0.506504,1.602509,calls/second,milliseconds
1617611902,71,15.265570,0.949198,0.016767,0.792406,0.846975,1.510614,2.229426,2.229426,3.227784,4.024105,0.114653,0.042608,0.476983,1.568381,calls/second,milliseconds
1617611902,71,15.265570,0.949198,0.016767,0.792406,0.846975,1.510614,2.229426,2.229426,3.227784,4.024105,0.114649,0.042608,0.476983,1.568381,calls/second,milliseconds
