t,count,max,mean,min,stddev,p50,p75,p95,p98,p99,p999,mean_rate,m1_rate,m5_rate,m15_rate,rate_unit,duration_unit
1617619345,5,29.760644,5.974916,0.004695,11.892876,0.040737,0.053097,29.760644,29.760644,29.760644,29.760644,0.016665,0.007324,0.374062,0.720523,calls/second,milliseconds
1617619643,28,29.760644,1.898770,0.004695,2.252102,1.899705,1.899705,8.503449,8.627909,10.956279,10.956279,0.046829,0.010262,0.174824,0.538210,calls/second,milliseconds
1617619643,28,29.760644,1.898770,0.004695,2.252102,1.899705,1.899705,8.503449,8.627909,10.956279,10.956279,0.046828,0.010262,0.174824,0.538210,calls/second,milliseconds
