t,count,max,mean,min,stddev,p50,p75,p95,p98,p99,p999,mean_rate,m1_rate,m5_rate,m15_rate,rate_unit,duration_unit
1617582118,32,0.312033,0.017349,0.000644,0.030678,0.006896,0.012210,0.075865,0.075865,0.088002,0.312033,0.106658,0.180655,1.170756,2.179444,calls/second,milliseconds
1617582343,70,0.312033,0.023164,0.000644,0.026592,0.005872,0.051580,0.068760,0.068760,0.068760,0.075865,0.133170,0.038063,0.614066,1.728032,calls/second,milliseconds
1617582343,70,0.312033,0.023164,0.000644,0.026592,0.005872,0.051580,0.068760,0.068760,0.068760,0.075865,0.132883,0.038063,0.614066,1.728032,calls/second,milliseconds
