t,count,max,mean,min,stddev,p50,p75,p95,p98,p99,p999,mean_rate,m1_rate,m5_rate,m15_rate,rate_unit,duration_unit
1607726057,27,387.185506,4.434781,0.004993,31.824107,0.246023,1.950676,9.719916,10.589138,10.589138,387.185506,0.089988,0.026919,0.414791,0.740614,calls/second,milliseconds
1607726342,28,387.185506,2.881299,0.004993,4.785046,2.845455,2.845455,2.845455,2.845455,2.845455,10.589138,0.047870,0.000253,0.163113,0.542598,calls/second,milliseconds
1607726342,28,387.185506,2.881299,0.004993,4.785046,2.845455,2.845455,2.845455,2.845455,2.845455,10.589138,0.047869,0.000253,0.163113,0.542598,calls/second,milliseconds
