t,count,max,mean,min,stddev,p50,p75,p95,p98,p99,p999,mean_rate,m1_rate,m5_rate,m15_rate,rate_unit,duration_unit
1607893504,19,5.382947,1.290177,0.027614,0.981248,1.007055,1.408896,2.031733,5.382947,5.382947,5.382947,0.063308,0.038342,1.131426,2.165481,calls/second,milliseconds
1607893804,68,5.382947,0.418248,0.027614,0.363854,0.313180,0.552907,1.088462,1.381472,1.682903,1.682903,0.113274,0.125344,0.523484,1.598826,calls/second,milliseconds
1607893976,75,5.382947,0.403924,0.027614,0.401832,0.218192,0.822098,1.263375,1.686813,1.686813,1.686813,0.097168,0.026093,0.304859,1.326697,calls/second,milliseconds
1607893976,75,5.382947,0.403924,0.027614,0.401832,0.218192,0.822098,1.263375,1.686813,1.686813,1.686813,0.097167,0.026093,0.304859,1.326697,calls/second,milliseconds
