t,count,max,mean,min,stddev,p50,p75,p95,p98,p99,p999,mean_rate,m1_rate,m5_rate,m15_rate,rate_unit,duration_unit
1617583269,32,4.468019,0.520555,0.005686,0.577432,0.350741,1.063111,1.612031,1.848930,1.848930,4.468019,0.106672,0.207627,1.191057,2.191662,calls/second,milliseconds
1617583486,70,4.468019,0.524870,0.003728,0.613617,0.262123,0.999088,1.321491,1.818443,1.848930,4.323820,0.135283,0.048725,0.636241,1.747572,calls/second,milliseconds
1617583486,70,4.468019,0.524870,0.003728,0.613617,0.262123,0.999088,1.321491,1.818443,1.848930,4.323820,0.135281,0.048725,0.636241,1.747572,calls/second,milliseconds
