t,count,max,mean,min,stddev,p50,p75,p95,p98,p99,p999,mean_rate,m1_rate,m5_rate,m15_rate,rate_unit,duration_unit
1617616329,19,0.329137,0.141334,0.004610,0.053742,0.177054,0.177054,0.177054,0.177054,0.177054,0.329137,0.063328,0.042992,1.131899,2.165546,calls/second,milliseconds
1617616629,67,3.400014,0.082494,0.004610,0.370566,0.040895,0.063225,0.092260,0.177054,3.400014,3.400014,0.111661,0.055505,0.503008,1.595003,calls/second,milliseconds
1617616673,71,3.400014,0.124545,0.004610,0.280676,0.040895,0.063225,0.517599,0.517599,0.517599,3.400014,0.110249,0.028497,0.440219,1.525666,calls/second,milliseconds
1617616673,71,3.400014,0.124545,0.004610,0.280676,0.040895,0.063225,0.517599,0.517599,0.517599,3.400014,0.110248,0.028497,0.440219,1.525666,calls/second,milliseconds
