t,count,max,mean,min,stddev,p50,p75,p95,p98,p99,p999,mean_rate,m1_rate,m5_rate,m15_rate,rate_unit,duration_unit
1608198612,19,0.099144,0.004212,0.000095,0.007836,0.003795,0.003795,0.003919,0.007921,0.009078,0.099144,0.063329,0.030505,0.323666,0.589397,calls/second,milliseconds
1608198912,72,0.099144,0.004066,0.000094,0.006652,0.002009,0.003188,0.018540,0.035936,0.035936,0.038466,0.119997,0.091848,0.225504,0.471928,calls/second,milliseconds
1608199097,79,0.099144,0.005758,0.000094,0.007448,0.002542,0.003603,0.021202,0.021202,0.021202,0.035936,0.100693,0.026689,0.131851,0.389479,calls/second,milliseconds
1608199097,79,0.099144,0.005758,0.000094,0.007448,0.002542,0.003603,0.021202,0.021202,0.021202,0.035936,0.100693,0.026689,0.131851,0.389479,calls/second,milliseconds
