t,count,max,mean,min,stddev,p50,p75,p95,p98,p99,p999,mean_rate,m1_rate,m5_rate,m15_rate,rate_unit,duration_unit
1617657230,19,0.339263,0.222162,0.004277,0.086587,0.268694,0.268694,0.339263,0.339263,0.339263,0.339263,0.063326,0.044819,1.132063,2.165569,calls/second,milliseconds
1617657464,70,0.339263,0.049911,0.004277,0.059054,0.022369,0.065151,0.190688,0.190688,0.190688,0.268694,0.131192,0.107218,0.626722,1.721580,calls/second,milliseconds
1617657464,70,0.339263,0.049911,0.004277,0.059054,0.022369,0.065151,0.190688,0.190688,0.190688,0.268694,0.131190,0.107218,0.626722,1.721580,calls/second,milliseconds
