t,count,max,mean,min,stddev,p50,p75,p95,p98,p99,p999,mean_rate,m1_rate,m5_rate,m15_rate,rate_unit,duration_unit
1617673247,17,30.325066,1.510134,0.004790,2.978941,0.129466,1.030764,9.496425,9.496425,9.496425,30.325066,0.056662,0.126140,0.409909,0.733374,calls/second,milliseconds
1617673329,28,30.325066,1.411699,0.004790,2.803377,0.147383,1.244844,9.496425,10.699525,10.699525,10.699525,0.073259,0.087563,0.340582,0.681307,calls/second,milliseconds
1617673329,28,30.325066,1.411699,0.004790,2.803377,0.147383,1.244844,9.496425,10.699525,10.699525,10.699525,0.073258,0.087563,0.340582,0.681307,calls/second,milliseconds
