t,count,max,mean,min,stddev,p50,p75,p95,p98,p99,p999,mean_rate,m1_rate,m5_rate,m15_rate,rate_unit,duration_unit
1609999338,12,32.404769,2.665524,0.003446,5.370574,0.095616,2.163684,14.696361,14.696361,14.696361,32.404769,0.039998,0.095399,0.028838,0.011724,calls/second,milliseconds
1609999609,28,32.404769,1.958040,0.003446,2.234408,2.020470,2.020470,3.750590,11.579050,14.696361,14.696361,0.049027,0.005672,0.034148,0.021440,calls/second,milliseconds
1609999609,28,32.404769,1.958040,0.003446,2.234408,2.020470,2.020470,3.750590,11.579050,14.696361,14.696361,0.049026,0.005672,0.034148,0.021440,calls/second,milliseconds
