t,count,max,mean,min,stddev,p50,p75,p95,p98,p99,p999,mean_rate,m1_rate,m5_rate,m15_rate,rate_unit,duration_unit
1617617856,19,6.143943,3.780854,0.048273,2.585753,6.143943,6.143943,6.143943,6.143943,6.143943,6.143943,0.063303,0.037033,1.131273,2.165459,calls/second,milliseconds
1617618156,67,6.143943,1.112225,0.048273,1.214522,0.413013,1.838667,2.931200,3.855892,3.855892,6.143943,0.111639,0.036681,0.495633,1.593724,calls/second,milliseconds
1617618163,71,6.143943,0.574649,0.044978,0.888167,0.236561,0.540258,2.931200,2.931200,3.855892,3.855892,0.116957,0.033748,0.487441,1.584894,calls/second,milliseconds
1617618163,71,6.143943,0.574649,0.044978,0.888167,0.236561,0.540258,2.931200,2.931200,3.855892,3.855892,0.116955,0.033748,0.487441,1.584894,calls/second,milliseconds
