t,count,max,mean,min,stddev,p50,p75,p95,p98,p99,p999,mean_rate,m1_rate,m5_rate,m15_rate,rate_unit,duration_unit
1607962847,19,4.755695,0.104067,0.005023,0.473546,0.037540,0.037540,0.249827,0.836844,1.013238,4.755695,0.063335,0.031171,0.328939,0.592658,calls/second,milliseconds
1607963147,59,4.755695,0.398460,0.005023,0.476583,0.068213,0.885712,1.515424,1.515424,1.515424,1.621634,0.098336,0.224476,0.207173,0.457667,calls/second,milliseconds
1607963447,77,4.755695,0.132305,0.005023,0.270461,0.027917,0.049945,0.973929,0.973929,1.128515,1.621634,0.085557,0.028212,0.115393,0.349930,calls/second,milliseconds
1607963698,85,4.755695,0.713422,0.005023,0.907071,0.113488,1.123015,2.376393,2.376393,2.376393,2.376393,0.073885,0.018197,0.058715,0.267525,calls/second,milliseconds
1607963698,85,4.755695,0.713422,0.005023,0.907071,0.113488,1.123015,2.376393,2.376393,2.376393,2.376393,0.073884,0.018197,0.058715,0.267525,calls/second,milliseconds
