t,count,max,mean,min,stddev,p50,p75,p95,p98,p99,p999,mean_rate,m1_rate,m5_rate,m15_rate,rate_unit,duration_unit
1617675578,27,18.334264,1.756408,0.003820,3.338827,0.107837,0.409476,11.346016,11.346016,11.346016,11.346016,0.089993,0.223313,0.439315,0.744019,calls/second,milliseconds
1617675639,28,18.334264,1.765894,0.003820,3.073070,0.191612,1.818450,11.346016,11.346016,11.346016,11.346016,0.077537,0.082152,0.359681,0.696035,calls/second,milliseconds
1617675639,28,18.334264,1.765894,0.003820,3.073070,0.191612,1.818450,11.346016,11.346016,11.346016,11.346016,0.077536,0.082152,0.359681,0.696035,calls/second,milliseconds
