t,count,max,mean,min,stddev,p50,p75,p95,p98,p99,p999,mean_rate,m1_rate,m5_rate,m15_rate,rate_unit,duration_unit
1609314911,19,2.762885,0.547505,0.009587,0.232040,0.549606,0.583368,0.800501,0.800501,0.973033,2.762885,0.063317,0.044819,1.132063,2.165569,calls/second,milliseconds
1609315211,67,2.762885,0.213501,0.008957,0.178839,0.169283,0.239235,0.553793,0.761145,0.761145,0.761145,0.111653,0.236871,0.536311,1.599994,calls/second,milliseconds
1609315511,72,2.762885,0.297274,0.008957,0.170169,0.248904,0.248904,0.757494,0.757494,0.757494,0.761145,0.079994,0.024714,0.208635,1.151289,calls/second,milliseconds
1609315811,77,2.762885,0.300537,0.008957,0.109675,0.248813,0.474282,0.474282,0.474282,0.560142,0.757494,0.064163,0.023285,0.088090,0.829778,calls/second,milliseconds
1609316111,82,2.762885,0.320116,0.008957,0.194314,0.205358,0.455109,0.659036,0.659036,0.659036,0.659036,0.054664,0.023275,0.043743,0.599405,calls/second,milliseconds
1609316411,87,2.762885,0.382005,0.008957,0.160215,0.255627,0.549993,0.609940,0.609940,0.609940,0.659036,0.048331,0.023275,0.027429,0.434336,calls/second,milliseconds
1609316711,98,2.762885,0.489522,0.007154,0.115506,0.511830,0.523652,0.541573,0.541573,0.541573,0.609940,0.046665,0.024177,0.029227,0.320929,calls/second,milliseconds
1609317011,103,2.762885,0.602861,0.007154,0.074731,0.641091,0.641091,0.641091,0.641091,0.641091,0.641091,0.042915,0.023281,0.022089,0.234799,calls/second,milliseconds
1609317311,108,2.762885,0.656291,0.007154,0.036392,0.683145,0.683145,0.683145,0.683145,0.691175,0.691175,0.039999,0.023275,0.019463,0.173084,calls/second,milliseconds
1609317611,113,2.762885,0.541741,0.007154,0.047312,0.561813,0.561813,0.588479,0.600398,0.600398,0.683145,0.037666,0.023275,0.018497,0.128863,calls/second,milliseconds
1609317911,118,2.762885,0.491960,0.007154,0.032165,0.487559,0.523384,0.535198,0.535198,0.535198,0.561813,0.035757,0.023275,0.018142,0.097178,calls/second,milliseconds
1609318211,123,2.762885,0.548728,0.007154,0.048365,0.585133,0.585133,0.585133,0.585133,0.598619,0.598619,0.034166,0.023275,0.018011,0.074474,calls/second,milliseconds
1609318343,129,2.762885,0.203516,0.007154,0.178510,0.120870,0.290536,0.693280,0.693280,0.693280,0.693280,0.034565,0.060310,0.026988,0.069854,calls/second,milliseconds
1609318343,129,2.762885,0.203516,0.007154,0.178510,0.120870,0.290536,0.693280,0.693280,0.693280,0.693280,0.034565,0.060310,0.026988,0.069854,calls/second,milliseconds
