t,count,max,mean,min,stddev,p50,p75,p95,p98,p99,p999,mean_rate,m1_rate,m5_rate,m15_rate,rate_unit,duration_unit
1617665962,62,6.781351,0.474111,0.001918,1.045017,0.161615,0.459699,1.447112,4.858544,6.781351,6.781351,11.910377,12.200000,12.200000,12.200000,calls/second,milliseconds
1617665962,62,6.781351,0.474111,0.001918,1.045017,0.161615,0.459699,1.447112,4.858544,6.781351,6.781351,11.891808,12.200000,12.200000,12.200000,calls/second,milliseconds
