t,count,max,mean,min,stddev,p50,p75,p95,p98,p99,p999,mean_rate,m1_rate,m5_rate,m15_rate,rate_unit,duration_unit
1609423970,21,4.124746,0.964187,0.036300,1.126237,0.313067,2.396504,2.570347,4.124746,4.124746,4.124746,0.069977,0.054876,0.329686,0.591535,calls/second,milliseconds
1609424270,68,5.749344,1.259053,0.031401,1.660681,0.388311,1.360715,5.749344,5.749344,5.749344,5.749344,0.113316,0.036966,0.198703,0.465017,calls/second,milliseconds
1609424416,74,6.981805,1.044251,0.031401,1.614649,0.327472,1.174915,3.497659,6.981805,6.981805,6.981805,0.099169,0.013631,0.127720,0.397861,calls/second,milliseconds
1609424416,74,6.981805,1.044251,0.031401,1.614649,0.327472,1.174915,3.497659,6.981805,6.981805,6.981805,0.099167,0.013631,0.127720,0.397861,calls/second,milliseconds
