t,count,max,mean,min,stddev,p50,p75,p95,p98,p99,p999,mean_rate,m1_rate,m5_rate,m15_rate,rate_unit,duration_unit
1608503724,62,6.538895,0.622892,0.002391,1.063853,0.314415,0.721480,2.574604,4.523402,6.538895,6.538895,2.408923,1.422681,0.926313,0.842184,calls/second,milliseconds
1608503724,62,6.538895,0.622892,0.002391,1.063853,0.314415,0.721480,2.574604,4.523402,6.538895,6.538895,2.407946,1.422681,0.926313,0.842184,calls/second,milliseconds
