t,count,max,mean,min,stddev,p50,p75,p95,p98,p99,p999,mean_rate,m1_rate,m5_rate,m15_rate,rate_unit,duration_unit
1607882948,62,3.307360,0.408869,0.006077,0.479943,0.368620,0.520688,1.450941,1.572532,2.590929,2.590929,0.206669,0.271080,1.263595,2.221677,calls/second,milliseconds
1607882977,67,4.568258,0.750930,0.006077,1.189867,0.195109,0.628309,4.568258,4.568258,4.568258,4.568258,0.203698,0.180409,1.146654,2.149950,calls/second,milliseconds
1607882977,67,4.568258,0.750930,0.006077,1.189867,0.195109,0.628309,4.568258,4.568258,4.568258,4.568258,0.203690,0.180409,1.146654,2.149950,calls/second,milliseconds
