t,count,max,mean,min,stddev,p50,p75,p95,p98,p99,p999,mean_rate,m1_rate,m5_rate,m15_rate,rate_unit,duration_unit
1607727838,63,5.548049,0.453800,0.027329,0.556694,0.240213,0.412984,1.745814,1.745814,1.745814,5.548049,0.209939,0.124587,0.420144,0.631891,calls/second,milliseconds
1607728138,68,17.446743,6.114553,0.027329,6.238121,3.151685,3.151685,17.446743,17.446743,17.446743,17.446743,0.113316,0.025967,0.166090,0.457640,calls/second,milliseconds
1607728251,73,17.446743,1.377734,0.027329,2.117206,1.241694,1.819944,3.151685,3.151685,17.446743,17.446743,0.102367,0.011101,0.117905,0.406037,calls/second,milliseconds
1607728251,73,17.446743,1.377734,0.027329,2.117206,1.241694,1.819944,3.151685,3.151685,17.446743,17.446743,0.102364,0.011101,0.117905,0.406037,calls/second,milliseconds
