t,count,max,mean,min,stddev,p50,p75,p95,p98,p99,p999,mean_rate,m1_rate,m5_rate,m15_rate,rate_unit,duration_unit
1617666264,46,2.896950,0.224273,0.008756,0.239940,0.132843,0.408689,0.776415,0.789118,0.789118,0.930803,0.153340,0.313815,1.226423,2.204465,calls/second,milliseconds
1617666357,68,2.896950,0.330313,0.008756,0.465039,0.152176,0.491206,0.872032,2.851302,2.851302,2.851302,0.172949,0.162547,0.945213,2.004036,calls/second,milliseconds
1617666357,68,2.896950,0.330313,0.008756,0.465039,0.152176,0.491206,0.872032,2.851302,2.851302,2.851302,0.172945,0.162547,0.945213,2.004036,calls/second,milliseconds
