t,count,max,mean,min,stddev,p50,p75,p95,p98,p99,p999,mean_rate,m1_rate,m5_rate,m15_rate,rate_unit,duration_unit
1609282818,63,4.144274,0.557301,0.026610,0.615327,0.318993,1.044817,1.401327,2.242790,3.613002,4.144274,0.209943,0.055868,0.402800,0.629226,calls/second,milliseconds
1609282909,69,4.144274,0.728283,0.026610,0.715821,0.399149,1.038336,2.082875,2.082875,2.082875,3.613002,0.176355,0.029501,0.304121,0.571457,calls/second,milliseconds
1609282909,69,4.144274,0.728283,0.026610,0.715821,0.399149,1.038336,2.082875,2.082875,2.082875,3.613002,0.176351,0.029501,0.304121,0.571457,calls/second,milliseconds
