t,count,max,mean,min,stddev,p50,p75,p95,p98,p99,p999,mean_rate,m1_rate,m5_rate,m15_rate,rate_unit,duration_unit
1617665962,62,0.116868,0.006634,0.000683,0.014349,0.004647,0.006215,0.009946,0.014600,0.116868,0.116868,11.812082,12.200000,12.200000,12.200000,calls/second,milliseconds
1617665962,62,0.116868,0.006634,0.000683,0.014349,0.004647,0.006215,0.009946,0.014600,0.116868,0.116868,11.793649,12.200000,12.200000,12.200000,calls/second,milliseconds
