t,count,max,mean,min,stddev,p50,p75,p95,p98,p99,p999,mean_rate,m1_rate,m5_rate,m15_rate,rate_unit,duration_unit
1617667702,32,0.309815,0.048142,0.004142,0.085622,0.014423,0.030027,0.299037,0.309815,0.309815,0.309815,0.106660,0.227699,1.173782,2.179828,calls/second,milliseconds
1617667840,68,1.376049,0.130767,0.004142,0.349402,0.015728,0.056083,1.376049,1.376049,1.376049,1.376049,0.155086,0.147862,0.827235,1.908320,calls/second,milliseconds
1617667840,68,1.376049,0.130767,0.004142,0.349402,0.015728,0.056083,1.376049,1.376049,1.376049,1.376049,0.155084,0.147862,0.827235,1.908320,calls/second,milliseconds
