t,count,max,mean,min,stddev,p50,p75,p95,p98,p99,p999,mean_rate,m1_rate,m5_rate,m15_rate,rate_unit,duration_unit
1618834040,62,4.608845,0.307987,0.016517,0.613448,0.172862,0.225320,0.998513,1.474736,4.608845,4.608845,2.321514,1.436745,0.926914,0.842252,calls/second,milliseconds
1618834040,62,4.608845,0.307987,0.016517,0.613448,0.172862,0.225320,0.998513,1.474736,4.608845,4.608845,2.320911,1.436745,0.926914,0.842252,calls/second,milliseconds
