t,count,max,mean,min,stddev,p50,p75,p95,p98,p99,p999,mean_rate,m1_rate,m5_rate,m15_rate,rate_unit,duration_unit
1617626795,28,29.153586,2.836278,0.001082,6.240108,0.158040,1.958707,14.043195,29.153586,29.153586,29.153586,0.197506,0.590236,3.570718,4.819965,calls/second,milliseconds
1617626795,28,29.153586,2.836278,0.001082,6.240108,0.158040,1.958707,14.043195,29.153586,29.153586,29.153586,0.197494,0.590236,3.570718,4.819965,calls/second,milliseconds
