t,count,max,mean,min,stddev,p50,p75,p95,p98,p99,p999,mean_rate,m1_rate,m5_rate,m15_rate,rate_unit,duration_unit
1608504719,65,2.780514,0.287092,0.002527,0.329547,0.115219,0.466617,0.898477,1.066291,1.263502,2.780514,0.299068,0.274701,0.537567,0.690585,calls/second,milliseconds
1608504719,65,2.780514,0.287092,0.002527,0.329547,0.115219,0.466617,0.898477,1.066291,1.263502,2.780514,0.299049,0.274701,0.537567,0.690585,calls/second,milliseconds
