t,count,max,mean,min,stddev,p50,p75,p95,p98,p99,p999,mean_rate,m1_rate,m5_rate,m15_rate,rate_unit,duration_unit
1617673247,46,4.868494,0.233631,0.005129,0.306569,0.070116,0.416674,0.763058,1.300023,1.300023,1.300023,0.153343,0.308520,1.225799,2.204378,calls/second,milliseconds
1617673329,68,4.868494,0.258289,0.002526,0.255390,0.161172,0.487142,0.630458,0.633530,1.300023,1.300023,0.177934,0.188669,0.976829,2.026357,calls/second,milliseconds
1617673329,68,4.868494,0.258289,0.002526,0.255390,0.161172,0.487142,0.630458,0.633530,1.300023,1.300023,0.177931,0.188669,0.976829,2.026357,calls/second,milliseconds
