t,count,max,mean,min,stddev,p50,p75,p95,p98,p99,p999,mean_rate,m1_rate,m5_rate,m15_rate,rate_unit,duration_unit
1609406406,55,2.292979,0.284983,0.003434,0.412211,0.112449,0.391014,1.325284,1.937283,1.937283,1.937283,0.183340,0.450665,0.440374,0.631695,calls/second,milliseconds
1609406706,68,2.292979,0.414685,0.003434,0.649139,0.056111,0.391014,1.677114,1.677114,1.677114,1.937283,0.113335,0.029270,0.183760,0.463958,calls/second,milliseconds
1609407006,73,2.292979,0.093904,0.003434,0.235564,0.057934,0.057934,0.095083,0.277098,1.800767,1.800767,0.081112,0.025324,0.079129,0.337310,calls/second,milliseconds
1609407163,79,2.292979,0.659127,0.003434,0.794360,0.151194,0.818419,2.118968,2.118968,2.118968,2.118968,0.074745,0.012990,0.051683,0.284424,calls/second,milliseconds
1609407163,79,2.292979,0.659127,0.003434,0.794360,0.151194,0.818419,2.118968,2.118968,2.118968,2.118968,0.074744,0.012990,0.051683,0.284424,calls/second,milliseconds
