t,count,max,mean,min,stddev,p50,p75,p95,p98,p99,p999,mean_rate,m1_rate,m5_rate,m15_rate,rate_unit,duration_unit
1607879808,65,13.152165,0.685567,0.002643,1.626863,0.357784,0.818400,1.766831,2.138520,13.152165,13.152165,2.869275,1.342641,0.909740,0.836639,calls/second,milliseconds
1607879808,65,13.152165,0.685567,0.002643,1.626863,0.357784,0.818400,1.766831,2.138520,13.152165,13.152165,2.867700,1.342641,0.909740,0.836639,calls/second,milliseconds
