t,count,max,mean,min,stddev,p50,p75,p95,p98,p99,p999,mean_rate,m1_rate,m5_rate,m15_rate,rate_unit,duration_unit
1609434028,5,29.620864,5.938756,0.005634,11.841058,0.024389,0.031960,29.620864,29.620864,29.620864,29.620864,0.016666,0.000817,0.006609,0.004082,calls/second,milliseconds
1609434328,27,29.620864,2.210604,0.005634,4.277731,0.125182,0.498146,12.402602,12.402602,15.388116,15.388116,0.044999,0.140577,0.060612,0.025499,calls/second,milliseconds
1609434628,27,29.620864,2.210604,0.005634,4.277731,0.125182,0.498146,12.402602,12.402602,15.388116,15.388116,0.029999,0.000947,0.022298,0.018271,calls/second,milliseconds
1609434919,28,29.620864,2.034789,0.005634,0.152551,2.034566,2.034566,2.034566,2.034566,2.034566,2.034566,0.023507,0.000008,0.008481,0.013238,calls/second,milliseconds
1609434919,28,29.620864,2.034789,0.005634,0.152551,2.034566,2.034566,2.034566,2.034566,2.034566,2.034566,0.023506,0.000008,0.008481,0.013238,calls/second,milliseconds
