t,count,max,mean,min,stddev,p50,p75,p95,p98,p99,p999,mean_rate,m1_rate,m5_rate,m15_rate,rate_unit,duration_unit
1608505219,67,47.169454,1.121126,0.001961,7.092277,0.016449,0.029340,0.106178,47.169454,47.169454,47.169454,0.223319,0.146422,0.431960,0.636213,calls/second,milliseconds
1608505267,71,47.169454,0.630804,0.001961,5.291135,0.016449,0.029340,0.106178,0.106178,47.169454,47.169454,0.203565,0.069165,0.371792,0.605185,calls/second,milliseconds
1608505267,71,47.169454,0.630804,0.001961,5.291135,0.016449,0.029340,0.106178,0.106178,47.169454,47.169454,0.203558,0.069165,0.371792,0.605185,calls/second,milliseconds
