t,count,max,mean,min,stddev,p50,p75,p95,p98,p99,p999,mean_rate,m1_rate,m5_rate,m15_rate,rate_unit,duration_unit
1617633305,32,5.166851,0.434483,0.015436,0.786862,0.228700,0.338630,1.351791,3.767538,3.767538,5.166851,0.106622,0.189683,1.171223,2.179498,calls/second,milliseconds
1617633552,71,5.166851,0.686771,0.015436,0.939369,0.197334,0.915266,3.977426,3.977426,3.977426,3.977426,0.129745,0.030332,0.576221,1.690363,calls/second,milliseconds
1617633552,71,5.166851,0.686771,0.015436,0.939369,0.197334,0.915266,3.977426,3.977426,3.977426,3.977426,0.129743,0.030332,0.576221,1.690363,calls/second,milliseconds
