t,count,max,mean,min,stddev,p50,p75,p95,p98,p99,p999,mean_rate,m1_rate,m5_rate,m15_rate,rate_unit,duration_unit
1607878598,64,4.855792,0.496432,0.009565,0.573693,0.146017,1.220759,1.220759,1.220759,1.268952,4.855792,0.213243,0.051826,1.200551,2.204112,calls/second,milliseconds
1607878898,69,4.855792,0.739450,0.009565,0.498594,0.732316,0.732316,2.104553,2.104553,2.104553,2.104553,0.114977,0.014371,0.451916,1.584000,calls/second,milliseconds
1607878944,74,4.855792,0.402376,0.009565,0.276942,0.257756,0.448512,0.732316,0.732316,2.104553,2.104553,0.114622,0.047344,0.401034,1.511046,calls/second,milliseconds
1607878944,74,4.855792,0.402376,0.009565,0.276942,0.257756,0.448512,0.732316,0.732316,2.104553,2.104553,0.114620,0.047344,0.401034,1.511046,calls/second,milliseconds
