t,count,max,mean,min,stddev,p50,p75,p95,p98,p99,p999,mean_rate,m1_rate,m5_rate,m15_rate,rate_unit,duration_unit
1607873770,62,0.206033,0.013062,0.000868,0.015977,0.008273,0.011352,0.049806,0.069791,0.086783,0.086783,0.206641,0.312936,0.441455,0.634108,calls/second,milliseconds
1607874070,67,0.206033,0.024669,0.000868,0.018206,0.015124,0.047327,0.052369,0.052369,0.052369,0.086783,0.111660,0.012156,0.171999,0.458940,calls/second,milliseconds
1607874349,76,0.206033,0.024322,0.000868,0.022015,0.017611,0.022057,0.079125,0.087536,0.087536,0.087536,0.086418,0.015365,0.079204,0.342818,calls/second,milliseconds
1607874349,76,0.206033,0.024322,0.000868,0.022015,0.017611,0.022057,0.079125,0.087536,0.087536,0.087536,0.086417,0.015365,0.079204,0.342818,calls/second,milliseconds
