t,count,max,mean,min,stddev,p50,p75,p95,p98,p99,p999,mean_rate,m1_rate,m5_rate,m15_rate,rate_unit,duration_unit
1609419125,63,0.849919,0.038510,0.002603,0.099132,0.017257,0.026786,0.095887,0.152640,0.849919,0.849919,0.209976,0.209849,1.240397,2.209743,calls/second,milliseconds
1609419146,67,0.849919,0.035852,0.002603,0.084653,0.017257,0.039134,0.089320,0.120154,0.269570,0.849919,0.208999,0.198337,1.170317,2.164503,calls/second,milliseconds
1609419146,67,0.849919,0.035852,0.002603,0.084653,0.017257,0.039134,0.089320,0.120154,0.269570,0.849919,0.208991,0.198337,1.170317,2.164503,calls/second,milliseconds
