t,count,max,mean,min,stddev,p50,p75,p95,p98,p99,p999,mean_rate,m1_rate,m5_rate,m15_rate,rate_unit,duration_unit
1607879785,65,5.491086,0.155838,0.002110,0.838128,0.007402,0.011071,0.083165,4.499626,5.491086,5.491086,6.529794,3.600000,3.600000,3.600000,calls/second,milliseconds
1607879785,65,5.491086,0.155838,0.002110,0.838128,0.007402,0.011071,0.083165,4.499626,5.491086,5.491086,6.513774,3.600000,3.600000,3.600000,calls/second,milliseconds
