t,count,max,mean,min,stddev,p50,p75,p95,p98,p99,p999,mean_rate,m1_rate,m5_rate,m15_rate,rate_unit,duration_unit
1609835652,32,6.119716,0.447912,0.009085,0.673997,0.180335,0.655156,2.203610,2.203610,2.974710,6.119716,0.106632,0.206455,0.364205,0.603468,calls/second,milliseconds
1609835952,67,6.119716,1.426417,0.009085,1.084533,2.200418,2.522427,2.522427,2.522427,2.522427,2.522427,0.111649,0.019523,0.185324,0.461876,calls/second,milliseconds
1609836000,72,6.119716,0.919483,0.009085,0.901040,0.767229,2.200418,2.313223,2.522427,2.522427,2.522427,0.111016,0.018921,0.162501,0.440422,calls/second,milliseconds
1609836000,72,6.119716,0.919483,0.009085,0.901040,0.767229,2.200418,2.313223,2.522427,2.522427,2.522427,0.111013,0.018921,0.162501,0.440422,calls/second,milliseconds
