t,count,max,mean,min,stddev,p50,p75,p95,p98,p99,p999,mean_rate,m1_rate,m5_rate,m15_rate,rate_unit,duration_unit
1618711275,54,6.782235,0.385063,0.028986,0.499502,0.253786,0.455439,0.895919,1.908956,2.527101,4.009352,0.179933,0.456473,0.432527,0.627379,calls/second,milliseconds
1618711494,69,7.930306,1.735907,0.028986,2.011522,0.450289,3.987057,4.658967,7.930306,7.930306,7.930306,0.133042,0.026721,0.231580,0.504075,calls/second,milliseconds
1618711494,69,7.930306,1.735907,0.028986,2.011522,0.450289,3.987057,4.658967,7.930306,7.930306,7.930306,0.133040,0.026721,0.231580,0.504075,calls/second,milliseconds
