t,count,max,mean,min,stddev,p50,p75,p95,p98,p99,p999,mean_rate,m1_rate,m5_rate,m15_rate,rate_unit,duration_unit
1607735650,38,9.778926,0.409916,0.003304,0.607982,0.137379,0.654272,1.419187,2.086979,2.086979,2.086979,0.126671,0.178246,0.368656,0.606676,calls/second,milliseconds
1607735950,68,9.778926,0.135448,0.002974,0.272097,0.029824,0.141847,0.654272,0.901884,1.087405,2.086979,0.113335,0.024238,0.187123,0.464711,calls/second,milliseconds
1607736250,73,9.778926,0.041136,0.002974,0.055561,0.006045,0.093853,0.093853,0.115563,0.115563,0.650609,0.081112,0.018168,0.079623,0.337743,calls/second,milliseconds
1607736475,81,9.778926,0.530176,0.002974,0.597156,0.106298,1.077487,1.507989,1.507989,1.507989,1.507989,0.072021,0.023276,0.047487,0.267034,calls/second,milliseconds
1607736475,81,9.778926,0.530176,0.002974,0.597156,0.106298,1.077487,1.507989,1.507989,1.507989,1.507989,0.072020,0.023276,0.047487,0.267034,calls/second,milliseconds
