t,count,max,mean,min,stddev,p50,p75,p95,p98,p99,p999,mean_rate,m1_rate,m5_rate,m15_rate,rate_unit,duration_unit
1617668198,44,4.287729,0.425504,0.002486,0.891797,0.159933,0.394499,1.559458,4.287729,4.287729,4.287729,0.146673,0.322697,1.226830,2.204509,calls/second,milliseconds
1617668287,68,4.287729,0.438161,0.002380,0.622592,0.202656,0.822179,1.253198,1.559458,4.287729,4.287729,0.174756,0.184273,0.962083,2.015331,calls/second,milliseconds
1617668287,68,4.287729,0.438161,0.002380,0.622592,0.202656,0.822179,1.253198,1.559458,4.287729,4.287729,0.174752,0.184273,0.962083,2.015331,calls/second,milliseconds
