t,count,max,mean,min,stddev,p50,p75,p95,p98,p99,p999,mean_rate,m1_rate,m5_rate,m15_rate,rate_unit,duration_unit
1609284019,67,0.079515,0.006893,0.000623,0.007644,0.003656,0.007899,0.019515,0.028023,0.032473,0.079515,0.223320,0.127780,1.233340,2.211351,calls/second,milliseconds
1609284165,73,0.079515,0.013350,0.000623,0.012410,0.006245,0.016665,0.037529,0.037529,0.037529,0.037529,0.163681,0.024668,0.766071,1.884371,calls/second,milliseconds
1609284165,73,0.079515,0.013350,0.000623,0.012410,0.006245,0.016665,0.037529,0.037529,0.037529,0.037529,0.163678,0.024668,0.766071,1.884371,calls/second,milliseconds
