t,count,max,mean,min,stddev,p50,p75,p95,p98,p99,p999,mean_rate,m1_rate,m5_rate,m15_rate,rate_unit,duration_unit
1617678880,44,4.159245,0.350754,0.005245,0.490564,0.218599,0.410088,1.086451,2.395855,2.395855,2.395855,0.146673,0.284905,1.212631,2.199248,calls/second,milliseconds
1617678987,68,4.159245,0.462843,0.005245,0.572982,0.218599,0.680958,1.918537,1.918537,1.918537,2.395855,0.167088,0.154479,0.903530,1.971539,calls/second,milliseconds
1617678987,68,4.159245,0.462843,0.005245,0.572982,0.218599,0.680958,1.918537,1.918537,1.918537,2.395855,0.167086,0.154479,0.903530,1.971539,calls/second,milliseconds
