t,count,max,mean,min,stddev,p50,p75,p95,p98,p99,p999,mean_rate,m1_rate,m5_rate,m15_rate,rate_unit,duration_unit
1617580971,24,8.262173,0.515697,0.034616,0.664241,0.390949,0.633810,2.480939,2.480939,2.480939,8.262173,0.079965,0.114595,1.148051,2.171044,calls/second,milliseconds
1617581173,69,8.262173,0.348154,0.020665,0.484093,0.157734,0.390949,1.887456,1.887456,1.887456,2.480939,0.137227,0.075662,0.673963,1.777199,calls/second,milliseconds
1617581173,69,8.262173,0.348154,0.020665,0.484093,0.157734,0.390949,1.887456,1.887456,1.887456,2.480939,0.137224,0.075662,0.673963,1.777199,calls/second,milliseconds
