t,count,max,mean,min,stddev,p50,p75,p95,p98,p99,p999,mean_rate,m1_rate,m5_rate,m15_rate,rate_unit,duration_unit
1617666714,32,0.125087,0.019096,0.000546,0.033537,0.006149,0.010160,0.125087,0.125087,0.125087,0.125087,0.106656,0.218108,1.172781,2.179687,calls/second,milliseconds
1617666856,69,0.125087,0.010187,0.000546,0.014243,0.005198,0.009755,0.026530,0.034487,0.040245,0.125087,0.156277,0.143901,0.815480,1.898633,calls/second,milliseconds
1617666856,69,0.125087,0.010187,0.000546,0.014243,0.005198,0.009755,0.026530,0.034487,0.040245,0.125087,0.156275,0.143901,0.815480,1.898633,calls/second,milliseconds
