t,count,max,mean,min,stddev,p50,p75,p95,p98,p99,p999,mean_rate,m1_rate,m5_rate,m15_rate,rate_unit,duration_unit
1609427701,19,3.911576,0.157428,0.010193,0.318762,0.111850,0.134316,0.201847,0.623571,0.826300,3.911576,0.063338,0.048714,1.151089,2.177633,calls/second,milliseconds
1609428001,67,3.911576,0.245984,0.007134,0.274964,0.108256,0.393909,0.827753,1.148997,1.148997,1.218421,0.111626,0.065033,0.506785,1.595651,calls/second,milliseconds
1609428134,73,4.344552,1.090324,0.007134,1.523893,0.367247,1.029732,4.344552,4.344552,4.344552,4.344552,0.099653,0.024486,0.334290,1.383150,calls/second,milliseconds
1609428134,73,4.344552,1.090324,0.007134,1.523893,0.367247,1.029732,4.344552,4.344552,4.344552,4.344552,0.099652,0.024486,0.334290,1.383150,calls/second,milliseconds
