t,count,max,mean,min,stddev,p50,p75,p95,p98,p99,p999,mean_rate,m1_rate,m5_rate,m15_rate,rate_unit,duration_unit
1609105209,7,17.118662,1.151628,0.002537,1.503437,0.630646,1.517218,1.517218,1.517218,1.517218,17.118662,0.023332,0.031521,0.013166,0.006291,calls/second,milliseconds
1609105422,28,17.118662,1.205861,0.002537,1.366158,1.517218,1.693255,4.027401,4.027401,5.591008,5.591008,0.054544,0.022272,0.044673,0.023420,calls/second,milliseconds
1609105422,28,17.118662,1.205861,0.002537,1.366158,1.517218,1.693255,4.027401,4.027401,5.591008,5.591008,0.054544,0.022272,0.044673,0.023420,calls/second,milliseconds
