t,count,max,mean,min,stddev,p50,p75,p95,p98,p99,p999,mean_rate,m1_rate,m5_rate,m15_rate,rate_unit,duration_unit
1617569268,19,5.019193,0.903064,0.015746,0.760603,1.469086,1.469086,1.469086,1.469086,1.469086,5.019193,0.063337,0.044902,1.150759,2.177589,calls/second,milliseconds
1617569568,67,5.019193,0.478475,0.007196,0.451263,0.302397,0.841196,1.384228,1.614408,1.614408,1.614408,0.111671,0.246523,0.544191,1.608727,calls/second,milliseconds
1617569853,76,5.019193,0.362203,0.007196,0.355177,0.154877,0.787884,0.862308,0.862308,0.862308,1.614408,0.085885,0.012063,0.218821,1.175859,calls/second,milliseconds
1617569853,76,5.019193,0.362203,0.007196,0.355177,0.154877,0.787884,0.862308,0.862308,0.862308,1.614408,0.085884,0.012063,0.218821,1.175859,calls/second,milliseconds
