t,count,max,mean,min,stddev,p50,p75,p95,p98,p99,p999,mean_rate,m1_rate,m5_rate,m15_rate,rate_unit,duration_unit
1617666714,32,0.357406,0.049391,0.001734,0.092763,0.019574,0.040769,0.357406,0.357406,0.357406,0.357406,0.106656,0.218108,1.172781,2.179687,calls/second,milliseconds
1617666856,69,0.357406,0.021561,0.001734,0.033924,0.014149,0.028152,0.043984,0.052655,0.084634,0.357406,0.156277,0.143901,0.815480,1.898633,calls/second,milliseconds
1617666856,69,0.357406,0.021561,0.001734,0.033924,0.014149,0.028152,0.043984,0.052655,0.084634,0.357406,0.156274,0.143901,0.815480,1.898633,calls/second,milliseconds
