t,count,max,mean,min,stddev,p50,p75,p95,p98,p99,p999,mean_rate,m1_rate,m5_rate,m15_rate,rate_unit,duration_unit
1617579817,24,3.041610,0.617845,0.011377,0.619559,0.389928,1.100709,1.823573,1.823573,1.823573,3.041610,0.080003,0.110153,1.166281,2.182998,calls/second,milliseconds
1617580078,70,3.041610,0.636547,0.011377,0.638691,0.173167,1.310394,1.643650,1.643650,1.643650,1.823573,0.124743,0.031107,0.552955,1.663325,calls/second,milliseconds
1617580078,70,3.041610,0.636547,0.011377,0.638691,0.173167,1.310394,1.643650,1.643650,1.643650,1.823573,0.124742,0.031107,0.552955,1.663325,calls/second,milliseconds
