t,count,max,mean,min,stddev,p50,p75,p95,p98,p99,p999,mean_rate,m1_rate,m5_rate,m15_rate,rate_unit,duration_unit
1609597107,19,3.468728,0.978923,0.011273,0.685100,0.941512,0.941512,2.714606,2.714606,3.468728,3.468728,0.063315,0.019244,0.322193,0.589173,calls/second,milliseconds
1609597407,72,3.468728,0.247886,0.004068,0.338285,0.160488,0.258166,0.859452,1.622164,1.622164,1.715421,0.119983,0.188531,0.242683,0.474357,calls/second,milliseconds
1609597707,77,3.468728,0.967624,0.004068,0.469060,1.376148,1.376148,1.376148,1.376148,1.376148,1.622164,0.085547,0.013140,0.099200,0.344524,calls/second,milliseconds
1609597822,83,3.468728,0.640643,0.004068,0.540526,0.604176,0.832948,1.545567,1.545567,1.545567,1.545567,0.081759,0.013163,0.072875,0.305250,calls/second,milliseconds
1609597822,83,3.468728,0.640643,0.004068,0.540526,0.604176,0.832948,1.545567,1.545567,1.545567,1.545567,0.081758,0.013163,0.072875,0.305250,calls/second,milliseconds
