t,count,max,mean,min,stddev,p50,p75,p95,p98,p99,p999,mean_rate,m1_rate,m5_rate,m15_rate,rate_unit,duration_unit
1610005050,19,4.646349,0.206857,0.005670,0.521790,0.095681,0.203353,0.494479,0.892095,4.646349,4.646349,0.063337,0.034673,1.149547,2.177416,calls/second,milliseconds
1610005350,68,4.646349,0.340177,0.005670,0.487154,0.108352,0.453482,1.256386,1.256386,1.435758,3.698160,0.113284,0.078584,0.514473,1.597446,calls/second,milliseconds
1610005473,74,4.646349,0.512801,0.005670,0.487564,0.350276,0.730277,1.334430,1.334430,1.334430,3.698160,0.102368,0.019381,0.349867,1.400060,calls/second,milliseconds
1610005473,74,4.646349,0.512801,0.005670,0.487564,0.350276,0.730277,1.334430,1.334430,1.334430,3.698160,0.102366,0.019381,0.349867,1.400060,calls/second,milliseconds
