t,count,max,mean,min,stddev,p50,p75,p95,p98,p99,p999,mean_rate,m1_rate,m5_rate,m15_rate,rate_unit,duration_unit
1617626795,63,5.199749,0.244422,0.020910,0.610595,0.131806,0.196928,0.592912,1.146625,5.199749,5.199749,0.444019,1.293424,7.781909,10.501691,calls/second,milliseconds
1617626795,63,5.199749,0.244422,0.020910,0.610595,0.131806,0.196928,0.592912,1.146625,5.199749,5.199749,0.443993,1.293424,7.781909,10.501691,calls/second,milliseconds
