t,count,max,mean,min,stddev,p50,p75,p95,p98,p99,p999,mean_rate,m1_rate,m5_rate,m15_rate,rate_unit,duration_unit
1614113244,62,11.282604,0.230133,0.001918,1.442495,0.006388,0.009563,0.019670,2.893700,11.282604,11.282604,20.977907,0.000000,0.000000,0.000000,calls/second,milliseconds
1614113244,62,11.282604,0.230133,0.001918,1.442495,0.006388,0.009563,0.019670,2.893700,11.282604,11.282604,20.825907,0.000000,0.000000,0.000000,calls/second,milliseconds
