t,count,max,mean,min,stddev,p50,p75,p95,p98,p99,p999,mean_rate,m1_rate,m5_rate,m15_rate,rate_unit,duration_unit
1617567519,19,0.228354,0.141355,0.011850,0.061795,0.141294,0.141294,0.228354,0.228354,0.228354,0.228354,0.063327,0.046805,1.132229,2.165591,calls/second,milliseconds
1617567819,67,0.434183,0.070595,0.002969,0.113131,0.020007,0.040616,0.405660,0.434183,0.434183,0.434183,0.111661,0.174803,0.529487,1.599075,calls/second,milliseconds
1617568119,72,0.434183,0.179700,0.002969,0.047010,0.194520,0.194520,0.197886,0.197886,0.254074,0.434183,0.079991,0.026305,0.206315,1.150658,calls/second,milliseconds
1617568193,77,0.434183,0.065285,0.002969,0.074678,0.022827,0.144714,0.194520,0.197886,0.197886,0.254074,0.079105,0.021728,0.166576,1.065650,calls/second,milliseconds
1617568193,77,0.434183,0.065285,0.002969,0.074678,0.022827,0.144714,0.194520,0.197886,0.197886,0.254074,0.079105,0.021728,0.166576,1.065650,calls/second,milliseconds
