t,count,max,mean,min,stddev,p50,p75,p95,p98,p99,p999,mean_rate,m1_rate,m5_rate,m15_rate,rate_unit,duration_unit
1617626251,19,0.441039,0.290810,0.004667,0.165333,0.441039,0.441039,0.441039,0.441039,0.441039,0.441039,0.063271,0.034721,1.130975,2.165416,calls/second,milliseconds
1617626551,67,0.593622,0.166445,0.004667,0.231811,0.019337,0.210633,0.593622,0.593622,0.593622,0.593622,0.111612,0.032516,0.493821,1.593388,calls/second,milliseconds
1617626586,72,0.593622,0.068621,0.004667,0.129967,0.030342,0.030943,0.593622,0.593622,0.593622,0.593622,0.113192,0.078572,0.452504,1.537027,calls/second,milliseconds
1617626586,72,0.593622,0.068621,0.004667,0.129967,0.030342,0.030943,0.593622,0.593622,0.593622,0.593622,0.113190,0.078572,0.452504,1.537027,calls/second,milliseconds
