t,count,max,mean,min,stddev,p50,p75,p95,p98,p99,p999,mean_rate,m1_rate,m5_rate,m15_rate,rate_unit,duration_unit
1610145868,19,2.150910,0.067496,0.000626,0.260487,0.012268,0.012268,0.235478,0.972091,2.150910,2.150910,0.063336,0.027363,0.328131,0.592514,calls/second,milliseconds
1610146168,67,3.571997,0.312345,0.000626,0.426208,0.183300,0.451235,1.178315,1.286779,1.286779,3.571997,0.111669,0.290649,0.246026,0.473567,calls/second,milliseconds
1610146395,75,3.571997,0.406570,0.000626,0.499247,0.121146,0.793036,1.295465,1.295465,1.295465,1.295465,0.090726,0.029137,0.124170,0.370771,calls/second,milliseconds
1610146395,75,3.571997,0.406570,0.000626,0.499247,0.121146,0.793036,1.295465,1.295465,1.295465,1.295465,0.090725,0.029137,0.124170,0.370771,calls/second,milliseconds
