t,count,max,mean,min,stddev,p50,p75,p95,p98,p99,p999,mean_rate,m1_rate,m5_rate,m15_rate,rate_unit,duration_unit
1617654557,19,2.764478,0.193984,0.004611,0.278897,0.105755,0.167008,0.419076,0.419076,0.419076,2.764478,0.063327,0.038342,1.131426,2.165481,calls/second,milliseconds
1617654857,67,2.764478,0.078802,0.004611,0.171673,0.022760,0.047608,0.196919,0.941111,0.941111,0.941111,0.111661,0.094201,0.516403,1.597154,calls/second,milliseconds
1617654865,71,2.764478,0.071882,0.004611,0.142230,0.022760,0.047608,0.196919,0.941111,0.941111,0.941111,0.116709,0.086669,0.507868,1.588306,calls/second,milliseconds
1617654865,71,2.764478,0.071882,0.004611,0.142230,0.022760,0.047608,0.196919,0.941111,0.941111,0.941111,0.116708,0.086669,0.507868,1.588306,calls/second,milliseconds
