t,count,max,mean,min,stddev,p50,p75,p95,p98,p99,p999,mean_rate,m1_rate,m5_rate,m15_rate,rate_unit,duration_unit
1607879855,63,5.339217,0.488907,0.004700,0.759269,0.257769,0.577035,1.532875,3.208737,5.339217,5.339217,1.434769,2.292048,2.811349,2.933903,calls/second,milliseconds
1607879855,63,5.339217,0.488907,0.004700,0.759269,0.257769,0.577035,1.532875,3.208737,5.339217,5.339217,1.434118,2.292048,2.811349,2.933903,calls/second,milliseconds
