t,count,max,mean,min,stddev,p50,p75,p95,p98,p99,p999,mean_rate,m1_rate,m5_rate,m15_rate,rate_unit,duration_unit
1617627712,24,3.398295,0.519055,0.012817,0.386532,0.280775,0.921693,1.029536,1.029536,1.029536,3.398295,0.080006,0.080768,1.159588,2.180764,calls/second,milliseconds
1617628012,67,3.398295,0.350395,0.012817,0.296526,0.403340,0.514991,0.921693,1.161998,1.543914,1.543914,0.111671,0.026681,0.496184,1.601165,calls/second,milliseconds
1617628014,71,3.398295,0.534396,0.012817,0.456100,0.403340,1.010187,1.203915,1.203915,1.203915,1.543914,0.117955,0.024547,0.487983,1.592295,calls/second,milliseconds
1617628014,71,3.398295,0.534396,0.012817,0.456100,0.403340,1.010187,1.203915,1.203915,1.203915,1.543914,0.117953,0.024547,0.487983,1.592295,calls/second,milliseconds
