t,count,max,mean,min,stddev,p50,p75,p95,p98,p99,p999,mean_rate,m1_rate,m5_rate,m15_rate,rate_unit,duration_unit
1609420288,62,0.265858,0.020564,0.000920,0.047153,0.007943,0.013070,0.080110,0.265858,0.265858,0.265858,0.206642,0.431188,0.449292,0.635050,calls/second,milliseconds
1609420468,69,0.265858,0.019687,0.000920,0.030023,0.011784,0.014104,0.075754,0.075754,0.080110,0.265858,0.143903,0.035675,0.257922,0.525810,calls/second,milliseconds
1609420468,69,0.265858,0.019687,0.000920,0.030023,0.011784,0.014104,0.075754,0.075754,0.080110,0.265858,0.143896,0.035675,0.257922,0.525810,calls/second,milliseconds
