t,count,max,mean,min,stddev,p50,p75,p95,p98,p99,p999,mean_rate,m1_rate,m5_rate,m15_rate,rate_unit,duration_unit
1617618537,19,1.241624,0.746929,0.005323,0.527747,1.241624,1.241624,1.241624,1.241624,1.241624,1.241624,0.063327,0.035829,1.131123,2.165437,calls/second,milliseconds
1617618837,67,1.241624,0.046026,0.004847,0.089513,0.021390,0.033048,0.173807,0.173807,0.210670,0.794592,0.111660,0.121000,0.520910,1.597789,calls/second,milliseconds
1617618963,73,1.241624,0.230033,0.003287,0.348587,0.038123,0.729994,0.873008,0.873008,0.873008,0.873008,0.100626,0.026297,0.348666,1.392646,calls/second,milliseconds
1617618963,73,1.241624,0.230033,0.003287,0.348587,0.038123,0.729994,0.873008,0.873008,0.873008,0.873008,0.100624,0.026297,0.348666,1.392646,calls/second,milliseconds
