t,count,max,mean,min,stddev,p50,p75,p95,p98,p99,p999,mean_rate,m1_rate,m5_rate,m15_rate,rate_unit,duration_unit
1617564342,19,8.487117,0.174707,0.002529,0.999011,0.013546,0.060434,0.079009,4.639054,8.487117,8.487117,0.063224,0.034721,1.130975,2.165416,calls/second,milliseconds
1617564634,71,8.487117,0.029442,0.002529,0.051511,0.013046,0.034545,0.077690,0.121956,0.224333,0.224333,0.119789,0.058986,0.520566,1.612910,calls/second,milliseconds
1617564634,71,8.487117,0.029442,0.002529,0.051511,0.013046,0.034545,0.077690,0.121956,0.224333,0.224333,0.119786,0.058986,0.520566,1.612910,calls/second,milliseconds
