t,count,max,mean,min,stddev,p50,p75,p95,p98,p99,p999,mean_rate,m1_rate,m5_rate,m15_rate,rate_unit,duration_unit
1609414040,63,2.899345,0.217659,0.000759,0.430078,0.036720,0.275253,1.054388,1.229131,2.899345,2.899345,0.210012,0.066085,1.225866,2.216719,calls/second,milliseconds
1609414090,68,2.899345,0.431634,0.000759,0.441120,0.396550,0.731675,1.246078,1.246078,1.246078,2.899345,0.194764,0.074553,1.050044,2.101261,calls/second,milliseconds
1609414090,68,2.899345,0.431634,0.000759,0.441120,0.396550,0.731675,1.246078,1.246078,1.246078,2.899345,0.194759,0.074553,1.050044,2.101261,calls/second,milliseconds
