t,count,max,mean,min,stddev,p50,p75,p95,p98,p99,p999,mean_rate,m1_rate,m5_rate,m15_rate,rate_unit,duration_unit
1609975280,67,0.134471,0.019121,0.001688,0.019346,0.012193,0.021000,0.072737,0.072737,0.072737,0.134471,0.256146,0.127878,0.464679,0.658483,calls/second,milliseconds
1609975280,67,0.134471,0.019121,0.001688,0.019346,0.012193,0.021000,0.072737,0.072737,0.072737,0.134471,0.256134,0.127878,0.464679,0.658483,calls/second,milliseconds
