t,count,max,mean,min,stddev,p50,p75,p95,p98,p99,p999,mean_rate,m1_rate,m5_rate,m15_rate,rate_unit,duration_unit
1609999338,32,0.143810,0.028739,0.001676,0.040817,0.006314,0.026034,0.143810,0.143810,0.143810,0.143810,0.106659,0.189654,0.363408,0.603377,calls/second,milliseconds
1609999609,71,0.273700,0.015270,0.001379,0.024234,0.006627,0.006815,0.050858,0.050858,0.080657,0.273700,0.124318,0.030507,0.203167,0.477217,calls/second,milliseconds
1609999609,71,0.273700,0.015270,0.001379,0.024234,0.006627,0.006815,0.050858,0.050858,0.080657,0.273700,0.124315,0.030507,0.203167,0.477217,calls/second,milliseconds
