t,count,max,mean,min,stddev,p50,p75,p95,p98,p99,p999,mean_rate,m1_rate,m5_rate,m15_rate,rate_unit,duration_unit
1617665149,19,0.375740,0.085343,0.004074,0.094585,0.072268,0.072268,0.375740,0.375740,0.375740,0.375740,0.063326,0.046805,1.132229,2.165591,calls/second,milliseconds
1617665355,69,0.406549,0.034573,0.000985,0.094210,0.005101,0.010418,0.406549,0.406549,0.406549,0.406549,0.136453,0.146404,0.680200,1.771837,calls/second,milliseconds
1617665355,69,0.406549,0.034573,0.000985,0.094210,0.005101,0.010418,0.406549,0.406549,0.406549,0.406549,0.136451,0.146404,0.680200,1.771837,calls/second,milliseconds
