t,count,max,mean,min,stddev,p50,p75,p95,p98,p99,p999,mean_rate,m1_rate,m5_rate,m15_rate,rate_unit,duration_unit
1617582697,32,4.274111,0.306239,0.020676,0.448054,0.145666,0.288800,1.222884,1.222884,2.357672,4.274111,0.106623,0.174273,1.170359,2.179397,calls/second,milliseconds
1617582910,70,4.274111,0.344427,0.008636,0.321533,0.177170,0.612321,1.039135,1.039135,1.042432,1.230688,0.136300,0.048445,0.645148,1.757001,calls/second,milliseconds
1617582910,70,4.274111,0.344427,0.008636,0.321533,0.177170,0.612321,1.039135,1.039135,1.042432,1.230688,0.136298,0.048445,0.645148,1.757001,calls/second,milliseconds
