t,count,max,mean,min,stddev,p50,p75,p95,p98,p99,p999,mean_rate,m1_rate,m5_rate,m15_rate,rate_unit,duration_unit
1609281153,62,0.500565,0.033311,0.004989,0.056571,0.022964,0.036471,0.080158,0.143449,0.500565,0.500565,2.053980,1.308930,0.911002,0.837519,calls/second,milliseconds
1609281153,62,0.500565,0.033311,0.004989,0.056571,0.022964,0.036471,0.080158,0.143449,0.500565,0.500565,2.053246,1.308930,0.911002,0.837519,calls/second,milliseconds
