t,count,max,mean,min,stddev,p50,p75,p95,p98,p99,p999,mean_rate,m1_rate,m5_rate,m15_rate,rate_unit,duration_unit
1609407469,63,0.238840,0.004975,0.000145,0.009362,0.001712,0.004540,0.020793,0.023387,0.036063,0.036063,0.209982,0.244205,1.244398,2.210274,calls/second,milliseconds
1609407769,73,0.238840,0.008942,0.000145,0.004831,0.010354,0.010997,0.010997,0.010997,0.019717,0.036063,0.121661,0.015132,0.474060,1.592381,calls/second,milliseconds
1609408069,78,0.238840,0.013011,0.000145,0.007244,0.013520,0.013520,0.031573,0.031573,0.031573,0.031573,0.086664,0.013003,0.184486,1.145649,calls/second,milliseconds
1609408323,86,0.238840,0.014346,0.000145,0.007259,0.014617,0.017210,0.028527,0.028527,0.028527,0.028527,0.074529,0.031844,0.097072,0.874738,calls/second,milliseconds
1609408323,86,0.238840,0.014346,0.000145,0.007259,0.014617,0.017210,0.028527,0.028527,0.028527,0.028527,0.074528,0.031844,0.097072,0.874738,calls/second,milliseconds
