t,count,max,mean,min,stddev,p50,p75,p95,p98,p99,p999,mean_rate,m1_rate,m5_rate,m15_rate,rate_unit,duration_unit
1617668639,44,3.923637,0.389907,0.004542,0.797347,0.171227,0.437080,0.785731,3.923637,3.923637,3.923637,0.146673,0.333459,1.225562,2.203667,calls/second,milliseconds
1617668754,67,3.923637,0.403211,0.004542,0.515430,0.261424,0.625569,0.948223,1.020604,3.923637,3.923637,0.161500,0.124340,0.884636,1.959428,calls/second,milliseconds
1617668754,67,3.923637,0.403211,0.004542,0.515430,0.261424,0.625569,0.948223,1.020604,3.923637,3.923637,0.161497,0.124340,0.884636,1.959428,calls/second,milliseconds
