t,count,max,mean,min,stddev,p50,p75,p95,p98,p99,p999,mean_rate,m1_rate,m5_rate,m15_rate,rate_unit,duration_unit
1617640550,32,4.337116,0.270351,0.015794,0.256258,0.221514,0.456644,0.637890,0.637890,0.848999,1.475737,0.106626,0.206031,1.172507,2.179671,calls/second,milliseconds
1617640789,70,4.337116,0.307225,0.015794,0.253310,0.319397,0.448902,0.803897,0.927215,1.274904,1.274904,0.130025,0.044245,0.597596,1.709575,calls/second,milliseconds
1617640789,70,4.337116,0.307225,0.015794,0.253310,0.319397,0.448902,0.803897,0.927215,1.274904,1.274904,0.130023,0.044245,0.597596,1.709575,calls/second,milliseconds
