t,count,max,mean,min,stddev,p50,p75,p95,p98,p99,p999,mean_rate,m1_rate,m5_rate,m15_rate,rate_unit,duration_unit
1608508127,5,39.311422,8.789814,0.006516,15.349873,0.170424,4.355356,39.311422,39.311422,39.311422,39.311422,0.016666,0.000752,0.006500,0.004059,calls/second,milliseconds
1608508348,28,39.311422,1.886476,0.006516,4.334105,0.764395,0.986529,8.728321,20.711854,20.711854,20.711854,0.053767,0.023870,0.045160,0.023473,calls/second,milliseconds
1608508348,28,39.311422,1.886476,0.006516,4.334105,0.764395,0.986529,8.728321,20.711854,20.711854,20.711854,0.053766,0.023870,0.045160,0.023473,calls/second,milliseconds
