t,count,max,mean,min,stddev,p50,p75,p95,p98,p99,p999,mean_rate,m1_rate,m5_rate,m15_rate,rate_unit,duration_unit
1608320135,24,2.884727,0.203303,0.006398,0.182324,0.183225,0.224119,0.478830,0.478830,0.681376,2.884727,0.079986,0.105407,0.339737,0.594863,calls/second,milliseconds
1608320435,68,2.884727,0.288816,0.006398,0.191348,0.343064,0.357730,0.597464,0.652951,1.191138,1.191138,0.113324,0.033855,0.192165,0.463758,calls/second,milliseconds
1608320445,72,2.884727,0.185549,0.006398,0.148967,0.142892,0.252155,0.357730,0.597464,0.597464,1.191138,0.118037,0.031148,0.188989,0.461189,calls/second,milliseconds
1608320445,72,2.884727,0.185549,0.006398,0.148967,0.142892,0.252155,0.357730,0.597464,0.597464,1.191138,0.118035,0.031148,0.188989,0.461189,calls/second,milliseconds
