t,count,max,mean,min,stddev,p50,p75,p95,p98,p99,p999,mean_rate,m1_rate,m5_rate,m15_rate,rate_unit,duration_unit
1607879500,71,3.636203,0.569674,0.002258,0.590131,0.183092,0.929346,1.514474,1.514474,1.514474,3.636203,0.236703,0.091348,1.228919,2.221668,calls/second,milliseconds
1607879503,72,3.636203,0.706576,0.002258,0.598835,0.929346,1.275541,1.514474,1.514474,1.514474,3.636203,0.237434,0.084044,1.208607,2.209360,calls/second,milliseconds
1607879503,72,3.636203,0.706576,0.002258,0.598835,0.929346,1.275541,1.514474,1.514474,1.514474,3.636203,0.237426,0.084044,1.208607,2.209360,calls/second,milliseconds
