t,count,max,mean,min,stddev,p50,p75,p95,p98,p99,p999,mean_rate,m1_rate,m5_rate,m15_rate,rate_unit,duration_unit
1617673247,46,0.163598,0.008887,0.000115,0.023130,0.002353,0.005567,0.046480,0.058607,0.163598,0.163598,0.153320,0.315834,1.212150,2.194381,calls/second,milliseconds
1617673329,68,0.163598,0.008647,0.000115,0.018516,0.002538,0.004740,0.052100,0.055063,0.055063,0.163598,0.177913,0.188669,0.976829,2.026357,calls/second,milliseconds
1617673329,68,0.163598,0.008647,0.000115,0.018516,0.002538,0.004740,0.052100,0.055063,0.055063,0.163598,0.177910,0.188669,0.976829,2.026357,calls/second,milliseconds
