t,count,max,mean,min,stddev,p50,p75,p95,p98,p99,p999,mean_rate,m1_rate,m5_rate,m15_rate,rate_unit,duration_unit
1617665734,24,0.266223,0.033705,0.000699,0.066556,0.008003,0.013863,0.266223,0.266223,0.266223,0.266223,0.079992,0.121748,1.148540,2.171106,calls/second,milliseconds
1617665890,68,0.266223,0.017000,0.000699,0.026598,0.005844,0.015892,0.068916,0.071024,0.079546,0.266223,0.149021,0.172783,0.787538,1.870259,calls/second,milliseconds
1617665890,68,0.266223,0.017000,0.000699,0.026598,0.005844,0.015892,0.068916,0.071024,0.079546,0.266223,0.149018,0.172783,0.787538,1.870259,calls/second,milliseconds
