t,count,max,mean,min,stddev,p50,p75,p95,p98,p99,p999,mean_rate,m1_rate,m5_rate,m15_rate,rate_unit,duration_unit
1609220206,62,3.702227,0.171765,0.000810,0.216964,0.078345,0.305503,0.497450,0.500721,0.742294,3.702227,0.206671,0.225217,0.438873,0.636374,calls/second,milliseconds
1609220235,67,3.702227,0.209426,0.000810,0.249213,0.085243,0.369671,0.673456,0.673456,0.742294,0.742294,0.203371,0.151313,0.400360,0.616613,calls/second,milliseconds
1609220235,67,3.702227,0.209426,0.000810,0.249213,0.085243,0.369671,0.673456,0.673456,0.742294,0.742294,0.203368,0.151313,0.400360,0.616613,calls/second,milliseconds
