t,count,max,mean,min,stddev,p50,p75,p95,p98,p99,p999,mean_rate,m1_rate,m5_rate,m15_rate,rate_unit,duration_unit
1609307060,19,4.262366,0.061587,0.000747,0.419096,0.003812,0.003812,0.226876,0.288337,0.342822,4.262366,0.063334,0.040252,1.150286,2.177523,calls/second,milliseconds
1609307360,68,4.262366,0.203820,0.000747,0.222303,0.099172,0.344770,0.645248,0.726551,0.726551,0.726551,0.113335,0.092223,0.524422,1.606582,calls/second,milliseconds
1609307660,73,4.262366,0.017916,0.000747,0.074411,0.005931,0.005931,0.005931,0.340417,0.430994,0.726551,0.081111,0.017186,0.203530,1.155903,calls/second,milliseconds
1609307960,78,4.262366,0.006157,0.000747,0.008446,0.007667,0.007667,0.007667,0.007667,0.007667,0.007667,0.065000,0.016681,0.085480,0.832978,calls/second,milliseconds
1609308260,83,4.262366,0.004931,0.000747,0.002775,0.003310,0.008041,0.008041,0.013340,0.013340,0.013340,0.055334,0.016677,0.042052,0.601591,calls/second,milliseconds
1609308352,89,4.262366,0.333780,0.000747,0.366511,0.148824,0.740890,0.895927,0.895927,0.895927,0.895927,0.055915,0.025298,0.036650,0.543471,calls/second,milliseconds
1609308352,89,4.262366,0.333780,0.000747,0.366511,0.148824,0.740890,0.895927,0.895927,0.895927,0.895927,0.055914,0.025298,0.036650,0.543471,calls/second,milliseconds
