t,count,max,mean,min,stddev,p50,p75,p95,p98,p99,p999,mean_rate,m1_rate,m5_rate,m15_rate,rate_unit,duration_unit
1607796302,19,4.694318,0.863119,0.008786,0.713456,0.631560,0.961726,2.557629,2.557629,4.694318,4.694318,0.063308,0.035829,1.131123,2.165437,calls/second,milliseconds
1607796602,37,4.694318,0.463726,0.008786,0.569400,0.265934,0.496494,1.979103,1.979103,1.979103,1.979103,0.061655,0.126155,0.463920,1.570048,calls/second,milliseconds
1607796902,72,4.694318,0.809100,0.008786,0.613248,0.822212,1.197547,1.878977,1.878977,1.878977,1.979103,0.079990,0.024438,0.224855,1.154971,calls/second,milliseconds
1607797202,77,11.163531,4.440700,0.008786,3.795117,2.490798,2.654702,11.163531,11.163531,11.163531,11.163531,0.064160,0.014186,0.092978,0.832257,calls/second,milliseconds
1607797502,82,11.719377,4.700330,0.008786,4.028937,2.792826,2.792826,11.719377,11.719377,11.719377,11.719377,0.054662,0.014117,0.044463,0.601023,calls/second,milliseconds
1607797802,87,11.719377,6.269445,0.008786,4.363630,9.848220,9.848220,9.848220,9.848220,9.848220,11.719377,0.048330,0.014117,0.026615,0.435336,calls/second,milliseconds
1607798102,98,11.719377,2.461170,0.007260,1.786831,1.619953,3.895747,5.346569,5.346569,5.346569,9.848220,0.046664,0.015019,0.027849,0.321487,calls/second,milliseconds
1607798402,103,11.719377,0.881110,0.007260,0.266954,0.839635,0.860199,1.039398,1.039398,1.619953,5.346569,0.042914,0.014123,0.020503,0.235040,calls/second,milliseconds
1607798702,108,11.719377,0.905782,0.007260,0.047888,0.897196,0.910608,0.992015,0.992015,0.992015,0.992015,0.039998,0.014117,0.017801,0.173098,calls/second,milliseconds
1607799002,113,11.719377,0.876347,0.007260,0.037656,0.865039,0.865039,0.977598,0.977598,0.984638,0.992015,0.037665,0.014117,0.016807,0.128714,calls/second,milliseconds
1607799302,118,11.719377,0.935528,0.007260,0.042168,0.962689,0.962689,0.962689,0.967435,0.967435,0.977598,0.035756,0.014117,0.016441,0.096912,calls/second,milliseconds
1607799337,123,11.719377,0.474610,0.007260,0.312534,0.399555,0.830430,0.962689,0.962689,0.962689,0.967435,0.036879,0.069387,0.027745,0.097636,calls/second,milliseconds
1607799337,123,11.719377,0.474610,0.007260,0.312534,0.399555,0.830430,0.962689,0.962689,0.962689,0.967435,0.036879,0.069387,0.027745,0.097636,calls/second,milliseconds
