t,count,max,mean,min,stddev,p50,p75,p95,p98,p99,p999,mean_rate,m1_rate,m5_rate,m15_rate,rate_unit,duration_unit
1617585531,32,0.215680,0.018578,0.000870,0.035899,0.007389,0.012446,0.098623,0.185143,0.185143,0.215680,0.106655,0.185828,1.171490,2.179551,calls/second,milliseconds
1617585749,70,0.215680,0.030616,0.000870,0.040721,0.011613,0.015589,0.113886,0.134857,0.134857,0.185143,0.135016,0.054618,0.636471,1.747605,calls/second,milliseconds
1617585749,70,0.215680,0.030616,0.000870,0.040721,0.011613,0.015589,0.113886,0.134857,0.134857,0.185143,0.135014,0.054618,0.636471,1.747605,calls/second,milliseconds
