t,count,max,mean,min,stddev,p50,p75,p95,p98,p99,p999,mean_rate,m1_rate,m5_rate,m15_rate,rate_unit,duration_unit
1610406764,5,28.041614,5.622768,0.003757,11.209429,0.028210,0.034474,28.041614,28.041614,28.041614,28.041614,0.016666,0.000752,0.006500,0.004059,calls/second,milliseconds
1610407042,28,28.041614,1.173081,0.003757,2.087097,0.866568,0.866568,7.800065,9.440017,9.440017,9.440017,0.048387,0.014350,0.040397,0.022572,calls/second,milliseconds
1610407042,28,28.041614,1.173081,0.003757,2.087097,0.866568,0.866568,7.800065,9.440017,9.440017,9.440017,0.048386,0.014350,0.040397,0.022572,calls/second,milliseconds
