t,count,max,mean,min,stddev,p50,p75,p95,p98,p99,p999,mean_rate,m1_rate,m5_rate,m15_rate,rate_unit,duration_unit
1607724473,67,8.024467,0.728824,0.026530,1.158773,0.313666,0.739076,3.770221,3.770221,3.770221,8.024467,0.276356,0.095034,0.479767,0.670777,calls/second,milliseconds
1607724473,67,8.024467,0.728824,0.026530,1.158773,0.313666,0.739076,3.770221,3.770221,3.770221,8.024467,0.276335,0.095034,0.479767,0.670777,calls/second,milliseconds
