t,count,max,mean,min,stddev,p50,p75,p95,p98,p99,p999,mean_rate,m1_rate,m5_rate,m15_rate,rate_unit,duration_unit
1607879785,65,62.549099,2.326957,0.017831,7.994459,0.300113,0.692450,8.467262,19.805701,62.549099,62.549099,6.058765,3.495725,3.102477,3.034349,calls/second,milliseconds
1607879785,65,62.549099,2.326957,0.017831,7.994459,0.300113,0.692450,8.467262,19.805701,62.549099,62.549099,6.044930,3.495725,3.102477,3.034349,calls/second,milliseconds
