t,count,max,mean,min,stddev,p50,p75,p95,p98,p99,p999,mean_rate,m1_rate,m5_rate,m15_rate,rate_unit,duration_unit
1617657230,19,0.142527,0.022963,0.001249,0.015252,0.015520,0.032857,0.045093,0.045093,0.045093,0.142527,0.063326,0.044819,1.132063,2.165569,calls/second,milliseconds
1617657464,70,0.142527,0.012433,0.001249,0.014035,0.006527,0.014110,0.036816,0.045992,0.082579,0.082579,0.131192,0.107218,0.626722,1.721580,calls/second,milliseconds
1617657464,70,0.142527,0.012433,0.001249,0.014035,0.006527,0.014110,0.036816,0.045992,0.082579,0.082579,0.131190,0.107218,0.626722,1.721580,calls/second,milliseconds
