t,count,max,mean,min,stddev,p50,p75,p95,p98,p99,p999,mean_rate,m1_rate,m5_rate,m15_rate,rate_unit,duration_unit
1607730129,68,0.244626,0.014848,0.001930,0.038453,0.005360,0.007896,0.064442,0.244626,0.244626,0.244626,0.226643,0.280998,1.257616,2.215401,calls/second,milliseconds
1607730429,73,0.625298,0.197107,0.001930,0.223386,0.103823,0.103823,0.625298,0.625298,0.625298,0.625298,0.121660,0.019898,0.473435,1.592167,calls/second,milliseconds
1607730729,78,0.625298,0.083044,0.001930,0.029106,0.076173,0.090480,0.090480,0.091070,0.091070,0.625298,0.086664,0.018138,0.184951,1.145601,calls/second,milliseconds
1607730767,82,0.625298,0.038790,0.001930,0.044853,0.008980,0.090480,0.104783,0.104783,0.104783,0.104783,0.087481,0.010122,0.164585,1.101905,calls/second,milliseconds
1607730767,82,0.625298,0.038790,0.001930,0.044853,0.008980,0.090480,0.104783,0.104783,0.104783,0.104783,0.087480,0.010122,0.164585,1.101905,calls/second,milliseconds
