t,count,max,mean,min,stddev,p50,p75,p95,p98,p99,p999,mean_rate,m1_rate,m5_rate,m15_rate,rate_unit,duration_unit
1608738308,19,2.162827,0.487582,0.009353,0.263787,0.546182,0.546182,0.546182,0.739859,2.162827,2.162827,0.063317,0.020131,0.322101,0.589145,calls/second,milliseconds
1608738608,60,2.162827,0.168331,0.009353,0.168208,0.127361,0.189252,0.567778,0.682694,0.682694,0.682694,0.099987,0.264447,0.227326,0.464233,calls/second,milliseconds
1608738870,77,2.162827,0.346741,0.009353,0.254406,0.339494,0.475609,0.752978,0.752978,0.862242,0.862242,0.089390,0.030422,0.118388,0.359302,calls/second,milliseconds
1608738870,77,2.162827,0.346741,0.009353,0.254406,0.339494,0.475609,0.752978,0.752978,0.862242,0.862242,0.089389,0.030422,0.118388,0.359302,calls/second,milliseconds
