t,count,max,mean,min,stddev,p50,p75,p95,p98,p99,p999,mean_rate,m1_rate,m5_rate,m15_rate,rate_unit,duration_unit
1617658544,19,0.136292,0.015874,0.002720,0.022252,0.002720,0.024114,0.044868,0.088773,0.088773,0.136292,0.063325,0.042992,1.131899,2.165546,calls/second,milliseconds
1617658726,69,0.136292,0.011581,0.001631,0.017790,0.006546,0.009041,0.043327,0.090854,0.092483,0.092483,0.143191,0.126687,0.725012,1.817819,calls/second,milliseconds
1617658726,69,0.136292,0.011581,0.001631,0.017790,0.006546,0.009041,0.043327,0.090854,0.092483,0.092483,0.143189,0.126687,0.725012,1.817819,calls/second,milliseconds
