t,count,max,mean,min,stddev,p50,p75,p95,p98,p99,p999,mean_rate,m1_rate,m5_rate,m15_rate,rate_unit,duration_unit
1607723932,65,5.014511,0.545306,0.003600,0.746557,0.215221,0.669959,2.193341,2.193341,2.193341,5.014511,0.514626,0.363009,0.681741,0.758067,calls/second,milliseconds
1607723932,65,5.014511,0.545306,0.003600,0.746557,0.215221,0.669959,2.193341,2.193341,2.193341,5.014511,0.514535,0.363009,0.681741,0.758067,calls/second,milliseconds
