t,count,max,mean,min,stddev,p50,p75,p95,p98,p99,p999,mean_rate,m1_rate,m5_rate,m15_rate,rate_unit,duration_unit
1609548588,19,0.164778,0.041788,0.001791,0.020132,0.041045,0.051900,0.051900,0.091939,0.091939,0.164778,0.063329,0.023885,0.322788,0.589259,calls/second,milliseconds
1609548888,72,0.234058,0.016984,0.001276,0.031220,0.008993,0.014666,0.067423,0.106267,0.234058,0.234058,0.119994,0.282703,0.252965,0.475782,calls/second,milliseconds
1609549188,77,0.234058,0.029320,0.001276,0.023931,0.014629,0.052683,0.062267,0.062267,0.062267,0.234058,0.085553,0.018470,0.103666,0.345649,calls/second,milliseconds
1609549359,84,0.234058,0.037011,0.001276,0.028024,0.028277,0.057202,0.085919,0.085919,0.085919,0.085919,0.078431,0.019807,0.066649,0.289218,calls/second,milliseconds
1609549359,84,0.234058,0.037011,0.001276,0.028024,0.028277,0.057202,0.085919,0.085919,0.085919,0.085919,0.078430,0.019807,0.066649,0.289218,calls/second,milliseconds
