t,count,max,mean,min,stddev,p50,p75,p95,p98,p99,p999,mean_rate,m1_rate,m5_rate,m15_rate,rate_unit,duration_unit
1609422680,24,2.667652,0.339342,0.007336,0.297156,0.366439,0.479718,0.827699,0.827699,0.827699,2.667652,0.080003,0.064472,0.335531,0.594857,calls/second,milliseconds
1609422980,67,2.667652,0.253368,0.005191,0.424006,0.101338,0.159807,1.443881,2.141766,2.345864,2.345864,0.111668,0.020450,0.189865,0.464240,calls/second,milliseconds
1609423123,73,2.667652,0.600736,0.005191,0.672290,0.093517,1.362639,1.527386,1.527386,1.527386,2.141766,0.098297,0.019049,0.124792,0.398206,calls/second,milliseconds
1609423123,73,2.667652,0.600736,0.005191,0.672290,0.093517,1.362639,1.527386,1.527386,1.527386,2.141766,0.098296,0.019049,0.124792,0.398206,calls/second,milliseconds
