t,count,max,mean,min,stddev,p50,p75,p95,p98,p99,p999,mean_rate,m1_rate,m5_rate,m15_rate,rate_unit,duration_unit
1609417275,64,3.070286,0.456179,0.015168,0.597404,0.258638,0.483388,1.631237,2.394535,2.394535,3.070286,0.322131,0.394291,1.714049,2.475662,calls/second,milliseconds
1609417275,64,3.070286,0.456179,0.015168,0.597404,0.258638,0.483388,1.631237,2.394535,2.394535,3.070286,0.322103,0.394291,1.714049,2.475662,calls/second,milliseconds
