t,count,max,mean,min,stddev,p50,p75,p95,p98,p99,p999,mean_rate,m1_rate,m5_rate,m15_rate,rate_unit,duration_unit
1608518235,19,3.086566,0.621419,0.007536,0.311417,0.591388,0.814224,0.850471,0.850471,0.850471,3.086566,0.063316,0.032491,0.323832,0.589419,calls/second,milliseconds
1608518535,51,3.086566,0.216993,0.007536,0.173887,0.157830,0.374059,0.593456,0.617135,0.679126,0.679126,0.084989,0.241034,0.206995,0.455575,calls/second,milliseconds
1608518826,76,3.086566,0.238366,0.007536,0.210503,0.182581,0.485205,0.588669,0.588669,0.588669,0.706577,0.085220,0.015648,0.109875,0.347796,calls/second,milliseconds
1608518826,76,3.086566,0.238366,0.007536,0.210503,0.182581,0.485205,0.588669,0.588669,0.588669,0.706577,0.085219,0.015648,0.109875,0.347796,calls/second,milliseconds
