t,count,max,mean,min,stddev,p50,p75,p95,p98,p99,p999,mean_rate,m1_rate,m5_rate,m15_rate,rate_unit,duration_unit
1609280155,72,10.119617,0.098756,0.000184,0.713413,0.002874,0.005761,0.300694,0.313491,0.446078,10.119617,0.240009,0.116072,4.287666,8.128994,calls/second,milliseconds
1609280455,77,10.119617,0.004961,0.000184,0.097931,0.002002,0.004240,0.007613,0.007613,0.007613,0.294950,0.128337,0.023900,1.588681,5.829522,calls/second,milliseconds
1609280755,82,10.119617,0.007097,0.000184,0.010718,0.009309,0.009309,0.009309,0.009309,0.009309,0.009309,0.091113,0.023279,0.595780,4.181878,calls/second,milliseconds
1609281049,88,10.119617,0.069805,0.000184,0.081847,0.003726,0.170607,0.170607,0.170607,0.170607,0.170607,0.073712,0.025298,0.234386,3.018010,calls/second,milliseconds
1609281049,88,10.119617,0.069805,0.000184,0.081847,0.003726,0.170607,0.170607,0.170607,0.170607,0.170607,0.073712,0.025298,0.234386,3.018010,calls/second,milliseconds
