t,count,max,mean,min,stddev,p50,p75,p95,p98,p99,p999,mean_rate,m1_rate,m5_rate,m15_rate,rate_unit,duration_unit
1609426118,19,4.352053,1.114590,0.024180,0.625393,1.250215,1.250215,2.096280,2.096280,4.352053,4.352053,0.063308,0.031900,1.130547,2.165352,calls/second,milliseconds
1609426418,73,4.352053,0.609353,0.005272,0.795346,0.264537,0.693009,2.513172,2.513172,2.513172,2.513172,0.121639,0.044352,0.509639,1.599692,calls/second,milliseconds
1609426506,79,4.352053,0.535307,0.005272,0.532937,0.327512,0.865356,1.439648,1.439648,2.513172,2.513172,0.114696,0.026430,0.389520,1.457623,calls/second,milliseconds
1609426506,79,4.352053,0.535307,0.005272,0.532937,0.327512,0.865356,1.439648,1.439648,2.513172,2.513172,0.114694,0.026430,0.389520,1.457623,calls/second,milliseconds
