t,count,max,mean,min,stddev,p50,p75,p95,p98,p99,p999,mean_rate,m1_rate,m5_rate,m15_rate,rate_unit,duration_unit
1617565759,19,15.411748,2.432278,0.033222,1.984823,1.855297,4.656054,4.656054,4.871125,15.411748,15.411748,0.063300,0.034721,1.130975,2.165416,calls/second,milliseconds
1617566059,67,15.411748,0.907106,0.033222,1.390689,0.388862,1.062130,5.944766,5.944766,5.944766,5.944766,0.111626,0.122679,0.521576,1.597881,calls/second,milliseconds
1617566213,74,15.411748,1.023286,0.033222,1.271527,0.246370,1.585907,4.592725,4.592725,4.592725,5.944766,0.098141,0.030418,0.324310,1.355657,calls/second,milliseconds
1617566213,74,15.411748,1.023286,0.033222,1.271527,0.246370,1.585907,4.592725,4.592725,4.592725,5.944766,0.098140,0.030418,0.324310,1.355657,calls/second,milliseconds
