t,count,max,mean,min,stddev,p50,p75,p95,p98,p99,p999,mean_rate,m1_rate,m5_rate,m15_rate,rate_unit,duration_unit
1608468472,66,0.030383,0.002934,0.000071,0.002099,0.002862,0.004044,0.007017,0.008144,0.008820,0.008820,0.223697,0.121776,0.423727,0.634266,calls/second,milliseconds
1608468472,66,0.030383,0.002934,0.000071,0.002099,0.002862,0.004044,0.007017,0.008144,0.008820,0.008820,0.223687,0.121776,0.423727,0.634266,calls/second,milliseconds
