t,count,max,mean,min,stddev,p50,p75,p95,p98,p99,p999,mean_rate,m1_rate,m5_rate,m15_rate,rate_unit,duration_unit
1609305035,19,2.505345,0.602276,0.020640,0.280872,0.644370,0.669942,0.669942,0.785510,2.505345,2.505345,0.063316,0.022576,0.322636,0.589238,calls/second,milliseconds
1609305335,68,2.505345,0.274170,0.020640,0.216236,0.202497,0.497565,0.619776,0.622181,0.753735,1.062655,0.113291,0.074248,0.215491,0.467837,calls/second,milliseconds
1609305635,73,2.505345,0.373274,0.020640,0.181255,0.238342,0.549664,0.691397,0.691397,0.691397,0.691397,0.081104,0.015741,0.089705,0.339931,calls/second,milliseconds
1609305935,78,2.505345,0.440577,0.020640,0.146035,0.400144,0.510326,0.668767,0.668767,0.668767,0.691397,0.064996,0.015346,0.043431,0.248281,calls/second,milliseconds
1609306235,83,2.505345,0.478493,0.020640,0.209865,0.641966,0.641966,0.641966,0.641966,0.641966,0.668767,0.055330,0.015344,0.026408,0.182612,calls/second,milliseconds
1609306535,88,2.505345,0.572382,0.020640,0.224948,0.750520,0.750520,0.750520,0.750520,0.750520,0.750520,0.048887,0.015344,0.020146,0.135558,calls/second,milliseconds
1609306750,101,2.505345,0.192992,0.020640,0.133661,0.203093,0.321191,0.346203,0.346203,0.450582,0.750520,0.050136,0.028398,0.028675,0.115829,calls/second,milliseconds
1609306750,101,2.505345,0.192992,0.020640,0.133661,0.203093,0.321191,0.346203,0.346203,0.450582,0.750520,0.050136,0.028398,0.028675,0.115829,calls/second,milliseconds
