t,count,max,mean,min,stddev,p50,p75,p95,p98,p99,p999,mean_rate,m1_rate,m5_rate,m15_rate,rate_unit,duration_unit
1607728557,62,3.544811,0.395092,0.007856,0.555110,0.201473,0.462397,1.181508,2.343376,3.473517,3.544811,0.206675,0.169181,1.251511,2.220055,calls/second,milliseconds
1607728857,67,3.544811,0.216065,0.007856,0.190988,0.181386,0.205565,0.243886,0.607846,0.984321,3.473517,0.111668,0.015162,0.470663,1.595424,calls/second,milliseconds
1607728987,73,3.544811,0.826667,0.007856,0.755807,0.254593,1.357398,2.013207,2.013207,2.013207,2.013207,0.099983,0.059078,0.315115,1.378547,calls/second,milliseconds
1607728987,73,3.544811,0.826667,0.007856,0.755807,0.254593,1.357398,2.013207,2.013207,2.013207,2.013207,0.099981,0.059078,0.315115,1.378547,calls/second,milliseconds
