t,count,max,mean,min,stddev,p50,p75,p95,p98,p99,p999,mean_rate,m1_rate,m5_rate,m15_rate,rate_unit,duration_unit
1608521050,19,3.710785,0.790125,0.004941,0.513908,0.677862,1.278780,1.433581,1.843450,3.710785,3.710785,0.063307,0.034721,1.130975,2.165416,calls/second,milliseconds
1608521350,37,3.710785,0.256201,0.004941,0.219412,0.189694,0.386189,0.678461,0.678461,0.678461,0.678461,0.061654,0.117865,0.463390,1.569975,calls/second,milliseconds
1608521532,75,3.710785,0.202393,0.004941,0.167819,0.156840,0.232497,0.613443,0.613443,0.613443,0.678461,0.095992,0.121066,0.336454,1.321181,calls/second,milliseconds
1608521532,75,3.710785,0.202393,0.004941,0.167819,0.156840,0.232497,0.613443,0.613443,0.613443,0.678461,0.095991,0.121066,0.336454,1.321181,calls/second,milliseconds
