t,count,max,mean,min,stddev,p50,p75,p95,p98,p99,p999,mean_rate,m1_rate,m5_rate,m15_rate,rate_unit,duration_unit
1609416470,65,0.427449,0.042364,0.004534,0.083061,0.019248,0.025234,0.302760,0.427449,0.427449,0.427449,0.545230,0.933039,2.216962,2.704179,calls/second,milliseconds
1609416470,65,0.427449,0.042364,0.004534,0.083061,0.019248,0.025234,0.302760,0.427449,0.427449,0.427449,0.545178,0.933039,2.216962,2.704179,calls/second,milliseconds
