t,count,max,mean,min,stddev,p50,p75,p95,p98,p99,p999,mean_rate,m1_rate,m5_rate,m15_rate,rate_unit,duration_unit
1609389242,19,2.035293,0.072118,0.001152,0.247153,0.017322,0.017322,0.362925,0.902135,1.150602,2.035293,0.063336,0.041674,1.150441,2.177545,calls/second,milliseconds
1609389542,68,2.199464,0.177020,0.000685,0.321806,0.020913,0.288041,0.695249,0.752559,2.182413,2.199464,0.113336,0.041266,0.506145,1.603595,calls/second,milliseconds
1609389842,73,2.199464,0.022004,0.000685,0.061714,0.022400,0.022400,0.030992,0.030992,0.140798,0.732275,0.081112,0.018282,0.196984,1.153789,calls/second,milliseconds
1609390142,78,2.199464,0.014776,0.000685,0.009067,0.014329,0.014329,0.014329,0.044267,0.044267,0.044267,0.065001,0.018128,0.083251,0.831489,calls/second,milliseconds
1609390442,83,2.199464,0.012582,0.000685,0.002212,0.013620,0.013620,0.014843,0.014843,0.014843,0.014843,0.055334,0.018127,0.041410,0.600551,calls/second,milliseconds
1609390742,91,2.199464,0.232434,0.000685,0.253373,0.063844,0.337495,0.663685,0.663685,0.663685,0.663685,0.050556,0.049752,0.035142,0.438310,calls/second,milliseconds
1609390785,99,2.199464,0.129355,0.000587,0.220821,0.001284,0.063844,0.516513,0.663685,0.663685,0.663685,0.053731,0.096409,0.051445,0.424465,calls/second,milliseconds
1609390785,99,2.199464,0.129355,0.000587,0.220821,0.001284,0.063844,0.516513,0.663685,0.663685,0.663685,0.053731,0.096409,0.051445,0.424465,calls/second,milliseconds
