t,count,max,mean,min,stddev,p50,p75,p95,p98,p99,p999,mean_rate,m1_rate,m5_rate,m15_rate,rate_unit,duration_unit
1608505219,67,51.029350,1.837783,0.002278,7.838437,0.058973,0.401197,8.158477,51.029350,51.029350,51.029350,0.223335,0.159146,0.439220,0.639758,calls/second,milliseconds
1608505267,71,51.029350,1.146441,0.002278,5.869530,0.058973,0.480293,1.919673,10.880945,51.029350,51.029350,0.203578,0.069165,0.371792,0.605185,calls/second,milliseconds
1608505267,71,51.029350,1.146441,0.002278,5.869530,0.058973,0.480293,1.919673,10.880945,51.029350,51.029350,0.203571,0.069165,0.371792,0.605185,calls/second,milliseconds
