t,count,max,mean,min,stddev,p50,p75,p95,p98,p99,p999,mean_rate,m1_rate,m5_rate,m15_rate,rate_unit,duration_unit
1608320135,24,0.208129,0.009629,0.001020,0.010298,0.007519,0.013231,0.022081,0.022081,0.022081,0.208129,0.079994,0.105407,0.339737,0.594863,calls/second,milliseconds
1608320435,68,0.208129,0.013730,0.000744,0.009892,0.010128,0.018218,0.037714,0.037714,0.037714,0.037714,0.113330,0.033855,0.192165,0.463758,calls/second,milliseconds
1608320445,72,0.208129,0.010158,0.000744,0.007233,0.007163,0.015473,0.025644,0.037714,0.037714,0.037714,0.118043,0.031148,0.188989,0.461189,calls/second,milliseconds
1608320445,72,0.208129,0.010158,0.000744,0.007233,0.007163,0.015473,0.025644,0.037714,0.037714,0.037714,0.118041,0.031148,0.188989,0.461189,calls/second,milliseconds
