t,count,max,mean,min,stddev,p50,p75,p95,p98,p99,p999,mean_rate,m1_rate,m5_rate,m15_rate,rate_unit,duration_unit
1615628241,19,10.021406,1.727291,0.023483,1.886313,0.833203,1.391497,4.818952,4.818952,10.021406,10.021406,0.063296,0.032763,1.130687,2.165374,calls/second,milliseconds
1615628541,67,10.021406,0.465647,0.023483,0.573632,0.249756,0.451432,1.224468,2.124743,2.470162,6.255101,0.111634,0.158593,0.526358,1.598529,calls/second,milliseconds
1615628841,72,10.021406,1.560842,0.023483,0.822693,1.539771,1.539771,3.882296,3.882296,3.882296,3.882296,0.079984,0.011989,0.203394,1.150003,calls/second,milliseconds
1615629141,77,10.021406,1.097047,0.023483,0.284945,1.118717,1.118717,1.649399,1.649399,1.649399,3.882296,0.064157,0.011001,0.084582,0.828620,calls/second,milliseconds
1615629441,82,10.021406,1.486602,0.023483,0.178845,1.416338,1.483224,1.781334,1.781334,1.781334,1.781334,0.054660,0.010994,0.040874,0.598339,calls/second,milliseconds
1615629741,90,10.021406,0.554187,0.023483,0.459229,0.342201,0.514102,1.432734,1.436783,1.549961,1.781334,0.049995,0.016968,0.031332,0.436229,calls/second,milliseconds
1615630041,95,10.021406,0.333203,0.023483,0.070781,0.339076,0.339076,0.360606,0.360606,0.360606,1.432734,0.045234,0.011035,0.021284,0.317179,calls/second,milliseconds
1615630230,100,10.021406,0.241991,0.023483,0.050482,0.227890,0.277953,0.342063,0.342063,0.342063,0.360606,0.043682,0.010117,0.018338,0.261175,calls/second,milliseconds
1615630230,100,10.021406,0.241991,0.023483,0.050482,0.227890,0.277953,0.342063,0.342063,0.342063,0.360606,0.043682,0.010117,0.018338,0.261175,calls/second,milliseconds
