t,count,max,mean,min,stddev,p50,p75,p95,p98,p99,p999,mean_rate,m1_rate,m5_rate,m15_rate,rate_unit,duration_unit
1617587792,24,2.265807,0.382707,0.010780,0.363355,0.280768,0.679202,1.101414,1.101414,1.101414,2.265807,0.080002,0.115441,1.166698,2.183054,calls/second,milliseconds
1617588059,70,3.794807,0.341117,0.004937,0.415943,0.159377,0.505268,0.698573,0.935525,1.853317,3.794807,0.123463,0.031964,0.545128,1.654342,calls/second,milliseconds
1617588059,70,3.794807,0.341117,0.004937,0.415943,0.159377,0.505268,0.698573,0.935525,1.853317,3.794807,0.123462,0.031964,0.545128,1.654342,calls/second,milliseconds
