t,count,max,mean,min,stddev,p50,p75,p95,p98,p99,p999,mean_rate,m1_rate,m5_rate,m15_rate,rate_unit,duration_unit
1617614026,19,6.149689,1.684750,0.035017,0.707176,1.685367,2.042549,2.042549,3.461727,3.461727,6.149689,0.063301,0.044819,1.132063,2.165569,calls/second,milliseconds
1617614326,67,6.149689,0.752811,0.035017,0.649711,0.356509,1.463894,1.693240,1.693240,1.693240,2.042549,0.111639,0.056667,0.503017,1.595009,calls/second,milliseconds
1617614362,71,6.149689,0.566583,0.035017,0.541505,0.356509,1.155445,1.693240,1.693240,1.693240,1.936324,0.111576,0.031622,0.447626,1.534172,calls/second,milliseconds
1617614362,71,6.149689,0.566583,0.035017,0.541505,0.356509,1.155445,1.693240,1.693240,1.693240,1.936324,0.111574,0.031622,0.447626,1.534172,calls/second,milliseconds
