t,count,max,mean,min,stddev,p50,p75,p95,p98,p99,p999,mean_rate,m1_rate,m5_rate,m15_rate,rate_unit,duration_unit
1607730129,68,4.306771,0.248982,0.007814,0.320488,0.208597,0.317885,0.673708,1.115177,1.224611,2.785340,0.226557,0.280998,1.257616,2.215401,calls/second,milliseconds
1607730429,73,10.191630,3.342522,0.007814,3.697112,1.267586,4.717779,10.191630,10.191630,10.191630,10.191630,0.121637,0.019898,0.473435,1.592167,calls/second,milliseconds
1607730729,78,10.191630,1.421246,0.007814,0.471201,1.388795,1.415400,1.421111,1.455982,1.455982,10.191630,0.086653,0.018138,0.184951,1.145601,calls/second,milliseconds
1607730767,82,10.191630,0.694341,0.007814,0.628420,0.460166,1.415400,1.513558,1.513558,1.513558,1.513558,0.087471,0.010122,0.164585,1.101905,calls/second,milliseconds
1607730767,82,10.191630,0.694341,0.007814,0.628420,0.460166,1.415400,1.513558,1.513558,1.513558,1.513558,0.087470,0.010122,0.164585,1.101905,calls/second,milliseconds
