t,count,max,mean,min,stddev,p50,p75,p95,p98,p99,p999,mean_rate,m1_rate,m5_rate,m15_rate,rate_unit,duration_unit
1617624718,19,0.298746,0.089611,0.000597,0.069363,0.079042,0.080027,0.298746,0.298746,0.298746,0.298746,0.063329,0.038342,1.131426,2.165481,calls/second,milliseconds
1617625019,67,0.459130,0.042785,0.000597,0.102134,0.005664,0.010816,0.459130,0.459130,0.459130,0.459130,0.111644,0.071788,0.509724,1.596097,calls/second,milliseconds
1617625157,73,0.459130,0.029740,0.000597,0.044603,0.010878,0.055823,0.085186,0.102894,0.102894,0.459130,0.098870,0.018797,0.330276,1.375824,calls/second,milliseconds
1617625157,73,0.459130,0.029740,0.000597,0.044603,0.010878,0.055823,0.085186,0.102894,0.102894,0.459130,0.098869,0.018797,0.330276,1.375824,calls/second,milliseconds
