t,count,max,mean,min,stddev,p50,p75,p95,p98,p99,p999,mean_rate,m1_rate,m5_rate,m15_rate,rate_unit,duration_unit
1617653855,19,6.667789,0.215031,0.024494,0.558947,0.134208,0.160160,0.394237,1.144760,1.881771,6.667789,0.063337,0.033491,1.147896,2.176541,calls/second,milliseconds
1617654155,67,6.667789,0.502278,0.019093,0.589282,0.170502,0.722372,1.693101,2.188276,3.044755,3.044755,0.111668,0.120111,0.527697,1.605841,calls/second,milliseconds
1617654176,71,6.667789,0.504837,0.019093,0.524104,0.170502,0.815190,1.226808,2.188276,3.044755,3.044755,0.114315,0.090640,0.488597,1.562932,calls/second,milliseconds
1617654176,71,6.667789,0.504837,0.019093,0.524104,0.170502,0.815190,1.226808,2.188276,3.044755,3.044755,0.114312,0.090640,0.488597,1.562932,calls/second,milliseconds
