t,count,max,mean,min,stddev,p50,p75,p95,p98,p99,p999,mean_rate,m1_rate,m5_rate,m15_rate,rate_unit,duration_unit
1617633906,12,34.538730,1.384327,0.002420,2.813737,0.092905,1.289735,6.678207,6.678207,6.678207,34.538730,0.039997,0.081748,0.395359,0.728067,calls/second,milliseconds
1617634144,28,34.538730,1.841108,0.002420,3.654051,1.145312,1.145312,13.525515,16.413631,16.413631,16.413631,0.052098,0.026904,0.209481,0.575176,calls/second,milliseconds
1617634144,28,34.538730,1.841108,0.002420,3.654051,1.145312,1.145312,13.525515,16.413631,16.413631,16.413631,0.052097,0.026904,0.209481,0.575176,calls/second,milliseconds
