t,count,max,mean,min,stddev,p50,p75,p95,p98,p99,p999,mean_rate,m1_rate,m5_rate,m15_rate,rate_unit,duration_unit
1608502603,28,34.754612,1.685216,0.000992,5.370483,0.101626,1.525829,6.347932,34.754612,34.754612,34.754612,0.367935,0.276720,0.081386,0.029005,calls/second,milliseconds
1608502603,28,34.754612,1.685216,0.000992,5.370483,0.101626,1.525829,6.347932,34.754612,34.754612,34.754612,0.367836,0.276720,0.081386,0.029005,calls/second,milliseconds
