t,count,max,mean,min,stddev,p50,p75,p95,p98,p99,p999,mean_rate,m1_rate,m5_rate,m15_rate,rate_unit,duration_unit
1617635679,6,36.557303,3.675491,0.004769,3.959242,3.405606,3.405606,3.405606,3.405606,36.557303,36.557303,0.019999,0.019777,0.377207,0.721613,calls/second,milliseconds
1617635960,28,36.557303,1.559344,0.004769,2.209849,1.493824,1.493824,7.333321,8.341936,13.523143,13.523143,0.048129,0.011661,0.182766,0.547068,calls/second,milliseconds
1617635960,28,36.557303,1.559344,0.004769,2.209849,1.493824,1.493824,7.333321,8.341936,13.523143,13.523143,0.048128,0.011661,0.182766,0.547068,calls/second,milliseconds
