t,count,max,mean,min,stddev,p50,p75,p95,p98,p99,p999,mean_rate,m1_rate,m5_rate,m15_rate,rate_unit,duration_unit
1607727838,63,4.626949,0.334676,0.004219,0.658672,0.104254,0.482262,0.797968,3.966203,3.966203,4.626949,0.210006,0.118033,0.423844,0.634297,calls/second,milliseconds
1607728138,68,4.626949,0.090097,0.004219,0.178149,0.041523,0.182731,0.182731,0.334462,0.518521,3.966203,0.113334,0.010842,0.165520,0.459075,calls/second,milliseconds
1607728251,73,4.626949,0.824650,0.004219,0.901276,0.175397,1.129948,2.393223,2.393223,2.393223,2.393223,0.102381,0.011101,0.117905,0.406037,calls/second,milliseconds
1607728251,73,4.626949,0.824650,0.004219,0.901276,0.175397,1.129948,2.393223,2.393223,2.393223,2.393223,0.102378,0.011101,0.117905,0.406037,calls/second,milliseconds
