t,count,max,mean,min,stddev,p50,p75,p95,p98,p99,p999,mean_rate,m1_rate,m5_rate,m15_rate,rate_unit,duration_unit
1617584963,32,3.673967,0.384414,0.000878,0.489841,0.242842,0.499049,1.981640,1.981640,1.981640,3.673967,0.106672,0.195862,1.190669,2.191626,calls/second,milliseconds
1617585179,70,3.673967,0.317232,0.000878,0.342097,0.076857,0.630705,0.822564,1.011362,1.212461,1.981640,0.135819,0.048781,0.635056,1.747367,calls/second,milliseconds
1617585179,70,3.673967,0.317232,0.000878,0.342097,0.076857,0.630705,0.822564,1.011362,1.212461,1.981640,0.135816,0.048781,0.635056,1.747367,calls/second,milliseconds
