t,count,max,mean,min,stddev,p50,p75,p95,p98,p99,p999,mean_rate,m1_rate,m5_rate,m15_rate,rate_unit,duration_unit
1618737701,27,31.492637,2.514048,0.007050,4.654986,0.233565,1.079417,12.062008,15.364617,15.364617,31.492637,0.089993,0.184178,0.070065,0.027367,calls/second,milliseconds
1618737863,28,31.492637,2.430778,0.007050,3.311237,2.345599,2.345599,11.727936,12.062008,15.364617,15.364617,0.060558,0.012797,0.041104,0.022910,calls/second,milliseconds
1618737863,28,31.492637,2.430778,0.007050,3.311237,2.345599,2.345599,11.727936,12.062008,15.364617,15.364617,0.060557,0.012797,0.041104,0.022910,calls/second,milliseconds
