t,count,max,mean,min,stddev,p50,p75,p95,p98,p99,p999,mean_rate,m1_rate,m5_rate,m15_rate,rate_unit,duration_unit
1609017410,5,7.894090,1.622620,0.002608,3.136019,0.045884,0.131404,7.894090,7.894090,7.894090,7.894090,0.016666,0.000752,0.006500,0.004059,calls/second,milliseconds
1609017710,27,9.206066,1.407670,0.001310,2.750573,0.101701,0.314295,9.206066,9.206066,9.206066,9.206066,0.044999,0.014220,0.040085,0.022471,calls/second,milliseconds
1609017726,28,9.206066,1.612424,0.001310,1.909994,1.799268,1.799268,5.014869,9.206066,9.206066,9.206066,0.045476,0.011075,0.038130,0.022100,calls/second,milliseconds
1609017726,28,9.206066,1.612424,0.001310,1.909994,1.799268,1.799268,5.014869,9.206066,9.206066,9.206066,0.045475,0.011075,0.038130,0.022100,calls/second,milliseconds
