t,count,max,mean,min,stddev,p50,p75,p95,p98,p99,p999,mean_rate,m1_rate,m5_rate,m15_rate,rate_unit,duration_unit
1608672117,19,4.441878,0.091661,0.000483,0.546853,0.003637,0.004378,0.199265,0.669968,4.441878,4.441878,0.063335,0.019897,0.327462,0.592434,calls/second,milliseconds
1608672417,49,4.441878,0.237005,0.000483,0.284794,0.105714,0.516581,0.855110,0.855110,0.855110,0.855110,0.081668,0.250550,0.203721,0.455723,calls/second,milliseconds
1608672717,77,4.441878,0.089290,0.000483,0.183306,0.003298,0.024869,0.602793,0.657622,0.704707,0.855110,0.085556,0.018238,0.116457,0.350183,calls/second,milliseconds
1608672740,82,4.441878,0.307563,0.000483,0.365225,0.075667,0.676128,0.895877,0.895877,0.895877,0.895877,0.088897,0.025559,0.110343,0.341685,calls/second,milliseconds
1608672740,82,4.441878,0.307563,0.000483,0.365225,0.075667,0.676128,0.895877,0.895877,0.895877,0.895877,0.088897,0.025559,0.110343,0.341685,calls/second,milliseconds
