t,count,max,mean,min,stddev,p50,p75,p95,p98,p99,p999,mean_rate,m1_rate,m5_rate,m15_rate,rate_unit,duration_unit
1617661713,19,0.123053,0.102250,0.001957,0.033262,0.117380,0.117380,0.123053,0.123053,0.123053,0.123053,0.063315,0.042992,1.131899,2.165546,calls/second,milliseconds
1617661919,69,0.542979,0.014658,0.001087,0.038439,0.004313,0.009140,0.053963,0.057990,0.074327,0.542979,0.136357,0.106657,0.671564,1.768680,calls/second,milliseconds
1617661919,69,0.542979,0.014658,0.001087,0.038439,0.004313,0.009140,0.053963,0.057990,0.074327,0.542979,0.136355,0.106657,0.671564,1.768680,calls/second,milliseconds
