t,count,max,mean,min,stddev,p50,p75,p95,p98,p99,p999,mean_rate,m1_rate,m5_rate,m15_rate,rate_unit,duration_unit
1609283213,63,0.160277,0.006239,0.000777,0.008944,0.004835,0.007243,0.016464,0.023597,0.024868,0.160277,0.209979,0.080737,1.214807,2.205981,calls/second,milliseconds
1609283227,67,0.160277,0.009312,0.000777,0.010070,0.004835,0.012824,0.028589,0.028589,0.028589,0.160277,0.212899,0.068342,1.174981,2.181606,calls/second,milliseconds
1609283227,67,0.160277,0.009312,0.000777,0.010070,0.004835,0.012824,0.028589,0.028589,0.028589,0.160277,0.212891,0.068342,1.174981,2.181606,calls/second,milliseconds
