t,count,max,mean,min,stddev,p50,p75,p95,p98,p99,p999,mean_rate,m1_rate,m5_rate,m15_rate,rate_unit,duration_unit
1607760595,19,6.196872,1.263785,0.024131,0.562914,1.335930,1.335930,1.335930,2.202992,2.202992,6.196872,0.063306,0.042992,1.131899,2.165546,calls/second,milliseconds
1607760895,67,6.196872,0.604224,0.024131,0.828816,0.234916,0.517395,2.065194,3.458939,3.458939,3.458939,0.111641,0.128254,0.522141,1.598005,calls/second,milliseconds
1607761195,72,12.055566,4.041052,0.024131,4.431536,1.673784,4.441189,12.055566,12.055566,12.055566,12.055566,0.079987,0.022134,0.203235,1.149837,calls/second,milliseconds
1607761495,77,12.055566,1.746176,0.024131,0.619915,1.764164,1.764164,1.764164,1.764164,3.811565,12.055566,0.064160,0.021419,0.085916,0.828711,calls/second,milliseconds
1607761795,82,12.055566,1.091723,0.024131,0.263470,0.944344,1.072888,1.676730,1.676730,1.676730,1.764164,0.054662,0.021414,0.042756,0.598614,calls/second,milliseconds
1607762095,87,12.055566,1.802194,0.024131,0.377826,1.616997,1.702070,2.459879,2.459879,2.459879,2.459879,0.048330,0.021414,0.026879,0.433742,calls/second,milliseconds
1607762395,98,12.055566,2.191892,0.008727,2.075683,1.649544,1.692963,8.572492,8.572492,8.572492,8.572492,0.046664,0.022244,0.028709,0.320450,calls/second,milliseconds
1607762612,105,12.055566,0.448513,0.008727,0.448646,0.333358,0.764055,0.941869,1.076742,1.649544,8.572492,0.045306,0.011973,0.021103,0.255317,calls/second,milliseconds
1607762612,105,12.055566,0.448513,0.008727,0.448646,0.333358,0.764055,0.941869,1.076742,1.649544,8.572492,0.045306,0.011973,0.021103,0.255317,calls/second,milliseconds
