t,count,max,mean,min,stddev,p50,p75,p95,p98,p99,p999,mean_rate,m1_rate,m5_rate,m15_rate,rate_unit,duration_unit
1617675085,32,3.889136,0.723477,0.003606,0.967076,0.429382,1.257364,3.521007,3.521007,3.521007,3.521007,0.106673,0.105174,1.166439,2.183035,calls/second,milliseconds
1617675219,68,4.182509,0.656475,0.002916,1.085259,0.223321,0.788065,4.182509,4.182509,4.182509,4.182509,0.156541,0.157894,0.840736,1.918892,calls/second,milliseconds
1617675220,68,4.182509,0.656475,0.002916,1.085259,0.223321,0.788065,4.182509,4.182509,4.182509,4.182509,0.156539,0.157894,0.840736,1.918892,calls/second,milliseconds
