t,count,max,mean,min,stddev,p50,p75,p95,p98,p99,p999,mean_rate,m1_rate,m5_rate,m15_rate,rate_unit,duration_unit
1617672278,44,3.300067,0.239760,0.000843,0.305985,0.159586,0.418506,0.857023,1.339621,1.339621,1.339621,0.146674,0.194073,1.193197,2.192651,calls/second,milliseconds
1617672383,68,3.300067,0.263475,0.000843,0.279659,0.117796,0.445426,0.857023,1.020504,1.020504,1.339621,0.167943,0.178881,0.920069,1.982709,calls/second,milliseconds
1617672383,68,3.300067,0.263475,0.000843,0.279659,0.117796,0.445426,0.857023,1.020504,1.020504,1.339621,0.167940,0.178881,0.920069,1.982709,calls/second,milliseconds
