t,count,max,mean,min,stddev,p50,p75,p95,p98,p99,p999,mean_rate,m1_rate,m5_rate,m15_rate,rate_unit,duration_unit
1617618537,5,27.619836,5.553070,0.005497,11.033399,0.055415,0.056591,27.619836,27.619836,27.619836,27.619836,0.016665,0.007324,0.374062,0.720523,calls/second,milliseconds
1617618837,27,27.619836,2.793715,0.005170,5.510121,0.289848,0.462701,17.362904,17.362904,17.362904,17.362904,0.044998,0.058006,0.186481,0.537581,calls/second,milliseconds
1617618963,28,27.619836,1.778493,0.005170,3.533795,1.130421,1.130421,9.285491,17.362904,17.362904,17.362904,0.038596,0.007223,0.122936,0.467870,calls/second,milliseconds
1617618963,28,27.619836,1.778493,0.005170,3.533795,1.130421,1.130421,9.285491,17.362904,17.362904,17.362904,0.038596,0.007223,0.122936,0.467870,calls/second,milliseconds
