t,count,max,mean,min,stddev,p50,p75,p95,p98,p99,p999,mean_rate,m1_rate,m5_rate,m15_rate,rate_unit,duration_unit
1617626795,63,5.207823,0.258182,0.027270,0.620054,0.139244,0.205806,0.600139,1.544527,5.207823,5.207823,0.444017,1.293424,7.781909,10.501691,calls/second,milliseconds
1617626795,63,5.207823,0.258182,0.027270,0.620054,0.139244,0.205806,0.600139,1.544527,5.207823,5.207823,0.443991,1.293424,7.781909,10.501691,calls/second,milliseconds
