t,count,max,mean,min,stddev,p50,p75,p95,p98,p99,p999,mean_rate,m1_rate,m5_rate,m15_rate,rate_unit,duration_unit
1607879638,68,11.683356,0.365311,0.000310,1.129869,0.120203,0.290077,1.570774,1.570774,1.570774,11.683356,0.505454,0.391644,0.683031,0.757564,calls/second,milliseconds
1607879638,68,11.683356,0.365311,0.000310,1.129869,0.120203,0.290077,1.570774,1.570774,1.570774,11.683356,0.505342,0.391644,0.683031,0.757564,calls/second,milliseconds
