t,count,max,mean,min,stddev,p50,p75,p95,p98,p99,p999,mean_rate,m1_rate,m5_rate,m15_rate,rate_unit,duration_unit
1609998077,63,2.590879,0.355491,0.007708,0.471411,0.177265,0.453550,1.396022,1.927993,2.590879,2.590879,0.210010,0.423842,1.259467,2.216278,calls/second,milliseconds
1609998118,67,2.590879,0.436568,0.007708,0.534564,0.267987,0.512585,1.700294,1.927993,1.927993,2.590879,0.196262,0.265890,1.107178,2.116668,calls/second,milliseconds
1609998118,67,2.590879,0.436568,0.007708,0.534564,0.267987,0.512585,1.700294,1.927993,1.927993,2.590879,0.196258,0.265890,1.107178,2.116668,calls/second,milliseconds
