t,count,max,mean,min,stddev,p50,p75,p95,p98,p99,p999,mean_rate,m1_rate,m5_rate,m15_rate,rate_unit,duration_unit
1609282818,63,0.983427,0.050611,0.002527,0.130257,0.020452,0.046734,0.081609,0.682160,0.682160,0.983427,0.209982,0.055868,0.402800,0.629226,calls/second,milliseconds
1609282909,69,0.983427,0.036353,0.002527,0.061044,0.009552,0.070357,0.081350,0.081350,0.081609,0.983427,0.176380,0.029501,0.304121,0.571457,calls/second,milliseconds
1609282909,69,0.983427,0.036353,0.002527,0.061044,0.009552,0.070357,0.081350,0.081350,0.081609,0.983427,0.176377,0.029501,0.304121,0.571457,calls/second,milliseconds
