t,count,max,mean,min,stddev,p50,p75,p95,p98,p99,p999,mean_rate,m1_rate,m5_rate,m15_rate,rate_unit,duration_unit
1610005050,19,4.880028,0.884635,0.017414,0.576014,1.081178,1.081178,1.188423,1.188423,4.880028,4.880028,0.063308,0.031900,1.130547,2.165352,calls/second,milliseconds
1610005350,68,4.880028,0.363212,0.013610,0.475538,0.199327,0.351135,1.435357,1.435357,1.435357,3.256514,0.113258,0.078584,0.514473,1.597446,calls/second,milliseconds
1610005473,74,51.636550,2.082159,0.013610,8.882905,0.245984,0.944856,2.164327,51.636550,51.636550,51.636550,0.102348,0.019381,0.349867,1.400060,calls/second,milliseconds
1610005473,74,51.636550,2.082159,0.013610,8.882905,0.245984,0.944856,2.164327,51.636550,51.636550,51.636550,0.102347,0.019381,0.349867,1.400060,calls/second,milliseconds
