t,count,max,mean,min,stddev,p50,p75,p95,p98,p99,p999,mean_rate,m1_rate,m5_rate,m15_rate,rate_unit,duration_unit
1617657842,19,3.975832,0.301769,0.018554,0.415303,0.276226,0.276226,0.783284,1.127751,3.975832,3.975832,0.063337,0.037738,1.149983,2.177480,calls/second,milliseconds
1617658142,67,5.985551,0.600293,0.015533,1.170598,0.199310,0.457766,1.857595,5.985551,5.985551,5.985551,0.111669,0.121940,0.528815,1.606572,calls/second,milliseconds
1617658164,72,5.985551,0.534878,0.015533,0.916533,0.223651,0.451990,1.637365,3.638924,5.985551,5.985551,0.115765,0.096379,0.489839,1.563667,calls/second,milliseconds
1617658164,72,5.985551,0.534878,0.015533,0.916533,0.223651,0.451990,1.637365,3.638924,5.985551,5.985551,0.115763,0.096379,0.489839,1.563667,calls/second,milliseconds
