t,count,max,mean,min,stddev,p50,p75,p95,p98,p99,p999,mean_rate,m1_rate,m5_rate,m15_rate,rate_unit,duration_unit
1607879855,28,39.999930,3.245017,0.010283,7.336471,0.264316,2.935355,17.527544,39.999930,39.999930,39.999930,0.637113,0.867595,0.960761,0.986026,calls/second,milliseconds
1607879855,28,39.999930,3.245017,0.010283,7.336471,0.264316,2.935355,17.527544,39.999930,39.999930,39.999930,0.636820,0.867595,0.960761,0.986026,calls/second,milliseconds
