t,count,max,mean,min,stddev,p50,p75,p95,p98,p99,p999,mean_rate,m1_rate,m5_rate,m15_rate,rate_unit,duration_unit
1607874656,63,3.822727,0.293708,0.001296,0.513206,0.097373,0.390912,1.266314,1.419243,3.208081,3.822727,0.210009,0.114515,1.242774,2.219437,calls/second,milliseconds
1607874956,73,3.822727,0.015128,0.000399,0.117993,0.001910,0.002209,0.011507,0.097373,0.390912,1.419243,0.121670,0.026833,0.478701,1.599855,calls/second,milliseconds
1607875256,81,3.822727,0.666622,0.000399,0.653767,0.163250,1.084355,1.589764,1.589764,1.589764,1.589764,0.090002,0.056030,0.196127,1.154344,calls/second,milliseconds
1607875299,83,3.822727,0.430931,0.000399,0.527988,0.340138,0.340138,1.589764,1.589764,1.589764,1.589764,0.087992,0.038920,0.171953,1.099136,calls/second,milliseconds
1607875299,83,3.822727,0.430931,0.000399,0.527988,0.340138,0.340138,1.589764,1.589764,1.589764,1.589764,0.087991,0.038920,0.171953,1.099136,calls/second,milliseconds
