t,count,max,mean,min,stddev,p50,p75,p95,p98,p99,p999,mean_rate,m1_rate,m5_rate,m15_rate,rate_unit,duration_unit
1617633906,32,4.456599,0.218295,0.006333,0.254826,0.082774,0.426516,0.556786,0.556786,0.556786,4.456599,0.106675,0.186052,1.190249,2.191581,calls/second,milliseconds
1617634144,70,4.456599,0.490201,0.006333,0.539374,0.155713,0.896295,1.565517,1.565517,1.565517,1.565517,0.130256,0.084959,0.604265,1.712319,calls/second,milliseconds
1617634144,70,4.456599,0.490201,0.006333,0.539374,0.155713,0.896295,1.565517,1.565517,1.565517,1.565517,0.130254,0.084959,0.604265,1.712319,calls/second,milliseconds
