t,count,max,mean,min,stddev,p50,p75,p95,p98,p99,p999,mean_rate,m1_rate,m5_rate,m15_rate,rate_unit,duration_unit
1617677939,44,4.202855,0.284996,0.002315,0.541519,0.118333,0.340316,1.497837,3.132468,3.132468,3.132468,0.146674,0.353854,1.228395,2.204691,calls/second,milliseconds
1617678064,68,4.202855,0.735631,0.002315,1.164924,0.283607,0.519185,4.071550,4.071550,4.071550,4.071550,0.160145,0.114662,0.858398,1.938790,calls/second,milliseconds
1617678064,68,4.202855,0.735631,0.002315,1.164924,0.283607,0.519185,4.071550,4.071550,4.071550,4.071550,0.160141,0.114662,0.858398,1.938790,calls/second,milliseconds
