t,count,max,mean,min,stddev,p50,p75,p95,p98,p99,p999,mean_rate,m1_rate,m5_rate,m15_rate,rate_unit,duration_unit
1607725537,63,6.537745,0.465412,0.009091,0.982756,0.159646,0.458629,1.702971,3.166566,6.537745,6.537745,0.210002,0.060688,0.409543,0.632727,calls/second,milliseconds
1607725753,71,6.537745,0.758349,0.009091,0.818833,0.184198,1.294368,2.112396,2.112396,2.112396,3.166566,0.137680,0.019346,0.206100,0.499446,calls/second,milliseconds
1607725753,71,6.537745,0.758349,0.009091,0.818833,0.184198,1.294368,2.112396,2.112396,2.112396,3.166566,0.137676,0.019346,0.206100,0.499446,calls/second,milliseconds
