t,count,max,mean,min,stddev,p50,p75,p95,p98,p99,p999,mean_rate,m1_rate,m5_rate,m15_rate,rate_unit,duration_unit
1609997576,59,7.808873,0.231267,0.005915,0.386466,0.049400,0.256142,1.177846,1.310944,1.543563,1.543563,0.196678,0.440811,0.436653,0.630499,calls/second,milliseconds
1609997770,74,7.808873,0.931450,0.005915,1.130684,0.175920,2.187442,2.551658,3.798476,3.798476,3.798476,0.150083,0.039736,0.258322,0.522376,calls/second,milliseconds
1609997770,74,7.808873,0.931450,0.005915,1.130684,0.175920,2.187442,2.551658,3.798476,3.798476,3.798476,0.150078,0.039736,0.258322,0.522376,calls/second,milliseconds
