t,count,max,mean,min,stddev,p50,p75,p95,p98,p99,p999,mean_rate,m1_rate,m5_rate,m15_rate,rate_unit,duration_unit
1617671833,17,42.837676,1.728152,0.003905,3.184763,0.139030,0.967136,8.295475,8.295475,8.295475,42.837676,0.056662,0.133222,0.410390,0.733433,calls/second,milliseconds
1617671928,28,42.837676,1.458003,0.003905,2.465936,0.199008,1.539357,7.094174,8.295475,8.295475,8.295475,0.070933,0.077864,0.329993,0.673860,calls/second,milliseconds
1617671928,28,42.837676,1.458003,0.003905,2.465936,0.199008,1.539357,7.094174,8.295475,8.295475,8.295475,0.070931,0.077864,0.329993,0.673860,calls/second,milliseconds
