t,count,max,mean,min,stddev,p50,p75,p95,p98,p99,p999,mean_rate,m1_rate,m5_rate,m15_rate,rate_unit,duration_unit
1610009086,19,2.964233,0.129718,0.004853,0.330522,0.041541,0.079586,0.430403,0.806480,2.964233,2.964233,0.063336,0.024538,0.328058,0.592520,calls/second,milliseconds
1610009386,73,4.359896,0.352466,0.002602,0.726260,0.108380,0.439269,0.914671,4.023019,4.023019,4.359896,0.121669,0.358978,0.263595,0.479930,calls/second,milliseconds
1610009686,78,4.359896,0.136125,0.002602,0.327090,0.085554,0.085554,0.416253,0.757149,0.914671,4.359896,0.086668,0.018984,0.107577,0.348622,calls/second,milliseconds
1610009957,87,4.359896,0.829331,0.002602,0.961530,0.160768,2.109756,2.150116,2.150116,2.150116,2.150116,0.074317,0.025321,0.054542,0.261705,calls/second,milliseconds
1610009957,87,4.359896,0.829331,0.002602,0.961530,0.160768,2.109756,2.150116,2.150116,2.150116,2.150116,0.074315,0.025321,0.054542,0.261705,calls/second,milliseconds
