t,count,max,mean,min,stddev,p50,p75,p95,p98,p99,p999,mean_rate,m1_rate,m5_rate,m15_rate,rate_unit,duration_unit
1607876371,63,4.787105,0.274999,0.000886,0.620835,0.057150,0.376945,0.772899,1.553060,4.787105,4.787105,0.210011,0.091937,1.236324,2.218442,calls/second,milliseconds
1607876671,71,4.787105,0.552790,0.000886,0.566891,0.137804,0.669319,1.445485,1.445485,1.445485,1.445485,0.118338,0.017184,0.465424,1.594320,calls/second,milliseconds
1607876713,73,4.787105,0.359552,0.000886,0.470640,0.236633,0.669319,1.445485,1.445485,1.445485,1.445485,0.113768,0.046284,0.412471,1.520839,calls/second,milliseconds
1607876713,73,4.787105,0.359552,0.000886,0.470640,0.236633,0.669319,1.445485,1.445485,1.445485,1.445485,0.113766,0.046284,0.412471,1.520839,calls/second,milliseconds
