t,count,max,mean,min,stddev,p50,p75,p95,p98,p99,p999,mean_rate,m1_rate,m5_rate,m15_rate,rate_unit,duration_unit
1609281073,62,1.659163,0.084634,0.006967,0.206300,0.047089,0.076733,0.188672,0.360542,1.659163,1.659163,2.581524,0.798943,0.797346,0.798965,calls/second,milliseconds
1609281073,62,1.659163,0.084634,0.006967,0.206300,0.047089,0.076733,0.188672,0.360542,1.659163,1.659163,2.581145,0.798943,0.797346,0.798965,calls/second,milliseconds
