t,count,max,mean,min,stddev,p50,p75,p95,p98,p99,p999,mean_rate,m1_rate,m5_rate,m15_rate,rate_unit,duration_unit
1608013759,19,0.190693,0.090418,0.001606,0.054561,0.133543,0.134810,0.134810,0.134810,0.190693,0.190693,0.063329,0.020407,0.322578,0.589244,calls/second,milliseconds
1608014059,59,0.190693,0.026650,0.000827,0.025011,0.012675,0.041036,0.069547,0.075947,0.080263,0.080263,0.098331,0.275454,0.225796,0.463384,calls/second,milliseconds
1608014359,77,0.190693,0.049089,0.000827,0.024638,0.058703,0.069464,0.069464,0.069464,0.069547,0.080263,0.085554,0.016868,0.110316,0.347295,calls/second,milliseconds
1608014570,85,0.190693,0.032711,0.000827,0.024212,0.020740,0.055917,0.065634,0.065634,0.065634,0.069464,0.076516,0.021531,0.064494,0.278996,calls/second,milliseconds
1608014570,85,0.190693,0.032711,0.000827,0.024212,0.020740,0.055917,0.065634,0.065634,0.065634,0.069464,0.076515,0.021531,0.064494,0.278996,calls/second,milliseconds
