t,count,max,mean,min,stddev,p50,p75,p95,p98,p99,p999,mean_rate,m1_rate,m5_rate,m15_rate,rate_unit,duration_unit
1610008426,19,0.292013,0.074782,0.002667,0.063278,0.043777,0.088760,0.183116,0.292013,0.292013,0.292013,0.063328,0.044819,1.132063,2.165569,calls/second,milliseconds
1610008726,68,0.292013,0.021356,0.001098,0.024861,0.010885,0.019726,0.087416,0.087416,0.087416,0.131306,0.113329,0.203224,0.535102,1.600509,calls/second,milliseconds
1610008774,72,0.292013,0.020631,0.001098,0.021957,0.010906,0.024096,0.076320,0.087416,0.087416,0.131306,0.111017,0.095996,0.460567,1.522451,calls/second,milliseconds
1610008774,72,0.292013,0.020631,0.001098,0.021957,0.010906,0.024096,0.076320,0.087416,0.087416,0.131306,0.111016,0.095996,0.460567,1.522451,calls/second,milliseconds
