t,count,max,mean,min,stddev,p50,p75,p95,p98,p99,p999,mean_rate,m1_rate,m5_rate,m15_rate,rate_unit,duration_unit
1617592491,32,6.832692,0.437350,0.001713,0.620957,0.133983,0.434856,1.748217,1.748217,1.748217,6.832692,0.106674,0.184625,1.190152,2.191569,calls/second,milliseconds
1617592689,69,6.832692,0.380116,0.001145,0.397775,0.232277,0.618618,1.122657,1.355068,1.438614,1.748217,0.138720,0.047911,0.674708,1.785394,calls/second,milliseconds
1617592689,69,6.832692,0.380116,0.001145,0.397775,0.232277,0.618618,1.122657,1.355068,1.438614,1.748217,0.138718,0.047911,0.674708,1.785394,calls/second,milliseconds
