t,count,max,mean,min,stddev,p50,p75,p95,p98,p99,p999,mean_rate,m1_rate,m5_rate,m15_rate,rate_unit,duration_unit
1607733160,63,5.313357,0.353935,0.038257,0.547071,0.215532,0.297735,1.242288,1.450451,1.459754,5.313357,0.209934,0.467331,0.454220,0.636377,calls/second,milliseconds
1607733460,68,5.313357,1.001861,0.038257,0.618930,1.040300,1.040300,1.902579,2.005444,2.005444,5.313357,0.113314,0.015018,0.177020,0.460617,calls/second,milliseconds
1607733760,73,9.992628,4.732167,0.038257,2.031578,4.736956,4.736956,9.992628,9.992628,9.992628,9.992628,0.081102,0.011970,0.075044,0.334679,calls/second,milliseconds
1607733893,80,9.992628,1.247385,0.038257,1.637851,0.435472,1.268021,4.440896,4.440896,4.736956,9.992628,0.077414,0.010118,0.053659,0.291683,calls/second,milliseconds
1607733893,80,9.992628,1.247385,0.038257,1.637851,0.435472,1.268021,4.440896,4.440896,4.736956,9.992628,0.077413,0.010118,0.053659,0.291683,calls/second,milliseconds
