t,count,max,mean,min,stddev,p50,p75,p95,p98,p99,p999,mean_rate,m1_rate,m5_rate,m15_rate,rate_unit,duration_unit
1616140040,19,6.891898,1.731309,0.024476,0.721046,1.581421,1.992009,2.706009,2.706009,2.942379,6.891898,0.063305,0.044819,1.132063,2.165569,calls/second,milliseconds
1616140340,67,6.891898,0.667052,0.024476,0.583053,0.401109,1.078518,1.752694,1.752694,1.752694,2.021010,0.111641,0.043427,0.496045,1.593791,calls/second,milliseconds
1616140640,72,6.891898,0.834090,0.024476,0.132168,0.906536,0.906536,0.906536,0.906536,0.906536,1.752694,0.079988,0.023411,0.193822,1.146844,calls/second,milliseconds
1616140940,77,6.891898,0.908744,0.024476,0.107861,0.927412,0.927412,0.966552,0.966552,0.966552,0.966552,0.064159,0.023339,0.082670,0.826598,calls/second,milliseconds
1616141240,82,6.891898,0.829086,0.024476,0.082121,0.763233,0.905356,0.964025,0.964025,0.964025,0.966552,0.054662,0.023275,0.041750,0.597127,calls/second,milliseconds
1616141540,90,6.891898,0.495998,0.024476,0.354376,0.374375,0.889146,1.047511,1.047511,1.047511,1.047511,0.049996,0.044124,0.035091,0.435848,calls/second,milliseconds
1616141840,95,6.891898,0.226104,0.024476,0.065260,0.216160,0.224373,0.242629,0.242629,0.374375,1.047511,0.045235,0.023415,0.024246,0.317142,calls/second,milliseconds
1616142140,100,6.891898,0.167582,0.024476,0.030456,0.145182,0.195796,0.218076,0.224373,0.245277,0.245277,0.041664,0.023276,0.020257,0.232085,calls/second,milliseconds
1616142440,105,6.891898,0.228296,0.024476,0.025804,0.242963,0.242963,0.242963,0.242963,0.242963,0.242963,0.038887,0.023275,0.018789,0.171139,calls/second,milliseconds
1616142740,110,6.891898,0.210929,0.024476,0.030969,0.225083,0.225083,0.244507,0.244507,0.244507,0.244507,0.036665,0.023275,0.018249,0.127470,calls/second,milliseconds
1616143040,115,6.891898,0.174096,0.024476,0.019249,0.159380,0.190243,0.208184,0.221850,0.221850,0.244507,0.034847,0.023275,0.018051,0.096179,calls/second,milliseconds
1616143340,120,6.891898,0.214385,0.024476,0.033116,0.233770,0.233770,0.236943,0.236943,0.248879,0.248879,0.033332,0.023275,0.017978,0.073759,calls/second,milliseconds
1616143571,124,6.891898,0.323074,0.024476,0.074556,0.364282,0.364282,0.364282,0.528623,0.528623,0.528623,0.032366,0.010115,0.015201,0.060055,calls/second,milliseconds
1616143571,124,6.891898,0.323074,0.024476,0.074556,0.364282,0.364282,0.364282,0.528623,0.528623,0.528623,0.032366,0.010115,0.015201,0.060055,calls/second,milliseconds
