t,count,max,mean,min,stddev,p50,p75,p95,p98,p99,p999,mean_rate,m1_rate,m5_rate,m15_rate,rate_unit,duration_unit
1610083912,19,2.309780,0.061239,0.000805,0.259090,0.004041,0.015123,0.298788,0.855302,2.309780,2.309780,0.063335,0.029344,0.328776,0.592636,calls/second,milliseconds
1610084212,60,2.486946,0.445621,0.000762,0.658063,0.056600,0.848493,2.486946,2.486946,2.486946,2.486946,0.100001,0.264993,0.227367,0.465743,calls/second,milliseconds
1610084513,72,2.486946,0.079367,0.000762,0.282296,0.004984,0.010760,0.494589,0.962632,1.206715,2.486946,0.079989,0.022256,0.103329,0.343092,calls/second,milliseconds
1610084619,78,2.486946,0.460340,0.000762,0.549254,0.126312,0.958446,1.392508,1.392508,1.392508,1.392508,0.077462,0.025741,0.078827,0.307456,calls/second,milliseconds
1610084619,78,2.486946,0.460340,0.000762,0.549254,0.126312,0.958446,1.392508,1.392508,1.392508,1.392508,0.077461,0.025741,0.078827,0.307456,calls/second,milliseconds
