t,count,max,mean,min,stddev,p50,p75,p95,p98,p99,p999,mean_rate,m1_rate,m5_rate,m15_rate,rate_unit,duration_unit
1617659805,21,5.762926,1.447156,0.041522,1.476908,1.221278,1.334377,5.762926,5.762926,5.762926,5.762926,0.069968,0.066837,1.137976,2.167694,calls/second,milliseconds
1617660002,69,5.762926,0.805993,0.034066,1.246847,0.209532,1.047412,4.262407,4.262407,4.262407,5.762926,0.139009,0.109452,0.691801,1.788077,calls/second,milliseconds
1617660002,69,5.762926,0.805993,0.034066,1.246847,0.209532,1.047412,4.262407,4.262407,4.262407,5.762926,0.139006,0.109452,0.691801,1.788077,calls/second,milliseconds
