t,count,max,mean,min,stddev,p50,p75,p95,p98,p99,p999,mean_rate,m1_rate,m5_rate,m15_rate,rate_unit,duration_unit
1617586106,22,3.075561,0.739647,0.016713,0.443280,0.582163,1.234261,1.323404,1.323404,1.991936,3.075561,0.073304,0.088957,1.141816,2.168874,calls/second,milliseconds
1617586351,70,6.541659,0.612531,0.011361,1.045990,0.155269,0.385677,2.996685,2.996685,2.996685,6.541659,0.128596,0.055581,0.594094,1.701223,calls/second,milliseconds
1617586351,70,6.541659,0.612531,0.011361,1.045990,0.155269,0.385677,2.996685,2.996685,2.996685,6.541659,0.128595,0.055581,0.594094,1.701223,calls/second,milliseconds
