t,count,max,mean,min,stddev,p50,p75,p95,p98,p99,p999,mean_rate,m1_rate,m5_rate,m15_rate,rate_unit,duration_unit
1607887750,19,4.309589,0.167774,0.002854,0.553311,0.044903,0.070353,0.660499,0.975608,4.309589,4.309589,0.063335,0.018959,0.327319,0.592413,calls/second,milliseconds
1607888050,73,4.309589,0.226066,0.001894,0.247539,0.126794,0.415483,0.618489,0.877548,1.202825,1.202825,0.121655,0.028413,0.203030,0.468674,calls/second,milliseconds
1607888234,81,4.309589,0.593314,0.001894,0.573086,0.354533,1.233131,1.487364,1.487364,1.487364,1.487364,0.103348,0.011026,0.118275,0.386648,calls/second,milliseconds
1607888234,81,4.309589,0.593314,0.001894,0.573086,0.354533,1.233131,1.487364,1.487364,1.487364,1.487364,0.103346,0.011026,0.118275,0.386648,calls/second,milliseconds
