t,count,max,mean,min,stddev,p50,p75,p95,p98,p99,p999,mean_rate,m1_rate,m5_rate,m15_rate,rate_unit,duration_unit
1617616329,19,3.952823,0.200783,0.014758,0.362152,0.175447,0.175447,0.318341,0.774083,1.839017,3.952823,0.063338,0.046728,1.150923,2.177611,calls/second,milliseconds
1617616629,67,3.952823,0.320343,0.011576,0.424389,0.052480,0.561613,1.448329,1.494051,1.494051,1.494051,0.111669,0.060329,0.511462,1.603889,calls/second,milliseconds
1617616673,71,3.952823,0.459571,0.011576,0.436532,0.206153,0.704418,1.151131,1.244572,1.494051,1.494051,0.110257,0.028497,0.440219,1.525666,calls/second,milliseconds
1617616673,71,3.952823,0.459571,0.011576,0.436532,0.206153,0.704418,1.151131,1.244572,1.494051,1.494051,0.110256,0.028497,0.440219,1.525666,calls/second,milliseconds
