t,count,max,mean,min,stddev,p50,p75,p95,p98,p99,p999,mean_rate,m1_rate,m5_rate,m15_rate,rate_unit,duration_unit
1617589628,54,4.449984,0.304757,0.014975,0.433388,0.183061,0.264393,1.358954,1.619984,1.993777,2.483458,0.179931,0.413143,1.236623,2.203005,calls/second,milliseconds
1617589786,69,4.449984,0.449804,0.014975,0.570415,0.192438,0.708196,1.662643,1.662643,1.662643,2.247413,0.150706,0.058995,0.761890,1.865103,calls/second,milliseconds
1617589786,69,4.449984,0.449804,0.014975,0.570415,0.192438,0.708196,1.662643,1.662643,1.662643,2.247413,0.150703,0.058995,0.761890,1.865103,calls/second,milliseconds
