t,count,max,mean,min,stddev,p50,p75,p95,p98,p99,p999,mean_rate,m1_rate,m5_rate,m15_rate,rate_unit,duration_unit
1617658544,19,0.255457,0.041930,0.006367,0.057793,0.010590,0.044637,0.141521,0.245712,0.245712,0.255457,0.063324,0.042992,1.131899,2.165546,calls/second,milliseconds
1617658726,69,1.086419,0.127452,0.005445,0.298411,0.019046,0.031668,1.086419,1.086419,1.086419,1.086419,0.143191,0.126687,0.725012,1.817819,calls/second,milliseconds
1617658726,69,1.086419,0.127452,0.005445,0.298411,0.019046,0.031668,1.086419,1.086419,1.086419,1.086419,0.143189,0.126687,0.725012,1.817819,calls/second,milliseconds
