t,count,max,mean,min,stddev,p50,p75,p95,p98,p99,p999,mean_rate,m1_rate,m5_rate,m15_rate,rate_unit,duration_unit
1609413397,63,0.083792,0.004190,0.000134,0.005616,0.001917,0.005931,0.016910,0.017347,0.020937,0.083792,0.209975,0.101631,0.415272,0.631191,calls/second,milliseconds
1609413697,68,0.083792,0.004368,0.000134,0.004558,0.004197,0.004197,0.014893,0.014893,0.032820,0.032820,0.113327,0.025812,0.164298,0.457139,calls/second,milliseconds
1609413736,72,0.083792,0.006069,0.000134,0.005652,0.004197,0.007774,0.015417,0.015417,0.015417,0.032820,0.112701,0.014404,0.146206,0.439702,calls/second,milliseconds
1609413736,72,0.083792,0.006069,0.000134,0.005652,0.004197,0.007774,0.015417,0.015417,0.015417,0.032820,0.112699,0.014404,0.146206,0.439702,calls/second,milliseconds
