t,count,max,mean,min,stddev,p50,p75,p95,p98,p99,p999,mean_rate,m1_rate,m5_rate,m15_rate,rate_unit,duration_unit
1617567519,19,9.341227,2.395088,0.031066,1.703958,1.561958,4.875515,4.875515,5.633564,5.633564,9.341227,0.063301,0.046805,1.132229,2.165591,calls/second,milliseconds
1617567819,67,9.341227,0.442760,0.031066,0.428920,0.269983,0.500527,1.331445,1.332092,1.680497,1.994464,0.111638,0.174803,0.529487,1.599075,calls/second,milliseconds
1617568119,72,58.454411,33.077709,0.031066,28.317631,58.454411,58.454411,58.454411,58.454411,58.454411,58.454411,0.079980,0.026305,0.206315,1.150658,calls/second,milliseconds
1617568193,77,58.454411,4.146735,0.031066,13.829219,0.410483,1.331445,58.454411,58.454411,58.454411,58.454411,0.079095,0.021728,0.166576,1.065650,calls/second,milliseconds
1617568193,77,58.454411,4.146735,0.031066,13.829219,0.410483,1.331445,58.454411,58.454411,58.454411,58.454411,0.079095,0.021728,0.166576,1.065650,calls/second,milliseconds
