t,count,max,mean,min,stddev,p50,p75,p95,p98,p99,p999,mean_rate,m1_rate,m5_rate,m15_rate,rate_unit,duration_unit
1607723932,28,42.196986,3.046251,0.024275,6.787814,0.197910,3.751128,13.568387,42.196986,42.196986,42.196986,0.221615,0.120294,0.068893,0.027437,calls/second,milliseconds
1607723932,28,42.196986,3.046251,0.024275,6.787814,0.197910,3.751128,13.568387,42.196986,42.196986,42.196986,0.221575,0.120294,0.068893,0.027437,calls/second,milliseconds
