t,count,max,mean,min,stddev,p50,p75,p95,p98,p99,p999,mean_rate,m1_rate,m5_rate,m15_rate,rate_unit,duration_unit
1617196600,19,19.746873,2.221876,0.025188,1.898916,2.924051,2.924051,2.924051,2.924051,2.924051,19.746873,0.063302,0.039765,1.131581,2.165502,calls/second,milliseconds
1617196900,67,19.746873,0.684729,0.025188,1.163242,0.313432,0.604562,2.583736,3.392106,3.392106,11.981369,0.111639,0.129121,0.522918,1.598115,calls/second,milliseconds
1617197200,72,19.746873,1.118526,0.025188,0.391518,1.083740,1.190550,1.523417,1.849424,1.849424,3.392106,0.079987,0.018874,0.203155,1.149862,calls/second,milliseconds
1617197500,77,19.746873,1.280582,0.025188,0.480117,1.152120,1.152120,2.688086,2.688086,2.688086,2.688086,0.064159,0.018132,0.085521,0.828675,calls/second,milliseconds
1617197800,85,19.746873,0.858388,0.025188,0.682271,0.978083,1.609647,1.710237,1.710237,1.710237,1.710237,0.056661,0.047224,0.051219,0.601750,calls/second,milliseconds
1617198100,90,19.746873,0.378425,0.025188,0.145135,0.348536,0.364342,0.435973,0.435973,1.549075,1.710237,0.049996,0.018323,0.029627,0.435936,calls/second,milliseconds
1617198400,95,19.746873,0.381280,0.025188,0.030630,0.365702,0.410613,0.428370,0.428370,0.428370,0.435973,0.045235,0.018128,0.021683,0.317125,calls/second,milliseconds
1617198700,100,19.746873,0.396269,0.025188,0.024530,0.386799,0.415092,0.457309,0.457309,0.509569,0.509569,0.041664,0.018127,0.018761,0.231993,calls/second,milliseconds
1617199000,105,19.746873,0.403364,0.025188,0.008193,0.400856,0.401263,0.424659,0.424659,0.424659,0.424659,0.038887,0.018127,0.017686,0.170993,calls/second,milliseconds
1617199097,108,19.746873,0.251449,0.025188,0.090492,0.245097,0.386799,0.400856,0.401263,0.424659,0.424659,0.038618,0.010115,0.015638,0.154906,calls/second,milliseconds
1617199097,108,19.746873,0.251449,0.025188,0.090492,0.245097,0.386799,0.400856,0.401263,0.424659,0.424659,0.038618,0.010115,0.015638,0.154906,calls/second,milliseconds
