t,count,max,mean,min,stddev,p50,p75,p95,p98,p99,p999,mean_rate,m1_rate,m5_rate,m15_rate,rate_unit,duration_unit
1609994630,65,7.146742,0.650194,0.025552,1.037074,0.282312,0.607270,2.732530,5.728979,5.728979,7.146742,0.279910,0.203874,0.510561,0.679088,calls/second,milliseconds
1609994630,65,7.146742,0.650194,0.025552,1.037074,0.282312,0.607270,2.732530,5.728979,5.728979,7.146742,0.279893,0.203874,0.510561,0.679088,calls/second,milliseconds
