t,count,max,mean,min,stddev,p50,p75,p95,p98,p99,p999,mean_rate,m1_rate,m5_rate,m15_rate,rate_unit,duration_unit
1607868703,46,3.276577,0.326640,0.004683,0.392869,0.141397,0.549991,1.183708,1.429604,1.429604,1.429604,0.153327,0.318329,0.404786,0.618334,calls/second,milliseconds
1607869003,67,11.318680,0.461153,0.004683,1.694605,0.046066,0.256773,1.429604,11.318680,11.318680,11.318680,0.111636,0.017209,0.181213,0.460982,calls/second,milliseconds
1607869303,72,11.318680,0.189871,0.004683,0.254203,0.257533,0.257533,0.257533,0.257533,0.257533,1.429604,0.080001,0.011995,0.077707,0.336781,calls/second,milliseconds
1607869603,77,11.318680,0.045895,0.004683,0.034779,0.038060,0.070923,0.070923,0.070923,0.074513,0.257533,0.064167,0.011950,0.038509,0.245947,calls/second,milliseconds
1607869712,83,11.318680,0.673361,0.004683,0.718090,0.206773,1.187254,1.820454,1.820454,1.820454,1.820454,0.063443,0.014117,0.032038,0.219714,calls/second,milliseconds
1607869712,83,11.318680,0.673361,0.004683,0.718090,0.206773,1.187254,1.820454,1.820454,1.820454,1.820454,0.063442,0.014117,0.032038,0.219714,calls/second,milliseconds
