t,count,max,mean,min,stddev,p50,p75,p95,p98,p99,p999,mean_rate,m1_rate,m5_rate,m15_rate,rate_unit,duration_unit
1609414906,64,4.627512,0.318142,0.001738,0.664305,0.025340,0.398616,1.644109,1.644109,4.627512,4.627512,0.213341,0.052035,1.218769,2.216042,calls/second,milliseconds
1609415190,73,4.627512,1.105610,0.001738,0.912290,0.756769,2.446183,2.446183,2.446183,2.446183,2.446183,0.125039,0.048641,0.491078,1.622520,calls/second,milliseconds
1609415190,73,4.627512,1.105610,0.001738,0.912290,0.756769,2.446183,2.446183,2.446183,2.446183,2.446183,0.125037,0.048641,0.491078,1.622520,calls/second,milliseconds
