t,count,max,mean,min,stddev,p50,p75,p95,p98,p99,p999,mean_rate,m1_rate,m5_rate,m15_rate,rate_unit,duration_unit
1608481414,71,1.438149,0.100959,0.007156,0.126734,0.065756,0.102544,0.349009,0.582775,0.582775,1.438149,0.289962,0.200719,0.508866,0.677622,calls/second,milliseconds
1608481414,71,1.438149,0.100959,0.007156,0.126734,0.065756,0.102544,0.349009,0.582775,0.582775,1.438149,0.289957,0.200719,0.508866,0.677622,calls/second,milliseconds
