t,count,max,mean,min,stddev,p50,p75,p95,p98,p99,p999,mean_rate,m1_rate,m5_rate,m15_rate,rate_unit,duration_unit
1609139462,32,1.170726,0.209140,0.000737,0.238414,0.093168,0.333252,0.923155,0.923155,0.923155,1.170726,0.106670,0.192117,0.368688,0.606635,calls/second,milliseconds
1609139637,69,1.170726,0.312650,0.000535,0.367043,0.171671,0.592241,1.117300,1.117300,1.117300,1.117300,0.145213,0.058679,0.269038,0.527684,calls/second,milliseconds
1609139637,69,1.170726,0.312650,0.000535,0.367043,0.171671,0.592241,1.117300,1.117300,1.117300,1.117300,0.145211,0.058679,0.269038,0.527684,calls/second,milliseconds
