t,count,max,mean,min,stddev,p50,p75,p95,p98,p99,p999,mean_rate,m1_rate,m5_rate,m15_rate,rate_unit,duration_unit
1617630872,32,3.728100,0.391358,0.007150,0.445304,0.194170,0.617043,1.550728,1.550728,1.550728,1.550728,0.106673,0.213001,1.191708,2.191754,calls/second,milliseconds
1617631126,70,3.728100,0.307934,0.007150,0.333620,0.129628,0.430759,0.720725,0.861224,2.239910,2.239910,0.126255,0.032948,0.567957,1.681228,calls/second,milliseconds
1617631126,70,3.728100,0.307934,0.007150,0.333620,0.129628,0.430759,0.720725,0.861224,2.239910,2.239910,0.126253,0.032948,0.567957,1.681228,calls/second,milliseconds
