t,count,max,mean,min,stddev,p50,p75,p95,p98,p99,p999,mean_rate,m1_rate,m5_rate,m15_rate,rate_unit,duration_unit
1608514442,19,5.286664,0.675073,0.017557,0.557618,0.655747,0.664361,0.810538,0.810538,3.323025,5.286664,0.063317,0.037033,1.131273,2.165459,calls/second,milliseconds
1608514742,73,5.286664,0.148018,0.006719,0.149415,0.139000,0.181675,0.422240,0.729706,0.729706,0.880887,0.121652,0.182975,0.542402,1.604795,calls/second,milliseconds
1608514763,77,5.286664,0.162230,0.006719,0.155217,0.139000,0.191803,0.459868,0.642319,0.729706,0.880887,0.123970,0.131107,0.507421,1.569527,calls/second,milliseconds
1608514763,77,5.286664,0.162230,0.006719,0.155217,0.139000,0.191803,0.459868,0.642319,0.729706,0.880887,0.123968,0.131107,0.507421,1.569527,calls/second,milliseconds
