t,count,max,mean,min,stddev,p50,p75,p95,p98,p99,p999,mean_rate,m1_rate,m5_rate,m15_rate,rate_unit,duration_unit
1610005784,5,39.641968,7.949431,0.008194,15.846282,0.021052,0.065065,39.641968,39.641968,39.641968,39.641968,0.016666,0.000888,0.006720,0.004104,calls/second,milliseconds
1610006084,27,39.641968,1.704662,0.004681,3.269814,0.230519,0.414921,10.703135,10.703135,10.703135,10.703135,0.044996,0.058995,0.051925,0.024338,calls/second,milliseconds
1610006384,27,39.641968,1.704662,0.004681,3.269814,0.230519,0.414921,10.703135,10.703135,10.703135,10.703135,0.029999,0.000398,0.019102,0.017439,calls/second,milliseconds
1610006534,28,39.641968,2.560905,0.004681,0.236626,2.565121,2.565121,2.565121,2.565121,2.565121,2.565121,0.026658,0.000033,0.011586,0.014762,calls/second,milliseconds
1610006534,28,39.641968,2.560905,0.004681,0.236626,2.565121,2.565121,2.565121,2.565121,2.565121,2.565121,0.026658,0.000033,0.011586,0.014762,calls/second,milliseconds
