t,count,max,mean,min,stddev,p50,p75,p95,p98,p99,p999,mean_rate,m1_rate,m5_rate,m15_rate,rate_unit,duration_unit
1608282096,19,0.067972,0.017369,0.000722,0.009300,0.019072,0.023518,0.023716,0.023716,0.067972,0.067972,0.063330,0.018306,0.322050,0.589152,calls/second,milliseconds
1608282396,72,0.067972,0.010843,0.000660,0.009793,0.005711,0.013314,0.029459,0.029459,0.029459,0.029459,0.119998,0.032046,0.203795,0.468231,calls/second,milliseconds
1608282456,77,0.067972,0.013078,0.000660,0.012653,0.006562,0.014420,0.037524,0.037524,0.037524,0.037524,0.116713,0.020367,0.172503,0.441527,calls/second,milliseconds
1608282456,77,0.067972,0.013078,0.000660,0.012653,0.006562,0.014420,0.037524,0.037524,0.037524,0.037524,0.116712,0.020367,0.172503,0.441527,calls/second,milliseconds
