t,count,max,mean,min,stddev,p50,p75,p95,p98,p99,p999,mean_rate,m1_rate,m5_rate,m15_rate,rate_unit,duration_unit
1609384373,19,2.968155,0.111794,0.004311,0.355178,0.042832,0.042832,0.396647,1.195091,2.968155,2.968155,0.063337,0.036630,1.149835,2.177458,calls/second,milliseconds
1609384673,68,4.249416,0.481810,0.004311,0.773511,0.106610,0.681519,2.692721,3.835558,3.835558,4.249416,0.113337,0.054318,0.513793,1.604887,calls/second,milliseconds
1609384973,73,4.249416,0.696779,0.004311,1.064244,0.091953,0.346537,2.601784,2.601784,2.601784,3.835558,0.081112,0.013267,0.199102,1.154610,calls/second,milliseconds
1609385273,78,4.249416,0.072497,0.004311,0.132904,0.067590,0.067590,0.067590,0.067590,0.091953,2.601784,0.065001,0.012990,0.083334,0.831973,calls/second,milliseconds
1609385573,83,4.249416,0.048997,0.004311,0.016337,0.043677,0.061664,0.061664,0.061664,0.061664,0.067590,0.055334,0.012988,0.040746,0.600793,calls/second,milliseconds
1609385873,88,4.249416,0.061247,0.004311,0.004813,0.063134,0.063134,0.063134,0.071127,0.071127,0.071127,0.048889,0.012988,0.025078,0.435146,calls/second,milliseconds
1609386173,101,4.249416,0.582833,0.004270,0.420173,0.690449,1.051475,1.184676,1.184676,1.184676,1.184676,0.048096,0.054349,0.035406,0.323800,calls/second,milliseconds
1609386227,103,4.249416,0.395245,0.004270,0.358982,0.327769,0.384756,1.184676,1.184676,1.184676,1.184676,0.047811,0.030655,0.032417,0.305671,calls/second,milliseconds
1609386227,103,4.249416,0.395245,0.004270,0.358982,0.327769,0.384756,1.184676,1.184676,1.184676,1.184676,0.047811,0.030655,0.032417,0.305671,calls/second,milliseconds
