t,count,max,mean,min,stddev,p50,p75,p95,p98,p99,p999,mean_rate,m1_rate,m5_rate,m15_rate,rate_unit,duration_unit
1617580437,32,4.209726,0.333193,0.006657,0.366036,0.191124,0.495785,1.304919,1.304919,1.304919,2.113322,0.106673,0.214461,1.192007,2.191801,calls/second,milliseconds
1617580619,69,4.209726,0.282347,0.002629,0.241789,0.318125,0.454821,0.595943,1.095107,1.095107,1.304919,0.143343,0.077857,0.713021,1.815993,calls/second,milliseconds
1617580619,69,4.209726,0.282347,0.002629,0.241789,0.318125,0.454821,0.595943,1.095107,1.095107,1.304919,0.143341,0.077857,0.713021,1.815993,calls/second,milliseconds
