t,count,max,mean,min,stddev,p50,p75,p95,p98,p99,p999,mean_rate,m1_rate,m5_rate,m15_rate,rate_unit,duration_unit
1614340092,12,37.890472,2.670165,0.005686,4.700351,0.093067,5.612740,12.227465,12.227465,12.227465,37.890472,0.039996,0.088345,0.395719,0.728109,calls/second,milliseconds
1614340392,28,37.890472,2.043540,0.005686,1.989830,2.056066,2.056066,6.232877,11.624001,11.624001,12.227465,0.046665,0.016865,0.168902,0.535110,calls/second,milliseconds
1614340692,28,37.890472,2.043540,0.005686,1.989830,2.056066,2.056066,6.232877,11.624001,11.624001,12.227465,0.031110,0.000114,0.062135,0.383423,calls/second,milliseconds
1614340992,28,37.890472,2.043540,0.005686,1.989830,2.056066,2.056066,6.232877,11.624001,11.624001,12.227465,0.023333,0.000001,0.022858,0.274735,calls/second,milliseconds
1614341292,28,37.890472,2.043540,0.005686,1.989830,2.056066,2.056066,6.232877,11.624001,11.624001,12.227465,0.018666,0.000000,0.008409,0.196856,calls/second,milliseconds
1614341592,28,37.890472,2.043540,0.005686,1.989830,2.056066,2.056066,6.232877,11.624001,11.624001,12.227465,0.015555,0.000000,0.003094,0.141054,calls/second,milliseconds
1614341892,28,37.890472,2.043540,0.005686,1.989830,2.056066,2.056066,6.232877,11.624001,11.624001,12.227465,0.013333,0.000000,0.001138,0.101069,calls/second,milliseconds
1614342124,28,37.890472,2.043540,0.005686,1.989830,2.056066,2.056066,6.232877,11.624001,11.624001,12.227465,0.012006,0.000000,0.000529,0.078277,calls/second,milliseconds
1614342124,28,37.890472,2.043540,0.005686,1.989830,2.056066,2.056066,6.232877,11.624001,11.624001,12.227465,0.012006,0.000000,0.000529,0.078277,calls/second,milliseconds
