t,count,max,mean,min,stddev,p50,p75,p95,p98,p99,p999,mean_rate,m1_rate,m5_rate,m15_rate,rate_unit,duration_unit
1609301506,19,3.240066,0.668751,0.011615,0.396787,0.836507,0.836507,0.836507,1.510738,1.510738,3.240066,0.063319,0.020733,0.323071,0.589345,calls/second,milliseconds
1609301806,68,3.240066,0.224175,0.011615,0.235551,0.159738,0.229656,0.855575,0.855575,1.062784,1.504533,0.113320,0.191534,0.232643,0.470353,calls/second,milliseconds
1609302106,73,3.240066,0.376760,0.011615,0.272332,0.187110,0.683573,0.756753,0.973171,0.973171,1.504533,0.081105,0.014191,0.095673,0.341681,calls/second,milliseconds
1609302406,78,3.240066,0.406787,0.011615,0.165999,0.314524,0.656900,0.656900,0.715240,0.715240,0.756753,0.064996,0.012996,0.045285,0.249484,calls/second,milliseconds
1609302706,83,3.240066,0.570153,0.011615,0.221250,0.673521,0.673521,0.872780,0.872780,0.872780,0.872780,0.055331,0.012988,0.026748,0.183421,calls/second,milliseconds
1609303006,88,3.240066,0.412667,0.011615,0.250213,0.253513,0.790577,0.810220,0.810220,0.810220,0.872780,0.048887,0.012988,0.019929,0.136086,calls/second,milliseconds
1609303189,100,4.672019,0.410480,0.011615,0.875034,0.211047,0.279085,0.525465,4.672019,4.672019,4.672019,0.050435,0.018544,0.027835,0.119034,calls/second,milliseconds
1609303189,100,4.672019,0.410480,0.011615,0.875034,0.211047,0.279085,0.525465,4.672019,4.672019,4.672019,0.050435,0.018544,0.027835,0.119034,calls/second,milliseconds
