t,count,max,mean,min,stddev,p50,p75,p95,p98,p99,p999,mean_rate,m1_rate,m5_rate,m15_rate,rate_unit,duration_unit
1617625538,19,0.291610,0.108716,0.005194,0.050982,0.144907,0.144907,0.144907,0.144907,0.144907,0.291610,0.063327,0.037033,1.131273,2.165459,calls/second,milliseconds
1617625838,67,0.537859,0.158897,0.004743,0.213178,0.022127,0.208483,0.537859,0.537859,0.537859,0.537859,0.111661,0.036633,0.495491,1.593693,calls/second,milliseconds
1617625859,71,0.537859,0.084981,0.004743,0.142331,0.022167,0.111974,0.537859,0.537859,0.537859,0.537859,0.114241,0.070386,0.473288,1.561974,calls/second,milliseconds
1617625859,71,0.537859,0.084981,0.004743,0.142331,0.022167,0.111974,0.537859,0.537859,0.537859,0.537859,0.114239,0.070386,0.473288,1.561974,calls/second,milliseconds
