t,count,max,mean,min,stddev,p50,p75,p95,p98,p99,p999,mean_rate,m1_rate,m5_rate,m15_rate,rate_unit,duration_unit
1617626251,19,0.406663,0.258375,0.001580,0.159936,0.406663,0.406663,0.406663,0.406663,0.406663,0.406663,0.063271,0.034721,1.130975,2.165416,calls/second,milliseconds
1617626551,67,0.455973,0.114188,0.001580,0.180303,0.008410,0.087393,0.455973,0.455973,0.455973,0.455973,0.111612,0.032516,0.493821,1.593388,calls/second,milliseconds
1617626586,72,0.455973,0.040347,0.001580,0.098991,0.009527,0.015089,0.455973,0.455973,0.455973,0.455973,0.113192,0.078572,0.452504,1.537027,calls/second,milliseconds
1617626586,72,0.455973,0.040347,0.001580,0.098991,0.009527,0.015089,0.455973,0.455973,0.455973,0.455973,0.113190,0.078572,0.452504,1.537027,calls/second,milliseconds
