t,count,max,mean,min,stddev,p50,p75,p95,p98,p99,p999,mean_rate,m1_rate,m5_rate,m15_rate,rate_unit,duration_unit
1609426118,19,0.380733,0.108518,0.001975,0.095385,0.121502,0.121502,0.380733,0.380733,0.380733,0.380733,0.063328,0.031900,1.130547,2.165352,calls/second,milliseconds
1609426418,73,0.380733,0.055331,0.001975,0.084455,0.013984,0.045811,0.296623,0.296623,0.296623,0.296623,0.121658,0.044352,0.509639,1.599692,calls/second,milliseconds
1609426506,79,0.380733,0.049637,0.001975,0.055024,0.041467,0.058861,0.153171,0.200282,0.200282,0.296623,0.114711,0.026430,0.389520,1.457623,calls/second,milliseconds
1609426506,79,0.380733,0.049637,0.001975,0.055024,0.041467,0.058861,0.153171,0.200282,0.200282,0.296623,0.114710,0.026430,0.389520,1.457623,calls/second,milliseconds
