t,count,max,mean,min,stddev,p50,p75,p95,p98,p99,p999,mean_rate,m1_rate,m5_rate,m15_rate,rate_unit,duration_unit
1607723805,28,44.552084,3.295109,0.006523,7.399845,0.280339,3.384480,14.322426,44.552084,44.552084,44.552084,0.284043,0.352286,0.800320,0.927636,calls/second,milliseconds
1607723805,28,44.552084,3.295109,0.006523,7.399845,0.280339,3.384480,14.322426,44.552084,44.552084,44.552084,0.283980,0.352286,0.800320,0.927636,calls/second,milliseconds
