t,count,max,mean,min,stddev,p50,p75,p95,p98,p99,p999,mean_rate,m1_rate,m5_rate,m15_rate,rate_unit,duration_unit
1607731071,63,4.345365,0.357337,0.018081,0.425441,0.196349,0.506460,1.335838,1.510023,2.301592,2.301592,0.209936,0.285761,0.441336,0.634787,calls/second,milliseconds
1607731371,68,4.345365,1.182962,0.018081,0.717210,1.031948,1.105042,2.305382,2.682123,2.682123,2.682123,0.113316,0.011973,0.171955,0.459426,calls/second,milliseconds
1607731671,73,7.170750,2.418762,0.018081,2.743071,0.682849,3.793127,7.170750,7.170750,7.170750,7.170750,0.081102,0.010128,0.072855,0.333775,calls/second,milliseconds
1607731685,78,7.170750,1.200599,0.018081,1.776076,0.352953,0.808584,4.392768,7.170750,7.170750,7.170750,0.085335,0.023285,0.073718,0.331188,calls/second,milliseconds
1607731685,78,7.170750,1.200599,0.018081,1.776076,0.352953,0.808584,4.392768,7.170750,7.170750,7.170750,0.085334,0.023285,0.073718,0.331188,calls/second,milliseconds
