t,count,max,mean,min,stddev,p50,p75,p95,p98,p99,p999,mean_rate,m1_rate,m5_rate,m15_rate,rate_unit,duration_unit
1609419125,63,3.050494,0.411058,0.003659,0.527822,0.244940,0.478790,1.701647,2.549669,2.549669,2.549669,0.210001,0.228086,1.261244,2.222053,calls/second,milliseconds
1609419146,67,3.050494,0.505433,0.003659,0.560112,0.244940,0.842565,1.459933,1.701647,2.549669,2.549669,0.209022,0.198337,1.170317,2.164503,calls/second,milliseconds
1609419146,67,3.050494,0.505433,0.003659,0.560112,0.244940,0.842565,1.459933,1.701647,2.549669,2.549669,0.209014,0.198337,1.170317,2.164503,calls/second,milliseconds
