t,count,max,mean,min,stddev,p50,p75,p95,p98,p99,p999,mean_rate,m1_rate,m5_rate,m15_rate,rate_unit,duration_unit
1618828928,63,2.976280,0.390499,0.005551,0.470576,0.273176,0.486749,1.447100,1.554367,1.554367,2.976280,0.509963,0.490886,0.696930,0.761370,calls/second,milliseconds
1618828928,63,2.976280,0.390499,0.005551,0.470576,0.273176,0.486749,1.447100,1.554367,1.554367,2.976280,0.509912,0.490886,0.696930,0.761370,calls/second,milliseconds
