t,count,max,mean,min,stddev,p50,p75,p95,p98,p99,p999,mean_rate,m1_rate,m5_rate,m15_rate,rate_unit,duration_unit
1617576692,19,2.779414,1.324551,0.026230,0.449951,1.241881,1.477580,2.127864,2.127864,2.127864,2.779414,0.062869,0.031582,1.129036,2.164499,calls/second,milliseconds
1617576992,67,2.779414,0.917832,0.026230,0.642078,1.153671,1.669800,1.669800,1.669800,1.669800,1.821247,0.111256,0.029512,0.493090,1.592757,calls/second,milliseconds
1617577010,71,2.779414,0.452638,0.026230,0.550492,0.225077,0.330851,1.669800,1.669800,1.669800,1.821247,0.114625,0.036520,0.472239,1.567527,calls/second,milliseconds
1617577010,71,2.779414,0.452638,0.026230,0.550492,0.225077,0.330851,1.669800,1.669800,1.669800,1.821247,0.114624,0.036520,0.472239,1.567527,calls/second,milliseconds
