t,count,max,mean,min,stddev,p50,p75,p95,p98,p99,p999,mean_rate,m1_rate,m5_rate,m15_rate,rate_unit,duration_unit
1617644394,35,0.164589,0.011986,0.000094,0.020605,0.001583,0.010830,0.066587,0.089032,0.089032,0.089032,0.116656,0.215096,1.180204,2.182728,calls/second,milliseconds
1617644612,70,0.164589,0.012132,0.000094,0.019425,0.005460,0.007840,0.076263,0.076263,0.076263,0.089987,0.135147,0.049932,0.634536,1.747263,calls/second,milliseconds
1617644612,70,0.164589,0.012132,0.000094,0.019425,0.005460,0.007840,0.076263,0.076263,0.076263,0.089987,0.135145,0.049932,0.634536,1.747263,calls/second,milliseconds
