t,count,max,mean,min,stddev,p50,p75,p95,p98,p99,p999,mean_rate,m1_rate,m5_rate,m15_rate,rate_unit,duration_unit
1617617053,19,2.634767,0.094561,0.007153,0.293396,0.020407,0.051156,0.452886,0.861814,2.634767,2.634767,0.063336,0.038943,1.150133,2.177501,calls/second,milliseconds
1617617353,67,3.133877,0.394131,0.001834,0.462061,0.201348,0.632982,1.140330,1.458486,2.266649,3.133877,0.111668,0.120524,0.527659,1.606396,calls/second,milliseconds
1617617474,73,3.133877,1.009502,0.001834,1.058104,0.356961,2.443585,2.528703,2.528703,2.528703,3.133877,0.101202,0.027213,0.353204,1.400149,calls/second,milliseconds
1617617474,73,3.133877,1.009502,0.001834,1.058104,0.356961,2.443585,2.528703,2.528703,2.528703,3.133877,0.101200,0.027213,0.353204,1.400149,calls/second,milliseconds
