t,count,max,mean,min,stddev,p50,p75,p95,p98,p99,p999,mean_rate,m1_rate,m5_rate,m15_rate,rate_unit,duration_unit
1608503842,65,1.995609,0.261051,0.001605,0.302163,0.146235,0.409153,0.866996,0.922909,1.995609,1.995609,0.864425,0.883671,0.808161,0.801702,calls/second,milliseconds
1608503842,65,1.995609,0.261051,0.001605,0.302163,0.146235,0.409153,0.866996,0.922909,1.995609,1.995609,0.864279,0.883671,0.808161,0.801702,calls/second,milliseconds
