t,count,max,mean,min,stddev,p50,p75,p95,p98,p99,p999,mean_rate,m1_rate,m5_rate,m15_rate,rate_unit,duration_unit
1617672278,17,30.289795,1.755857,0.004358,3.538104,0.114753,0.630342,11.403018,11.403018,11.403018,30.289795,0.056663,0.156466,0.411585,0.733571,calls/second,milliseconds
1617672383,28,30.289795,1.296377,0.004358,2.584279,0.181967,0.667311,6.821147,11.403018,11.403018,11.403018,0.069147,0.081874,0.321318,0.666709,calls/second,milliseconds
1617672383,28,30.289795,1.296377,0.004358,2.584279,0.181967,0.667311,6.821147,11.403018,11.403018,11.403018,0.069146,0.081874,0.321318,0.666709,calls/second,milliseconds
