t,count,max,mean,min,stddev,p50,p75,p95,p98,p99,p999,mean_rate,m1_rate,m5_rate,m15_rate,rate_unit,duration_unit
1614409445,24,4.723411,0.811555,0.023614,0.753778,0.534876,1.282475,1.580561,4.204039,4.204039,4.723411,0.079966,0.103290,1.147358,2.170957,calls/second,milliseconds
1614409745,67,4.723411,1.059749,0.023614,0.826876,0.902435,2.060252,2.060252,2.060252,2.290986,2.290986,0.111603,0.028924,0.487576,1.592210,calls/second,milliseconds
1614410045,75,4.937190,1.004005,0.023614,1.483230,0.377010,0.855115,4.937190,4.937190,4.937190,4.937190,0.083322,0.039048,0.198548,1.148776,calls/second,milliseconds
1614410345,80,4.937190,0.322110,0.023614,0.254557,0.314903,0.314903,0.314903,0.499390,0.499390,4.937190,0.066660,0.018267,0.083826,0.827897,calls/second,milliseconds
1614410645,85,4.937190,0.695999,0.023614,0.274176,0.880323,0.880323,0.880323,0.880323,0.880323,0.880323,0.056662,0.018127,0.041622,0.597977,calls/second,milliseconds
1614410945,90,4.937190,0.365359,0.023614,0.126577,0.298556,0.515963,0.515963,0.880323,0.930148,0.930148,0.049997,0.018127,0.026096,0.433233,calls/second,milliseconds
1614411245,95,4.937190,0.238564,0.023614,0.072286,0.276229,0.276229,0.281162,0.281393,0.298556,0.515963,0.045235,0.018127,0.020384,0.315188,calls/second,milliseconds
1614411411,99,4.937190,0.314116,0.023614,0.041641,0.307482,0.357463,0.357463,0.357463,0.357463,0.357463,0.043673,0.023275,0.019853,0.265488,calls/second,milliseconds
1614411411,99,4.937190,0.314116,0.023614,0.041641,0.307482,0.357463,0.357463,0.357463,0.357463,0.357463,0.043673,0.023275,0.019853,0.265488,calls/second,milliseconds
