t,count,max,mean,min,stddev,p50,p75,p95,p98,p99,p999,mean_rate,m1_rate,m5_rate,m15_rate,rate_unit,duration_unit
1617678880,44,3.129875,0.345681,0.008958,0.529228,0.171367,0.225183,1.243732,2.240013,3.129875,3.129875,0.146609,0.342081,1.209117,2.192604,calls/second,milliseconds
1617678987,68,4.072612,0.468632,0.008958,0.718545,0.206640,0.529672,2.240013,2.663597,4.072612,4.072612,0.167033,0.154479,0.903530,1.971539,calls/second,milliseconds
1617678987,68,4.072612,0.468632,0.008958,0.718545,0.206640,0.529672,2.240013,2.663597,4.072612,4.072612,0.167032,0.154479,0.903530,1.971539,calls/second,milliseconds
