t,count,max,mean,min,stddev,p50,p75,p95,p98,p99,p999,mean_rate,m1_rate,m5_rate,m15_rate,rate_unit,duration_unit
1617641144,44,3.615614,0.216422,0.001787,0.269886,0.141118,0.326188,0.572019,1.448864,1.448864,1.487027,0.146676,0.168538,1.189416,2.191492,calls/second,milliseconds
1617641359,69,3.615614,0.274603,0.001787,0.258751,0.135139,0.357841,0.743615,0.743615,0.743615,1.448864,0.133995,0.085227,0.650528,1.758993,calls/second,milliseconds
1617641359,69,3.615614,0.274603,0.001787,0.258751,0.135139,0.357841,0.743615,0.743615,0.743615,1.448864,0.133992,0.085227,0.650528,1.758993,calls/second,milliseconds
