t,count,max,mean,min,stddev,p50,p75,p95,p98,p99,p999,mean_rate,m1_rate,m5_rate,m15_rate,rate_unit,duration_unit
1609995310,28,27.165222,1.701343,0.005169,3.375567,0.213110,1.685997,7.794649,13.839016,13.839016,27.165222,0.128136,0.196487,0.558957,0.815045,calls/second,milliseconds
1609995310,28,27.165222,1.701343,0.005169,3.375567,0.213110,1.685997,7.794649,13.839016,13.839016,27.165222,0.128015,0.196487,0.558957,0.815045,calls/second,milliseconds
