t,count,max,mean,min,stddev,p50,p75,p95,p98,p99,p999,mean_rate,m1_rate,m5_rate,m15_rate,rate_unit,duration_unit
1608519139,19,0.731967,0.040552,0.000583,0.075058,0.031270,0.031270,0.043501,0.271175,0.457089,0.731967,0.063336,0.033491,1.147896,2.176541,calls/second,milliseconds
1608519439,51,1.432991,0.222753,0.000583,0.330040,0.045166,0.333598,0.918466,1.432991,1.432991,1.432991,0.085002,0.239667,0.506770,1.591626,calls/second,milliseconds
1608519739,78,1.432991,0.069380,0.000253,0.151752,0.021741,0.048066,0.377356,0.668866,0.717702,1.432991,0.086659,0.030769,0.226762,1.158619,calls/second,milliseconds
1608519776,82,1.432991,0.378234,0.000253,0.400879,0.090461,0.748946,0.999257,0.999257,0.999257,0.999257,0.087515,0.017170,0.201791,1.114426,calls/second,milliseconds
1608519776,82,1.432991,0.378234,0.000253,0.400879,0.090461,0.748946,0.999257,0.999257,0.999257,0.999257,0.087514,0.017170,0.201791,1.114426,calls/second,milliseconds
