t,count,max,mean,min,stddev,p50,p75,p95,p98,p99,p999,mean_rate,m1_rate,m5_rate,m15_rate,rate_unit,duration_unit
1609395280,19,0.081589,0.017432,0.000193,0.013238,0.016940,0.027420,0.027420,0.033197,0.081589,0.081589,0.063325,0.017443,0.321909,0.589131,calls/second,milliseconds
1609395580,68,0.081589,0.014391,0.000193,0.018096,0.004717,0.021000,0.049088,0.049088,0.049088,0.049088,0.113326,0.027040,0.195961,0.464507,calls/second,milliseconds
1609395880,73,0.081589,0.023465,0.000193,0.016275,0.036758,0.036758,0.036758,0.036758,0.036758,0.049088,0.081108,0.010229,0.081687,0.337415,calls/second,milliseconds
1609396180,78,0.081589,0.005708,0.000193,0.006407,0.001784,0.013880,0.015020,0.015020,0.015020,0.036758,0.064997,0.010116,0.039647,0.246350,calls/second,milliseconds
1609396480,83,0.081589,0.018156,0.000193,0.029361,0.001253,0.004282,0.070190,0.070190,0.070190,0.070190,0.055332,0.010115,0.024182,0.181099,calls/second,milliseconds
1609396780,88,0.081589,0.009048,0.000193,0.006214,0.010383,0.010383,0.020086,0.020086,0.020086,0.070190,0.048888,0.010115,0.018493,0.134345,calls/second,milliseconds
1609397080,98,0.081589,0.004898,0.000193,0.005561,0.001672,0.003010,0.014675,0.014675,0.015150,0.020086,0.046666,0.010828,0.022834,0.104889,calls/second,milliseconds
1609397365,107,0.081589,0.006601,0.000193,0.004607,0.007892,0.008180,0.013593,0.013593,0.025583,0.034595,0.044857,0.012994,0.018920,0.081078,calls/second,milliseconds
1609397365,107,0.081589,0.006601,0.000193,0.004607,0.007892,0.008180,0.013593,0.013593,0.025583,0.034595,0.044856,0.012994,0.018920,0.081078,calls/second,milliseconds
