t,count,max,mean,min,stddev,p50,p75,p95,p98,p99,p999,mean_rate,m1_rate,m5_rate,m15_rate,rate_unit,duration_unit
1617644394,35,4.122482,0.357224,0.004529,0.676331,0.070104,0.347654,1.260021,3.157528,3.157528,3.157528,0.116673,0.181647,1.189955,2.191546,calls/second,milliseconds
1617644612,70,4.126196,0.295325,0.004529,0.464532,0.130797,0.356342,0.740283,1.260021,3.157528,4.126196,0.135158,0.049932,0.634536,1.747263,calls/second,milliseconds
1617644612,70,4.126196,0.295325,0.004529,0.464532,0.130797,0.356342,0.740283,1.260021,3.157528,4.126196,0.135156,0.049932,0.634536,1.747263,calls/second,milliseconds
