t,count,max,mean,min,stddev,p50,p75,p95,p98,p99,p999,mean_rate,m1_rate,m5_rate,m15_rate,rate_unit,duration_unit
1609766670,5,29.293687,5.871795,0.002077,11.710950,0.022457,0.029989,29.293687,29.293687,29.293687,29.293687,0.016665,0.000692,0.006392,0.004036,calls/second,milliseconds
1609766970,27,29.293687,1.838464,0.002077,3.846754,0.147390,0.270256,13.573672,15.433267,15.433267,15.433267,0.044999,0.009356,0.036923,0.021897,calls/second,milliseconds
1609767143,28,29.293687,2.440340,0.002077,0.926120,2.476380,2.476380,2.476380,2.476380,5.891381,15.433267,0.036214,0.000550,0.020950,0.018128,calls/second,milliseconds
1609767143,28,29.293687,2.440340,0.002077,0.926120,2.476380,2.476380,2.476380,2.476380,5.891381,15.433267,0.036213,0.000550,0.020950,0.018128,calls/second,milliseconds
