t,count,max,mean,min,stddev,p50,p75,p95,p98,p99,p999,mean_rate,m1_rate,m5_rate,m15_rate,rate_unit,duration_unit
1617590745,39,0.170172,0.015036,0.000114,0.034318,0.002120,0.010253,0.074399,0.170172,0.170172,0.170172,0.129989,0.271503,1.192865,2.187087,calls/second,milliseconds
1617590928,69,0.269939,0.027075,0.000114,0.048788,0.002764,0.024555,0.080797,0.269939,0.269939,0.269939,0.142818,0.056392,0.707864,1.815164,calls/second,milliseconds
1617590928,69,0.269939,0.027075,0.000114,0.048788,0.002764,0.024555,0.080797,0.269939,0.269939,0.269939,0.142815,0.056392,0.707864,1.815164,calls/second,milliseconds
