t,count,max,mean,min,stddev,p50,p75,p95,p98,p99,p999,mean_rate,m1_rate,m5_rate,m15_rate,rate_unit,duration_unit
1608241454,19,1.354880,0.045991,0.000805,0.174321,0.004660,0.005447,0.316868,0.368904,1.354880,1.354880,0.063334,0.021072,0.327852,0.592506,calls/second,milliseconds
1608241754,73,1.354880,0.175826,0.000192,0.278818,0.005509,0.298875,0.868705,1.165207,1.165207,1.165207,0.121668,0.053926,0.218211,0.473361,calls/second,milliseconds
1608241872,79,1.354880,0.305508,0.000192,0.336491,0.079566,0.606019,0.816846,0.816846,0.816846,1.165207,0.110039,0.018528,0.151533,0.416324,calls/second,milliseconds
1608241872,79,1.354880,0.305508,0.000192,0.336491,0.079566,0.606019,0.816846,0.816846,0.816846,1.165207,0.110038,0.018528,0.151533,0.416324,calls/second,milliseconds
