t,count,max,mean,min,stddev,p50,p75,p95,p98,p99,p999,mean_rate,m1_rate,m5_rate,m15_rate,rate_unit,duration_unit
1609240236,71,0.070550,0.002427,0.000066,0.002707,0.001871,0.003317,0.004970,0.006490,0.011739,0.011739,0.253983,0.226939,0.471213,0.654366,calls/second,milliseconds
1609240236,71,0.070550,0.002427,0.000066,0.002707,0.001871,0.003317,0.004970,0.006490,0.011739,0.011739,0.253975,0.226939,0.471213,0.654366,calls/second,milliseconds
