t,count,max,mean,min,stddev,p50,p75,p95,p98,p99,p999,mean_rate,m1_rate,m5_rate,m15_rate,rate_unit,duration_unit
1617196600,19,8.920613,0.221161,0.010013,0.827164,0.137169,0.137169,0.474574,1.068535,1.310743,8.920613,0.063337,0.043221,1.150599,2.177567,calls/second,milliseconds
1617196900,67,8.920613,0.544009,0.003380,0.742911,0.221308,0.712052,1.565268,3.957661,3.957661,3.957661,0.111671,0.140342,0.531706,1.607018,calls/second,milliseconds
1617197200,72,8.920613,0.157750,0.003380,0.243670,0.105767,0.171933,0.171933,0.763010,1.245657,3.957661,0.080002,0.020515,0.206569,1.156268,calls/second,milliseconds
1617197500,77,8.920613,0.207129,0.003380,0.355577,0.088531,0.088531,1.282288,1.282288,1.282288,1.282288,0.064168,0.019707,0.086958,0.833292,calls/second,milliseconds
1617197800,85,8.920613,0.834255,0.003380,0.929394,0.151446,1.440902,2.323829,2.323829,2.323829,2.323829,0.056668,0.051328,0.052080,0.605103,calls/second,milliseconds
1617198100,90,8.920613,0.113017,0.003380,0.204939,0.060998,0.143973,0.149433,0.149433,1.440902,2.323829,0.050001,0.019915,0.030124,0.438365,calls/second,milliseconds
1617198400,95,8.920613,0.069026,0.003380,0.028317,0.060891,0.064103,0.119250,0.119250,0.119250,0.149433,0.045239,0.019703,0.022048,0.318892,calls/second,milliseconds
1617198700,100,8.920613,0.121547,0.003380,0.018153,0.114259,0.130440,0.143710,0.143710,0.143710,0.143710,0.041667,0.019702,0.019076,0.233285,calls/second,milliseconds
1617199000,105,8.920613,0.144925,0.003380,0.017048,0.144680,0.144680,0.188257,0.188257,0.188257,0.188257,0.038889,0.019702,0.017983,0.171946,calls/second,milliseconds
1617199097,108,8.920613,0.369371,0.003380,0.361995,0.137796,0.830111,0.830111,0.830111,0.830111,0.830111,0.038620,0.010115,0.015638,0.154906,calls/second,milliseconds
1617199097,108,8.920613,0.369371,0.003380,0.361995,0.137796,0.830111,0.830111,0.830111,0.830111,0.830111,0.038620,0.010115,0.015638,0.154906,calls/second,milliseconds
