t,count,max,mean,min,stddev,p50,p75,p95,p98,p99,p999,mean_rate,m1_rate,m5_rate,m15_rate,rate_unit,duration_unit
1609220206,27,42.723654,1.034235,0.001639,2.641840,0.108772,0.325839,5.923977,5.923977,5.923977,42.723654,0.089995,0.098177,0.062591,0.026416,calls/second,milliseconds
1609220235,28,42.723654,0.979819,0.001639,2.383896,0.145833,0.744143,4.649833,5.923977,5.923977,42.723654,0.084985,0.064723,0.057587,0.025692,calls/second,milliseconds
1609220235,28,42.723654,0.979819,0.001639,2.383896,0.145833,0.744143,4.649833,5.923977,5.923977,42.723654,0.084984,0.064723,0.057587,0.025692,calls/second,milliseconds
