t,count,max,mean,min,stddev,p50,p75,p95,p98,p99,p999,mean_rate,m1_rate,m5_rate,m15_rate,rate_unit,duration_unit
1617629033,24,4.842701,0.587895,0.010010,0.603345,0.312656,1.114947,1.588066,1.588066,1.588066,4.842701,0.080004,0.102354,1.165534,2.182895,calls/second,milliseconds
1617629307,71,4.842701,0.541987,0.006608,0.592784,0.140786,1.350538,1.493530,1.493530,1.493530,1.588066,0.123647,0.082796,0.546806,1.649147,calls/second,milliseconds
1617629307,71,4.842701,0.541987,0.006608,0.592784,0.140786,1.350538,1.493530,1.493530,1.493530,1.588066,0.123645,0.082796,0.546806,1.649147,calls/second,milliseconds
