t,count,max,mean,min,stddev,p50,p75,p95,p98,p99,p999,mean_rate,m1_rate,m5_rate,m15_rate,rate_unit,duration_unit
1617579241,24,0.430182,0.069364,0.005673,0.072875,0.026500,0.116964,0.213792,0.213792,0.213792,0.430182,0.079993,0.099120,1.146576,2.170841,calls/second,milliseconds
1617579452,70,0.430182,0.058107,0.003880,0.092329,0.016052,0.059480,0.331899,0.331899,0.331899,0.331899,0.136989,0.063193,0.651244,1.758017,calls/second,milliseconds
1617579452,70,0.430182,0.058107,0.003880,0.092329,0.016052,0.059480,0.331899,0.331899,0.331899,0.331899,0.136987,0.063193,0.651244,1.758017,calls/second,milliseconds
