t,count,max,mean,min,stddev,p50,p75,p95,p98,p99,p999,mean_rate,m1_rate,m5_rate,m15_rate,rate_unit,duration_unit
1607728557,62,0.751572,0.039814,0.002117,0.090903,0.018547,0.032667,0.128390,0.239973,0.751572,0.751572,0.206646,0.155654,1.230826,2.207756,calls/second,milliseconds
1607728857,67,0.751572,0.172997,0.002117,0.059665,0.168972,0.206817,0.241856,0.241856,0.241856,0.751572,0.111660,0.013949,0.462884,1.586585,calls/second,milliseconds
1607728987,73,0.751572,0.088126,0.002117,0.084210,0.051180,0.202489,0.206817,0.238900,0.238900,0.241856,0.099977,0.059078,0.315115,1.378547,calls/second,milliseconds
1607728987,73,0.751572,0.088126,0.002117,0.084210,0.051180,0.202489,0.206817,0.238900,0.238900,0.241856,0.099975,0.059078,0.315115,1.378547,calls/second,milliseconds
