t,count,max,mean,min,stddev,p50,p75,p95,p98,p99,p999,mean_rate,m1_rate,m5_rate,m15_rate,rate_unit,duration_unit
1617636317,44,4.356573,0.311617,0.004467,0.351476,0.192584,0.492353,1.033724,1.401038,1.401038,1.401038,0.146673,0.175108,1.189637,2.191509,calls/second,milliseconds
1617636537,70,5.412477,0.470424,0.004467,0.673149,0.150063,0.942878,0.995188,1.410257,5.412477,5.412477,0.134645,0.049321,0.634106,1.747186,calls/second,milliseconds
1617636537,70,5.412477,0.470424,0.004467,0.673149,0.150063,0.942878,0.995188,1.410257,5.412477,5.412477,0.134643,0.049321,0.634106,1.747186,calls/second,milliseconds
