t,count,max,mean,min,stddev,p50,p75,p95,p98,p99,p999,mean_rate,m1_rate,m5_rate,m15_rate,rate_unit,duration_unit
1617617053,19,0.329833,0.170288,0.004784,0.067719,0.197263,0.197263,0.244796,0.244796,0.329833,0.329833,0.063326,0.035829,1.131123,2.165437,calls/second,milliseconds
1617617353,67,0.329833,0.045379,0.004784,0.054270,0.021349,0.034935,0.181523,0.192423,0.192423,0.192423,0.111659,0.110888,0.518938,1.597496,calls/second,milliseconds
1617617474,73,0.467237,0.139770,0.003910,0.177906,0.041157,0.373766,0.467237,0.467237,0.467237,0.467237,0.101195,0.027213,0.353204,1.400149,calls/second,milliseconds
1617617474,73,0.467237,0.139770,0.003910,0.177906,0.041157,0.373766,0.467237,0.467237,0.467237,0.467237,0.101194,0.027213,0.353204,1.400149,calls/second,milliseconds
