t,count,max,mean,min,stddev,p50,p75,p95,p98,p99,p999,mean_rate,m1_rate,m5_rate,m15_rate,rate_unit,duration_unit
1607723704,66,14.886900,0.542761,0.027350,1.788668,0.229454,0.412478,0.997613,2.478434,14.886900,14.886900,2.290408,1.486645,0.939536,0.846617,calls/second,milliseconds
1607723704,66,14.886900,0.542761,0.027350,1.788668,0.229454,0.412478,0.997613,2.478434,14.886900,14.886900,2.288757,1.486645,0.939536,0.846617,calls/second,milliseconds
