t,count,max,mean,min,stddev,p50,p75,p95,p98,p99,p999,mean_rate,m1_rate,m5_rate,m15_rate,rate_unit,duration_unit
1609438310,5,28.338038,5.688519,0.012436,11.324770,0.018003,0.056127,28.338038,28.338038,28.338038,28.338038,0.016596,0.000817,0.006609,0.004082,calls/second,milliseconds
1609438610,17,28.338038,2.320218,0.012436,4.513601,0.157986,1.076452,16.074291,16.074291,16.074291,16.074291,0.028274,0.082896,0.035417,0.015416,calls/second,milliseconds
1609438910,27,28.338038,2.482015,0.012436,4.747852,0.154331,0.346898,12.709342,12.709342,16.074291,16.074291,0.029958,0.002435,0.026499,0.019256,calls/second,milliseconds
1609439210,27,28.338038,2.482015,0.012436,4.747852,0.154331,0.346898,12.709342,12.709342,16.074291,16.074291,0.022476,0.000016,0.009748,0.013798,calls/second,milliseconds
1609439269,28,28.338038,1.319934,0.012436,0.160126,1.318686,1.318686,1.318686,1.318686,1.318686,1.318686,0.022228,0.000007,0.008115,0.012980,calls/second,milliseconds
1609439269,28,28.338038,1.319934,0.012436,0.160126,1.318686,1.318686,1.318686,1.318686,1.318686,1.318686,0.022228,0.000007,0.008115,0.012980,calls/second,milliseconds
