t,count,max,mean,min,stddev,p50,p75,p95,p98,p99,p999,mean_rate,m1_rate,m5_rate,m15_rate,rate_unit,duration_unit
1610805575,19,2.522347,0.091693,0.002095,0.381057,0.002815,0.008144,0.314626,2.228976,2.522347,2.522347,0.063336,0.036630,1.149835,2.177458,calls/second,milliseconds
1610805874,67,2.522347,0.356530,0.001347,0.344815,0.258591,0.650045,1.053077,1.096509,1.325123,1.325123,0.111875,0.153259,0.533372,1.607207,calls/second,milliseconds
1610806174,72,2.522347,0.047733,0.001347,0.163179,0.006994,0.006994,0.352619,0.671502,0.765833,1.325123,0.080099,0.013933,0.206305,1.156273,calls/second,milliseconds
1610806474,77,2.522347,0.007183,0.001347,0.018765,0.006604,0.007026,0.007415,0.007415,0.007415,0.090700,0.064226,0.012995,0.085984,0.833164,calls/second,milliseconds
1610806774,82,2.522347,0.006829,0.001347,0.002047,0.006520,0.007272,0.007995,0.007995,0.007995,0.007995,0.054708,0.012988,0.041721,0.601647,calls/second,milliseconds
1610807074,90,2.522347,0.844504,0.001347,0.904323,0.142820,1.819660,1.940353,1.940353,1.940353,1.940353,0.050031,0.039759,0.034262,0.438954,calls/second,milliseconds
1610807374,95,2.522347,0.033382,0.001347,0.214911,0.007607,0.007607,0.008200,0.008200,1.819660,1.940353,0.045262,0.013169,0.022693,0.319183,calls/second,milliseconds
1610807674,100,2.522347,0.006500,0.001347,0.023063,0.005919,0.006359,0.007203,0.007973,0.007973,0.007973,0.041686,0.012989,0.018437,0.233363,calls/second,milliseconds
1610807974,105,2.522347,0.006714,0.001347,0.002618,0.006127,0.007813,0.008436,0.008436,0.008436,0.008436,0.038905,0.012988,0.016871,0.171870,calls/second,milliseconds
1610808274,110,2.522347,0.006598,0.001347,0.000490,0.006680,0.006680,0.007330,0.007330,0.008977,0.008977,0.036680,0.012988,0.016295,0.127809,calls/second,milliseconds
1610808574,115,2.522347,0.007278,0.001347,0.001387,0.008187,0.008187,0.008187,0.008187,0.008187,0.008187,0.034860,0.012988,0.016083,0.096238,calls/second,milliseconds
1610808874,120,2.522347,0.007427,0.001347,0.000715,0.007863,0.007863,0.007887,0.007887,0.007887,0.008187,0.033344,0.012988,0.016005,0.073616,calls/second,milliseconds
1610809047,124,2.522347,0.263273,0.001347,0.249932,0.507255,0.507255,0.507255,0.507255,0.507255,0.507255,0.032873,0.014117,0.016254,0.063603,calls/second,milliseconds
1610809047,124,2.522347,0.263273,0.001347,0.249932,0.507255,0.507255,0.507255,0.507255,0.507255,0.507255,0.032873,0.014117,0.016254,0.063603,calls/second,milliseconds
