t,count,max,mean,min,stddev,p50,p75,p95,p98,p99,p999,mean_rate,m1_rate,m5_rate,m15_rate,rate_unit,duration_unit
1617677939,44,0.263910,0.012464,0.001494,0.020383,0.005500,0.012882,0.035840,0.041220,0.138769,0.166181,0.146640,0.325561,1.208091,2.192476,calls/second,milliseconds
1617678064,68,0.340671,0.030104,0.001494,0.068494,0.010537,0.021247,0.052593,0.340671,0.340671,0.340671,0.160119,0.114662,0.858398,1.938790,calls/second,milliseconds
1617678064,68,0.340671,0.030104,0.001494,0.068494,0.010537,0.021247,0.052593,0.340671,0.340671,0.340671,0.160115,0.114662,0.858398,1.938790,calls/second,milliseconds
