t,count,max,mean,min,stddev,p50,p75,p95,p98,p99,p999,mean_rate,m1_rate,m5_rate,m15_rate,rate_unit,duration_unit
1617639920,24,3.906059,0.422307,0.018497,0.351426,0.313653,0.471256,1.245628,1.245628,1.245628,3.906059,0.079964,0.101589,1.147357,2.170961,calls/second,milliseconds
1617640185,70,3.906059,0.578240,0.013153,0.593805,0.296526,1.116381,1.674657,1.674657,1.674657,1.674657,0.123883,0.080697,0.554311,1.657524,calls/second,milliseconds
1617640185,70,3.906059,0.578240,0.013153,0.593805,0.296526,1.116381,1.674657,1.674657,1.674657,1.674657,0.123881,0.080697,0.554311,1.657524,calls/second,milliseconds
