t,count,max,mean,min,stddev,p50,p75,p95,p98,p99,p999,mean_rate,m1_rate,m5_rate,m15_rate,rate_unit,duration_unit
1609196643,63,0.085096,0.001776,0.000049,0.002482,0.001178,0.001760,0.006070,0.007199,0.007199,0.007199,0.209982,0.336284,0.445923,0.635380,calls/second,milliseconds
1609196715,68,0.085096,0.002311,0.000049,0.002206,0.001760,0.003167,0.005028,0.006127,0.007199,0.007199,0.182538,0.112274,0.355967,0.588889,calls/second,milliseconds
1609196715,68,0.085096,0.002311,0.000049,0.002206,0.001760,0.003167,0.005028,0.006127,0.007199,0.007199,0.182536,0.112274,0.355967,0.588889,calls/second,milliseconds
