t,count,max,mean,min,stddev,p50,p75,p95,p98,p99,p999,mean_rate,m1_rate,m5_rate,m15_rate,rate_unit,duration_unit
1607862932,24,1.567217,0.298698,0.001897,0.569769,0.025573,0.093531,1.567217,1.567217,1.567217,1.567217,0.079993,0.100417,0.339357,0.594813,calls/second,milliseconds
1607863232,68,2.582499,0.934255,0.001860,1.208922,0.025370,2.582499,2.582499,2.582499,2.582499,2.582499,0.113329,0.029775,0.191081,0.463557,calls/second,milliseconds
1607863532,73,2.582499,0.149605,0.001860,0.414932,0.038690,0.050046,1.596087,1.717114,1.717114,2.582499,0.081108,0.019770,0.081260,0.336943,calls/second,milliseconds
1607863832,78,8.063774,0.373062,0.001860,1.568020,0.053674,0.053674,0.065206,8.063774,8.063774,8.063774,0.064998,0.019702,0.040859,0.246220,calls/second,milliseconds
1607863883,83,8.063774,0.062625,0.001860,0.524229,0.022144,0.047866,0.053674,0.053674,0.054690,8.063774,0.066315,0.023275,0.037838,0.234016,calls/second,milliseconds
1607863883,83,8.063774,0.062625,0.001860,0.524229,0.022144,0.047866,0.053674,0.053674,0.054690,8.063774,0.066314,0.023275,0.037838,0.234016,calls/second,milliseconds
