t,count,max,mean,min,stddev,p50,p75,p95,p98,p99,p999,mean_rate,m1_rate,m5_rate,m15_rate,rate_unit,duration_unit
1617586106,22,5.124355,0.241605,0.001243,0.365411,0.065807,0.386883,0.615500,0.615500,0.973707,5.124355,0.073339,0.096687,1.161006,2.180957,calls/second,milliseconds
1617586351,70,5.124355,0.410618,0.001008,0.452929,0.100316,1.015531,1.172018,1.172018,1.172018,1.416823,0.128631,0.055581,0.594094,1.701223,calls/second,milliseconds
1617586351,70,5.124355,0.410618,0.001008,0.452929,0.100316,1.015531,1.172018,1.172018,1.172018,1.416823,0.128629,0.055581,0.594094,1.701223,calls/second,milliseconds
