t,count,max,mean,min,stddev,p50,p75,p95,p98,p99,p999,mean_rate,m1_rate,m5_rate,m15_rate,rate_unit,duration_unit
1609996811,63,4.480732,0.417395,0.029471,0.609756,0.202122,0.392931,2.053613,2.220444,3.125421,3.278037,0.209926,0.314474,0.444285,0.635183,calls/second,milliseconds
1609996958,69,4.941265,1.023970,0.029471,1.419081,0.283222,2.434547,4.941265,4.941265,4.941265,4.941265,0.154356,0.039287,0.279263,0.542718,calls/second,milliseconds
1609996958,69,4.941265,1.023970,0.029471,1.419081,0.283222,2.434547,4.941265,4.941265,4.941265,4.941265,0.154352,0.039287,0.279263,0.542718,calls/second,milliseconds
