t,count,max,mean,min,stddev,p50,p75,p95,p98,p99,p999,mean_rate,m1_rate,m5_rate,m15_rate,rate_unit,duration_unit
1609312795,19,2.693550,0.549238,0.008588,0.328157,0.593429,0.606261,0.612300,0.776686,2.693550,2.693550,0.063322,0.019244,0.322193,0.589173,calls/second,milliseconds
1609313095,68,2.693550,0.214690,0.008588,0.190234,0.173322,0.197807,0.649215,0.891444,0.891444,0.891444,0.113323,0.181727,0.234690,0.470624,calls/second,milliseconds
1609313395,73,2.693550,0.356988,0.008588,0.165798,0.262706,0.561653,0.610021,0.649453,0.649453,0.891444,0.081105,0.013094,0.096259,0.341850,calls/second,milliseconds
1609313695,78,2.693550,0.510985,0.008588,0.180410,0.654747,0.654747,0.654747,0.654747,0.654747,0.654747,0.064997,0.011957,0.045334,0.249579,calls/second,milliseconds
1609313995,83,2.693550,0.319947,0.008588,0.167708,0.199559,0.443917,0.708510,0.708510,0.708510,0.708510,0.055331,0.011950,0.026599,0.183463,calls/second,milliseconds
1609314295,88,2.693550,0.388740,0.008588,0.119669,0.331533,0.498263,0.583208,0.583208,0.583208,0.708510,0.048887,0.011950,0.019707,0.136090,calls/second,milliseconds
1609314595,98,2.693550,0.168911,0.008588,0.124608,0.143583,0.187687,0.244272,0.331533,1.055866,1.055866,0.046665,0.012641,0.023564,0.106182,calls/second,milliseconds
1609314600,102,2.693550,0.182997,0.008588,0.162724,0.143583,0.187687,0.464814,0.464814,0.464814,1.055866,0.048467,0.012641,0.023564,0.106182,calls/second,milliseconds
1609314600,102,2.693550,0.182997,0.008588,0.162724,0.143583,0.187687,0.464814,0.464814,0.464814,1.055866,0.048467,0.012641,0.023564,0.106182,calls/second,milliseconds
