t,count,max,mean,min,stddev,p50,p75,p95,p98,p99,p999,mean_rate,m1_rate,m5_rate,m15_rate,rate_unit,duration_unit
1609436097,19,10.849557,1.151247,0.013280,1.052084,1.440018,1.440018,1.440018,1.440018,1.440018,10.849557,0.063312,0.028535,0.323262,0.589325,calls/second,milliseconds
1609436397,60,10.849557,0.480079,0.013280,0.888049,0.240418,0.487436,2.340472,4.685795,4.685795,4.685795,0.099983,0.316438,0.231210,0.464802,calls/second,milliseconds
1609436697,73,10.849557,1.217801,0.013280,0.815403,1.127095,1.276853,3.425904,3.425904,3.425904,4.685795,0.081101,0.024999,0.107210,0.344479,calls/second,milliseconds
1609436997,78,10.849557,2.029696,0.013280,1.555044,1.125711,1.349172,4.783141,4.783141,4.783141,4.783141,0.064994,0.021438,0.050590,0.251646,calls/second,milliseconds
1609437074,83,10.849557,0.642277,0.013280,0.740713,0.502982,0.806592,1.277551,4.783141,4.783141,4.783141,0.065017,0.016684,0.042441,0.232603,calls/second,milliseconds
1609437074,83,10.849557,0.642277,0.013280,0.740713,0.502982,0.806592,1.277551,4.783141,4.783141,4.783141,0.065016,0.016684,0.042441,0.232603,calls/second,milliseconds
