t,count,max,mean,min,stddev,p50,p75,p95,p98,p99,p999,mean_rate,m1_rate,m5_rate,m15_rate,rate_unit,duration_unit
1617565759,19,0.497473,0.028022,0.002057,0.050181,0.016065,0.027525,0.045508,0.076279,0.497473,0.497473,0.063326,0.034721,1.130975,2.165416,calls/second,milliseconds
1617566059,67,0.497473,0.016170,0.000971,0.022925,0.007303,0.018743,0.095046,0.095046,0.095046,0.095046,0.111649,0.122679,0.521576,1.597881,calls/second,milliseconds
1617566213,74,0.497473,0.014813,0.000971,0.018143,0.008342,0.024072,0.072543,0.072543,0.072543,0.095046,0.098157,0.030418,0.324310,1.355657,calls/second,milliseconds
1617566213,74,0.497473,0.014813,0.000971,0.018143,0.008342,0.024072,0.072543,0.072543,0.072543,0.095046,0.098155,0.030418,0.324310,1.355657,calls/second,milliseconds
