t,count,max,mean,min,stddev,p50,p75,p95,p98,p99,p999,mean_rate,m1_rate,m5_rate,m15_rate,rate_unit,duration_unit
1609998077,63,5.604683,0.312416,0.017026,0.344556,0.189904,0.367952,1.083141,1.551034,1.551034,1.673990,0.209915,0.517882,1.265096,2.212864,calls/second,milliseconds
1609998118,67,5.604683,0.296912,0.017026,0.318346,0.189904,0.367952,0.845339,1.551034,1.551034,1.673990,0.196184,0.265890,1.107178,2.116668,calls/second,milliseconds
1609998118,67,5.604683,0.296912,0.017026,0.318346,0.189904,0.367952,0.845339,1.551034,1.551034,1.673990,0.196181,0.265890,1.107178,2.116668,calls/second,milliseconds
