t,count,max,mean,min,stddev,p50,p75,p95,p98,p99,p999,mean_rate,m1_rate,m5_rate,m15_rate,rate_unit,duration_unit
1617657230,19,5.018132,0.153355,0.020366,0.427743,0.037265,0.129007,0.339804,0.869801,0.933901,5.018132,0.063336,0.048714,1.151089,2.177633,calls/second,milliseconds
1617657464,70,5.018132,0.667351,0.009516,0.823018,0.210494,0.920590,2.717738,2.717738,2.717738,2.717738,0.131203,0.107218,0.626722,1.721580,calls/second,milliseconds
1617657464,70,5.018132,0.667351,0.009516,0.823018,0.210494,0.920590,2.717738,2.717738,2.717738,2.717738,0.131202,0.107218,0.626722,1.721580,calls/second,milliseconds
