t,count,max,mean,min,stddev,p50,p75,p95,p98,p99,p999,mean_rate,m1_rate,m5_rate,m15_rate,rate_unit,duration_unit
1617587792,24,4.498415,0.568833,0.023020,0.534692,0.559213,0.650420,1.103698,2.323223,3.493968,4.498415,0.079969,0.107634,1.147570,2.170981,calls/second,milliseconds
1617588059,70,4.498415,0.523599,0.021964,0.591260,0.277034,1.070271,2.136383,2.136383,2.136383,2.136383,0.123436,0.033077,0.545525,1.654417,calls/second,milliseconds
1617588059,70,4.498415,0.523599,0.021964,0.591260,0.277034,1.070271,2.136383,2.136383,2.136383,2.136383,0.123435,0.033077,0.545525,1.654417,calls/second,milliseconds
