t,count,max,mean,min,stddev,p50,p75,p95,p98,p99,p999,mean_rate,m1_rate,m5_rate,m15_rate,rate_unit,duration_unit
1617675994,32,0.173338,0.020464,0.000858,0.026092,0.007987,0.030445,0.060680,0.123638,0.123638,0.123638,0.106658,0.199842,1.172456,2.179676,calls/second,milliseconds
1617676127,68,0.173338,0.020103,0.000858,0.028229,0.012533,0.017917,0.126366,0.126366,0.126366,0.126366,0.156950,0.145391,0.838586,1.918587,calls/second,milliseconds
1617676127,68,0.173338,0.020103,0.000858,0.028229,0.012533,0.017917,0.126366,0.126366,0.126366,0.126366,0.156948,0.145391,0.838586,1.918587,calls/second,milliseconds
