t,count,max,mean,min,stddev,p50,p75,p95,p98,p99,p999,mean_rate,m1_rate,m5_rate,m15_rate,rate_unit,duration_unit
1607880155,65,0.314446,0.040767,0.004918,0.064396,0.018886,0.028160,0.153053,0.314446,0.314446,0.314446,0.484086,0.474952,0.683630,0.755555,calls/second,milliseconds
1607880155,65,0.314446,0.040767,0.004918,0.064396,0.018886,0.028160,0.153053,0.314446,0.314446,0.314446,0.484017,0.474952,0.683630,0.755555,calls/second,milliseconds
