t,count,max,mean,min,stddev,p50,p75,p95,p98,p99,p999,mean_rate,m1_rate,m5_rate,m15_rate,rate_unit,duration_unit
1609292757,32,13.802120,0.227548,0.014736,0.462460,0.128957,0.336206,0.831069,0.831069,0.831069,2.688645,0.106631,0.225553,1.173438,2.179775,calls/second,milliseconds
1609293057,68,13.802120,0.748364,0.014736,0.557775,0.700413,1.412439,1.412439,1.412439,1.412439,1.412439,0.113315,0.024698,0.485189,1.592299,calls/second,milliseconds
1609293357,73,13.802120,0.693204,0.014736,0.272169,0.527904,0.700413,1.154079,1.154079,1.154079,1.412439,0.081102,0.016731,0.189097,1.145669,calls/second,milliseconds
1609293657,78,13.802120,0.728639,0.014736,0.102361,0.760525,0.760525,0.911824,0.911824,0.911824,1.154079,0.064995,0.016678,0.080171,0.825644,calls/second,milliseconds
1609293957,83,13.802120,0.777737,0.014736,0.138902,0.890704,0.890704,0.890704,0.890704,0.890704,0.911824,0.055330,0.016677,0.040099,0.596337,calls/second,milliseconds
1609293977,87,13.802120,0.309735,0.014736,0.257033,0.185105,0.453946,0.890704,0.890704,0.890704,0.890704,0.057247,0.012988,0.038143,0.586480,calls/second,milliseconds
1609293977,87,13.802120,0.309735,0.014736,0.257033,0.185105,0.453946,0.890704,0.890704,0.890704,0.890704,0.057247,0.012988,0.038143,0.586480,calls/second,milliseconds
