t,count,max,mean,min,stddev,p50,p75,p95,p98,p99,p999,mean_rate,m1_rate,m5_rate,m15_rate,rate_unit,duration_unit
1609415718,28,26.218508,2.126218,0.000980,2.899782,2.621063,2.621063,3.745955,6.908305,26.218508,26.218508,0.100240,0.030925,0.442273,0.760552,calls/second,milliseconds
1609415718,28,26.218508,2.126218,0.000980,2.899782,2.621063,2.621063,3.745955,6.908305,26.218508,26.218508,0.100236,0.030925,0.442273,0.760552,calls/second,milliseconds
