t,count,max,mean,min,stddev,p50,p75,p95,p98,p99,p999,mean_rate,m1_rate,m5_rate,m15_rate,rate_unit,duration_unit
1608505219,67,47.503371,1.795897,0.023227,7.202153,0.192834,0.691348,4.423543,47.503371,47.503371,47.503371,0.223070,0.147039,0.432074,0.636230,calls/second,milliseconds
1608505267,71,47.503371,1.295933,0.023227,5.400493,0.192834,0.691348,2.050046,9.441432,47.503371,47.503371,0.203370,0.069456,0.371890,0.605200,calls/second,milliseconds
1608505267,71,47.503371,1.295933,0.023227,5.400493,0.192834,0.691348,2.050046,9.441432,47.503371,47.503371,0.203363,0.069456,0.371890,0.605200,calls/second,milliseconds
