t,count,max,mean,min,stddev,p50,p75,p95,p98,p99,p999,mean_rate,m1_rate,m5_rate,m15_rate,rate_unit,duration_unit
1609314911,19,1.586097,0.044662,0.002190,0.165744,0.008357,0.012530,0.204828,0.541981,0.793297,1.586097,0.063335,0.048714,1.151089,2.177633,calls/second,milliseconds
1609315211,67,1.586097,0.216014,0.001638,0.245714,0.100717,0.310207,0.729220,0.959295,0.959295,0.959295,0.111668,0.253367,0.544960,1.608862,calls/second,milliseconds
1609315511,72,1.586097,0.033887,0.001638,0.099254,0.010571,0.011404,0.100717,0.344521,0.534300,0.959295,0.080001,0.026834,0.212007,1.157670,calls/second,milliseconds
1609315811,77,1.586097,0.016576,0.001638,0.012656,0.014416,0.022015,0.025856,0.025856,0.025856,0.062632,0.064167,0.025308,0.089521,0.834377,calls/second,milliseconds
1609316111,82,1.586097,0.008470,0.001638,0.006220,0.005308,0.011520,0.024218,0.032830,0.032830,0.032830,0.054667,0.025298,0.044461,0.602727,calls/second,milliseconds
1609316411,87,1.586097,0.010533,0.001638,0.001496,0.010746,0.010746,0.010889,0.010889,0.019643,0.019643,0.048334,0.025298,0.027884,0.436743,calls/second,milliseconds
1609316711,98,1.586097,0.014601,0.001638,0.008917,0.009016,0.018631,0.030345,0.030345,0.030345,0.030345,0.046667,0.026278,0.029716,0.322708,calls/second,milliseconds
1609317011,103,1.586097,0.014999,0.001638,0.010457,0.007716,0.023857,0.038964,0.038964,0.038964,0.038964,0.042917,0.025304,0.022460,0.236101,calls/second,milliseconds
1609317311,108,1.586097,0.014040,0.001638,0.005033,0.012824,0.012824,0.023729,0.023857,0.041150,0.041150,0.040000,0.025298,0.019790,0.174044,calls/second,milliseconds
1609317611,113,1.586097,0.008863,0.001638,0.001731,0.010034,0.010034,0.010034,0.010034,0.012150,0.023729,0.037667,0.025298,0.018808,0.129578,calls/second,milliseconds
1609317911,118,1.586097,0.019357,0.001638,0.009581,0.027062,0.027062,0.027062,0.027062,0.027062,0.027062,0.035758,0.025298,0.018447,0.097717,calls/second,milliseconds
1609318211,123,1.586097,0.017995,0.001638,0.009683,0.010234,0.028516,0.031913,0.031913,0.031913,0.031913,0.034167,0.025298,0.018314,0.074887,calls/second,milliseconds
1609318343,129,7.046032,0.749542,0.001638,1.719405,0.142095,0.589737,7.046032,7.046032,7.046032,7.046032,0.034566,0.060310,0.026988,0.069853,calls/second,milliseconds
1609318343,129,7.046032,0.749542,0.001638,1.719405,0.142095,0.589737,7.046032,7.046032,7.046032,7.046032,0.034566,0.060310,0.026988,0.069853,calls/second,milliseconds
