t,count,max,mean,min,stddev,p50,p75,p95,p98,p99,p999,mean_rate,m1_rate,m5_rate,m15_rate,rate_unit,duration_unit
1617575178,19,0.137785,0.054730,0.000680,0.023453,0.051174,0.063644,0.083936,0.083936,0.083936,0.137785,0.063328,0.038342,1.131426,2.165481,calls/second,milliseconds
1617575478,67,0.346077,0.030260,0.000680,0.059459,0.005610,0.024269,0.186266,0.186266,0.346077,0.346077,0.111662,0.069134,0.509472,1.596070,calls/second,milliseconds
1617575514,72,0.346077,0.048274,0.000680,0.089919,0.008209,0.018207,0.268843,0.268843,0.268843,0.346077,0.113174,0.054570,0.456676,1.536300,calls/second,milliseconds
1617575514,72,0.346077,0.048274,0.000680,0.089919,0.008209,0.018207,0.268843,0.268843,0.268843,0.346077,0.113173,0.054570,0.456676,1.536300,calls/second,milliseconds
