t,count,max,mean,min,stddev,p50,p75,p95,p98,p99,p999,mean_rate,m1_rate,m5_rate,m15_rate,rate_unit,duration_unit
1617614741,19,7.249992,1.866717,0.026923,1.006281,2.467175,2.467175,2.467175,2.467175,3.723598,7.249992,0.063302,0.035829,1.131123,2.165437,calls/second,milliseconds
1617615041,67,17.441819,0.525878,0.026850,1.371408,0.246828,0.419620,1.551111,1.551111,1.571253,17.441819,0.111638,0.102017,0.517204,1.597236,calls/second,milliseconds
1617615144,73,17.441819,1.062579,0.026850,1.121786,1.009429,2.175299,2.645256,2.645256,2.645256,17.441819,0.103704,0.036304,0.376312,1.431379,calls/second,milliseconds
1617615144,73,17.441819,1.062579,0.026850,1.121786,1.009429,2.175299,2.645256,2.645256,2.645256,17.441819,0.103703,0.036304,0.376312,1.431379,calls/second,milliseconds
