t,count,max,mean,min,stddev,p50,p75,p95,p98,p99,p999,mean_rate,m1_rate,m5_rate,m15_rate,rate_unit,duration_unit
1610009086,19,0.119373,0.089563,0.001960,0.035063,0.109333,0.109333,0.109333,0.119373,0.119373,0.119373,0.063329,0.022576,0.322636,0.589238,calls/second,milliseconds
1610009386,73,0.283599,0.017596,0.001663,0.027770,0.010664,0.014856,0.061808,0.116663,0.116895,0.283599,0.121662,0.330276,0.259238,0.477271,calls/second,milliseconds
1610009686,78,0.283599,0.077183,0.001663,0.034953,0.090802,0.090802,0.128672,0.128672,0.128672,0.128672,0.086664,0.017466,0.105799,0.346690,calls/second,milliseconds
1610009957,87,0.283599,0.042663,0.001663,0.044409,0.017996,0.069128,0.131146,0.131146,0.131146,0.131146,0.074314,0.025321,0.054542,0.261705,calls/second,milliseconds
1610009957,87,0.283599,0.042663,0.001663,0.044409,0.017996,0.069128,0.131146,0.131146,0.131146,0.131146,0.074313,0.025321,0.054542,0.261705,calls/second,milliseconds
