t,count,max,mean,min,stddev,p50,p75,p95,p98,p99,p999,mean_rate,m1_rate,m5_rate,m15_rate,rate_unit,duration_unit
1609998424,46,5.061098,0.485849,0.008546,0.893597,0.097893,0.594395,1.716647,4.795086,4.795086,4.795086,0.153337,0.322648,0.405469,0.619609,calls/second,milliseconds
1609998647,71,5.061098,0.646827,0.008368,0.832072,0.089554,1.325455,2.051445,2.051445,2.051445,4.795086,0.135805,0.034436,0.232010,0.503137,calls/second,milliseconds
1609998647,71,5.061098,0.646827,0.008368,0.832072,0.089554,1.325455,2.051445,2.051445,2.051445,4.795086,0.135802,0.034436,0.232010,0.503137,calls/second,milliseconds
