t,count,max,mean,min,stddev,p50,p75,p95,p98,p99,p999,mean_rate,m1_rate,m5_rate,m15_rate,rate_unit,duration_unit
1615628241,19,6.656132,0.265121,0.016906,0.768948,0.123988,0.123988,0.828421,2.317168,6.656132,6.656132,0.063340,0.035611,1.149690,2.177437,calls/second,milliseconds
1615628541,67,6.656132,0.650247,0.009220,0.679518,0.451640,0.931265,2.210249,2.350205,3.215617,3.215617,0.111673,0.168286,0.534855,1.607389,calls/second,milliseconds
1615628841,72,6.656132,0.188993,0.009220,0.310429,0.114986,0.123560,0.729138,1.429829,1.811770,3.215617,0.080003,0.013003,0.206684,1.156377,calls/second,milliseconds
1615629141,77,6.656132,0.059985,0.009220,0.041482,0.045170,0.076163,0.083137,0.109717,0.114986,0.285217,0.064168,0.011957,0.085957,0.833213,calls/second,milliseconds
1615629441,82,6.656132,0.068569,0.009220,0.021114,0.057771,0.079706,0.103793,0.103793,0.103793,0.103793,0.054668,0.011950,0.041544,0.601656,calls/second,milliseconds
1615629741,90,6.656132,0.549652,0.009220,0.807224,0.118626,0.126117,2.360300,2.360300,2.360300,2.360300,0.050001,0.018442,0.031853,0.438647,calls/second,milliseconds
1615630041,95,6.656132,0.128159,0.009220,0.122567,0.129290,0.129290,0.142308,0.142308,0.142308,2.360300,0.045239,0.011993,0.021640,0.318937,calls/second,milliseconds
1615630230,100,6.656132,0.251789,0.009220,0.211786,0.107077,0.523236,0.523236,0.523236,0.523236,0.523236,0.043686,0.010117,0.018337,0.261168,calls/second,milliseconds
1615630230,100,6.656132,0.251789,0.009220,0.211786,0.107077,0.523236,0.523236,0.523236,0.523236,0.523236,0.043686,0.010117,0.018337,0.261168,calls/second,milliseconds
