t,count,max,mean,min,stddev,p50,p75,p95,p98,p99,p999,mean_rate,m1_rate,m5_rate,m15_rate,rate_unit,duration_unit
1609413397,27,27.578721,1.585006,0.004848,3.830962,0.180104,0.834518,12.981056,12.981056,12.981056,27.578721,0.089991,0.035810,0.052424,0.024981,calls/second,milliseconds
1609413697,27,27.578721,1.585006,0.004848,3.830962,0.180104,0.834518,12.981056,12.981056,12.981056,27.578721,0.044998,0.000241,0.019286,0.017900,calls/second,milliseconds
1609413736,28,27.578721,1.403947,0.004848,0.489850,1.400944,1.400944,1.400944,1.400944,1.400944,8.348386,0.043829,0.000135,0.017162,0.017217,calls/second,milliseconds
1609413736,28,27.578721,1.403947,0.004848,0.489850,1.400944,1.400944,1.400944,1.400944,1.400944,8.348386,0.043828,0.000135,0.017162,0.017217,calls/second,milliseconds
