t,count,max,mean,min,stddev,p50,p75,p95,p98,p99,p999,mean_rate,m1_rate,m5_rate,m15_rate,rate_unit,duration_unit
1608511210,19,2.209854,0.057212,0.001813,0.217204,0.023742,0.023742,0.178849,0.342485,0.393523,2.209854,0.063335,0.031014,0.328695,0.592608,calls/second,milliseconds
1608511510,68,2.209854,0.178909,0.001813,0.227751,0.032093,0.337900,0.663097,0.712959,0.752341,0.958023,0.113336,0.063138,0.212662,0.469434,calls/second,milliseconds
1608511552,72,2.209854,0.457124,0.001813,0.517296,0.062592,1.140073,1.222027,1.222027,1.222027,1.222027,0.112187,0.029824,0.183040,0.446539,calls/second,milliseconds
1608511552,72,2.209854,0.457124,0.001813,0.517296,0.062592,1.140073,1.222027,1.222027,1.222027,1.222027,0.112185,0.029824,0.183040,0.446539,calls/second,milliseconds
