t,count,max,mean,min,stddev,p50,p75,p95,p98,p99,p999,mean_rate,m1_rate,m5_rate,m15_rate,rate_unit,duration_unit
1617635092,32,4.870205,0.420248,0.018999,0.501122,0.311087,0.515240,1.634354,1.634354,1.678660,4.870205,0.106621,0.199912,1.172435,2.179671,calls/second,milliseconds
1617635324,70,4.870205,0.252522,0.011927,0.292656,0.137764,0.302051,1.028515,1.248086,1.358365,1.634354,0.131508,0.051253,0.607581,1.719081,calls/second,milliseconds
1617635324,70,4.870205,0.252522,0.011927,0.292656,0.137764,0.302051,1.028515,1.248086,1.358365,1.634354,0.131505,0.051253,0.607581,1.719081,calls/second,milliseconds
