t,count,max,mean,min,stddev,p50,p75,p95,p98,p99,p999,mean_rate,m1_rate,m5_rate,m15_rate,rate_unit,duration_unit
1617638718,32,2.621618,0.319211,0.002280,0.353801,0.080120,0.502032,1.232112,1.232112,1.232112,1.232112,0.106673,0.098053,1.165414,2.182886,calls/second,milliseconds
1617638988,71,2.621618,0.488315,0.002280,0.553994,0.137486,0.903122,1.593304,1.593304,1.593304,1.593304,0.124573,0.036767,0.544366,1.654711,calls/second,milliseconds
1617638988,71,2.621618,0.488315,0.002280,0.553994,0.137486,0.903122,1.593304,1.593304,1.593304,1.593304,0.124571,0.036767,0.544366,1.654711,calls/second,milliseconds
