t,count,max,mean,min,stddev,p50,p75,p95,p98,p99,p999,mean_rate,m1_rate,m5_rate,m15_rate,rate_unit,duration_unit
1608514442,19,3.857481,0.088662,0.001820,0.386283,0.026969,0.026969,0.271805,0.654539,0.710988,3.857481,0.063337,0.040252,1.150286,2.177523,calls/second,milliseconds
1608514742,73,3.857481,0.165928,0.001510,0.207059,0.036052,0.317250,0.609795,0.816621,0.816621,0.816621,0.121671,0.198876,0.551518,1.613736,calls/second,milliseconds
1608514763,77,3.857481,0.225372,0.001510,0.253877,0.094737,0.347341,0.674867,0.811215,0.816621,0.816621,0.123989,0.179080,0.517338,1.572851,calls/second,milliseconds
1608514763,77,3.857481,0.225372,0.001510,0.253877,0.094737,0.347341,0.674867,0.811215,0.816621,0.816621,0.123987,0.179080,0.517338,1.572851,calls/second,milliseconds
