t,count,max,mean,min,stddev,p50,p75,p95,p98,p99,p999,mean_rate,m1_rate,m5_rate,m15_rate,rate_unit,duration_unit
1617665149,19,10.351182,0.213913,0.014410,0.844418,0.120037,0.120037,0.262836,1.018201,1.623048,10.351182,0.063336,0.033491,1.147896,2.176541,calls/second,milliseconds
1617665355,69,10.351182,0.481130,0.009798,0.611111,0.244088,0.698418,1.421201,2.313116,2.313116,5.264098,0.136467,0.146404,0.680200,1.771837,calls/second,milliseconds
1617665355,69,10.351182,0.481130,0.009798,0.611111,0.244088,0.698418,1.421201,2.313116,2.313116,5.264098,0.136465,0.146404,0.680200,1.771837,calls/second,milliseconds
