t,count,max,mean,min,stddev,p50,p75,p95,p98,p99,p999,mean_rate,m1_rate,m5_rate,m15_rate,rate_unit,duration_unit
1609995615,62,7.659526,0.819646,0.024348,1.230763,0.243953,0.589508,3.439439,3.440713,4.362119,7.659526,0.206592,0.112183,0.416817,0.630767,calls/second,milliseconds
1609995630,66,7.659526,0.673196,0.024348,1.024356,0.243953,0.589508,3.439439,3.439439,3.440713,7.659526,0.209773,0.094961,0.403153,0.623797,calls/second,milliseconds
1609995630,66,7.659526,0.673196,0.024348,1.024356,0.243953,0.589508,3.439439,3.439439,3.440713,7.659526,0.209766,0.094961,0.403153,0.623797,calls/second,milliseconds
