t,count,max,mean,min,stddev,p50,p75,p95,p98,p99,p999,mean_rate,m1_rate,m5_rate,m15_rate,rate_unit,duration_unit
1609307060,19,4.267050,0.071519,0.003087,0.418350,0.019278,0.019278,0.228830,0.289824,0.350749,4.267050,0.063334,0.040252,1.150286,2.177523,calls/second,milliseconds
1609307360,68,4.267050,0.208889,0.003087,0.222752,0.102223,0.347212,0.649551,0.744361,0.744361,0.744361,0.113334,0.092223,0.524422,1.606582,calls/second,milliseconds
1609307660,73,4.267050,0.039978,0.003087,0.071775,0.030275,0.030275,0.034883,0.343410,0.433853,0.744361,0.081111,0.017186,0.203530,1.155903,calls/second,milliseconds
1609307960,78,4.267050,0.027310,0.003087,0.015944,0.038489,0.038489,0.038489,0.038489,0.038489,0.038489,0.065000,0.016681,0.085480,0.832978,calls/second,milliseconds
1609308260,83,4.267050,0.016271,0.003087,0.011724,0.009203,0.030564,0.030564,0.051272,0.051272,0.051272,0.055334,0.016677,0.042052,0.601591,calls/second,milliseconds
1609308352,89,4.267050,0.340521,0.003087,0.364474,0.155582,0.743360,0.901830,0.901830,0.901830,0.901830,0.055915,0.025298,0.036650,0.543471,calls/second,milliseconds
1609308352,89,4.267050,0.340521,0.003087,0.364474,0.155582,0.743360,0.901830,0.901830,0.901830,0.901830,0.055914,0.025298,0.036650,0.543471,calls/second,milliseconds
