t,count,max,mean,min,stddev,p50,p75,p95,p98,p99,p999,mean_rate,m1_rate,m5_rate,m15_rate,rate_unit,duration_unit
1609220206,62,0.579386,0.015738,0.000563,0.068440,0.004962,0.009285,0.029099,0.031105,0.579386,0.579386,0.206652,0.207209,0.431619,0.632849,calls/second,milliseconds
1609220235,67,0.579386,0.013891,0.000563,0.055487,0.005750,0.009990,0.030555,0.031105,0.031105,0.579386,0.203354,0.151313,0.400360,0.616613,calls/second,milliseconds
1609220235,67,0.579386,0.013891,0.000563,0.055487,0.005750,0.009990,0.030555,0.031105,0.031105,0.579386,0.203350,0.151313,0.400360,0.616613,calls/second,milliseconds
