t,count,max,mean,min,stddev,p50,p75,p95,p98,p99,p999,mean_rate,m1_rate,m5_rate,m15_rate,rate_unit,duration_unit
1617628380,24,5.042612,0.627027,0.006380,0.475588,0.782839,0.834501,1.271761,1.271761,1.271761,5.042612,0.080003,0.101263,1.165760,2.182934,calls/second,milliseconds
1617628669,71,5.042612,0.581410,0.002621,0.577424,0.410263,1.055098,1.563565,1.563565,1.563565,1.857799,0.120407,0.030829,0.511399,1.618745,calls/second,milliseconds
1617628669,71,5.042612,0.581410,0.002621,0.577424,0.410263,1.055098,1.563565,1.563565,1.563565,1.857799,0.120405,0.030829,0.511399,1.618745,calls/second,milliseconds
