t,count,max,mean,min,stddev,p50,p75,p95,p98,p99,p999,mean_rate,m1_rate,m5_rate,m15_rate,rate_unit,duration_unit
1617613198,19,3.832409,0.158746,0.005711,0.535410,0.025511,0.025511,0.733436,2.512124,3.832409,3.832409,0.063307,0.032763,1.130687,2.165374,calls/second,milliseconds
1617613498,67,3.832409,0.551632,0.002557,0.622332,0.262063,0.986325,1.909189,2.012759,2.113562,2.386363,0.111671,0.165206,0.533958,1.607252,calls/second,milliseconds
1617613647,74,3.832409,0.723665,0.002557,0.835023,0.152940,1.525411,2.142082,2.142082,2.142082,2.386363,0.098687,0.032282,0.331689,1.363572,calls/second,milliseconds
1617613647,74,3.832409,0.723665,0.002557,0.835023,0.152940,1.525411,2.142082,2.142082,2.142082,2.386363,0.098685,0.032282,0.331689,1.363572,calls/second,milliseconds
