t,count,max,mean,min,stddev,p50,p75,p95,p98,p99,p999,mean_rate,m1_rate,m5_rate,m15_rate,rate_unit,duration_unit
1617666264,46,8.447711,0.352805,0.022586,0.647506,0.228566,0.317507,0.829818,1.365624,1.365624,8.447711,0.153273,0.320706,1.212763,2.194468,calls/second,milliseconds
1617666357,68,8.447711,0.360924,0.022586,0.555794,0.228884,0.328847,1.913223,1.913223,1.913223,8.447711,0.172891,0.162547,0.945213,2.004036,calls/second,milliseconds
1617666357,68,8.447711,0.360924,0.022586,0.555794,0.228884,0.328847,1.913223,1.913223,1.913223,8.447711,0.172887,0.162547,0.945213,2.004036,calls/second,milliseconds
