t,count,max,mean,min,stddev,p50,p75,p95,p98,p99,p999,mean_rate,m1_rate,m5_rate,m15_rate,rate_unit,duration_unit
1609417072,66,4.434196,0.664975,0.012522,0.961191,0.145736,0.614875,3.191455,3.191455,3.191455,4.434196,0.278958,0.167778,0.500825,0.675799,calls/second,milliseconds
1609417072,66,4.434196,0.664975,0.012522,0.961191,0.145736,0.614875,3.191455,3.191455,3.191455,4.434196,0.278939,0.167778,0.500825,0.675799,calls/second,milliseconds
