t,count,max,mean,min,stddev,p50,p75,p95,p98,p99,p999,mean_rate,m1_rate,m5_rate,m15_rate,rate_unit,duration_unit
1607892494,19,4.440865,1.882179,0.020520,1.016880,2.066159,2.066159,4.440865,4.440865,4.440865,4.440865,0.063310,0.028678,0.323502,0.589375,calls/second,milliseconds
1607892794,73,4.440865,0.312116,0.008623,0.424960,0.239283,0.359509,1.094318,1.577849,2.959431,2.959431,0.121646,0.168345,0.241496,0.474919,calls/second,milliseconds
1607893094,78,4.440865,1.090574,0.008623,0.518178,1.164768,1.164768,1.922874,2.556395,2.556395,2.959431,0.086657,0.022404,0.099991,0.345111,calls/second,milliseconds
1607893192,83,4.440865,0.693155,0.008623,0.626174,0.573453,1.467944,1.602833,1.602833,1.602833,2.556395,0.083101,0.012153,0.075696,0.311593,calls/second,milliseconds
1607893192,83,4.440865,0.693155,0.008623,0.626174,0.573453,1.467944,1.602833,1.602833,1.602833,2.556395,0.083099,0.012153,0.075696,0.311593,calls/second,milliseconds
