t,count,max,mean,min,stddev,p50,p75,p95,p98,p99,p999,mean_rate,m1_rate,m5_rate,m15_rate,rate_unit,duration_unit
1609288822,54,1.074307,0.026475,0.001162,0.087837,0.008471,0.016691,0.080640,0.272975,0.272975,1.074307,0.179989,0.415405,0.430380,0.627131,calls/second,milliseconds
1609289122,67,1.074307,0.059863,0.001162,0.043442,0.066880,0.066880,0.084236,0.117354,0.117354,0.272975,0.111650,0.023571,0.179693,0.460643,calls/second,milliseconds
1609289422,72,1.074307,0.036822,0.001162,0.021303,0.021561,0.049222,0.084095,0.084095,0.084095,0.084236,0.079998,0.019728,0.077071,0.334855,calls/second,milliseconds
1609289614,79,1.074307,0.016470,0.001162,0.015655,0.008672,0.015912,0.059638,0.066631,0.066631,0.084095,0.072331,0.016678,0.048481,0.274155,calls/second,milliseconds
1609289614,79,1.074307,0.016470,0.001162,0.015655,0.008672,0.015912,0.059638,0.066631,0.066631,0.084095,0.072330,0.016678,0.048481,0.274155,calls/second,milliseconds
