t,count,max,mean,min,stddev,p50,p75,p95,p98,p99,p999,mean_rate,m1_rate,m5_rate,m15_rate,rate_unit,duration_unit
1609291842,32,0.478376,0.041693,0.002301,0.105638,0.015539,0.021563,0.478376,0.478376,0.478376,0.478376,0.106658,0.203829,0.364975,0.603608,calls/second,milliseconds
1609292142,67,0.478376,0.082079,0.001111,0.060934,0.083207,0.141615,0.141615,0.141615,0.141615,0.478376,0.111663,0.028207,0.185840,0.461959,calls/second,milliseconds
1609292442,72,0.478376,0.066073,0.001111,0.030441,0.088598,0.088598,0.088598,0.088598,0.088598,0.141615,0.079998,0.021460,0.079516,0.335825,calls/second,milliseconds
1609292450,76,0.478376,0.024383,0.001111,0.027933,0.010507,0.020624,0.088598,0.088598,0.088598,0.141615,0.083697,0.019744,0.078202,0.333964,calls/second,milliseconds
1609292450,76,0.478376,0.024383,0.001111,0.027933,0.010507,0.020624,0.088598,0.088598,0.088598,0.141615,0.083696,0.019744,0.078202,0.333964,calls/second,milliseconds
