t,count,max,mean,min,stddev,p50,p75,p95,p98,p99,p999,mean_rate,m1_rate,m5_rate,m15_rate,rate_unit,duration_unit
1609310831,19,4.659360,0.545146,0.007804,0.527047,0.513806,0.564341,0.962478,0.962478,4.659360,4.659360,0.063319,0.031900,1.130547,2.165352,calls/second,milliseconds
1609311131,67,4.659360,0.197922,0.007804,0.170847,0.154457,0.221723,0.594911,0.609854,0.609854,0.712139,0.111655,0.131186,0.522684,1.598018,calls/second,milliseconds
1609311431,72,4.659360,0.764869,0.007804,0.353014,0.726008,0.726008,1.335563,1.335563,1.335563,1.335563,0.079994,0.010931,0.201881,1.149612,calls/second,milliseconds
1609311731,77,4.659360,0.604067,0.007804,0.049597,0.600857,0.612104,0.633289,0.633289,0.633289,1.335563,0.064163,0.010121,0.083865,0.828314,calls/second,milliseconds
1609312031,82,4.659360,0.581084,0.007804,0.055841,0.615088,0.615088,0.615088,0.615088,0.674868,0.674868,0.054664,0.010115,0.040449,0.598095,calls/second,milliseconds
1609312331,87,4.659360,0.602623,0.007804,0.083478,0.599006,0.599006,0.807847,0.807847,0.807847,0.807847,0.048332,0.010115,0.024477,0.433135,calls/second,milliseconds
1609312485,100,4.659360,0.239801,0.007804,0.222932,0.173920,0.474264,0.596545,0.868454,0.868454,0.868454,0.051182,0.027049,0.035132,0.375402,calls/second,milliseconds
1609312485,100,4.659360,0.239801,0.007804,0.222932,0.173920,0.474264,0.596545,0.868454,0.868454,0.868454,0.051182,0.027049,0.035132,0.375402,calls/second,milliseconds
