t,count,max,mean,min,stddev,p50,p75,p95,p98,p99,p999,mean_rate,m1_rate,m5_rate,m15_rate,rate_unit,duration_unit
1608503659,62,8.469264,0.222771,0.008783,1.051378,0.058576,0.089719,0.292462,0.900634,8.469264,8.469264,2.923374,1.472497,0.938891,0.846543,calls/second,milliseconds
1608503659,62,8.469264,0.222771,0.008783,1.051378,0.058576,0.089719,0.292462,0.900634,8.469264,8.469264,2.922683,1.472497,0.938891,0.846543,calls/second,milliseconds
