t,count,max,mean,min,stddev,p50,p75,p95,p98,p99,p999,mean_rate,m1_rate,m5_rate,m15_rate,rate_unit,duration_unit
1617679340,17,21.087553,1.561738,0.005014,3.110698,0.133829,0.832655,10.642764,10.642764,10.642764,21.087553,0.056662,0.140977,0.410763,0.733475,calls/second,milliseconds
1617679437,28,21.087553,2.081909,0.003680,3.708493,0.140712,2.298760,12.525438,12.525438,12.525438,12.525438,0.070452,0.077079,0.325239,0.670222,calls/second,milliseconds
1617679437,28,21.087553,2.081909,0.003680,3.708493,0.140712,2.298760,12.525438,12.525438,12.525438,12.525438,0.070272,0.077079,0.325239,0.670222,calls/second,milliseconds
