t,count,max,mean,min,stddev,p50,p75,p95,p98,p99,p999,mean_rate,m1_rate,m5_rate,m15_rate,rate_unit,duration_unit
1609417275,64,10.614196,0.426567,0.030446,0.684618,0.232388,0.405716,1.302800,1.899419,2.203734,10.614196,0.321906,0.394291,1.714049,2.475662,calls/second,milliseconds
1609417275,64,10.614196,0.426567,0.030446,0.684618,0.232388,0.405716,1.302800,1.899419,2.203734,10.614196,0.321879,0.394291,1.714049,2.475662,calls/second,milliseconds
