t,count,max,mean,min,stddev,p50,p75,p95,p98,p99,p999,mean_rate,m1_rate,m5_rate,m15_rate,rate_unit,duration_unit
1609994804,65,3.585119,0.431916,0.002830,0.691610,0.198250,0.484772,1.655671,3.585119,3.585119,3.585119,0.384263,0.663583,1.897573,2.560678,calls/second,milliseconds
1609994804,65,3.585119,0.431916,0.002830,0.691610,0.198250,0.484772,1.655671,3.585119,3.585119,3.585119,0.383684,0.663583,1.897573,2.560678,calls/second,milliseconds
