t,count,max,mean,min,stddev,p50,p75,p95,p98,p99,p999,mean_rate,m1_rate,m5_rate,m15_rate,rate_unit,duration_unit
1617615521,5,32.980713,6.618620,0.010713,13.181056,0.024960,0.057143,32.980713,32.980713,32.980713,32.980713,0.016665,0.007324,0.374062,0.720523,calls/second,milliseconds
1617615821,27,32.980713,2.058014,0.010713,3.735662,0.206290,0.678054,10.650885,10.650885,12.176454,12.176454,0.044998,0.057420,0.186380,0.537566,calls/second,milliseconds
1617615947,28,32.980713,1.948841,0.010713,2.297007,1.882617,1.882617,8.863950,10.650885,10.650885,12.176454,0.038555,0.007150,0.122870,0.467857,calls/second,milliseconds
1617615947,28,32.980713,1.948841,0.010713,2.297007,1.882617,1.882617,8.863950,10.650885,10.650885,12.176454,0.038554,0.007150,0.122870,0.467857,calls/second,milliseconds
