t,count,max,mean,min,stddev,p50,p75,p95,p98,p99,p999,mean_rate,m1_rate,m5_rate,m15_rate,rate_unit,duration_unit
1617578589,24,0.483148,0.106303,0.001263,0.168214,0.019866,0.114330,0.483148,0.483148,0.483148,0.483148,0.079991,0.095206,1.146411,2.170822,calls/second,milliseconds
1617578878,71,0.483148,0.033433,0.001263,0.041725,0.011340,0.073927,0.094894,0.094894,0.094894,0.483148,0.120487,0.026836,0.510082,1.618514,calls/second,milliseconds
1617578878,71,0.483148,0.033433,0.001263,0.041725,0.011340,0.073927,0.094894,0.094894,0.094894,0.483148,0.120486,0.026836,0.510082,1.618514,calls/second,milliseconds
