t,count,max,mean,min,stddev,p50,p75,p95,p98,p99,p999,mean_rate,m1_rate,m5_rate,m15_rate,rate_unit,duration_unit
1614113244,62,68.309442,2.898909,0.026162,9.607933,0.336879,0.817494,9.928108,34.219626,68.309442,68.309442,15.611399,0.000000,0.000000,0.000000,calls/second,milliseconds
1614113244,62,68.309442,2.898909,0.026162,9.607933,0.336879,0.817494,9.928108,34.219626,68.309442,68.309442,15.528795,0.000000,0.000000,0.000000,calls/second,milliseconds
