t,count,max,mean,min,stddev,p50,p75,p95,p98,p99,p999,mean_rate,m1_rate,m5_rate,m15_rate,rate_unit,duration_unit
1609431293,19,3.540888,0.149208,0.005860,0.335069,0.112387,0.112387,0.381506,0.706745,0.763222,3.540888,0.063337,0.041674,1.150441,2.177545,calls/second,milliseconds
1609431593,67,4.752901,0.462877,0.005860,0.602583,0.252058,0.575759,1.304836,1.793491,1.793491,4.752901,0.111641,0.132615,0.522977,1.598108,calls/second,milliseconds
1609431770,74,4.752901,0.512855,0.005860,0.494899,0.142740,1.017382,1.197506,1.197506,1.197506,4.752901,0.095328,0.072374,0.309454,1.322079,calls/second,milliseconds
1609431770,74,4.752901,0.512855,0.005860,0.494899,0.142740,1.017382,1.197506,1.197506,1.197506,4.752901,0.095327,0.072374,0.309454,1.322079,calls/second,milliseconds
