t,count,max,mean,min,stddev,p50,p75,p95,p98,p99,p999,mean_rate,m1_rate,m5_rate,m15_rate,rate_unit,duration_unit
1617665734,24,4.960822,0.732239,0.005200,0.880872,0.608009,0.650016,2.759575,2.759575,2.759575,4.960822,0.080006,0.080186,1.157759,2.179859,calls/second,milliseconds
1617665890,68,4.960822,0.421713,0.004609,0.511996,0.343849,0.608009,1.149364,2.759575,2.899631,2.899631,0.149038,0.172783,0.787538,1.870259,calls/second,milliseconds
1617665890,68,4.960822,0.421713,0.004609,0.511996,0.343849,0.608009,1.149364,2.759575,2.899631,2.899631,0.149036,0.172783,0.787538,1.870259,calls/second,milliseconds
