t,count,max,mean,min,stddev,p50,p75,p95,p98,p99,p999,mean_rate,m1_rate,m5_rate,m15_rate,rate_unit,duration_unit
1608509635,19,3.401592,0.948133,0.032400,0.438879,1.207796,1.207796,1.207796,1.207796,3.401592,3.401592,0.063317,0.035829,1.131123,2.165437,calls/second,milliseconds
1608509793,70,3.401592,0.197890,0.024639,0.193751,0.133369,0.199115,0.724540,0.724540,0.724540,1.207796,0.152703,0.197679,0.791244,1.870116,calls/second,milliseconds
1608509793,70,3.401592,0.197890,0.024639,0.193751,0.133369,0.199115,0.724540,0.724540,0.724540,1.207796,0.152701,0.197679,0.791244,1.870116,calls/second,milliseconds
