t,count,max,mean,min,stddev,p50,p75,p95,p98,p99,p999,mean_rate,m1_rate,m5_rate,m15_rate,rate_unit,duration_unit
1607877016,63,0.150567,0.002948,0.000140,0.006906,0.001472,0.003966,0.010422,0.016383,0.016383,0.150567,0.209983,0.089210,0.414075,0.631027,calls/second,milliseconds
1607877316,68,0.150567,0.029763,0.000140,0.023725,0.050995,0.050995,0.050995,0.050995,0.050995,0.050995,0.113329,0.012470,0.162252,0.456783,calls/second,milliseconds
1607877363,73,0.150567,0.009197,0.000140,0.009836,0.008910,0.010100,0.010477,0.050995,0.050995,0.050995,0.112774,0.015590,0.142642,0.435577,calls/second,milliseconds
1607877363,73,0.150567,0.009197,0.000140,0.009836,0.008910,0.010100,0.010477,0.050995,0.050995,0.050995,0.112772,0.015590,0.142642,0.435577,calls/second,milliseconds
