t,count,max,mean,min,stddev,p50,p75,p95,p98,p99,p999,mean_rate,m1_rate,m5_rate,m15_rate,rate_unit,duration_unit
1610010270,19,0.319823,0.136929,0.001047,0.100273,0.115390,0.125882,0.319823,0.319823,0.319823,0.319823,0.063328,0.031900,1.130547,2.165352,calls/second,milliseconds
1610010570,68,0.319823,0.012326,0.001047,0.011176,0.008451,0.015352,0.039528,0.041387,0.041387,0.122750,0.113329,0.341282,0.546260,1.601843,calls/second,milliseconds
1610010750,75,0.319823,0.022896,0.001047,0.025917,0.013816,0.024953,0.102086,0.102086,0.102086,0.102086,0.096111,0.074576,0.316561,1.317732,calls/second,milliseconds
1610010750,75,0.319823,0.022896,0.001047,0.025917,0.013816,0.024953,0.102086,0.102086,0.102086,0.102086,0.096110,0.074576,0.316561,1.317732,calls/second,milliseconds
