t,count,max,mean,min,stddev,p50,p75,p95,p98,p99,p999,mean_rate,m1_rate,m5_rate,m15_rate,rate_unit,duration_unit
1617638718,32,4.140706,0.254964,0.020298,0.297573,0.192277,0.322229,0.956302,0.956302,0.956302,1.269864,0.106623,0.218142,1.172597,2.179656,calls/second,milliseconds
1617638988,71,4.140706,0.520774,0.020298,0.655268,0.328673,0.364173,1.543967,1.543967,3.395130,3.395130,0.124542,0.081801,0.545286,1.648868,calls/second,milliseconds
1617638988,71,4.140706,0.520774,0.020298,0.655268,0.328673,0.364173,1.543967,1.543967,3.395130,3.395130,0.124540,0.081801,0.545286,1.648868,calls/second,milliseconds
