t,count,max,mean,min,stddev,p50,p75,p95,p98,p99,p999,mean_rate,m1_rate,m5_rate,m15_rate,rate_unit,duration_unit
1617575178,19,2.361577,0.171750,0.010148,0.231164,0.119120,0.171793,0.275079,0.732481,0.947066,2.361577,0.063337,0.041674,1.150441,2.177545,calls/second,milliseconds
1617575478,67,3.216771,0.399490,0.008949,0.470854,0.197853,0.517045,1.255408,1.633837,2.867169,3.216771,0.111671,0.075142,0.518035,1.604961,calls/second,milliseconds
1617575514,72,3.216771,0.553642,0.008949,0.559805,0.327379,0.551694,1.797674,1.797674,1.797674,3.216771,0.113182,0.054570,0.456676,1.536300,calls/second,milliseconds
1617575514,72,3.216771,0.553642,0.008949,0.559805,0.327379,0.551694,1.797674,1.797674,1.797674,3.216771,0.113181,0.054570,0.456676,1.536300,calls/second,milliseconds
