t,count,max,mean,min,stddev,p50,p75,p95,p98,p99,p999,mean_rate,m1_rate,m5_rate,m15_rate,rate_unit,duration_unit
1609802193,6,23.470432,2.030563,0.002880,2.675705,1.813983,1.813983,1.813983,1.813983,23.470432,23.470432,0.019999,0.016808,0.009915,0.005190,calls/second,milliseconds
1609802493,27,23.470432,2.368630,0.002880,4.460199,0.231465,0.663763,12.946456,12.946456,12.946456,12.946456,0.044999,0.007323,0.035364,0.021624,calls/second,milliseconds
1609802605,28,23.470432,2.664019,0.002880,1.460067,2.699278,2.699278,2.699278,10.169155,10.649356,12.946456,0.039329,0.001171,0.024508,0.019136,calls/second,milliseconds
1609802605,28,23.470432,2.664019,0.002880,1.460067,2.699278,2.699278,2.699278,10.169155,10.649356,12.946456,0.039328,0.001171,0.024508,0.019136,calls/second,milliseconds
