t,count,max,mean,min,stddev,p50,p75,p95,p98,p99,p999,mean_rate,m1_rate,m5_rate,m15_rate,rate_unit,duration_unit
1617655243,19,12.146809,2.245824,0.013582,1.958471,1.840197,1.840197,7.480112,7.480112,7.480112,12.146809,0.063299,0.042992,1.131899,2.165546,calls/second,milliseconds
1617655482,70,12.146809,0.756431,0.013582,1.116310,0.263299,0.722776,4.084284,4.084284,4.084284,4.084284,0.129912,0.112952,0.619549,1.713131,calls/second,milliseconds
1617655482,70,12.146809,0.756431,0.013582,1.116310,0.263299,0.722776,4.084284,4.084284,4.084284,4.084284,0.129910,0.112952,0.619549,1.713131,calls/second,milliseconds
