t,count,max,mean,min,stddev,p50,p75,p95,p98,p99,p999,mean_rate,m1_rate,m5_rate,m15_rate,rate_unit,duration_unit
1617675085,32,0.139113,0.026173,0.002122,0.024274,0.016486,0.041153,0.073500,0.073500,0.088886,0.088886,0.106655,0.224694,1.173605,2.179805,calls/second,milliseconds
1617675219,68,0.980655,0.090639,0.001548,0.248471,0.011915,0.016920,0.980655,0.980655,0.980655,0.980655,0.156523,0.157894,0.840736,1.918892,calls/second,milliseconds
1617675220,68,0.980655,0.090639,0.001548,0.248471,0.011915,0.016920,0.980655,0.980655,0.980655,0.980655,0.156521,0.157894,0.840736,1.918892,calls/second,milliseconds
