t,count,max,mean,min,stddev,p50,p75,p95,p98,p99,p999,mean_rate,m1_rate,m5_rate,m15_rate,rate_unit,duration_unit
1608508655,24,5.854305,0.303611,0.019140,0.349864,0.274792,0.307056,0.715105,0.735470,0.904805,5.854305,0.079975,0.102550,1.147154,2.170926,calls/second,milliseconds
1608508771,69,5.854305,0.188335,0.018572,0.204073,0.141152,0.196694,0.628352,0.869933,0.869933,0.869933,0.166150,0.262273,0.897637,1.955658,calls/second,milliseconds
1608508771,69,5.854305,0.188335,0.018572,0.204073,0.141152,0.196694,0.628352,0.869933,0.869933,0.869933,0.166147,0.262273,0.897637,1.955658,calls/second,milliseconds
