t,count,max,mean,min,stddev,p50,p75,p95,p98,p99,p999,mean_rate,m1_rate,m5_rate,m15_rate,rate_unit,duration_unit
1607883282,62,0.091587,0.010718,0.000653,0.015115,0.004516,0.010121,0.054953,0.063858,0.063858,0.063858,0.206640,0.298243,0.440312,0.633965,calls/second,milliseconds
1607883416,68,0.091587,0.014760,0.000653,0.014150,0.008000,0.021246,0.046203,0.054953,0.054953,0.063858,0.156695,0.049840,0.291098,0.550796,calls/second,milliseconds
1607883416,68,0.091587,0.014760,0.000653,0.014150,0.008000,0.021246,0.046203,0.054953,0.054953,0.063858,0.156690,0.049840,0.291098,0.550796,calls/second,milliseconds
