t,count,max,mean,min,stddev,p50,p75,p95,p98,p99,p999,mean_rate,m1_rate,m5_rate,m15_rate,rate_unit,duration_unit
1608152726,19,0.439556,0.013372,0.000827,0.043937,0.011339,0.011339,0.012324,0.017237,0.439556,0.439556,0.063328,0.026998,0.323342,0.589353,calls/second,milliseconds
1608153026,68,0.439556,0.011876,0.000133,0.022707,0.005644,0.011180,0.045318,0.063160,0.063160,0.225463,0.113329,0.084147,0.217975,0.468264,calls/second,milliseconds
1608153311,77,0.439556,0.016674,0.000133,0.021657,0.005495,0.011742,0.062969,0.062969,0.062969,0.062969,0.087006,0.010721,0.094077,0.346848,calls/second,milliseconds
1608153311,77,0.439556,0.016674,0.000133,0.021657,0.005495,0.011742,0.062969,0.062969,0.062969,0.062969,0.087005,0.089820,0.109050,0.350467,calls/second,milliseconds
