t,count,max,mean,min,stddev,p50,p75,p95,p98,p99,p999,mean_rate,m1_rate,m5_rate,m15_rate,rate_unit,duration_unit
1609415847,66,11.263630,0.242524,0.005648,1.066735,0.087747,0.142811,0.714682,0.999919,0.999919,11.263630,0.514361,0.384785,0.686088,0.759319,calls/second,milliseconds
1609415847,66,11.263630,0.242524,0.005648,1.066735,0.087747,0.142811,0.714682,0.999919,0.999919,11.263630,0.514270,0.384785,0.686088,0.759319,calls/second,milliseconds
