t,count,max,mean,min,stddev,p50,p75,p95,p98,p99,p999,mean_rate,m1_rate,m5_rate,m15_rate,rate_unit,duration_unit
1607879196,28,25.328073,1.860868,0.002990,3.147129,0.237695,2.457224,6.659250,8.203556,25.328073,25.328073,0.111707,0.027193,0.050739,0.024763,calls/second,milliseconds
1607879196,28,25.328073,1.860868,0.002990,3.147129,0.237695,2.457224,6.659250,8.203556,25.328073,25.328073,0.111700,0.027193,0.050739,0.024763,calls/second,milliseconds
