t,count,max,mean,min,stddev,p50,p75,p95,p98,p99,p999,mean_rate,m1_rate,m5_rate,m15_rate,rate_unit,duration_unit
1617674103,32,8.791478,0.317447,0.016466,0.370432,0.295166,0.389945,0.708036,1.086818,1.086818,8.791478,0.106620,0.181779,1.171144,2.179506,calls/second,milliseconds
1617674225,68,8.791478,0.382204,0.009277,0.512672,0.190290,0.326473,1.451571,1.451571,2.935315,2.935315,0.161063,0.145036,0.863466,1.939520,calls/second,milliseconds
1617674225,68,8.791478,0.382204,0.009277,0.512672,0.190290,0.326473,1.451571,1.451571,2.935315,2.935315,0.161059,0.145036,0.863466,1.939520,calls/second,milliseconds
