t,count,max,mean,min,stddev,p50,p75,p95,p98,p99,p999,mean_rate,m1_rate,m5_rate,m15_rate,rate_unit,duration_unit
1609403784,44,0.078026,0.007069,0.000143,0.014018,0.002084,0.006330,0.032626,0.078026,0.078026,0.078026,0.146653,0.348493,0.401984,0.616585,calls/second,milliseconds
1609404084,68,0.078026,0.005946,0.000143,0.005751,0.005306,0.008360,0.009540,0.010680,0.031054,0.078026,0.113328,0.021959,0.183442,0.462014,calls/second,milliseconds
1609404384,73,0.078026,0.016428,0.000143,0.016294,0.003998,0.036766,0.036766,0.050336,0.050336,0.050336,0.081109,0.016713,0.078090,0.335784,calls/second,milliseconds
1609404646,81,0.078026,0.006143,0.000143,0.003082,0.004762,0.010346,0.010373,0.011774,0.012886,0.036766,0.069718,0.011950,0.041469,0.255360,calls/second,milliseconds
1609404646,81,0.078026,0.006143,0.000143,0.003082,0.004762,0.010346,0.010373,0.011774,0.012886,0.036766,0.069717,0.011950,0.041469,0.255360,calls/second,milliseconds
