t,count,max,mean,min,stddev,p50,p75,p95,p98,p99,p999,mean_rate,m1_rate,m5_rate,m15_rate,rate_unit,duration_unit
1617632078,32,4.983105,0.781522,0.005516,1.301692,0.211509,0.487155,4.983105,4.983105,4.983105,4.983105,0.106675,0.191112,1.190668,2.191637,calls/second,milliseconds
1617632320,70,4.983105,0.601210,0.005516,0.713471,0.159849,0.946105,1.807644,1.807644,1.899461,4.983105,0.128997,0.037639,0.585509,1.699700,calls/second,milliseconds
1617632320,70,4.983105,0.601210,0.005516,0.713471,0.159849,0.946105,1.807644,1.807644,1.899461,4.983105,0.128995,0.037639,0.585509,1.699700,calls/second,milliseconds
