t,count,max,mean,min,stddev,p50,p75,p95,p98,p99,p999,mean_rate,m1_rate,m5_rate,m15_rate,rate_unit,duration_unit
1608510700,19,3.117455,0.685335,0.016523,0.362445,0.758179,0.758179,0.842341,0.929307,3.117455,3.117455,0.063319,0.032763,1.130687,2.165374,calls/second,milliseconds
1608510902,71,3.117455,0.228759,0.016523,0.195838,0.170990,0.295451,0.728666,0.728666,0.728666,0.758179,0.141682,0.168942,0.694632,1.781478,calls/second,milliseconds
1608510902,71,3.117455,0.228759,0.016523,0.195838,0.170990,0.295451,0.728666,0.728666,0.728666,0.758179,0.141680,0.168942,0.694632,1.781478,calls/second,milliseconds
