t,count,max,mean,min,stddev,p50,p75,p95,p98,p99,p999,mean_rate,m1_rate,m5_rate,m15_rate,rate_unit,duration_unit
1610011063,19,7.052017,0.886929,0.018650,0.845974,0.978284,0.987616,0.987616,0.987616,7.052017,7.052017,0.063311,0.018306,0.322050,0.589152,calls/second,milliseconds
1610011363,60,7.052017,0.334028,0.018650,0.263727,0.307119,0.453856,0.893648,0.893648,1.268441,1.268441,0.099984,0.287332,0.228218,0.464328,calls/second,milliseconds
1610011663,73,7.052017,1.685078,0.014227,1.133054,1.201155,2.641716,3.537434,3.537434,3.537434,3.537434,0.081102,0.013963,0.103942,0.343771,calls/second,milliseconds
1610011887,81,7.052017,0.518183,0.014227,0.462628,0.343611,0.944870,1.250274,1.250274,1.250274,2.641716,0.072054,0.015420,0.059011,0.273110,calls/second,milliseconds
1610011887,81,7.052017,0.518183,0.014227,0.462628,0.343611,0.944870,1.250274,1.250274,1.250274,2.641716,0.072053,0.015420,0.059011,0.273110,calls/second,milliseconds
