t,count,max,mean,min,stddev,p50,p75,p95,p98,p99,p999,mean_rate,m1_rate,m5_rate,m15_rate,rate_unit,duration_unit
1609419451,63,5.651710,0.479971,0.019034,0.648755,0.200563,0.407288,2.197429,2.340786,2.340786,2.340786,0.209941,0.297823,0.442693,0.634981,calls/second,milliseconds
1609419605,69,5.651710,0.682847,0.019034,0.785075,0.305130,1.643763,2.291477,2.291477,2.340786,2.340786,0.151963,0.036653,0.273857,0.539562,calls/second,milliseconds
1609419605,69,5.651710,0.682847,0.019034,0.785075,0.305130,1.643763,2.291477,2.291477,2.340786,2.340786,0.151960,0.036653,0.273857,0.539562,calls/second,milliseconds
