t,count,max,mean,min,stddev,p50,p75,p95,p98,p99,p999,mean_rate,m1_rate,m5_rate,m15_rate,rate_unit,duration_unit
1607881064,65,2.713202,0.386751,0.006314,0.475411,0.189130,0.526262,1.206081,1.986451,2.494474,2.713202,0.327781,0.424922,1.719055,2.476993,calls/second,milliseconds
1607881064,65,2.713202,0.386751,0.006314,0.475411,0.189130,0.526262,1.206081,1.986451,2.494474,2.713202,0.327760,0.424922,1.719055,2.476993,calls/second,milliseconds
