t,count,max,mean,min,stddev,p50,p75,p95,p98,p99,p999,mean_rate,m1_rate,m5_rate,m15_rate,rate_unit,duration_unit
1607884601,22,31.034169,1.794206,0.005780,3.284074,0.030933,2.656235,9.444119,9.444119,9.444119,9.444119,0.073328,0.196596,0.425845,0.738843,calls/second,milliseconds
1607884712,28,31.034169,2.084693,0.005780,2.969998,0.250486,2.939688,8.721394,9.444119,9.444119,9.444119,0.068143,0.047846,0.307170,0.658825,calls/second,milliseconds
1607884712,28,31.034169,2.084693,0.005780,2.969998,0.250486,2.939688,8.721394,9.444119,9.444119,9.444119,0.068141,0.047846,0.307170,0.658825,calls/second,milliseconds
