t,count,max,mean,min,stddev,p50,p75,p95,p98,p99,p999,mean_rate,m1_rate,m5_rate,m15_rate,rate_unit,duration_unit
1617670007,44,0.236348,0.006428,0.000137,0.012391,0.002620,0.004193,0.038211,0.038211,0.048930,0.059736,0.146652,0.313017,1.207655,2.192435,calls/second,milliseconds
1617670105,68,0.236348,0.009794,0.000137,0.021599,0.002557,0.005560,0.091833,0.091833,0.091833,0.091833,0.170621,0.168852,0.932267,1.993307,calls/second,milliseconds
1617670105,68,0.236348,0.009794,0.000137,0.021599,0.002557,0.005560,0.091833,0.091833,0.091833,0.091833,0.170619,0.168852,0.932267,1.993307,calls/second,milliseconds
