t,count,max,mean,min,stddev,p50,p75,p95,p98,p99,p999,mean_rate,m1_rate,m5_rate,m15_rate,rate_unit,duration_unit
1617618537,19,4.868804,1.176801,0.015997,0.928302,1.924534,1.924534,1.924534,1.924534,4.868804,4.868804,0.063336,0.038943,1.150133,2.177501,calls/second,milliseconds
1617618837,67,4.868804,0.570723,0.007808,0.659934,0.273677,0.949212,2.276999,2.473056,2.473056,2.473056,0.111668,0.131516,0.529664,1.606690,calls/second,milliseconds
1617618963,73,4.868804,0.433782,0.007808,0.445427,0.170834,0.639162,0.997535,1.359358,2.276999,2.473056,0.100632,0.026297,0.348666,1.392646,calls/second,milliseconds
1617618963,73,4.868804,0.433782,0.007808,0.445427,0.170834,0.639162,0.997535,1.359358,2.276999,2.473056,0.100630,0.026297,0.348666,1.392646,calls/second,milliseconds
