t,count,max,mean,min,stddev,p50,p75,p95,p98,p99,p999,mean_rate,m1_rate,m5_rate,m15_rate,rate_unit,duration_unit
1608507324,62,1.803948,0.194906,0.016725,0.151577,0.165680,0.200778,0.542244,0.675478,0.675478,0.972470,0.206625,0.507394,0.453881,0.635594,calls/second,milliseconds
1608507452,69,1.803948,0.261693,0.016725,0.239865,0.170950,0.300774,0.741283,0.918472,0.918472,0.918472,0.161373,0.087216,0.307445,0.556287,calls/second,milliseconds
1608507452,69,1.803948,0.261693,0.016725,0.239865,0.170950,0.300774,0.741283,0.918472,0.918472,0.918472,0.161370,0.087216,0.307445,0.556287,calls/second,milliseconds
