t,count,max,mean,min,stddev,p50,p75,p95,p98,p99,p999,mean_rate,m1_rate,m5_rate,m15_rate,rate_unit,duration_unit
1618761094,27,35.452487,2.559148,0.004903,4.556312,0.285744,1.786193,14.728771,14.728771,14.728771,35.452487,0.089991,0.119285,0.064699,0.026683,calls/second,milliseconds
1618761192,28,35.452487,2.409008,0.004903,3.672385,2.133049,2.133049,11.169864,14.728771,14.728771,35.452487,0.070448,0.024488,0.047138,0.024010,calls/second,milliseconds
1618761192,28,35.452487,2.409008,0.004903,3.672385,2.133049,2.133049,11.169864,14.728771,14.728771,35.452487,0.070446,0.024488,0.047138,0.024010,calls/second,milliseconds
