t,count,max,mean,min,stddev,p50,p75,p95,p98,p99,p999,mean_rate,m1_rate,m5_rate,m15_rate,rate_unit,duration_unit
1617632677,32,4.386859,0.624793,0.025149,0.655891,0.510479,0.863165,2.493679,2.493679,2.493679,2.825406,0.106619,0.222871,1.173753,2.179830,calls/second,milliseconds
1617632945,70,4.386859,0.374183,0.021803,0.400542,0.244082,0.448439,1.034175,1.777687,1.912311,2.493679,0.123326,0.033255,0.542871,1.653918,calls/second,milliseconds
1617632945,70,4.386859,0.374183,0.021803,0.400542,0.244082,0.448439,1.034175,1.777687,1.912311,2.493679,0.123323,0.033255,0.542871,1.653918,calls/second,milliseconds
