t,count,max,mean,min,stddev,p50,p75,p95,p98,p99,p999,mean_rate,m1_rate,m5_rate,m15_rate,rate_unit,duration_unit
1609281123,28,202.194088,11.358572,0.011418,36.328188,0.691397,8.414261,30.322198,202.194088,202.194088,202.194088,2.169609,1.271849,1.056197,1.018837,calls/second,milliseconds
1609281123,28,202.194088,11.358572,0.011418,36.328188,0.691397,8.414261,30.322198,202.194088,202.194088,202.194088,2.166990,1.271849,1.056197,1.018837,calls/second,milliseconds
