t,count,max,mean,min,stddev,p50,p75,p95,p98,p99,p999,mean_rate,m1_rate,m5_rate,m15_rate,rate_unit,duration_unit
1617580437,32,5.002645,0.553629,0.031631,0.861028,0.291744,0.364559,1.861080,4.189636,4.189636,4.189636,0.106621,0.198156,1.172356,2.179664,calls/second,milliseconds
1617580619,69,5.002645,0.429098,0.027208,0.588718,0.190863,0.338299,1.720327,1.861080,2.740652,4.189636,0.143300,0.077899,0.713048,1.815998,calls/second,milliseconds
1617580619,69,5.002645,0.429098,0.027208,0.588718,0.190863,0.338299,1.720327,1.861080,2.740652,4.189636,0.143297,0.077899,0.713048,1.815998,calls/second,milliseconds
