t,count,max,mean,min,stddev,p50,p75,p95,p98,p99,p999,mean_rate,m1_rate,m5_rate,m15_rate,rate_unit,duration_unit
1617589628,54,0.800999,0.016336,0.001600,0.025888,0.010009,0.014240,0.055336,0.084356,0.084356,0.170372,0.179986,0.413143,1.236623,2.203005,calls/second,milliseconds
1617589786,69,0.800999,0.054578,0.001600,0.085427,0.010117,0.055336,0.290109,0.290109,0.290109,0.290109,0.150736,0.058456,0.761751,1.865082,calls/second,milliseconds
1617589786,69,0.800999,0.054578,0.001600,0.085427,0.010117,0.055336,0.290109,0.290109,0.290109,0.290109,0.150733,0.058456,0.761751,1.865082,calls/second,milliseconds
