t,count,max,mean,min,stddev,p50,p75,p95,p98,p99,p999,mean_rate,m1_rate,m5_rate,m15_rate,rate_unit,duration_unit
1609281397,66,1.844872,0.274965,0.007182,0.300841,0.143294,0.443405,0.773241,0.920126,0.920126,1.844872,0.524394,0.381581,0.685926,0.759300,calls/second,milliseconds
1609281397,66,1.844872,0.274965,0.007182,0.300841,0.143294,0.443405,0.773241,0.920126,0.920126,1.844872,0.524355,0.381581,0.685926,0.759300,calls/second,milliseconds
