t,count,max,mean,min,stddev,p50,p75,p95,p98,p99,p999,mean_rate,m1_rate,m5_rate,m15_rate,rate_unit,duration_unit
1607880281,64,7.128465,0.509527,0.039560,0.812071,0.290782,0.421849,2.532560,2.955098,2.955098,7.128465,0.521928,0.851596,2.177601,2.688161,calls/second,milliseconds
1607880281,64,7.128465,0.509527,0.039560,0.812071,0.290782,0.421849,2.532560,2.955098,2.955098,7.128465,0.521881,0.851596,2.177601,2.688161,calls/second,milliseconds
