t,count,max,mean,min,stddev,p50,p75,p95,p98,p99,p999,mean_rate,m1_rate,m5_rate,m15_rate,rate_unit,duration_unit
1617102721,19,8.579338,0.114824,0.003124,0.777938,0.014804,0.052885,0.058959,0.058959,4.344143,8.579338,0.063250,0.046805,1.132229,2.165591,calls/second,milliseconds
1617103021,67,8.579338,0.030837,0.003124,0.056273,0.016605,0.050386,0.080785,0.080785,0.080785,0.097286,0.111599,0.067211,0.507167,1.595711,calls/second,milliseconds
1617103035,71,8.579338,0.023363,0.003124,0.040816,0.016605,0.029191,0.080785,0.080785,0.080785,0.097286,0.115569,0.056893,0.490540,1.578079,calls/second,milliseconds
1617103035,71,8.579338,0.023363,0.003124,0.040816,0.016605,0.029191,0.080785,0.080785,0.080785,0.097286,0.115567,0.056893,0.490540,1.578079,calls/second,milliseconds
