t,count,max,mean,min,stddev,p50,p75,p95,p98,p99,p999,mean_rate,m1_rate,m5_rate,m15_rate,rate_unit,duration_unit
1607724229,28,32.838219,2.836314,0.010104,3.467250,3.191929,3.191929,8.779305,12.933368,12.933368,32.838219,0.095062,0.017192,0.421284,0.747592,calls/second,milliseconds
1607724229,28,32.838219,2.836314,0.010104,3.467250,3.191929,3.191929,8.779305,12.933368,12.933368,32.838219,0.095055,0.017192,0.421284,0.747592,calls/second,milliseconds
