t,count,max,mean,min,stddev,p50,p75,p95,p98,p99,p999,mean_rate,m1_rate,m5_rate,m15_rate,rate_unit,duration_unit
1609994630,65,4.320298,0.584799,0.003709,0.799187,0.188460,0.845035,3.120941,3.120941,3.120941,4.320298,0.280081,0.203874,0.510561,0.679088,calls/second,milliseconds
1609994630,65,4.320298,0.584799,0.003709,0.799187,0.188460,0.845035,3.120941,3.120941,3.120941,4.320298,0.280065,0.203874,0.510561,0.679088,calls/second,milliseconds
