t,count,max,mean,min,stddev,p50,p75,p95,p98,p99,p999,mean_rate,m1_rate,m5_rate,m15_rate,rate_unit,duration_unit
1607734200,55,3.821518,0.338071,0.003459,0.533324,0.090639,0.484333,0.982075,3.195083,3.195083,3.195083,0.183344,0.442688,1.260670,2.216425,calls/second,milliseconds
1607734500,68,3.821518,0.148246,0.003459,0.251725,0.086306,0.092066,0.580481,0.903768,1.152048,3.195083,0.113335,0.029217,0.485530,1.599466,calls/second,milliseconds
1607734800,73,3.821518,0.094471,0.003459,0.031984,0.098233,0.098233,0.098233,0.098233,0.098233,0.484333,0.081112,0.025324,0.190144,1.150938,calls/second,milliseconds
1607735100,78,3.821518,0.104030,0.003459,0.079497,0.083870,0.096657,0.096657,0.492766,0.492766,0.492766,0.065001,0.025298,0.081478,0.829553,calls/second,milliseconds
1607735345,86,3.821518,0.582358,0.003459,0.573575,0.270206,1.062362,1.543754,1.543754,1.543754,1.543754,0.059545,0.023275,0.045881,0.635857,calls/second,milliseconds
1607735345,86,3.821518,0.582358,0.003459,0.573575,0.270206,1.062362,1.543754,1.543754,1.543754,1.543754,0.059544,0.023275,0.045881,0.635857,calls/second,milliseconds
