t,count,max,mean,min,stddev,p50,p75,p95,p98,p99,p999,mean_rate,m1_rate,m5_rate,m15_rate,rate_unit,duration_unit
1609417275,64,0.102940,0.013918,0.000633,0.019574,0.006420,0.011663,0.045913,0.080250,0.102940,0.102940,0.322073,0.394291,1.714049,2.475662,calls/second,milliseconds
1609417275,64,0.102940,0.013918,0.000633,0.019574,0.006420,0.011663,0.045913,0.080250,0.102940,0.102940,0.322046,0.394291,1.714049,2.475662,calls/second,milliseconds
