t,count,max,mean,min,stddev,p50,p75,p95,p98,p99,p999,mean_rate,m1_rate,m5_rate,m15_rate,rate_unit,duration_unit
1617674103,32,5.614187,0.633937,0.001374,0.880071,0.260892,1.022054,2.999975,2.999975,2.999975,5.614187,0.106672,0.194549,1.190605,2.191619,calls/second,milliseconds
1617674225,68,5.614187,0.342535,0.000539,0.494589,0.114643,0.459233,1.281081,2.528059,2.528059,2.999975,0.161119,0.143598,0.863230,1.939483,calls/second,milliseconds
1617674225,68,5.614187,0.342535,0.000539,0.494589,0.114643,0.459233,1.281081,2.528059,2.528059,2.999975,0.161115,0.143598,0.863230,1.939483,calls/second,milliseconds
