t,count,max,mean,min,stddev,p50,p75,p95,p98,p99,p999,mean_rate,m1_rate,m5_rate,m15_rate,rate_unit,duration_unit
1609286298,66,2.477334,0.298979,0.002022,0.361786,0.180562,0.433872,0.797812,1.925510,1.925510,1.925510,0.219990,0.282734,1.254522,2.213642,calls/second,milliseconds
1609286598,71,2.477334,0.096955,0.002022,0.222435,0.021047,0.022910,0.700379,0.706307,0.797812,1.925510,0.118332,0.013774,0.471435,1.590776,calls/second,milliseconds
1609286803,79,2.477334,0.623272,0.002022,0.685161,0.174616,1.502864,1.528177,1.528177,1.528177,1.528177,0.098072,0.069447,0.257672,1.274038,calls/second,milliseconds
1609286803,79,2.477334,0.623272,0.002022,0.685161,0.174616,1.502864,1.528177,1.528177,1.528177,1.528177,0.098071,0.069447,0.257672,1.274038,calls/second,milliseconds
