t,count,max,mean,min,stddev,p50,p75,p95,p98,p99,p999,mean_rate,m1_rate,m5_rate,m15_rate,rate_unit,duration_unit
1617674584,32,3.787793,0.746357,0.012208,1.095345,0.230999,0.550296,3.584241,3.584241,3.584241,3.584241,0.106620,0.212425,1.172339,2.179630,calls/second,milliseconds
1617674726,69,5.224473,0.500322,0.011245,0.916512,0.178474,0.536451,2.536119,5.224473,5.224473,5.224473,0.156095,0.142442,0.815255,1.898594,calls/second,milliseconds
1617674726,69,5.224473,0.500322,0.011245,0.916512,0.178474,0.536451,2.536119,5.224473,5.224473,5.224473,0.156092,0.142442,0.815255,1.898594,calls/second,milliseconds
