t,count,max,mean,min,stddev,p50,p75,p95,p98,p99,p999,mean_rate,m1_rate,m5_rate,m15_rate,rate_unit,duration_unit
1617659805,21,1.093818,0.329681,0.002724,0.427508,0.144586,0.201533,1.093818,1.093818,1.093818,1.093818,0.069993,0.066837,1.137976,2.167694,calls/second,milliseconds
1617660002,69,2.091018,0.222814,0.002724,0.578504,0.016602,0.085643,2.091018,2.091018,2.091018,2.091018,0.139039,0.109452,0.691801,1.788077,calls/second,milliseconds
1617660002,69,2.091018,0.222814,0.002724,0.578504,0.016602,0.085643,2.091018,2.091018,2.091018,2.091018,0.139035,0.109452,0.691801,1.788077,calls/second,milliseconds
