t,count,max,mean,min,stddev,p50,p75,p95,p98,p99,p999,mean_rate,m1_rate,m5_rate,m15_rate,rate_unit,duration_unit
1609422680,24,2.676109,0.359431,0.014310,0.286060,0.375772,0.484027,0.836019,0.836019,0.839337,2.676109,0.080003,0.064472,0.335531,0.594857,calls/second,milliseconds
1609422980,67,2.676109,0.921133,0.011760,0.729530,1.381268,1.622015,1.622015,2.180526,2.359677,2.359677,0.111668,0.020450,0.189865,0.464240,calls/second,milliseconds
1609423123,73,2.676109,0.653171,0.011760,0.681094,0.123820,1.370657,1.541508,1.622015,1.622015,2.180526,0.098297,0.019049,0.124792,0.398206,calls/second,milliseconds
1609423123,73,2.676109,0.653171,0.011760,0.681094,0.123820,1.370657,1.541508,1.622015,1.622015,2.180526,0.098296,0.019049,0.124792,0.398206,calls/second,milliseconds
