t,count,max,mean,min,stddev,p50,p75,p95,p98,p99,p999,mean_rate,m1_rate,m5_rate,m15_rate,rate_unit,duration_unit
1607891755,19,3.626247,0.148864,0.006470,0.427920,0.058380,0.058380,0.592275,0.838973,3.626247,3.626247,0.063336,0.034673,1.149547,2.177416,calls/second,milliseconds
1607892055,68,4.018513,0.329196,0.005940,0.478749,0.272341,0.454705,0.884195,1.111088,4.018513,4.018513,0.113306,0.099363,0.518628,1.598060,calls/second,milliseconds
1607892183,75,4.018513,0.411137,0.005940,0.347488,0.382600,0.726636,0.809466,0.824356,0.884195,4.018513,0.103000,0.036410,0.350129,1.393946,calls/second,milliseconds
1607892183,75,4.018513,0.411137,0.005940,0.347488,0.382600,0.726636,0.809466,0.824356,0.884195,4.018513,0.102998,0.036410,0.350129,1.393946,calls/second,milliseconds
