t,count,max,mean,min,stddev,p50,p75,p95,p98,p99,p999,mean_rate,m1_rate,m5_rate,m15_rate,rate_unit,duration_unit
1617660374,19,0.224787,0.097982,0.001169,0.072873,0.064816,0.158096,0.224787,0.224787,0.224787,0.224787,0.063328,0.044819,1.132063,2.165569,calls/second,milliseconds
1617660612,70,0.224787,0.016775,0.001169,0.022421,0.007948,0.012607,0.069999,0.069999,0.089697,0.158096,0.130146,0.112079,0.619173,1.713080,calls/second,milliseconds
1617660612,70,0.224787,0.016775,0.001169,0.022421,0.007948,0.012607,0.069999,0.069999,0.089697,0.158096,0.130144,0.112079,0.619173,1.713080,calls/second,milliseconds
