t,count,max,mean,min,stddev,p50,p75,p95,p98,p99,p999,mean_rate,m1_rate,m5_rate,m15_rate,rate_unit,duration_unit
1609995615,27,36.593626,2.196400,0.003340,4.201616,0.269768,1.581217,9.923386,11.393510,11.393510,36.593626,0.089991,0.046533,0.054733,0.025314,calls/second,milliseconds
1609995630,28,36.593626,2.325373,0.003340,3.613105,0.494816,2.686506,9.923386,11.393510,11.393510,36.593626,0.089017,0.039389,0.052939,0.025034,calls/second,milliseconds
1609995630,28,36.593626,2.325373,0.003340,3.613105,0.494816,2.686506,9.923386,11.393510,11.393510,36.593626,0.089014,0.039389,0.052939,0.025034,calls/second,milliseconds
