t,count,max,mean,min,stddev,p50,p75,p95,p98,p99,p999,mean_rate,m1_rate,m5_rate,m15_rate,rate_unit,duration_unit
1617666264,46,0.108743,0.009336,0.001469,0.011390,0.005903,0.009922,0.038851,0.050610,0.050610,0.097637,0.153323,0.320706,1.212763,2.194468,calls/second,milliseconds
1617666357,68,0.403903,0.020464,0.001003,0.061740,0.005853,0.006767,0.094856,0.403903,0.403903,0.403903,0.172934,0.162547,0.945213,2.004036,calls/second,milliseconds
1617666357,68,0.403903,0.020464,0.001003,0.061740,0.005853,0.006767,0.094856,0.403903,0.403903,0.403903,0.172931,0.162547,0.945213,2.004036,calls/second,milliseconds
