t,count,max,mean,min,stddev,p50,p75,p95,p98,p99,p999,mean_rate,m1_rate,m5_rate,m15_rate,rate_unit,duration_unit
1607857180,19,0.111691,0.010399,0.000148,0.014840,0.006858,0.006858,0.049053,0.049053,0.049053,0.111691,0.063324,0.032347,0.323591,0.589370,calls/second,milliseconds
1607857480,68,0.111691,0.008202,0.000104,0.007070,0.007337,0.011134,0.025174,0.025174,0.025174,0.039456,0.113324,0.040665,0.197113,0.464702,calls/second,milliseconds
1607857780,73,0.111691,0.012009,0.000104,0.017283,0.002090,0.006293,0.042713,0.042713,0.042713,0.042713,0.081106,0.025401,0.084041,0.337844,calls/second,milliseconds
1607858080,78,0.111691,0.005595,0.000104,0.003451,0.005778,0.005778,0.012580,0.012580,0.012580,0.042713,0.064998,0.025298,0.042445,0.246946,calls/second,milliseconds
1607858380,83,0.111691,0.005906,0.000104,0.003374,0.008192,0.008192,0.008192,0.011376,0.011376,0.012580,0.055332,0.025298,0.027142,0.181815,calls/second,milliseconds
1607858680,88,0.111691,0.006339,0.000104,0.010725,0.002102,0.010780,0.010780,0.055683,0.055683,0.055683,0.048888,0.025298,0.021513,0.135146,calls/second,milliseconds
1607858980,98,0.111691,0.013943,0.000104,0.009443,0.021887,0.021887,0.021887,0.021887,0.021887,0.021887,0.046666,0.025989,0.025834,0.105743,calls/second,milliseconds
1607859258,106,0.111691,0.008482,0.000104,0.003284,0.008820,0.011350,0.011534,0.011534,0.011534,0.021887,0.044564,0.014124,0.019266,0.081770,calls/second,milliseconds
1607859258,106,0.111691,0.008482,0.000104,0.003284,0.008820,0.011350,0.011534,0.011534,0.011534,0.021887,0.044564,0.014124,0.019266,0.081770,calls/second,milliseconds
