t,count,max,mean,min,stddev,p50,p75,p95,p98,p99,p999,mean_rate,m1_rate,m5_rate,m15_rate,rate_unit,duration_unit
1617575895,5,34.796039,6.979240,0.005654,13.908409,0.028997,0.051803,34.796039,34.796039,34.796039,34.796039,0.016666,0.007324,0.374062,0.720523,calls/second,milliseconds
1617576196,27,34.796039,2.074167,0.005654,4.041361,0.234869,0.434845,11.637613,17.956276,17.956276,17.956276,0.044994,0.032588,0.181476,0.536837,calls/second,milliseconds
1617576311,28,34.796039,1.819760,0.005654,2.226344,1.709809,1.709809,6.294889,11.637613,11.637613,17.956276,0.039125,0.004794,0.123691,0.472443,calls/second,milliseconds
1617576311,28,34.796039,1.819760,0.005654,2.226344,1.709809,1.709809,6.294889,11.637613,11.637613,17.956276,0.039125,0.004794,0.123691,0.472443,calls/second,milliseconds
