t,count,max,mean,min,stddev,p50,p75,p95,p98,p99,p999,mean_rate,m1_rate,m5_rate,m15_rate,rate_unit,duration_unit
1617626251,19,56.832926,2.194439,0.055150,5.799680,1.167778,1.448850,3.685443,5.161311,56.832926,56.832926,0.062971,0.035829,1.131123,2.165437,calls/second,milliseconds
1617626551,67,56.832926,1.112723,0.023838,1.452991,0.302146,1.266828,3.706737,3.706737,3.706737,3.706737,0.111346,0.033976,0.494304,1.593478,calls/second,milliseconds
1617626586,72,56.832926,0.532229,0.023838,0.819098,0.278320,0.590256,3.706737,3.706737,3.706737,3.706737,0.112938,0.032496,0.443070,1.533794,calls/second,milliseconds
1617626586,72,56.832926,0.532229,0.023838,0.819098,0.278320,0.590256,3.706737,3.706737,3.706737,3.706737,0.112936,0.032496,0.443070,1.533794,calls/second,milliseconds
