t,count,max,mean,min,stddev,p50,p75,p95,p98,p99,p999,mean_rate,m1_rate,m5_rate,m15_rate,rate_unit,duration_unit
1617629669,32,5.095455,0.306772,0.034609,0.348011,0.224545,0.402392,0.977213,1.159054,1.728990,5.095455,0.106623,0.198645,1.172163,2.179629,calls/second,milliseconds
1617629924,70,5.095455,0.727997,0.034609,0.916503,0.362456,1.207791,3.401534,3.401534,3.401534,3.401534,0.126083,0.077693,0.568054,1.675160,calls/second,milliseconds
1617629924,70,5.095455,0.727997,0.034609,0.916503,0.362456,1.207791,3.401534,3.401534,3.401534,3.401534,0.126081,0.077693,0.568054,1.675160,calls/second,milliseconds
