t,count,max,mean,min,stddev,p50,p75,p95,p98,p99,p999,mean_rate,m1_rate,m5_rate,m15_rate,rate_unit,duration_unit
1617592491,32,0.283806,0.026284,0.000584,0.037170,0.010806,0.048497,0.074736,0.122473,0.167940,0.283806,0.106659,0.169863,1.170480,2.179428,calls/second,milliseconds
1617592689,69,0.283806,0.038835,0.000584,0.030372,0.042903,0.063110,0.082980,0.082980,0.082980,0.167940,0.138708,0.047911,0.674708,1.785394,calls/second,milliseconds
1617592689,69,0.283806,0.038835,0.000584,0.030372,0.042903,0.063110,0.082980,0.082980,0.082980,0.167940,0.138706,0.047911,0.674708,1.785394,calls/second,milliseconds
