t,count,max,mean,min,stddev,p50,p75,p95,p98,p99,p999,mean_rate,m1_rate,m5_rate,m15_rate,rate_unit,duration_unit
1610406764,19,1.746274,0.107118,0.008907,0.252120,0.057424,0.057424,0.565428,1.167398,1.746274,1.746274,0.063335,0.022024,0.327755,0.592477,calls/second,milliseconds
1610407042,71,2.089722,0.387394,0.004260,0.448746,0.113734,0.684410,1.169304,1.169304,1.483444,2.089722,0.122699,0.046717,0.213167,0.477035,calls/second,milliseconds
1610407042,71,2.089722,0.387394,0.004260,0.448746,0.113734,0.684410,1.169304,1.169304,1.483444,2.089722,0.122698,0.046717,0.213167,0.477035,calls/second,milliseconds
