t,count,max,mean,min,stddev,p50,p75,p95,p98,p99,p999,mean_rate,m1_rate,m5_rate,m15_rate,rate_unit,duration_unit
1617571844,5,23.000302,4.671394,0.015309,9.164554,0.096634,0.149166,23.000302,23.000302,23.000302,23.000302,0.016665,0.007324,0.374062,0.720523,calls/second,milliseconds
1617572144,27,23.000302,2.056016,0.008774,3.898746,0.344053,0.475756,10.741567,16.831308,16.831308,16.831308,0.044998,0.059732,0.187072,0.537671,calls/second,milliseconds
1617572238,28,23.000302,1.995209,0.008774,2.792264,1.931237,1.931237,10.741567,10.741567,16.831308,16.831308,0.040318,0.013328,0.138586,0.486505,calls/second,milliseconds
1617572238,28,23.000302,1.995209,0.008774,2.792264,1.931237,1.931237,10.741567,10.741567,16.831308,16.831308,0.040318,0.013328,0.138586,0.486505,calls/second,milliseconds
