t,count,max,mean,min,stddev,p50,p75,p95,p98,p99,p999,mean_rate,m1_rate,m5_rate,m15_rate,rate_unit,duration_unit
1607877669,27,21.869460,1.666257,0.002240,3.683024,0.126934,0.812610,12.644566,12.644566,12.644566,21.869460,0.089991,0.021007,0.411987,0.740142,calls/second,milliseconds
1607877781,28,21.869460,1.750000,0.002240,1.930143,1.781677,1.781677,3.184835,7.348980,12.644566,21.869460,0.067963,0.013058,0.288515,0.656062,calls/second,milliseconds
1607877781,28,21.869460,1.750000,0.002240,1.930143,1.781677,1.781677,3.184835,7.348980,12.644566,21.869460,0.067961,0.013058,0.288515,0.656062,calls/second,milliseconds
