t,count,max,mean,min,stddev,p50,p75,p95,p98,p99,p999,mean_rate,m1_rate,m5_rate,m15_rate,rate_unit,duration_unit
1609422680,24,0.114847,0.028863,0.000694,0.023508,0.015196,0.058870,0.060130,0.062576,0.062576,0.114847,0.079993,0.107291,0.339902,0.594885,calls/second,milliseconds
1609422980,67,0.144520,0.064008,0.000694,0.038937,0.067416,0.097146,0.105516,0.105516,0.112107,0.144520,0.111661,0.034806,0.190033,0.462776,calls/second,milliseconds
1609423123,73,0.144520,0.022031,0.000694,0.027656,0.006630,0.013007,0.071056,0.097146,0.097146,0.105516,0.098293,0.019049,0.124792,0.398206,calls/second,milliseconds
1609423123,73,0.144520,0.022031,0.000694,0.027656,0.006630,0.013007,0.071056,0.097146,0.097146,0.105516,0.098291,0.019049,0.124792,0.398206,calls/second,milliseconds
