t,count,max,mean,min,stddev,p50,p75,p95,p98,p99,p999,mean_rate,m1_rate,m5_rate,m15_rate,rate_unit,duration_unit
1617611583,19,11.290896,2.571022,0.031418,1.094400,3.092875,3.092875,3.092875,3.092875,3.092875,11.290896,0.063290,0.046805,1.132229,2.165591,calls/second,milliseconds
1617611883,67,11.290896,1.267560,0.031418,1.435083,0.697766,1.679666,5.141878,5.141878,5.141878,5.141878,0.111627,0.054823,0.501472,1.594744,calls/second,milliseconds
1617611902,71,11.290896,0.996159,0.031418,1.058843,0.670423,1.604534,1.762590,5.141878,5.141878,5.141878,0.114614,0.042696,0.477015,1.568386,calls/second,milliseconds
1617611902,71,11.290896,0.996159,0.031418,1.058843,0.670423,1.604534,1.762590,5.141878,5.141878,5.141878,0.114609,0.042696,0.477015,1.568386,calls/second,milliseconds
