t,count,max,mean,min,stddev,p50,p75,p95,p98,p99,p999,mean_rate,m1_rate,m5_rate,m15_rate,rate_unit,duration_unit
1617663115,19,0.234528,0.163576,0.004779,0.061984,0.197903,0.197903,0.234528,0.234528,0.234528,0.234528,0.063329,0.042992,1.131899,2.165546,calls/second,milliseconds
1617663415,67,0.234528,0.061404,0.003580,0.067922,0.017220,0.120253,0.180243,0.180243,0.180243,0.197903,0.111640,0.061020,0.505822,1.595488,calls/second,milliseconds
1617663417,71,0.234528,0.037431,0.003580,0.055496,0.016082,0.019603,0.180243,0.180243,0.180243,0.197903,0.117933,0.061020,0.505822,1.595488,calls/second,milliseconds
1617663417,71,0.234528,0.037431,0.003580,0.055496,0.016082,0.019603,0.180243,0.180243,0.180243,0.197903,0.117932,0.061020,0.505822,1.595488,calls/second,milliseconds
