t,count,max,mean,min,stddev,p50,p75,p95,p98,p99,p999,mean_rate,m1_rate,m5_rate,m15_rate,rate_unit,duration_unit
1617674584,32,3.782073,0.740100,0.011119,1.092851,0.223892,0.542319,3.570738,3.570738,3.570738,3.570738,0.106620,0.212425,1.172339,2.179630,calls/second,milliseconds
1617674726,69,5.218244,0.494229,0.009696,0.915274,0.162928,0.526517,2.531052,5.218244,5.218244,5.218244,0.156096,0.142442,0.815255,1.898594,calls/second,milliseconds
1617674726,69,5.218244,0.494229,0.009696,0.915274,0.162928,0.526517,2.531052,5.218244,5.218244,5.218244,0.156093,0.142442,0.815255,1.898594,calls/second,milliseconds
