t,count,max,mean,min,stddev,p50,p75,p95,p98,p99,p999,mean_rate,m1_rate,m5_rate,m15_rate,rate_unit,duration_unit
1617678880,44,0.275819,0.015847,0.001060,0.023143,0.008436,0.012980,0.051837,0.055180,0.106145,0.213016,0.146649,0.342081,1.209117,2.192604,calls/second,milliseconds
1617678987,68,0.796546,0.063186,0.001060,0.176018,0.012980,0.023223,0.796546,0.796546,0.796546,0.796546,0.167067,0.154479,0.903530,1.971539,calls/second,milliseconds
1617678987,68,0.796546,0.063186,0.001060,0.176018,0.012980,0.023223,0.796546,0.796546,0.796546,0.796546,0.167066,0.154479,0.903530,1.971539,calls/second,milliseconds
