t,count,max,mean,min,stddev,p50,p75,p95,p98,p99,p999,mean_rate,m1_rate,m5_rate,m15_rate,rate_unit,duration_unit
1609416470,65,5.195448,0.510377,0.012524,0.822925,0.234076,0.639604,2.253526,3.992557,3.992557,5.195448,0.545395,0.933039,2.216962,2.704179,calls/second,milliseconds
1609416470,65,5.195448,0.510377,0.012524,0.822925,0.234076,0.639604,2.253526,3.992557,3.992557,5.195448,0.545342,0.933039,2.216962,2.704179,calls/second,milliseconds
