t,count,max,mean,min,stddev,p50,p75,p95,p98,p99,p999,mean_rate,m1_rate,m5_rate,m15_rate,rate_unit,duration_unit
1617570244,19,0.324068,0.094307,0.004240,0.057877,0.099083,0.099083,0.186572,0.263287,0.263287,0.324068,0.063325,0.046805,1.132229,2.165591,calls/second,milliseconds
1617570544,67,1.202415,0.339845,0.004240,0.483831,0.039994,0.652073,1.202415,1.202415,1.202415,1.202415,0.111660,0.056163,0.502442,1.594916,calls/second,milliseconds
1617570609,72,2.882959,0.488676,0.004240,0.988054,0.034129,0.056806,2.882959,2.882959,2.882959,2.882959,0.108234,0.081695,0.417734,1.488215,calls/second,milliseconds
1617570609,72,2.882959,0.488676,0.004240,0.988054,0.034129,0.056806,2.882959,2.882959,2.882959,2.882959,0.108233,0.081695,0.417734,1.488215,calls/second,milliseconds
