t,count,max,mean,min,stddev,p50,p75,p95,p98,p99,p999,mean_rate,m1_rate,m5_rate,m15_rate,rate_unit,duration_unit
1608409497,62,4.457986,0.132509,0.007746,0.158556,0.090333,0.177038,0.434598,0.492637,0.492637,0.860401,0.206625,0.374866,0.446165,0.634697,calls/second,milliseconds
1608409647,68,4.457986,0.171512,0.007746,0.150116,0.125727,0.323981,0.429966,0.429966,0.492637,0.860401,0.151222,0.047865,0.280692,0.542338,calls/second,milliseconds
1608409647,68,4.457986,0.171512,0.007746,0.150116,0.125727,0.323981,0.429966,0.429966,0.492637,0.860401,0.151220,0.047865,0.280692,0.542338,calls/second,milliseconds
