t,count,max,mean,min,stddev,p50,p75,p95,p98,p99,p999,mean_rate,m1_rate,m5_rate,m15_rate,rate_unit,duration_unit
1617636317,44,4.346789,0.303528,0.001201,0.352623,0.187304,0.487836,1.027932,1.390957,1.390957,1.390957,0.146674,0.175108,1.189637,2.191509,calls/second,milliseconds
1617636537,70,5.398461,0.460929,0.001201,0.673733,0.133690,0.932432,0.990512,1.397861,5.398461,5.398461,0.134645,0.049321,0.634106,1.747186,calls/second,milliseconds
1617636537,70,5.398461,0.460929,0.001201,0.673733,0.133690,0.932432,0.990512,1.397861,5.398461,5.398461,0.134643,0.049321,0.634106,1.747186,calls/second,milliseconds
