t,count,max,mean,min,stddev,p50,p75,p95,p98,p99,p999,mean_rate,m1_rate,m5_rate,m15_rate,rate_unit,duration_unit
1618781459,62,7.217555,0.458731,0.021968,0.756866,0.172950,0.421230,1.995314,1.995314,5.028654,7.217555,0.206602,0.139564,0.422100,0.631530,calls/second,milliseconds
1618781496,67,8.556936,1.192726,0.021968,2.298492,0.216680,1.229180,8.556936,8.556936,8.556936,8.556936,0.198374,0.092594,0.378870,0.608544,calls/second,milliseconds
1618781496,67,8.556936,1.192726,0.021968,2.298492,0.216680,1.229180,8.556936,8.556936,8.556936,8.556936,0.198369,0.092594,0.378870,0.608544,calls/second,milliseconds
