avg_degree,std_degree,max_degree,avg_indegree,std_indegree,max_indegree,avg_outdegree,std_outdegree,max_outdegree
3.396206777282082,183.366807474856,216000,3.1605204341491495,196.2773905447263,216000,2.8654565047055263,140.8171815967699,167068
