avg_degree,std_degree,max_degree,avg_indegree,std_indegree,max_indegree,avg_outdegree,std_outdegree,max_outdegree
8.331867404492833,329.87649411627416,223880,4.794432931789274,353.816441020782,223880,9.872677784498435,4.671387538436316,59
