avg_degree,std_degree,max_degree,avg_indegree,std_indegree,max_indegree,avg_outdegree,std_outdegree,max_outdegree
7.825034623453802,178.28252136023278,64196,4.458558173774819,190.18975824331446,64196,9.757351348681158,4.704417930555436,57
