avg_degree,std_degree,max_degree,avg_indegree,std_indegree,max_indegree,avg_outdegree,std_outdegree,max_outdegree
6.7227805572619435,625.9674934603588,1114065,6.837335449334893,892.7448480886466,1114065,5.092414618459151,2.910769063035948,20
