t,count,max,mean,min,stddev,p50,p75,p95,p98,p99,p999,mean_rate,m1_rate,m5_rate,m15_rate,rate_unit,duration_unit
1609395280,19,11.683656,0.820910,0.010953,1.428000,0.808022,0.808022,0.811796,0.954381,11.683656,11.683656,0.063310,0.017443,0.321909,0.589131,calls/second,milliseconds
1609395580,68,11.683656,0.972952,0.010953,1.263863,0.265516,2.207824,4.273233,4.273233,4.273233,4.273233,0.113313,0.027040,0.195961,0.464507,calls/second,milliseconds
1609395880,73,11.683656,3.490966,0.010953,1.432959,3.407570,3.407570,5.498715,5.498715,5.498715,5.498715,0.081101,0.010229,0.081687,0.337415,calls/second,milliseconds
1609396180,78,11.683656,3.245219,0.010953,1.556492,4.306922,4.306922,4.306922,4.306922,4.306922,5.498715,0.064993,0.010116,0.039647,0.246350,calls/second,milliseconds
1609396480,83,11.683656,1.695914,0.010953,2.301432,0.304694,2.691368,5.696250,5.696250,5.696250,5.696250,0.055329,0.010115,0.024182,0.181099,calls/second,milliseconds
1609396780,88,11.683656,1.074548,0.010953,1.153319,0.802891,0.802891,4.445677,4.445677,4.445677,5.696250,0.048886,0.010115,0.018493,0.134345,calls/second,milliseconds
1609397080,98,11.683656,0.925012,0.009442,0.547939,0.948213,1.057310,2.705971,2.705971,2.715491,4.445677,0.046664,0.010828,0.022834,0.104889,calls/second,milliseconds
1609397365,107,11.683656,0.610261,0.009442,0.848218,0.304360,0.456609,2.771658,2.771658,2.771658,3.668045,0.044855,0.012994,0.018920,0.081078,calls/second,milliseconds
1609397365,107,11.683656,0.610261,0.009442,0.848218,0.304360,0.456609,2.771658,2.771658,2.771658,3.668045,0.044855,0.012994,0.018920,0.081078,calls/second,milliseconds
