t,count,max,mean,min,stddev,p50,p75,p95,p98,p99,p999,mean_rate,m1_rate,m5_rate,m15_rate,rate_unit,duration_unit
1609993968,64,0.222549,0.035305,0.004744,0.044558,0.020566,0.029730,0.161234,0.222549,0.222549,0.222549,0.537565,0.527043,0.708284,0.765569,calls/second,milliseconds
1609993968,64,0.222549,0.035305,0.004744,0.044558,0.020566,0.029730,0.161234,0.222549,0.222549,0.222549,0.537500,0.527043,0.708284,0.765569,calls/second,milliseconds
