t,count,max,mean,min,stddev,p50,p75,p95,p98,p99,p999,mean_rate,m1_rate,m5_rate,m15_rate,rate_unit,duration_unit
1610360391,19,4.214779,0.951427,0.011174,0.488025,0.889295,1.114769,1.193330,2.065526,2.065526,4.214779,0.063318,0.026854,0.323102,0.589303,calls/second,milliseconds
1610360691,67,4.214779,0.324901,0.011174,0.222486,0.370943,0.389842,0.873172,0.965029,0.965029,1.114769,0.111655,0.046787,0.202973,0.465185,calls/second,milliseconds
1610360757,72,4.214779,0.345419,0.011174,0.237913,0.389842,0.517348,0.737333,0.737333,0.873172,0.996789,0.108128,0.027294,0.166526,0.433857,calls/second,milliseconds
1610360757,72,4.214779,0.345419,0.011174,0.237913,0.389842,0.517348,0.737333,0.737333,0.873172,0.996789,0.108127,0.027294,0.166526,0.433857,calls/second,milliseconds
