t,count,max,mean,min,stddev,p50,p75,p95,p98,p99,p999,mean_rate,m1_rate,m5_rate,m15_rate,rate_unit,duration_unit
1609301506,19,0.103097,0.020556,0.000316,0.012167,0.020977,0.028176,0.029189,0.029189,0.029189,0.103097,0.063329,0.020733,0.323071,0.589345,calls/second,milliseconds
1609301806,68,0.103097,0.006087,0.000266,0.008386,0.002915,0.004743,0.025234,0.029407,0.029407,0.034123,0.113329,0.191224,0.232602,0.470347,calls/second,milliseconds
1609302106,73,0.103097,0.013787,0.000266,0.014744,0.004335,0.024297,0.034075,0.064944,0.064944,0.064944,0.081109,0.014189,0.095658,0.341677,calls/second,milliseconds
1609302406,78,0.103097,0.009885,0.000266,0.009775,0.004007,0.024213,0.024213,0.030240,0.030240,0.034075,0.064998,0.012996,0.045279,0.249481,calls/second,milliseconds
1609302706,83,0.103097,0.022105,0.000266,0.011080,0.030148,0.030148,0.030148,0.030148,0.031584,0.031584,0.055332,0.012988,0.026746,0.183419,calls/second,milliseconds
1609303006,88,0.103097,0.010373,0.000266,0.010833,0.003474,0.025952,0.025952,0.034267,0.034267,0.034267,0.048888,0.012988,0.019928,0.136084,calls/second,milliseconds
1609303189,100,0.103097,0.004408,0.000266,0.007842,0.001660,0.004740,0.030446,0.030446,0.045140,0.045140,0.050436,0.018544,0.027834,0.119033,calls/second,milliseconds
1609303189,100,0.103097,0.004408,0.000266,0.007842,0.001660,0.004740,0.030446,0.030446,0.045140,0.045140,0.050436,0.018544,0.027834,0.119033,calls/second,milliseconds
