t,count,max,mean,min,stddev,p50,p75,p95,p98,p99,p999,mean_rate,m1_rate,m5_rate,m15_rate,rate_unit,duration_unit
1607760595,19,2.948042,0.114670,0.008513,0.273791,0.060311,0.093146,0.271033,0.843142,1.051101,2.948042,0.063337,0.046728,1.150923,2.177611,calls/second,milliseconds
1607760895,67,3.342846,0.484798,0.003278,0.785124,0.147078,0.635107,3.151474,3.342846,3.342846,3.342846,0.111669,0.138459,0.530827,1.606896,calls/second,milliseconds
1607761195,72,3.342846,0.164697,0.003278,0.233949,0.099153,0.287363,0.287363,0.491898,0.742899,3.342846,0.080000,0.022128,0.203202,1.149829,calls/second,milliseconds
1607761495,77,3.342846,0.065184,0.003278,0.027916,0.062625,0.063427,0.083613,0.084236,0.084236,0.287363,0.064167,0.023280,0.087347,0.833322,calls/second,milliseconds
1607761795,82,3.342846,0.063044,0.003278,0.007249,0.063683,0.063683,0.072066,0.082574,0.082574,0.082574,0.054667,0.023275,0.043470,0.601944,calls/second,milliseconds
1607762095,87,3.342846,0.066248,0.003278,0.003618,0.065230,0.069997,0.069997,0.069997,0.074173,0.074173,0.048334,0.023275,0.027329,0.436155,calls/second,milliseconds
1607762395,98,3.342846,0.222953,0.002683,0.479074,0.077067,0.077067,1.719660,1.719660,1.719660,1.719660,0.046667,0.024177,0.029191,0.322233,calls/second,milliseconds
1607762612,105,3.342846,0.389180,0.002683,0.409467,0.134183,0.575875,1.087466,1.087466,1.087466,1.719660,0.045309,0.011973,0.021102,0.255316,calls/second,milliseconds
1607762612,105,3.342846,0.389180,0.002683,0.409467,0.134183,0.575875,1.087466,1.087466,1.087466,1.719660,0.045309,0.011973,0.021102,0.255316,calls/second,milliseconds
