t,count,max,mean,min,stddev,p50,p75,p95,p98,p99,p999,mean_rate,m1_rate,m5_rate,m15_rate,rate_unit,duration_unit
1609415978,62,70.956540,2.714470,0.040421,9.380413,0.348973,0.807209,8.669209,26.509823,70.956540,70.956540,7.017045,3.000000,3.000000,3.000000,calls/second,milliseconds
1609415978,62,70.956540,2.714470,0.040421,9.380413,0.348973,0.807209,8.669209,26.509823,70.956540,70.956540,6.999196,3.000000,3.000000,3.000000,calls/second,milliseconds
