t,count,max,mean,min,stddev,p50,p75,p95,p98,p99,p999,mean_rate,m1_rate,m5_rate,m15_rate,rate_unit,duration_unit
1607881064,65,2.699132,0.371525,0.002779,0.475543,0.178209,0.519866,1.195440,1.973331,2.459962,2.699132,0.327782,0.424922,1.719055,2.476993,calls/second,milliseconds
1607881064,65,2.699132,0.371525,0.002779,0.475543,0.178209,0.519866,1.195440,1.973331,2.459962,2.699132,0.327761,0.424922,1.719055,2.476993,calls/second,milliseconds
