t,count,max,mean,min,stddev,p50,p75,p95,p98,p99,p999,mean_rate,m1_rate,m5_rate,m15_rate,rate_unit,duration_unit
1609416213,28,35.635845,2.555986,0.015588,5.688539,0.283780,1.593008,12.747763,12.747763,35.635845,35.635845,0.332860,0.534688,0.846588,0.943856,calls/second,milliseconds
1609416213,28,35.635845,2.555986,0.015588,5.688539,0.283780,1.593008,12.747763,12.747763,35.635845,35.635845,0.332800,0.534688,0.846588,0.943856,calls/second,milliseconds
