t,count,max,mean,min,stddev,p50,p75,p95,p98,p99,p999,mean_rate,m1_rate,m5_rate,m15_rate,rate_unit,duration_unit
1608409497,62,0.033588,0.007614,0.000637,0.005513,0.006896,0.008478,0.021031,0.028964,0.028964,0.029646,0.206654,0.374133,0.446080,0.634685,calls/second,milliseconds
1608409647,68,0.083723,0.013307,0.000637,0.016728,0.005418,0.028604,0.028944,0.083723,0.083723,0.083723,0.151236,0.047800,0.280640,0.542328,calls/second,milliseconds
1608409647,68,0.083723,0.013307,0.000637,0.016728,0.005418,0.028604,0.028944,0.083723,0.083723,0.083723,0.151235,0.047800,0.280640,0.542328,calls/second,milliseconds
