t,count,max,mean,min,stddev,p50,p75,p95,p98,p99,p999,mean_rate,m1_rate,m5_rate,m15_rate,rate_unit,duration_unit
1609999338,32,5.697113,0.452756,0.040166,0.519926,0.216254,0.539182,1.231447,2.309466,2.309466,5.697113,0.106636,0.189654,0.363408,0.603377,calls/second,milliseconds
1609999609,71,5.697113,0.537720,0.021796,0.486701,0.399371,0.716913,1.497040,1.497040,1.497040,1.643636,0.124304,0.030507,0.203167,0.477217,calls/second,milliseconds
1609999609,71,5.697113,0.537720,0.021796,0.486701,0.399371,0.716913,1.497040,1.497040,1.497040,1.643636,0.124301,0.030507,0.203167,0.477217,calls/second,milliseconds
