t,count,max,mean,min,stddev,p50,p75,p95,p98,p99,p999,mean_rate,m1_rate,m5_rate,m15_rate,rate_unit,duration_unit
1609411379,63,4.271727,0.569643,0.006902,0.890220,0.118539,0.632155,2.696522,2.696522,3.549191,4.271727,0.209921,0.115858,1.224619,2.207501,calls/second,milliseconds
1609411679,68,9.621207,2.735672,0.006902,2.974288,0.858995,5.640344,9.621207,9.621207,9.621207,9.621207,0.113314,0.017345,0.461118,1.586480,calls/second,milliseconds
1609411819,74,9.621207,0.641133,0.006902,0.841600,0.378176,0.804973,1.525016,1.525016,5.640344,9.621207,0.100014,0.039829,0.308109,1.370745,calls/second,milliseconds
1609411819,74,9.621207,0.641133,0.006902,0.841600,0.378176,0.804973,1.525016,1.525016,5.640344,9.621207,0.100013,0.039829,0.308109,1.370745,calls/second,milliseconds
