t,count,max,mean,min,stddev,p50,p75,p95,p98,p99,p999,mean_rate,m1_rate,m5_rate,m15_rate,rate_unit,duration_unit
1607887750,19,4.693725,1.536533,0.022960,1.197152,1.681008,1.681008,4.693725,4.693725,4.693725,4.693725,0.063316,0.017443,0.321909,0.589131,calls/second,milliseconds
1607888050,73,4.693725,1.027794,0.007414,1.415405,0.282264,1.600884,3.812300,3.812300,3.812300,3.812300,0.121637,0.028413,0.203030,0.468674,calls/second,milliseconds
1607888234,81,4.693725,0.604912,0.007414,0.501982,0.404628,1.185393,1.287838,1.287838,1.287838,3.812300,0.103336,0.011026,0.118275,0.386648,calls/second,milliseconds
1607888234,81,4.693725,0.604912,0.007414,0.501982,0.404628,1.185393,1.287838,1.287838,1.287838,3.812300,0.103334,0.011026,0.118275,0.386648,calls/second,milliseconds
