t,count,max,mean,min,stddev,p50,p75,p95,p98,p99,p999,mean_rate,m1_rate,m5_rate,m15_rate,rate_unit,duration_unit
1609548588,19,2.170890,0.098924,0.003060,0.296230,0.015003,0.052482,0.445259,1.257588,2.170890,2.170890,0.063336,0.025960,0.328213,0.592542,calls/second,milliseconds
1609548888,72,2.206853,0.258548,0.003060,0.369434,0.067406,0.410828,0.767194,1.227562,2.206853,2.206853,0.120001,0.307271,0.257216,0.478432,calls/second,milliseconds
1609549188,77,2.206853,0.294050,0.003060,0.450539,0.032160,0.388275,1.118040,1.118040,1.118040,2.206853,0.085556,0.020075,0.105409,0.347575,calls/second,milliseconds
1609549359,84,2.206853,0.580002,0.003060,0.665198,0.120820,1.004135,1.742357,1.742357,1.742357,1.742357,0.078433,0.019807,0.066649,0.289218,calls/second,milliseconds
1609549359,84,2.206853,0.580002,0.003060,0.665198,0.120820,1.004135,1.742357,1.742357,1.742357,1.742357,0.078432,0.019807,0.066649,0.289218,calls/second,milliseconds
