t,count,max,mean,min,stddev,p50,p75,p95,p98,p99,p999,mean_rate,m1_rate,m5_rate,m15_rate,rate_unit,duration_unit
1609379115,19,0.132620,0.006495,0.000206,0.013169,0.002780,0.011159,0.011197,0.015793,0.015793,0.132620,0.063328,0.035829,1.131123,2.165437,calls/second,milliseconds
1609379415,68,0.347586,0.015940,0.000090,0.052676,0.003233,0.010130,0.034570,0.347586,0.347586,0.347586,0.113328,0.076408,0.513750,1.597364,calls/second,milliseconds
1609379715,73,0.347586,0.015821,0.000090,0.017228,0.014113,0.014113,0.050139,0.050139,0.050139,0.347586,0.081109,0.014537,0.199256,1.149246,calls/second,milliseconds
1609380015,78,0.347586,0.011566,0.000090,0.003699,0.013577,0.013577,0.014057,0.014113,0.018668,0.050139,0.064998,0.014120,0.083561,0.828155,calls/second,milliseconds
1609380315,83,0.347586,0.010612,0.000090,0.002707,0.012489,0.012489,0.012791,0.013577,0.013817,0.013817,0.055332,0.014117,0.040998,0.598083,calls/second,milliseconds
1609380615,88,0.347586,0.008467,0.000090,0.001429,0.008112,0.008483,0.011914,0.011914,0.011914,0.012489,0.048888,0.014117,0.025341,0.433230,calls/second,milliseconds
1609380915,98,0.347586,0.013084,0.000090,0.004065,0.015003,0.015003,0.015003,0.015003,0.015003,0.015003,0.046666,0.014809,0.025973,0.319144,calls/second,milliseconds
1609381122,106,0.347586,0.010929,0.000090,0.005740,0.010543,0.013446,0.024625,0.024625,0.024625,0.024625,0.045958,0.039065,0.030880,0.261214,calls/second,milliseconds
1609381122,106,0.347586,0.010929,0.000090,0.005740,0.010543,0.013446,0.024625,0.024625,0.024625,0.024625,0.045957,0.039065,0.030880,0.261214,calls/second,milliseconds
