t,count,max,mean,min,stddev,p50,p75,p95,p98,p99,p999,mean_rate,m1_rate,m5_rate,m15_rate,rate_unit,duration_unit
1609428444,19,4.364614,1.767175,0.025469,1.397839,1.234524,1.876414,4.273828,4.273828,4.364614,4.364614,0.063088,0.025307,0.322944,0.589281,calls/second,milliseconds
1609428744,68,4.364614,0.478744,0.025469,0.447729,0.302306,0.703443,1.151731,1.234524,2.179350,2.179350,0.113082,0.083710,0.217417,0.468136,calls/second,milliseconds
1609429044,73,4.364614,1.521694,0.025469,0.274305,1.575071,1.603615,1.636010,1.636010,1.636010,2.179350,0.081005,0.018568,0.090768,0.340197,calls/second,milliseconds
1609429169,79,4.364614,0.472312,0.025469,0.379343,0.360222,0.655342,1.030242,1.575071,1.603615,1.636010,0.077021,0.016732,0.065369,0.298168,calls/second,milliseconds
1609429169,79,4.364614,0.472312,0.025469,0.379343,0.360222,0.655342,1.030242,1.575071,1.603615,1.636010,0.077020,0.016732,0.065369,0.298168,calls/second,milliseconds
