t,count,max,mean,min,stddev,p50,p75,p95,p98,p99,p999,mean_rate,m1_rate,m5_rate,m15_rate,rate_unit,duration_unit
1607723675,64,60.898208,2.663732,0.050899,8.596998,0.353458,0.647767,12.404274,34.021902,60.898208,60.898208,5.572266,3.479734,3.099171,3.033241,calls/second,milliseconds
1607723675,64,60.898208,2.663732,0.050899,8.596998,0.353458,0.647767,12.404274,34.021902,60.898208,60.898208,5.562973,3.479734,3.099171,3.033241,calls/second,milliseconds
