t,count,max,mean,min,stddev,p50,p75,p95,p98,p99,p999,mean_rate,m1_rate,m5_rate,m15_rate,rate_unit,duration_unit
1609993848,64,3.829384,0.385682,0.003311,0.474071,0.250164,0.550194,1.247751,1.450791,1.450791,3.829384,0.914866,1.752977,2.601858,2.856033,calls/second,milliseconds
1609993848,64,3.829384,0.385682,0.003311,0.474071,0.250164,0.550194,1.247751,1.450791,1.450791,3.829384,0.914597,1.752977,2.601858,2.856033,calls/second,milliseconds
