t,count,max,mean,min,stddev,p50,p75,p95,p98,p99,p999,mean_rate,m1_rate,m5_rate,m15_rate,rate_unit,duration_unit
1607885558,32,0.168006,0.031977,0.003223,0.045279,0.014963,0.025340,0.158286,0.168006,0.168006,0.168006,0.106658,0.179367,1.170900,2.179473,calls/second,milliseconds
1607885858,68,2.565766,0.966842,0.001921,1.213619,0.107846,2.565766,2.565766,2.565766,2.565766,2.565766,0.113320,0.020318,0.481814,1.591608,calls/second,milliseconds
1607885978,74,2.565766,0.109091,0.001921,0.341663,0.033956,0.108256,0.185840,0.185840,2.565766,2.565766,0.102858,0.016256,0.333837,1.402767,calls/second,milliseconds
1607885978,74,2.565766,0.109091,0.001921,0.341663,0.033956,0.108256,0.185840,0.185840,2.565766,2.565766,0.102857,0.016256,0.333837,1.402767,calls/second,milliseconds
