t,count,max,mean,min,stddev,p50,p75,p95,p98,p99,p999,mean_rate,m1_rate,m5_rate,m15_rate,rate_unit,duration_unit
1608800659,19,2.235381,0.058846,0.000645,0.268639,0.003704,0.004876,0.323624,0.448800,2.235381,2.235381,0.063334,0.022024,0.327755,0.592477,calls/second,milliseconds
1608800959,72,2.235381,0.227775,0.000589,0.292273,0.033136,0.410468,0.869274,0.921391,1.150387,1.150387,0.120002,0.358931,0.262218,0.479066,calls/second,milliseconds
1608801175,80,2.235381,0.395817,0.000589,0.462618,0.118520,1.026500,1.036377,1.036377,1.036377,1.150387,0.097973,0.028516,0.135497,0.379130,calls/second,milliseconds
1608801175,80,2.235381,0.395817,0.000589,0.462618,0.118520,1.026500,1.036377,1.036377,1.036377,1.150387,0.097972,0.028516,0.135497,0.379130,calls/second,milliseconds
