t,count,max,mean,min,stddev,p50,p75,p95,p98,p99,p999,mean_rate,m1_rate,m5_rate,m15_rate,rate_unit,duration_unit
1608504339,65,4.140495,0.357227,0.014698,0.690435,0.186163,0.301452,1.171925,3.613942,3.613942,4.140495,0.387091,0.393736,0.620074,0.728226,calls/second,milliseconds
1608504339,65,4.140495,0.357227,0.014698,0.690435,0.186163,0.301452,1.171925,3.613942,3.613942,4.140495,0.387077,0.393736,0.620074,0.728226,calls/second,milliseconds
