t,count,max,mean,min,stddev,p50,p75,p95,p98,p99,p999,mean_rate,m1_rate,m5_rate,m15_rate,rate_unit,duration_unit
1609240236,71,1.302518,0.103864,0.005125,0.104370,0.085564,0.127203,0.278129,0.315934,0.367452,1.302518,0.253887,0.226939,0.471213,0.654366,calls/second,milliseconds
1609240236,71,1.302518,0.103864,0.005125,0.104370,0.085564,0.127203,0.278129,0.315934,0.367452,1.302518,0.253879,0.226939,0.471213,0.654366,calls/second,milliseconds
