t,count,max,mean,min,stddev,p50,p75,p95,p98,p99,p999,mean_rate,m1_rate,m5_rate,m15_rate,rate_unit,duration_unit
1609403784,17,33.879033,2.954218,0.002330,5.626892,0.276342,3.456698,19.914106,19.914106,19.914106,33.879033,0.056662,0.154694,0.044430,0.017165,calls/second,milliseconds
1609404084,27,33.879033,2.125056,0.002330,4.215688,0.168894,0.756945,8.378002,19.914106,19.914106,19.914106,0.044998,0.002699,0.029570,0.020463,calls/second,milliseconds
1609404384,27,33.879033,2.125056,0.002330,4.215688,0.168894,0.756945,8.378002,19.914106,19.914106,19.914106,0.029999,0.000018,0.010878,0.014662,calls/second,milliseconds
1609404646,28,33.879033,2.007263,0.002330,0.031965,2.007256,2.007256,2.007256,2.007256,2.007256,2.007256,0.024100,0.000000,0.004573,0.010984,calls/second,milliseconds
1609404646,28,33.879033,2.007263,0.002330,0.031965,2.007256,2.007256,2.007256,2.007256,2.007256,2.007256,0.024100,0.000000,0.004573,0.010984,calls/second,milliseconds
