t,count,max,mean,min,stddev,p50,p75,p95,p98,p99,p999,mean_rate,m1_rate,m5_rate,m15_rate,rate_unit,duration_unit
1609282818,27,30.314620,3.863031,0.008669,7.579615,0.345341,2.243360,27.589428,27.589428,27.589428,30.314620,0.089994,0.019246,0.046870,0.024096,calls/second,milliseconds
1609282909,28,30.314620,2.656125,0.008669,4.104430,2.179256,2.179256,9.899111,18.648785,27.589428,30.314620,0.071575,0.004294,0.034722,0.021803,calls/second,milliseconds
1609282909,28,30.314620,2.656125,0.008669,4.104430,2.179256,2.179256,9.899111,18.648785,27.589428,30.314620,0.071574,0.004294,0.034722,0.021803,calls/second,milliseconds
