t,count,max,mean,min,stddev,p50,p75,p95,p98,p99,p999,mean_rate,m1_rate,m5_rate,m15_rate,rate_unit,duration_unit
1609393614,21,7.003728,1.246946,0.010579,1.216525,0.841493,1.986689,3.323980,3.323980,3.323980,7.003728,0.069970,0.066458,1.137775,2.167663,calls/second,milliseconds
1609393914,68,8.259750,2.886521,0.010579,3.557411,0.958890,8.259750,8.259750,8.259750,8.259750,8.259750,0.113309,0.026958,0.489530,1.593172,calls/second,milliseconds
1609394214,73,8.259750,0.890732,0.010579,0.618237,0.869975,0.869975,0.914129,1.781370,1.781370,8.259750,0.081100,0.015422,0.190519,1.146268,calls/second,milliseconds
1609394514,78,8.259750,0.974732,0.010579,0.412029,0.707503,1.294975,1.956313,1.956313,1.956313,1.956313,0.064993,0.015344,0.080519,0.826047,calls/second,milliseconds
1609394814,83,9.616706,2.027058,0.010579,1.491586,1.477001,1.917380,7.237127,7.237127,9.616706,9.616706,0.055329,0.015344,0.040052,0.596599,calls/second,milliseconds
1609394973,90,9.616706,0.908182,0.010579,1.048504,0.876239,1.039309,1.477001,5.568344,5.568344,7.237127,0.054241,0.042457,0.040239,0.508437,calls/second,milliseconds
1609394973,90,9.616706,0.908182,0.010579,1.048504,0.876239,1.039309,1.477001,5.568344,5.568344,7.237127,0.054241,0.042457,0.040239,0.508437,calls/second,milliseconds
