t,count,max,mean,min,stddev,p50,p75,p95,p98,p99,p999,mean_rate,m1_rate,m5_rate,m15_rate,rate_unit,duration_unit
1609298483,19,0.894515,0.065358,0.003699,0.110028,0.027659,0.031405,0.197816,0.347009,0.636379,0.894515,0.063334,0.017919,0.325891,0.591584,calls/second,milliseconds
1609298783,67,0.894515,0.163108,0.003699,0.223079,0.042090,0.245089,0.665208,0.824357,0.882106,0.882106,0.111668,0.033342,0.200259,0.466192,calls/second,milliseconds
1609299083,72,0.894515,0.029866,0.003699,0.041761,0.034260,0.034260,0.042090,0.059302,0.059302,0.665208,0.080001,0.010272,0.083268,0.338622,calls/second,milliseconds
1609299383,77,0.894515,0.026426,0.003699,0.011482,0.033727,0.033727,0.033727,0.033727,0.033727,0.034260,0.064167,0.010116,0.040229,0.247215,calls/second,milliseconds
1609299683,82,0.894515,0.049263,0.003699,0.023591,0.068436,0.068436,0.068436,0.068436,0.068436,0.068436,0.054667,0.010115,0.024396,0.181719,calls/second,milliseconds
1609299847,88,0.894515,0.250574,0.003699,0.273819,0.041299,0.404449,0.705982,0.705982,0.705982,0.705982,0.052864,0.012988,0.021276,0.154258,calls/second,milliseconds
1609299847,88,0.894515,0.250574,0.003699,0.273819,0.041299,0.404449,0.705982,0.705982,0.705982,0.705982,0.052864,0.012988,0.021276,0.154258,calls/second,milliseconds
