t,count,max,mean,min,stddev,p50,p75,p95,p98,p99,p999,mean_rate,m1_rate,m5_rate,m15_rate,rate_unit,duration_unit
1609326385,19,2.493660,0.505375,0.005243,0.252518,0.528576,0.545023,0.545023,0.740158,0.740158,2.493660,0.063314,0.037033,1.131273,2.165459,calls/second,milliseconds
1609326685,50,2.493660,0.246380,0.005243,0.181009,0.205228,0.369697,0.564088,0.607543,0.607543,1.167357,0.083321,0.249135,0.501783,1.583849,calls/second,milliseconds
1609326985,72,2.493660,0.691322,0.005243,0.423245,0.549046,1.134935,1.134935,1.134935,1.134935,1.134935,0.079992,0.020439,0.218324,1.153625,calls/second,milliseconds
1609327285,77,2.493660,0.635310,0.005243,0.086989,0.592877,0.716842,0.729452,0.729452,0.729452,1.134935,0.064162,0.015378,0.090748,0.831319,calls/second,milliseconds
1609327585,82,2.493660,0.599985,0.005243,0.156962,0.510450,0.592877,0.874047,0.874047,0.874047,0.874047,0.054663,0.015344,0.043815,0.600376,calls/second,milliseconds
1609327885,87,4.682874,0.708767,0.005243,0.810588,0.524681,0.581954,0.581954,4.682874,4.682874,4.682874,0.048331,0.015344,0.026549,0.434899,calls/second,milliseconds
1609328185,98,4.682874,0.544209,0.005243,0.224745,0.571691,0.571691,0.960340,0.960340,0.960340,0.960340,0.046665,0.016246,0.027997,0.321200,calls/second,milliseconds
1609328329,104,4.682874,0.253852,0.005243,0.188316,0.224829,0.491220,0.505645,0.562187,0.571691,0.960340,0.046347,0.011082,0.022646,0.276956,calls/second,milliseconds
1609328329,104,4.682874,0.253852,0.005243,0.188316,0.224829,0.491220,0.505645,0.562187,0.571691,0.960340,0.046346,0.011082,0.022646,0.276956,calls/second,milliseconds
