t,count,max,mean,min,stddev,p50,p75,p95,p98,p99,p999,mean_rate,m1_rate,m5_rate,m15_rate,rate_unit,duration_unit
1609284019,67,2.186293,0.188537,0.004038,0.232501,0.038971,0.372529,0.630960,0.665999,0.729687,2.186293,0.223336,0.138885,1.254068,2.223670,calls/second,milliseconds
1609284165,73,2.186293,0.431030,0.004038,0.404889,0.173661,0.720875,1.013419,1.189420,1.189420,1.189420,0.163689,0.024668,0.766071,1.884371,calls/second,milliseconds
1609284165,73,2.186293,0.431030,0.004038,0.404889,0.173661,0.720875,1.013419,1.189420,1.189420,1.189420,0.163686,0.024668,0.766071,1.884371,calls/second,milliseconds
