t,count,max,mean,min,stddev,p50,p75,p95,p98,p99,p999,mean_rate,m1_rate,m5_rate,m15_rate,rate_unit,duration_unit
1607880281,64,6.492747,0.498520,0.002737,0.656827,0.350329,0.740176,1.771588,2.016978,2.016978,6.492747,0.522568,0.851596,2.177601,2.688161,calls/second,milliseconds
1607880281,64,6.492747,0.498520,0.002737,0.656827,0.350329,0.740176,1.771588,2.016978,2.016978,6.492747,0.522519,0.851596,2.177601,2.688161,calls/second,milliseconds
