t,count,max,mean,min,stddev,p50,p75,p95,p98,p99,p999,mean_rate,m1_rate,m5_rate,m15_rate,rate_unit,duration_unit
1609432081,19,2.946559,0.141350,0.004217,0.336318,0.076743,0.076743,0.498419,1.048245,2.946559,2.946559,0.063337,0.024538,0.328058,0.592520,calls/second,milliseconds
1609432383,68,2.946559,0.458211,0.004217,0.560632,0.156633,0.564365,1.581789,1.815742,1.815742,1.815742,0.112957,0.185558,0.234419,0.470591,calls/second,milliseconds
1609432681,73,2.946559,0.209797,0.004217,0.278332,0.058052,0.504466,0.510368,1.416197,1.581789,1.815742,0.081112,0.017924,0.098293,0.343808,calls/second,milliseconds
1609432895,81,2.946559,0.675951,0.004217,0.791529,0.136130,1.253937,2.090783,2.090783,2.090783,2.090783,0.072702,0.025332,0.058047,0.274771,calls/second,milliseconds
1609432895,81,2.946559,0.675951,0.004217,0.791529,0.136130,1.253937,2.090783,2.090783,2.090783,2.090783,0.072701,0.025332,0.058047,0.274771,calls/second,milliseconds
