t,count,max,mean,min,stddev,p50,p75,p95,p98,p99,p999,mean_rate,m1_rate,m5_rate,m15_rate,rate_unit,duration_unit
1607879785,65,11.420807,0.286522,0.014719,1.450947,0.054840,0.075268,0.156750,4.587183,11.420807,11.420807,6.528474,3.600000,3.600000,3.600000,calls/second,milliseconds
1607879785,65,11.420807,0.286522,0.014719,1.450947,0.054840,0.075268,0.156750,4.587183,11.420807,11.420807,6.511570,3.600000,3.600000,3.600000,calls/second,milliseconds
