t,count,max,mean,min,stddev,p50,p75,p95,p98,p99,p999,mean_rate,m1_rate,m5_rate,m15_rate,rate_unit,duration_unit
1609983698,66,4.599236,0.271143,0.007328,0.451887,0.139179,0.227946,0.936684,1.327056,2.335758,4.599236,0.327560,0.209594,0.552041,0.701155,calls/second,milliseconds
1609983698,66,4.599236,0.271143,0.007328,0.451887,0.139179,0.227946,0.936684,1.327056,2.335758,4.599236,0.327538,0.209594,0.552041,0.701155,calls/second,milliseconds
