t,count,max,mean,min,stddev,p50,p75,p95,p98,p99,p999,mean_rate,m1_rate,m5_rate,m15_rate,rate_unit,duration_unit
1609416004,62,4.600222,0.526239,0.002233,0.732103,0.313226,0.813290,1.714223,2.462638,4.600222,4.600222,2.456320,1.422681,0.926313,0.842184,calls/second,milliseconds
1609416004,62,4.600222,0.526239,0.002233,0.732103,0.313226,0.813290,1.714223,2.462638,4.600222,4.600222,2.455015,1.422681,0.926313,0.842184,calls/second,milliseconds
