t,count,max,mean,min,stddev,p50,p75,p95,p98,p99,p999,mean_rate,m1_rate,m5_rate,m15_rate,rate_unit,duration_unit
1609983698,28,28.653650,1.605408,0.003723,3.612332,0.168554,1.025636,6.176776,10.037389,28.653650,28.653650,0.139008,0.078527,0.062350,0.026510,calls/second,milliseconds
1609983698,28,28.653650,1.605408,0.003723,3.612332,0.168554,1.025636,6.176776,10.037389,28.653650,28.653650,0.138998,0.078527,0.062350,0.026510,calls/second,milliseconds
