t,count,max,mean,min,stddev,p50,p75,p95,p98,p99,p999,mean_rate,m1_rate,m5_rate,m15_rate,rate_unit,duration_unit
1607882562,27,34.854283,2.328785,0.007874,4.697802,0.303225,0.462477,15.279218,15.279218,15.279218,34.854283,0.089988,0.102675,0.063000,0.026468,calls/second,milliseconds
1607882641,28,34.854283,3.547721,0.007874,4.270841,0.462477,6.162657,12.158819,15.279218,15.279218,34.854283,0.073833,0.029417,0.049064,0.024352,calls/second,milliseconds
1607882641,28,34.854283,3.547721,0.007874,4.270841,0.462477,6.162657,12.158819,15.279218,15.279218,34.854283,0.073830,0.029417,0.049064,0.024352,calls/second,milliseconds
