t,count,max,mean,min,stddev,p50,p75,p95,p98,p99,p999,mean_rate,m1_rate,m5_rate,m15_rate,rate_unit,duration_unit
1609835652,32,5.788745,0.536423,0.001460,0.887018,0.205895,0.704179,3.562589,3.562589,3.562589,5.788745,0.106671,0.085350,0.343436,0.597916,calls/second,milliseconds
1609835952,67,5.788745,0.223961,0.001297,0.474401,0.011630,0.163615,1.298918,1.658384,1.829624,3.562589,0.111669,0.021219,0.188438,0.464449,calls/second,milliseconds
1609836000,72,5.788745,0.382655,0.001297,0.425728,0.127671,0.559726,1.097202,1.097202,1.097202,1.829624,0.111034,0.018921,0.162501,0.440422,calls/second,milliseconds
1609836000,72,5.788745,0.382655,0.001297,0.425728,0.127671,0.559726,1.097202,1.097202,1.097202,1.829624,0.111031,0.018921,0.162501,0.440422,calls/second,milliseconds
