t,count,max,mean,min,stddev,p50,p75,p95,p98,p99,p999,mean_rate,m1_rate,m5_rate,m15_rate,rate_unit,duration_unit
1607890904,19,7.002264,0.964319,0.019470,1.009169,0.896603,0.896603,1.953293,4.857102,7.002264,7.002264,0.063306,0.019388,0.322433,0.589223,calls/second,milliseconds
1607891204,68,7.002264,0.416229,0.012749,0.474102,0.253106,0.501562,1.588022,1.588022,1.686510,1.686510,0.113310,0.063686,0.212690,0.467395,calls/second,milliseconds
1607891443,76,7.002264,0.602151,0.012749,0.511914,0.507232,1.323701,1.420907,1.420907,1.879797,1.879797,0.090536,0.014018,0.105963,0.363832,calls/second,milliseconds
1607891443,76,7.002264,0.602151,0.012749,0.511914,0.507232,1.323701,1.420907,1.420907,1.879797,1.879797,0.090535,0.014018,0.105963,0.363832,calls/second,milliseconds
