t,count,max,mean,min,stddev,p50,p75,p95,p98,p99,p999,mean_rate,m1_rate,m5_rate,m15_rate,rate_unit,duration_unit
1609802193,21,0.151716,0.010081,0.000077,0.011686,0.007903,0.009217,0.038366,0.042936,0.042936,0.151716,0.069995,0.062487,0.330277,0.591613,calls/second,milliseconds
1609802493,67,0.151716,0.011672,0.000077,0.008289,0.010915,0.018153,0.029177,0.029177,0.029177,0.029177,0.111663,0.037041,0.194272,0.463620,calls/second,milliseconds
1609802605,72,0.151716,0.012311,0.000077,0.006578,0.010634,0.016352,0.020823,0.020823,0.020823,0.029177,0.101130,0.012316,0.137390,0.411323,calls/second,milliseconds
1609802605,72,0.151716,0.012311,0.000077,0.006578,0.010634,0.016352,0.020823,0.020823,0.020823,0.029177,0.101128,0.012316,0.137390,0.411323,calls/second,milliseconds
