t,count,max,mean,min,stddev,p50,p75,p95,p98,p99,p999,mean_rate,m1_rate,m5_rate,m15_rate,rate_unit,duration_unit
1609418738,68,4.396408,0.245946,0.007958,0.338621,0.078579,0.382557,1.010007,1.081988,1.520922,1.520922,0.226464,0.256319,0.447693,0.639015,calls/second,milliseconds
1609418819,74,4.396408,0.543270,0.007958,0.869574,0.118686,0.567195,2.941269,2.941269,2.941269,2.941269,0.194240,0.087690,0.348814,0.586798,calls/second,milliseconds
1609418819,74,4.396408,0.543270,0.007958,0.869574,0.118686,0.567195,2.941269,2.941269,2.941269,2.941269,0.194007,0.087690,0.348814,0.586798,calls/second,milliseconds
