t,count,max,mean,min,stddev,p50,p75,p95,p98,p99,p999,mean_rate,m1_rate,m5_rate,m15_rate,rate_unit,duration_unit
1608513699,19,0.074325,0.038339,0.001984,0.013166,0.043481,0.043481,0.051121,0.051121,0.051121,0.074325,0.063329,0.025451,0.323184,0.589331,calls/second,milliseconds
1608513999,68,0.074325,0.015246,0.001327,0.018592,0.007810,0.013862,0.065733,0.065733,0.065733,0.067324,0.113330,0.121865,0.226809,0.469598,calls/second,milliseconds
1608514131,74,0.080650,0.028287,0.001327,0.027042,0.024587,0.031457,0.080650,0.080650,0.080650,0.080650,0.100990,0.027228,0.152491,0.408512,calls/second,milliseconds
1608514131,74,0.080650,0.028287,0.001327,0.027042,0.024587,0.031457,0.080650,0.080650,0.080650,0.080650,0.100989,0.027228,0.152491,0.408512,calls/second,milliseconds
