t,count,max,mean,min,stddev,p50,p75,p95,p98,p99,p999,mean_rate,m1_rate,m5_rate,m15_rate,rate_unit,duration_unit
1609416832,64,4.288265,0.615352,0.008607,0.841369,0.287800,0.737608,2.334166,3.570640,3.570640,4.288265,0.385460,0.509356,1.884556,2.558382,calls/second,milliseconds
1609416832,64,4.288265,0.615352,0.008607,0.841369,0.287800,0.737608,2.334166,3.570640,3.570640,4.288265,0.385429,0.509356,1.884556,2.558382,calls/second,milliseconds
