t,count,max,mean,min,stddev,p50,p75,p95,p98,p99,p999,mean_rate,m1_rate,m5_rate,m15_rate,rate_unit,duration_unit
1607889231,19,6.740073,0.859301,0.021717,0.869275,0.773036,0.773036,2.317026,2.317026,6.740073,6.740073,0.063316,0.020263,0.322338,0.589195,calls/second,milliseconds
1607889531,68,6.740073,0.799897,0.021717,0.912823,0.349839,1.177458,3.124807,3.124807,3.124807,5.401867,0.113258,0.041252,0.203529,0.465858,calls/second,milliseconds
1607889759,76,6.740073,0.583449,0.021717,0.937507,0.292191,0.589552,3.124807,4.462115,4.462115,4.462115,0.091784,0.017342,0.105379,0.366722,calls/second,milliseconds
1607889759,76,6.740073,0.583449,0.021717,0.937507,0.292191,0.589552,3.124807,4.462115,4.462115,4.462115,0.091692,0.017342,0.105379,0.366722,calls/second,milliseconds
