t,count,max,mean,min,stddev,p50,p75,p95,p98,p99,p999,mean_rate,m1_rate,m5_rate,m15_rate,rate_unit,duration_unit
1608504719,65,0.237391,0.019693,0.002255,0.022485,0.014606,0.019720,0.081379,0.092552,0.105895,0.237391,0.299032,0.274701,0.537567,0.690585,calls/second,milliseconds
1608504719,65,0.237391,0.019693,0.002255,0.022485,0.014606,0.019720,0.081379,0.092552,0.105895,0.237391,0.299013,0.274701,0.537567,0.690585,calls/second,milliseconds
