t,count,max,mean,min,stddev,p50,p75,p95,p98,p99,p999,mean_rate,m1_rate,m5_rate,m15_rate,rate_unit,duration_unit
1609993968,64,17.640027,0.751271,0.026589,2.246559,0.238818,0.506923,2.728429,8.458395,17.640027,17.640027,0.537166,0.527043,0.708284,0.765569,calls/second,milliseconds
1609993968,64,17.640027,0.751271,0.026589,2.246559,0.238818,0.506923,2.728429,8.458395,17.640027,17.640027,0.537100,0.527043,0.708284,0.765569,calls/second,milliseconds
