t,count,max,mean,min,stddev,p50,p75,p95,p98,p99,p999,mean_rate,m1_rate,m5_rate,m15_rate,rate_unit,duration_unit
1607731992,63,3.834943,0.411801,0.028509,0.594080,0.241160,0.387199,1.729154,3.082970,3.082970,3.082970,0.209920,0.339849,1.253237,2.211413,calls/second,milliseconds
1607732292,68,13.336190,4.298908,0.028509,4.588405,2.774208,2.774208,13.336190,13.336190,13.336190,13.336190,0.113312,0.017530,0.471471,1.589257,calls/second,milliseconds
1607732592,73,13.336190,1.514352,0.028509,0.631502,1.517358,1.517358,1.517358,1.941076,1.941076,13.336190,0.081101,0.015358,0.183875,1.143463,calls/second,milliseconds
1607732855,81,13.336190,0.782364,0.028509,0.989425,0.186276,1.517358,1.921855,4.095897,4.095897,4.095897,0.069628,0.010994,0.085793,0.860367,calls/second,milliseconds
1607732855,81,13.336190,0.782364,0.028509,0.989425,0.186276,1.517358,1.921855,4.095897,4.095897,4.095897,0.069628,0.010994,0.085793,0.860367,calls/second,milliseconds
