t,count,max,mean,min,stddev,p50,p75,p95,p98,p99,p999,mean_rate,m1_rate,m5_rate,m15_rate,rate_unit,duration_unit
1607893504,19,5.373965,1.281222,0.017277,0.979084,1.001930,1.395174,2.007606,5.373965,5.373965,5.373965,0.063308,0.038342,1.131426,2.165481,calls/second,milliseconds
1607893804,68,5.373965,0.411221,0.017277,0.360613,0.308586,0.543710,1.075011,1.374448,1.661959,1.661959,0.113274,0.125344,0.523484,1.598826,calls/second,milliseconds
1607893976,75,5.373965,0.395855,0.017277,0.399627,0.211236,0.816195,1.241584,1.678764,1.678764,1.678764,0.097168,0.026093,0.304859,1.326697,calls/second,milliseconds
1607893976,75,5.373965,0.395855,0.017277,0.399627,0.211236,0.816195,1.241584,1.678764,1.678764,1.678764,0.097167,0.026093,0.304859,1.326697,calls/second,milliseconds
