t,count,max,mean,min,stddev,p50,p75,p95,p98,p99,p999,mean_rate,m1_rate,m5_rate,m15_rate,rate_unit,duration_unit
1609428444,5,41.188706,8.254541,0.003609,16.467087,0.027194,0.038892,41.188706,41.188706,41.188706,41.188706,0.016666,0.000752,0.006500,0.004059,calls/second,milliseconds
1609428744,27,41.188706,2.547491,0.003609,4.348845,0.225606,2.751153,11.706420,12.845711,12.845711,12.845711,0.044986,0.034139,0.046609,0.023521,calls/second,milliseconds
1609429044,27,41.188706,2.547491,0.003609,4.348845,0.225606,2.751153,11.706420,12.845711,12.845711,12.845711,0.029999,0.000230,0.017147,0.016853,calls/second,milliseconds
1609429169,28,41.188706,1.692962,0.003609,0.292253,1.689231,1.689231,1.689231,1.689231,1.689231,2.751153,0.027329,0.000031,0.011494,0.014750,calls/second,milliseconds
1609429169,28,41.188706,1.692962,0.003609,0.292253,1.689231,1.689231,1.689231,1.689231,1.689231,2.751153,0.027329,0.000031,0.011494,0.014750,calls/second,milliseconds
