t,count,max,mean,min,stddev,p50,p75,p95,p98,p99,p999,mean_rate,m1_rate,m5_rate,m15_rate,rate_unit,duration_unit
1609307060,5,15.758001,3.160533,0.002322,6.298736,0.013949,0.018786,15.758001,15.758001,15.758001,15.758001,0.016666,0.007324,0.374062,0.720523,calls/second,milliseconds
1609307360,27,15.758001,1.343323,0.002322,2.365133,0.232709,0.427104,7.589856,7.589856,7.589856,7.589856,0.044999,0.036587,0.182554,0.537007,calls/second,milliseconds
1609307660,27,15.758001,1.343323,0.002322,2.365133,0.232709,0.427104,7.589856,7.589856,7.589856,7.589856,0.030000,0.000247,0.067158,0.384782,calls/second,milliseconds
1609307960,27,15.758001,1.343323,0.002322,2.365133,0.232709,0.427104,7.589856,7.589856,7.589856,7.589856,0.022500,0.000002,0.024706,0.275709,calls/second,milliseconds
1609308260,27,15.758001,1.343323,0.002322,2.365133,0.232709,0.427104,7.589856,7.589856,7.589856,7.589856,0.018000,0.000000,0.009089,0.197554,calls/second,milliseconds
1609308352,28,15.758001,0.941600,0.002322,0.002347,0.941600,0.941600,0.941600,0.941600,0.941600,0.941600,0.017591,0.000000,0.006733,0.178754,calls/second,milliseconds
1609308352,28,15.758001,0.941600,0.002322,0.002347,0.941600,0.941600,0.941600,0.941600,0.941600,0.941600,0.017591,0.000000,0.006733,0.178754,calls/second,milliseconds
