t,count,max,mean,min,stddev,p50,p75,p95,p98,p99,p999,mean_rate,m1_rate,m5_rate,m15_rate,rate_unit,duration_unit
1609423432,22,3.363006,0.545503,0.004140,0.514142,0.416931,0.865841,1.173568,1.173568,1.173568,3.363006,0.073335,0.038943,1.150133,2.177501,calls/second,milliseconds
1609423662,70,3.363006,0.314670,0.001917,0.351962,0.155887,0.480767,1.168573,1.548298,1.652120,1.652120,0.132044,0.104663,0.623423,1.723432,calls/second,milliseconds
1609423662,70,3.363006,0.314670,0.001917,0.351962,0.155887,0.480767,1.168573,1.548298,1.652120,1.652120,0.132042,0.104663,0.623423,1.723432,calls/second,milliseconds
