t,count,max,mean,min,stddev,p50,p75,p95,p98,p99,p999,mean_rate,m1_rate,m5_rate,m15_rate,rate_unit,duration_unit
1609196643,63,1.467161,0.108125,0.008436,0.118038,0.079354,0.114698,0.358676,0.532638,0.532638,1.455880,0.209955,0.336284,0.445923,0.635380,calls/second,milliseconds
1609196715,68,1.467161,0.124435,0.008436,0.117615,0.079363,0.119330,0.377316,0.482048,0.532638,0.532638,0.182519,0.112274,0.355967,0.588889,calls/second,milliseconds
1609196715,68,1.467161,0.124435,0.008436,0.117615,0.079363,0.119330,0.377316,0.482048,0.532638,0.532638,0.182517,0.112274,0.355967,0.588889,calls/second,milliseconds
