t,count,max,mean,min,stddev,p50,p75,p95,p98,p99,p999,mean_rate,m1_rate,m5_rate,m15_rate,rate_unit,duration_unit
1609420288,62,9.682747,0.553015,0.002920,0.789470,0.273748,0.606296,2.514936,2.900622,3.516704,3.516704,0.206670,0.468660,0.456843,0.638587,calls/second,milliseconds
1609420468,69,9.682747,0.993537,0.002920,1.240762,0.139430,1.894508,3.371935,3.371935,3.371935,3.516704,0.143915,0.035675,0.257922,0.525810,calls/second,milliseconds
1609420468,69,9.682747,0.993537,0.002920,1.240762,0.139430,1.894508,3.371935,3.371935,3.371935,3.516704,0.143909,0.035675,0.257922,0.525810,calls/second,milliseconds
