t,count,max,mean,min,stddev,p50,p75,p95,p98,p99,p999,mean_rate,m1_rate,m5_rate,m15_rate,rate_unit,duration_unit
1607872675,63,3.694789,0.241750,0.005837,0.328033,0.115492,0.220997,1.162035,1.162035,1.162035,1.162035,0.209915,0.179969,1.235944,2.209131,calls/second,milliseconds
1607872975,68,3.694789,0.893618,0.005837,0.308667,0.889112,0.923546,0.923546,2.096001,2.096001,2.096001,0.113311,0.024331,0.466015,1.587755,calls/second,milliseconds
1607873275,73,3.694789,0.837256,0.005837,0.087250,0.896678,0.896678,0.896678,0.898311,0.898311,0.923546,0.081101,0.023282,0.182775,1.142519,calls/second,milliseconds
1607873466,80,3.694789,0.522985,0.005837,0.335349,0.347446,0.810345,1.126264,1.126264,1.126264,1.126264,0.073347,0.037350,0.112967,0.931252,calls/second,milliseconds
1607873466,80,3.694789,0.522985,0.005837,0.335349,0.347446,0.810345,1.126264,1.126264,1.126264,1.126264,0.073346,0.037350,0.112967,0.931252,calls/second,milliseconds
