t,count,max,mean,min,stddev,p50,p75,p95,p98,p99,p999,mean_rate,m1_rate,m5_rate,m15_rate,rate_unit,duration_unit
1610008426,19,4.189585,0.682619,0.016950,0.448170,0.553425,0.610165,1.442650,1.561124,1.561124,4.189585,0.063307,0.044819,1.132063,2.165569,calls/second,milliseconds
1610008726,68,4.189585,0.313931,0.007583,0.346764,0.204742,0.355336,1.304234,1.304234,1.304234,1.304234,0.113309,0.203590,0.535145,1.600514,calls/second,milliseconds
1610008774,72,4.189585,0.299879,0.007583,0.292815,0.204742,0.398929,0.977644,1.304234,1.304234,1.304234,0.111000,0.096169,0.460604,1.522456,calls/second,milliseconds
1610008774,72,4.189585,0.299879,0.007583,0.292815,0.204742,0.398929,0.977644,1.304234,1.304234,1.304234,0.110998,0.096169,0.460604,1.522456,calls/second,milliseconds
