t,count,max,mean,min,stddev,p50,p75,p95,p98,p99,p999,mean_rate,m1_rate,m5_rate,m15_rate,rate_unit,duration_unit
1607864192,54,4.140322,0.290995,0.011814,0.593474,0.141980,0.233840,2.462502,2.773492,2.773492,3.066843,0.179927,0.427470,1.238190,2.203220,calls/second,milliseconds
1607864492,67,5.017938,0.971654,0.011814,0.840195,1.056669,1.056669,2.104600,5.017938,5.017938,5.017938,0.111640,0.020612,0.476446,1.589893,calls/second,milliseconds
1607864792,72,5.017938,1.175031,0.011814,0.377109,0.987632,1.009391,1.810797,1.810797,1.810797,1.810797,0.079988,0.016704,0.185880,1.143945,calls/second,milliseconds
1607865092,77,5.017938,0.882267,0.011814,0.073100,0.901095,0.901095,0.936354,0.936354,0.987632,1.810797,0.064160,0.016677,0.078988,0.824409,calls/second,milliseconds
1607865392,82,5.017938,0.937610,0.011814,0.405850,0.761218,0.846085,2.091349,2.091349,2.091349,2.091349,0.054662,0.016677,0.039664,0.595452,calls/second,milliseconds
1607865684,91,5.017938,0.412182,0.011814,0.324220,0.264340,0.728169,1.162098,1.162098,1.162098,1.162098,0.050787,0.034641,0.033905,0.439292,calls/second,milliseconds
1607865684,91,5.017938,0.412182,0.011814,0.324220,0.264340,0.728169,1.162098,1.162098,1.162098,1.162098,0.050787,0.034641,0.033905,0.439292,calls/second,milliseconds
