t,count,max,mean,min,stddev,p50,p75,p95,p98,p99,p999,mean_rate,m1_rate,m5_rate,m15_rate,rate_unit,duration_unit
1608481414,71,1.099042,0.164841,0.002804,0.192242,0.062155,0.279617,0.605930,0.605930,0.811887,1.099042,0.290066,0.200409,0.508825,0.677616,calls/second,milliseconds
1608481414,71,1.099042,0.164841,0.002804,0.192242,0.062155,0.279617,0.605930,0.605930,0.811887,1.099042,0.290060,0.200409,0.508825,0.677616,calls/second,milliseconds
