t,count,max,mean,min,stddev,p50,p75,p95,p98,p99,p999,mean_rate,m1_rate,m5_rate,m15_rate,rate_unit,duration_unit
1609998955,44,2.273869,0.392396,0.013557,0.464151,0.213406,0.682353,1.354358,1.835937,1.835937,1.835937,0.146675,0.199799,1.193749,2.192728,calls/second,milliseconds
1609999032,68,5.811078,0.691988,0.013304,1.346709,0.157553,0.459938,5.811078,5.811078,5.811078,5.811078,0.180374,0.239232,0.998227,2.038356,calls/second,milliseconds
1609999032,68,5.811078,0.691988,0.013304,1.346709,0.157553,0.459938,5.811078,5.811078,5.811078,5.811078,0.180368,0.239232,0.998227,2.038356,calls/second,milliseconds
