t,count,max,mean,min,stddev,p50,p75,p95,p98,p99,p999,mean_rate,m1_rate,m5_rate,m15_rate,rate_unit,duration_unit
1607882948,27,24.807075,2.660455,0.005236,5.110374,0.215743,0.562283,18.316550,18.316550,18.316550,24.807075,0.089989,0.120439,0.431522,0.743047,calls/second,milliseconds
1607882977,28,24.807075,2.735250,0.005236,4.665999,0.282658,3.107218,12.120779,18.316550,18.316550,24.807075,0.085118,0.079398,0.397020,0.722691,calls/second,milliseconds
1607882977,28,24.807075,2.735250,0.005236,4.665999,0.282658,3.107218,12.120779,18.316550,18.316550,24.807075,0.085114,0.079398,0.397020,0.722691,calls/second,milliseconds
