t,count,max,mean,min,stddev,p50,p75,p95,p98,p99,p999,mean_rate,m1_rate,m5_rate,m15_rate,rate_unit,duration_unit
1607723805,64,0.331087,0.023985,0.000924,0.040697,0.006036,0.025741,0.090636,0.090636,0.090636,0.331087,0.649210,0.938608,2.344504,2.761188,calls/second,milliseconds
1607723805,64,0.331087,0.023985,0.000924,0.040697,0.006036,0.025741,0.090636,0.090636,0.090636,0.331087,0.649068,0.938608,2.344504,2.761188,calls/second,milliseconds
