t,count,max,mean,min,stddev,p50,p75,p95,p98,p99,p999,mean_rate,m1_rate,m5_rate,m15_rate,rate_unit,duration_unit
1609285644,27,24.504453,2.271678,0.002659,5.866257,0.153955,0.477902,24.504453,24.504453,24.504453,24.504453,0.089995,0.092967,0.061928,0.026327,calls/second,milliseconds
1609285944,27,24.504453,2.271678,0.002659,5.866257,0.153955,0.477902,24.504453,24.504453,24.504453,24.504453,0.044999,0.000626,0.022782,0.018864,calls/second,milliseconds
1609285992,28,24.504453,1.731160,0.002659,1.085297,1.712177,1.712177,1.712177,1.712177,1.712177,24.504453,0.043209,0.000296,0.019609,0.017944,calls/second,milliseconds
1609285992,28,24.504453,1.731160,0.002659,1.085297,1.712177,1.712177,1.712177,1.712177,1.712177,24.504453,0.043208,0.000296,0.019609,0.017944,calls/second,milliseconds
