t,count,max,mean,min,stddev,p50,p75,p95,p98,p99,p999,mean_rate,m1_rate,m5_rate,m15_rate,rate_unit,duration_unit
1609300156,19,1.603233,0.648310,0.016275,0.247170,0.633609,0.892130,0.892130,0.989799,0.989799,1.603233,0.063316,0.039900,1.131616,2.165508,calls/second,milliseconds
1609300456,67,1.603233,0.321209,0.016275,0.231815,0.353183,0.373896,0.822395,0.822395,0.822395,0.938815,0.111652,0.041436,0.497834,1.594134,calls/second,milliseconds
1609300756,72,1.603233,0.660251,0.016275,0.093664,0.719605,0.719605,0.719605,0.719605,0.719605,0.822395,0.079993,0.018284,0.193927,1.147010,calls/second,milliseconds
1609301056,77,1.874077,1.039249,0.016275,0.472133,0.790434,0.790434,1.874077,1.874077,1.874077,1.874077,0.064163,0.018128,0.082126,0.826632,calls/second,milliseconds
1609301198,83,1.874077,0.409384,0.016275,0.296411,0.489479,0.564554,0.952680,0.952680,0.952680,1.874077,0.061826,0.012988,0.056762,0.709598,calls/second,milliseconds
1609301198,83,1.874077,0.409384,0.016275,0.296411,0.489479,0.564554,0.952680,0.952680,0.952680,1.874077,0.061826,0.012988,0.056762,0.709598,calls/second,milliseconds
