t,count,max,mean,min,stddev,p50,p75,p95,p98,p99,p999,mean_rate,m1_rate,m5_rate,m15_rate,rate_unit,duration_unit
1609105209,24,2.741179,0.252451,0.000816,0.229262,0.283886,0.444411,0.478831,0.478831,0.478831,2.741179,0.080002,0.056676,0.334914,0.594786,calls/second,milliseconds
1609105422,70,2.741179,0.243443,0.000677,0.287673,0.096699,0.597181,0.736498,0.736498,0.736498,0.736498,0.136366,0.067565,0.250768,0.510048,calls/second,milliseconds
1609105422,70,2.741179,0.243443,0.000677,0.287673,0.096699,0.597181,0.736498,0.736498,0.736498,0.736498,0.136364,0.067565,0.250768,0.510048,calls/second,milliseconds
