t,count,max,mean,min,stddev,p50,p75,p95,p98,p99,p999,mean_rate,m1_rate,m5_rate,m15_rate,rate_unit,duration_unit
1609433210,19,0.220510,0.079989,0.001504,0.035384,0.094071,0.094071,0.101629,0.101629,0.220510,0.220510,0.063328,0.033701,1.130830,2.165395,calls/second,milliseconds
1609433510,68,0.236899,0.016883,0.001504,0.027276,0.008857,0.016587,0.051873,0.123266,0.123266,0.236899,0.113327,0.169796,0.530062,1.599729,calls/second,milliseconds
1609433716,76,0.236899,0.037652,0.001504,0.038472,0.024628,0.024666,0.107093,0.115716,0.115716,0.123266,0.094228,0.074568,0.287275,1.281167,calls/second,milliseconds
1609433716,76,0.236899,0.037652,0.001504,0.038472,0.024628,0.024666,0.107093,0.115716,0.115716,0.123266,0.094227,0.074568,0.287275,1.281167,calls/second,milliseconds
