t,count,max,mean,min,stddev,p50,p75,p95,p98,p99,p999,mean_rate,m1_rate,m5_rate,m15_rate,rate_unit,duration_unit
1609409557,63,3.429284,0.291073,0.000733,0.514183,0.104827,0.391563,1.139173,1.459171,3.248586,3.429284,0.210003,0.178438,1.254477,2.221133,calls/second,milliseconds
1609409857,68,3.429284,0.038961,0.000733,0.158955,0.012727,0.023152,0.055720,0.379143,0.642226,3.248586,0.113336,0.024320,0.472834,1.596354,calls/second,milliseconds
1609410157,73,3.429284,0.013600,0.000733,0.018245,0.012017,0.012017,0.025880,0.025880,0.032759,0.034186,0.081112,0.023282,0.185283,1.148681,calls/second,milliseconds
1609410217,78,3.429284,0.896644,0.000733,0.928797,0.813839,2.202609,2.202609,2.202609,2.202609,2.202609,0.081215,0.042265,0.160781,1.072886,calls/second,milliseconds
1609410217,78,3.429284,0.896644,0.000733,0.928797,0.813839,2.202609,2.202609,2.202609,2.202609,2.202609,0.081214,0.042265,0.160781,1.072886,calls/second,milliseconds
