t,count,max,mean,min,stddev,p50,p75,p95,p98,p99,p999,mean_rate,m1_rate,m5_rate,m15_rate,rate_unit,duration_unit
1607881611,67,0.430926,0.015599,0.001207,0.053781,0.005917,0.008662,0.066831,0.080193,0.430926,0.430926,0.273327,0.338988,1.481852,2.350059,calls/second,milliseconds
1607881611,67,0.430926,0.015599,0.001207,0.053781,0.005917,0.008662,0.066831,0.080193,0.430926,0.430926,0.273316,0.338988,1.481852,2.350059,calls/second,milliseconds
