t,count,max,mean,min,stddev,p50,p75,p95,p98,p99,p999,mean_rate,m1_rate,m5_rate,m15_rate,rate_unit,duration_unit
1609321358,19,1.175631,0.054670,0.004059,0.146219,0.011264,0.014294,0.174311,0.563757,1.175631,1.175631,0.063335,0.036630,1.149835,2.177458,calls/second,milliseconds
1609321658,59,1.175631,0.229832,0.001626,0.299115,0.046733,0.389089,1.041496,1.086925,1.086925,1.086925,0.098335,0.246228,0.528013,1.601129,calls/second,milliseconds
1609321958,72,1.175631,0.088503,0.001626,0.177272,0.013797,0.057873,0.431948,0.711155,0.744065,1.086925,0.080000,0.015867,0.214908,1.158448,calls/second,milliseconds
1609322258,77,1.175631,0.019199,0.001626,0.023574,0.014452,0.023096,0.024832,0.037265,0.037265,0.373677,0.064167,0.013008,0.089149,0.834723,calls/second,milliseconds
1609322558,82,1.175631,0.026697,0.001626,0.004588,0.023916,0.032489,0.032489,0.032489,0.033904,0.033904,0.054667,0.012988,0.042885,0.602764,calls/second,milliseconds
1609322858,87,1.175631,0.007648,0.001626,0.002246,0.007203,0.008803,0.008803,0.008803,0.023916,0.032489,0.048334,0.012988,0.025865,0.436557,calls/second,milliseconds
1609323104,101,1.316284,0.530696,0.001626,0.537959,0.167777,1.040148,1.316284,1.316284,1.316284,1.316284,0.049364,0.061044,0.038873,0.342954,calls/second,milliseconds
1609323104,101,1.316284,0.530696,0.001626,0.537959,0.167777,1.040148,1.316284,1.316284,1.316284,1.316284,0.049364,0.061044,0.038873,0.342954,calls/second,milliseconds
