t,count,max,mean,min,stddev,p50,p75,p95,p98,p99,p999,mean_rate,m1_rate,m5_rate,m15_rate,rate_unit,duration_unit
1609435233,19,2.083122,0.132364,0.004784,0.216248,0.067014,0.074357,0.350436,0.816823,0.857408,2.083122,0.063338,0.046728,1.150923,2.177611,calls/second,milliseconds
1609435533,64,3.416977,0.290410,0.001752,0.513891,0.036396,0.446453,1.351381,1.860687,3.416977,3.416977,0.106670,0.210819,0.525231,1.600841,calls/second,milliseconds
1609435784,80,3.416977,0.363638,0.001752,0.370127,0.096132,0.700529,0.926653,0.926653,0.926653,1.860687,0.093933,0.024197,0.252756,1.220744,calls/second,milliseconds
1609435784,80,3.416977,0.363638,0.001752,0.370127,0.096132,0.700529,0.926653,0.926653,0.926653,1.860687,0.093932,0.024197,0.252756,1.220744,calls/second,milliseconds
