t,count,max,mean,min,stddev,p50,p75,p95,p98,p99,p999,mean_rate,m1_rate,m5_rate,m15_rate,rate_unit,duration_unit
1609292757,32,0.337981,0.014328,0.000994,0.019299,0.006298,0.029337,0.048804,0.051647,0.051647,0.164952,0.106654,0.225553,1.173438,2.179775,calls/second,milliseconds
1609293057,68,0.337981,0.057545,0.000994,0.039707,0.074014,0.098704,0.098704,0.098704,0.098704,0.098704,0.113328,0.024698,0.485189,1.592299,calls/second,milliseconds
1609293357,73,0.337981,0.079929,0.000994,0.013544,0.071874,0.089228,0.099713,0.099713,0.099713,0.099713,0.081108,0.016731,0.189097,1.145669,calls/second,milliseconds
1609293657,78,0.337981,0.042218,0.000994,0.017679,0.029570,0.069186,0.069186,0.069186,0.071874,0.099713,0.064998,0.016678,0.080171,0.825644,calls/second,milliseconds
1609293957,83,0.337981,0.053450,0.000994,0.002946,0.055082,0.055082,0.055082,0.055082,0.055082,0.069186,0.055332,0.016677,0.040099,0.596337,calls/second,milliseconds
1609293977,87,0.337981,0.029737,0.000994,0.023715,0.030318,0.055082,0.060619,0.060619,0.060619,0.060619,0.057250,0.012988,0.038143,0.586480,calls/second,milliseconds
1609293977,87,0.337981,0.029737,0.000994,0.023715,0.030318,0.055082,0.060619,0.060619,0.060619,0.060619,0.057250,0.012988,0.038143,0.586480,calls/second,milliseconds
