t,count,max,mean,min,stddev,p50,p75,p95,p98,p99,p999,mean_rate,m1_rate,m5_rate,m15_rate,rate_unit,duration_unit
1608198612,5,18.233179,3.653065,0.002257,7.290060,0.006391,0.020074,18.233179,18.233179,18.233179,18.233179,0.016666,0.000817,0.006609,0.004082,calls/second,milliseconds
1608198912,27,18.233179,1.277142,0.002257,2.318793,0.166956,0.353165,6.938698,6.938698,6.938698,6.938698,0.044999,0.029509,0.045539,0.023368,calls/second,milliseconds
1608199097,28,18.233179,1.060849,0.002257,0.825086,1.029847,1.029847,1.029847,4.184151,6.938698,6.938698,0.035689,0.001469,0.024993,0.019132,calls/second,milliseconds
1608199097,28,18.233179,1.060849,0.002257,0.825086,1.029847,1.029847,1.029847,4.184151,6.938698,6.938698,0.035689,0.001469,0.024993,0.019132,calls/second,milliseconds
