t,count,max,mean,min,stddev,p50,p75,p95,p98,p99,p999,mean_rate,m1_rate,m5_rate,m15_rate,rate_unit,duration_unit
1607897246,19,4.800095,0.143080,0.001697,0.480412,0.045108,0.063673,0.311573,0.737219,0.806259,4.800095,0.063335,0.040252,1.150286,2.177523,calls/second,milliseconds
1607897546,73,4.807365,0.431979,0.000432,0.802045,0.072690,0.566779,1.719470,3.348638,3.348638,4.807365,0.121668,0.360158,0.565372,1.615527,calls/second,milliseconds
1607897726,80,4.807365,0.538185,0.000432,0.645794,0.112623,1.260960,1.314355,1.314355,1.816653,4.807365,0.102559,0.079051,0.322517,1.321690,calls/second,milliseconds
1607897726,80,4.807365,0.538185,0.000432,0.645794,0.112623,1.260960,1.314355,1.314355,1.816653,4.807365,0.102558,0.079051,0.322517,1.321690,calls/second,milliseconds
