t,count,max,mean,min,stddev,p50,p75,p95,p98,p99,p999,mean_rate,m1_rate,m5_rate,m15_rate,rate_unit,duration_unit
1607877016,63,0.164700,0.011899,0.001297,0.011548,0.008280,0.011703,0.037248,0.037248,0.037248,0.164700,0.209983,0.089210,0.414075,0.631027,calls/second,milliseconds
1607877316,68,0.164700,0.101488,0.001297,0.062126,0.156842,0.156842,0.156842,0.156842,0.156842,0.156842,0.113329,0.012470,0.162252,0.456783,calls/second,milliseconds
1607877363,73,0.164700,0.025083,0.001297,0.032073,0.015517,0.017747,0.051550,0.156842,0.156842,0.156842,0.112774,0.015590,0.142642,0.435577,calls/second,milliseconds
1607877363,73,0.164700,0.025083,0.001297,0.032073,0.015517,0.017747,0.051550,0.156842,0.156842,0.156842,0.112772,0.015590,0.142642,0.435577,calls/second,milliseconds
