t,count,max,mean,min,stddev,p50,p75,p95,p98,p99,p999,mean_rate,m1_rate,m5_rate,m15_rate,rate_unit,duration_unit
1607878598,27,42.093196,1.789518,0.002193,5.390693,0.159960,2.324626,8.291669,8.291669,42.093196,42.093196,0.089992,0.015181,0.408034,0.739436,calls/second,milliseconds
1607878898,27,42.093196,1.789518,0.002193,5.390693,0.159960,2.324626,8.291669,8.291669,42.093196,42.093196,0.044999,0.000102,0.150107,0.529829,calls/second,milliseconds
1607878944,28,42.093196,2.018924,0.002193,0.447051,2.020510,2.020510,2.020510,2.020510,2.020510,4.210763,0.043377,0.009747,0.132190,0.505061,calls/second,milliseconds
1607878944,28,42.093196,2.018924,0.002193,0.447051,2.020510,2.020510,2.020510,2.020510,2.020510,4.210763,0.043377,0.009747,0.132190,0.505061,calls/second,milliseconds
