t,count,max,mean,min,stddev,p50,p75,p95,p98,p99,p999,mean_rate,m1_rate,m5_rate,m15_rate,rate_unit,duration_unit
1608451793,68,0.086796,0.008541,0.000391,0.010144,0.005342,0.008277,0.041316,0.041316,0.041316,0.041316,0.226648,0.188675,0.440659,0.638094,calls/second,milliseconds
1608451832,72,0.086796,0.009691,0.000391,0.010963,0.005342,0.008277,0.032504,0.041316,0.041316,0.041316,0.212281,0.105287,0.392134,0.613756,calls/second,milliseconds
1608451832,72,0.086796,0.009691,0.000391,0.010963,0.005342,0.008277,0.032504,0.041316,0.041316,0.041316,0.212277,0.105287,0.392134,0.613756,calls/second,milliseconds
