t,count,max,mean,min,stddev,p50,p75,p95,p98,p99,p999,mean_rate,m1_rate,m5_rate,m15_rate,rate_unit,duration_unit
1609417072,28,27.273696,2.887902,0.014842,4.928426,0.333742,3.576712,13.481710,19.424890,19.424890,27.273696,0.118326,0.068346,0.060144,0.026174,calls/second,milliseconds
1609417072,28,27.273696,2.887902,0.014842,4.928426,0.333742,3.576712,13.481710,19.424890,19.424890,27.273696,0.118318,0.068346,0.060144,0.026174,calls/second,milliseconds
