t,count,max,mean,min,stddev,p50,p75,p95,p98,p99,p999,mean_rate,m1_rate,m5_rate,m15_rate,rate_unit,duration_unit
1609284468,27,44.595876,2.066438,0.002248,4.968002,0.228947,0.599218,17.499798,17.499798,17.499798,44.595876,0.089992,0.057339,0.056868,0.025629,calls/second,milliseconds
1609284742,28,44.595876,1.064313,0.002248,1.286618,0.995476,0.995476,0.995476,0.995476,4.912004,17.499798,0.048837,0.000637,0.023121,0.018986,calls/second,milliseconds
1609284742,28,44.595876,1.064313,0.002248,1.286618,0.995476,0.995476,0.995476,0.995476,4.912004,17.499798,0.048837,0.000637,0.023121,0.018986,calls/second,milliseconds
