t,count,max,mean,min,stddev,p50,p75,p95,p98,p99,p999,mean_rate,m1_rate,m5_rate,m15_rate,rate_unit,duration_unit
1609496947,19,6.093896,0.102242,0.000983,0.612793,0.010614,0.010943,0.243777,0.778830,1.210106,6.093896,0.063336,0.029188,0.328532,0.592586,calls/second,milliseconds
1609497249,70,6.093896,0.428663,0.000983,0.600751,0.113614,0.712690,1.441027,2.949135,2.949135,2.949135,0.116373,0.346480,0.252068,0.473636,calls/second,milliseconds
1609497547,77,6.093896,0.081705,0.000469,0.289835,0.011004,0.011350,0.592958,1.021056,1.292315,2.949135,0.085557,0.024189,0.109211,0.348491,calls/second,milliseconds
1609497765,84,6.093896,1.207817,0.000469,1.698722,0.134320,1.100084,4.398075,4.398075,4.398075,4.398075,0.075193,0.011065,0.059420,0.275863,calls/second,milliseconds
1609497765,84,6.093896,1.207817,0.000469,1.698722,0.134320,1.100084,4.398075,4.398075,4.398075,4.398075,0.075192,0.011065,0.059420,0.275863,calls/second,milliseconds
