t,count,max,mean,min,stddev,p50,p75,p95,p98,p99,p999,mean_rate,m1_rate,m5_rate,m15_rate,rate_unit,duration_unit
1607788800,19,2.275623,0.125229,0.004346,0.279121,0.076230,0.076230,0.336582,0.929672,2.275623,2.275623,0.063336,0.035611,1.149690,2.177437,calls/second,milliseconds
1607789100,49,2.275623,0.277339,0.004346,0.309473,0.144556,0.490818,0.825379,1.253235,1.253235,1.253235,0.081669,0.259751,0.506321,1.591428,calls/second,milliseconds
1607789400,72,2.275623,0.268707,0.004346,0.365480,0.132877,0.296073,0.964402,1.950551,1.950551,1.950551,0.080001,0.018432,0.222068,1.160040,calls/second,milliseconds
1607789700,77,2.275623,0.050299,0.004346,0.059395,0.043510,0.048628,0.058205,0.062812,0.132877,0.964402,0.064167,0.011993,0.091616,0.835838,calls/second,milliseconds
1607790000,82,2.275623,0.052631,0.004346,0.013332,0.060476,0.060476,0.060476,0.060476,0.060476,0.060476,0.054667,0.011950,0.043626,0.603536,calls/second,milliseconds
1607790300,87,2.275623,0.104830,0.004346,0.033821,0.130177,0.130177,0.130177,0.130177,0.130177,0.130177,0.047953,0.009306,0.024704,0.429861,calls/second,milliseconds
1607790600,98,2.275623,0.046653,0.003480,0.017401,0.055660,0.055660,0.055660,0.055660,0.055660,0.130177,0.046667,0.012864,0.027297,0.322693,calls/second,milliseconds
1607790900,103,2.275623,0.051018,0.003480,0.003438,0.050426,0.050426,0.055307,0.062230,0.062230,0.062230,0.042917,0.011956,0.019964,0.235852,calls/second,milliseconds
1607791200,108,2.275623,0.050502,0.003480,0.007039,0.053580,0.053580,0.053580,0.053580,0.053580,0.055307,0.040000,0.011950,0.017266,0.173628,calls/second,milliseconds
1607791500,113,2.275623,0.071894,0.003480,0.018653,0.064586,0.064586,0.103636,0.103636,0.103636,0.103636,0.037667,0.011950,0.016274,0.129043,calls/second,milliseconds
1607791579,119,2.907943,0.981641,0.003480,1.024356,0.861855,1.343609,2.907943,2.907943,2.907943,2.907943,0.038651,0.023275,0.018377,0.120200,calls/second,milliseconds
1607791579,119,2.907943,0.981641,0.003480,1.024356,0.861855,1.343609,2.907943,2.907943,2.907943,2.907943,0.038651,0.023275,0.018377,0.120200,calls/second,milliseconds
