t,count,max,mean,min,stddev,p50,p75,p95,p98,p99,p999,mean_rate,m1_rate,m5_rate,m15_rate,rate_unit,duration_unit
1609414040,63,1.844575,0.331641,0.008292,0.326905,0.160833,0.629736,0.860162,0.860162,0.860162,1.844575,0.209917,0.060839,1.205632,2.204443,calls/second,milliseconds
1609414090,68,1.844575,0.349980,0.008292,0.250698,0.319720,0.350397,0.860162,0.860162,0.860162,1.844575,0.194688,0.074571,1.050067,2.101266,calls/second,milliseconds
1609414090,68,1.844575,0.349980,0.008292,0.250698,0.319720,0.350397,0.860162,0.860162,0.860162,1.844575,0.194683,0.074571,1.050067,2.101266,calls/second,milliseconds
