t,count,max,mean,min,stddev,p50,p75,p95,p98,p99,p999,mean_rate,m1_rate,m5_rate,m15_rate,rate_unit,duration_unit
1609996811,63,5.783704,0.358523,0.004371,0.515389,0.136019,0.538082,1.302060,1.569190,2.918182,2.918182,0.210008,0.341248,0.451706,0.638716,calls/second,milliseconds
1609996958,69,5.783704,0.930585,0.004371,1.254464,0.118594,1.905813,3.523304,3.523304,3.523304,3.523304,0.154397,0.039242,0.279235,0.542713,calls/second,milliseconds
1609996958,69,5.783704,0.930585,0.004371,1.254464,0.118594,1.905813,3.523304,3.523304,3.523304,3.523304,0.154392,0.039242,0.279235,0.542713,calls/second,milliseconds
