t,count,max,mean,min,stddev,p50,p75,p95,p98,p99,p999,mean_rate,m1_rate,m5_rate,m15_rate,rate_unit,duration_unit
1609284468,63,4.298635,0.365521,0.002546,1.154103,0.015000,0.022322,4.298635,4.298635,4.298635,4.298635,0.209979,0.138708,0.423630,0.632415,calls/second,milliseconds
1609284742,71,4.298635,0.054350,0.002546,0.294439,0.013773,0.020108,0.084081,0.084081,0.084081,4.298635,0.123837,0.013272,0.180879,0.472330,calls/second,milliseconds
1609284742,71,4.298635,0.054350,0.002546,0.294439,0.013773,0.020108,0.084081,0.084081,0.084081,4.298635,0.123835,0.013272,0.180879,0.472330,calls/second,milliseconds
