t,count,max,mean,min,stddev,p50,p75,p95,p98,p99,p999,mean_rate,m1_rate,m5_rate,m15_rate,rate_unit,duration_unit
1608509635,19,0.318910,0.027577,0.004489,0.033535,0.024915,0.024915,0.065252,0.065252,0.318910,0.318910,0.063331,0.035829,1.131123,2.165437,calls/second,milliseconds
1608509793,70,0.318910,0.014030,0.001497,0.015640,0.010036,0.014418,0.041837,0.083672,0.083715,0.083715,0.152725,0.197679,0.791244,1.870116,calls/second,milliseconds
1608509793,70,0.318910,0.014030,0.001497,0.015640,0.010036,0.014418,0.041837,0.083672,0.083715,0.083715,0.152723,0.197679,0.791244,1.870116,calls/second,milliseconds
