t,count,max,mean,min,stddev,p50,p75,p95,p98,p99,p999,mean_rate,m1_rate,m5_rate,m15_rate,rate_unit,duration_unit
1609420288,27,39.857454,2.780457,0.004892,5.185752,0.202745,0.632556,14.529498,14.529498,14.529498,39.857454,0.089992,0.217755,0.071878,0.027572,calls/second,milliseconds
1609420468,28,39.857454,3.106464,0.004892,3.591003,3.402528,3.402528,13.732342,14.529498,14.529498,14.529498,0.058397,0.011784,0.040111,0.022700,calls/second,milliseconds
1609420468,28,39.857454,3.106464,0.004892,3.591003,3.402528,3.402528,13.732342,14.529498,14.529498,14.529498,0.058394,0.011784,0.040111,0.022700,calls/second,milliseconds
