t,count,max,mean,min,stddev,p50,p75,p95,p98,p99,p999,mean_rate,m1_rate,m5_rate,m15_rate,rate_unit,duration_unit
1607892494,19,2.043071,0.095366,0.001297,0.233189,0.030723,0.064096,0.273510,0.710075,0.932099,2.043071,0.063334,0.031171,0.328939,0.592658,calls/second,milliseconds
1607892794,73,83.505792,9.470476,0.000409,21.638995,0.056171,0.760482,52.047366,83.505792,83.505792,83.505792,0.121669,0.182628,0.245482,0.477554,calls/second,milliseconds
1607893094,78,83.505792,0.845515,0.000409,6.859197,0.050100,0.050100,0.052243,0.979383,49.432902,83.505792,0.086668,0.024349,0.101645,0.347026,calls/second,milliseconds
1607893192,83,83.505792,0.749429,0.000409,1.973776,0.113353,1.347897,1.771584,1.771584,1.771584,48.307607,0.083110,0.012153,0.075677,0.311586,calls/second,milliseconds
1607893192,83,83.505792,0.749429,0.000409,1.973776,0.113353,1.347897,1.771584,1.771584,1.771584,48.307607,0.083109,0.012153,0.075677,0.311586,calls/second,milliseconds
