t,count,max,mean,min,stddev,p50,p75,p95,p98,p99,p999,mean_rate,m1_rate,m5_rate,m15_rate,rate_unit,duration_unit
1609281270,65,0.188646,0.021779,0.001626,0.035500,0.012444,0.018146,0.136046,0.136046,0.174300,0.188646,0.563597,0.734900,2.206456,2.704930,calls/second,milliseconds
1609281271,65,0.188646,0.021779,0.001626,0.035500,0.012444,0.018146,0.136046,0.136046,0.174300,0.188646,0.563543,0.734900,2.206456,2.704930,calls/second,milliseconds
