t,count,max,mean,min,stddev,p50,p75,p95,p98,p99,p999,mean_rate,m1_rate,m5_rate,m15_rate,rate_unit,duration_unit
1607895332,19,0.422546,0.146900,0.002074,0.145731,0.085375,0.112746,0.422546,0.422546,0.422546,0.422546,0.063328,0.037033,1.131273,2.165459,calls/second,milliseconds
1607895632,68,0.422546,0.023427,0.001064,0.034895,0.011376,0.023054,0.065854,0.076522,0.168310,0.280560,0.113328,0.195253,0.533422,1.600220,calls/second,milliseconds
1607895814,75,0.479422,0.056945,0.001064,0.093009,0.051770,0.063057,0.091933,0.479422,0.479422,0.479422,0.095879,0.024301,0.300193,1.313162,calls/second,milliseconds
1607895814,75,0.479422,0.056945,0.001064,0.093009,0.051770,0.063057,0.091933,0.479422,0.479422,0.479422,0.095878,0.024301,0.300193,1.313162,calls/second,milliseconds
