t,count,max,mean,min,stddev,p50,p75,p95,p98,p99,p999,mean_rate,m1_rate,m5_rate,m15_rate,rate_unit,duration_unit
1607879808,65,16.750038,0.615077,0.019178,2.075279,0.221563,0.443240,1.296270,4.612284,16.750038,16.750038,2.849272,1.246694,0.889906,0.829990,calls/second,milliseconds
1607879808,65,16.750038,0.615077,0.019178,2.075279,0.221563,0.443240,1.296270,4.612284,16.750038,16.750038,2.847755,1.246694,0.889906,0.829990,calls/second,milliseconds
