t,count,max,mean,min,stddev,p50,p75,p95,p98,p99,p999,mean_rate,m1_rate,m5_rate,m15_rate,rate_unit,duration_unit
1609423432,22,0.261412,0.086138,0.001917,0.102749,0.021601,0.097053,0.261412,0.261412,0.261412,0.261412,0.073328,0.083802,1.141040,2.168762,calls/second,milliseconds
1609423662,70,0.261412,0.022507,0.001114,0.027578,0.007717,0.040956,0.072397,0.072397,0.074049,0.261412,0.132037,0.104663,0.623423,1.723432,calls/second,milliseconds
1609423662,70,0.261412,0.022507,0.001114,0.027578,0.007717,0.040956,0.072397,0.072397,0.074049,0.261412,0.132035,0.104663,0.623423,1.723432,calls/second,milliseconds
