t,count,max,mean,min,stddev,p50,p75,p95,p98,p99,p999,mean_rate,m1_rate,m5_rate,m15_rate,rate_unit,duration_unit
1610007484,19,2.966838,1.051836,0.018788,0.473201,1.136983,1.194109,1.504608,1.523657,2.966838,2.966838,0.063316,0.020407,0.322578,0.589244,calls/second,milliseconds
1610007784,68,2.966838,0.253224,0.017688,0.220760,0.179000,0.424301,0.770693,0.973578,1.023612,1.023612,0.113318,0.183136,0.235147,0.470719,calls/second,milliseconds
1610008084,73,5.012636,1.754477,0.017688,1.788404,0.822722,1.191416,5.012636,5.012636,5.012636,5.012636,0.081104,0.014135,0.096594,0.341943,calls/second,milliseconds
1610008113,78,5.012636,0.647512,0.017688,0.852282,0.310960,0.936148,1.191522,5.012636,5.012636,5.012636,0.083925,0.024031,0.092122,0.333678,calls/second,milliseconds
1610008113,78,5.012636,0.647512,0.017688,0.852282,0.310960,0.936148,1.191522,5.012636,5.012636,5.012636,0.083924,0.024031,0.092122,0.333678,calls/second,milliseconds
