t,count,max,mean,min,stddev,p50,p75,p95,p98,p99,p999,mean_rate,m1_rate,m5_rate,m15_rate,rate_unit,duration_unit
1607899252,19,0.265121,0.097122,0.000930,0.092182,0.061211,0.061211,0.265121,0.265121,0.265121,0.265121,0.063326,0.046805,1.132229,2.165591,calls/second,milliseconds
1607899552,59,0.265121,0.007563,0.000170,0.014824,0.001790,0.004837,0.053884,0.054890,0.054890,0.057337,0.098329,0.320957,0.527035,1.593336,calls/second,milliseconds
1607899836,76,0.519603,0.061292,0.000170,0.148013,0.009458,0.029205,0.519603,0.519603,0.519603,0.519603,0.086017,0.018252,0.229221,1.178777,calls/second,milliseconds
1607899836,76,0.519603,0.061292,0.000170,0.148013,0.009458,0.029205,0.519603,0.519603,0.519603,0.519603,0.086016,0.018252,0.229221,1.178777,calls/second,milliseconds
