t,count,max,mean,min,stddev,p50,p75,p95,p98,p99,p999,mean_rate,m1_rate,m5_rate,m15_rate,rate_unit,duration_unit
1607725537,63,9.868067,0.911807,0.026979,1.579427,0.283014,0.773935,6.506606,6.506606,6.506606,9.868067,0.209924,0.056783,0.403174,0.629287,calls/second,milliseconds
1607725753,71,9.868067,1.169298,0.026979,1.302643,1.094300,1.565653,1.946331,8.429737,8.429737,8.429737,0.137650,0.019372,0.206296,0.499498,calls/second,milliseconds
1607725753,71,9.868067,1.169298,0.026979,1.302643,1.094300,1.565653,1.946331,8.429737,8.429737,8.429737,0.137646,0.019372,0.206296,0.499498,calls/second,milliseconds
