t,count,max,mean,min,stddev,p50,p75,p95,p98,p99,p999,mean_rate,m1_rate,m5_rate,m15_rate,rate_unit,duration_unit
1609420775,55,3.212870,0.453124,0.004407,0.699273,0.088069,0.710622,1.802140,3.212870,3.212870,3.212870,0.183341,0.410465,1.258233,2.216111,calls/second,milliseconds
1609421013,71,3.212870,0.411098,0.004407,0.406783,0.439729,0.440298,1.028322,1.028322,1.412554,3.212870,0.132054,0.024144,0.586583,1.708116,calls/second,milliseconds
1609421013,71,3.212870,0.411098,0.004407,0.406783,0.439729,0.440298,1.028322,1.028322,1.412554,3.212870,0.132051,0.024144,0.586583,1.708116,calls/second,milliseconds
