t,count,max,mean,min,stddev,p50,p75,p95,p98,p99,p999,mean_rate,m1_rate,m5_rate,m15_rate,rate_unit,duration_unit
1609169707,63,0.050120,0.006523,0.000504,0.004352,0.006235,0.007823,0.015797,0.021912,0.021912,0.025107,0.209990,0.521300,0.457490,0.636756,calls/second,milliseconds
1609169831,69,0.050120,0.008614,0.000504,0.006698,0.007078,0.008783,0.023656,0.024012,0.024012,0.025107,0.162703,0.082757,0.312015,0.559335,calls/second,milliseconds
1609169831,69,0.050120,0.008614,0.000504,0.006698,0.007078,0.008783,0.023656,0.024012,0.024012,0.025107,0.162701,0.082757,0.312015,0.559335,calls/second,milliseconds
