t,count,max,mean,min,stddev,p50,p75,p95,p98,p99,p999,mean_rate,m1_rate,m5_rate,m15_rate,rate_unit,duration_unit
1608503766,64,8.932069,0.454629,0.002406,1.052022,0.314924,0.528521,0.875656,4.263685,8.932069,8.932069,1.593993,2.388490,2.826029,2.938501,calls/second,milliseconds
1608503766,64,8.932069,0.454629,0.002406,1.052022,0.314924,0.528521,0.875656,4.263685,8.932069,8.932069,1.593440,2.388490,2.826029,2.938501,calls/second,milliseconds
