t,count,max,mean,min,stddev,p50,p75,p95,p98,p99,p999,mean_rate,m1_rate,m5_rate,m15_rate,rate_unit,duration_unit
1607862932,24,2.721945,0.650906,0.001307,0.620641,0.565576,1.336352,1.643497,1.643497,1.643497,2.721945,0.080003,0.109143,0.345060,0.598126,calls/second,milliseconds
1607863232,68,2.721945,0.160217,0.001250,0.373478,0.004016,0.123434,0.768036,1.336352,1.643497,2.717842,0.113336,0.032363,0.194292,0.466139,calls/second,milliseconds
1607863532,73,2.721945,0.011026,0.001250,0.055941,0.006608,0.006608,0.012705,0.055430,0.055430,0.768036,0.081112,0.021488,0.082626,0.338820,calls/second,milliseconds
1607863832,78,2.721945,0.010757,0.001250,0.015450,0.007050,0.008696,0.010206,0.080570,0.080570,0.080570,0.065000,0.021414,0.041546,0.247591,calls/second,milliseconds
1607863883,83,2.721945,0.330717,0.001250,0.463178,0.109592,0.344444,1.274693,1.274693,1.274693,1.274693,0.066316,0.023275,0.037838,0.234016,calls/second,milliseconds
1607863883,83,2.721945,0.330717,0.001250,0.463178,0.109592,0.344444,1.274693,1.274693,1.274693,1.274693,0.066316,0.023275,0.037838,0.234016,calls/second,milliseconds
