t,count,max,mean,min,stddev,p50,p75,p95,p98,p99,p999,mean_rate,m1_rate,m5_rate,m15_rate,rate_unit,duration_unit
1607872675,63,3.698667,0.247917,0.007899,0.331433,0.121733,0.226584,1.179548,1.179548,1.179548,1.179548,0.209915,0.179969,1.235944,2.209131,calls/second,milliseconds
1607872975,68,3.698667,0.920977,0.007899,0.312192,0.919361,0.953525,0.953525,2.121380,2.121380,2.121380,0.113311,0.024331,0.466015,1.587755,calls/second,milliseconds
1607873275,73,3.698667,0.855382,0.007899,0.088702,0.915805,0.915805,0.915805,0.915805,0.919361,0.953525,0.081100,0.023282,0.182775,1.142519,calls/second,milliseconds
1607873466,80,3.698667,0.534425,0.007899,0.339650,0.351111,0.825222,1.143804,1.143804,1.143804,1.143804,0.073347,0.037350,0.112967,0.931252,calls/second,milliseconds
1607873466,80,3.698667,0.534425,0.007899,0.339650,0.351111,0.825222,1.143804,1.143804,1.143804,1.143804,0.073346,0.037350,0.112967,0.931252,calls/second,milliseconds
