t,count,max,mean,min,stddev,p50,p75,p95,p98,p99,p999,mean_rate,m1_rate,m5_rate,m15_rate,rate_unit,duration_unit
1607731992,63,0.480829,0.014654,0.001410,0.042664,0.005142,0.007640,0.094570,0.125623,0.296634,0.480829,0.209980,0.339849,1.253237,2.211413,calls/second,milliseconds
1607732292,68,0.529673,0.161851,0.001410,0.186040,0.085520,0.092030,0.529673,0.529673,0.529673,0.529673,0.113328,0.017530,0.471471,1.589257,calls/second,milliseconds
1607732592,73,0.529673,0.075888,0.001410,0.024975,0.069362,0.085520,0.087209,0.087209,0.087209,0.529673,0.081108,0.015358,0.183875,1.143463,calls/second,milliseconds
1607732855,81,0.529673,0.062150,0.001410,0.093210,0.040126,0.103104,0.111906,0.485164,0.485164,0.485164,0.069633,0.010994,0.085793,0.860367,calls/second,milliseconds
1607732855,81,0.529673,0.062150,0.001410,0.093210,0.040126,0.103104,0.111906,0.485164,0.485164,0.485164,0.069633,0.010994,0.085793,0.860367,calls/second,milliseconds
