t,count,max,mean,min,stddev,p50,p75,p95,p98,p99,p999,mean_rate,m1_rate,m5_rate,m15_rate,rate_unit,duration_unit
1607881611,67,5.560210,0.503450,0.025898,0.692724,0.251903,0.614785,2.853679,2.853679,2.853679,5.560210,0.273208,0.338988,1.481852,2.350059,calls/second,milliseconds
1607881611,67,5.560210,0.503450,0.025898,0.692724,0.251903,0.614785,2.853679,2.853679,2.853679,5.560210,0.273196,0.338988,1.481852,2.350059,calls/second,milliseconds
