t,count,max,mean,min,stddev,p50,p75,p95,p98,p99,p999,mean_rate,m1_rate,m5_rate,m15_rate,rate_unit,duration_unit
1608503766,64,0.382690,0.025167,0.001973,0.044970,0.016641,0.021014,0.059400,0.172342,0.382690,0.382690,1.592244,2.340517,2.816112,2.935176,calls/second,milliseconds
1608503766,64,0.382690,0.025167,0.001973,0.044970,0.016641,0.021014,0.059400,0.172342,0.382690,0.382690,1.591710,2.340517,2.816112,2.935176,calls/second,milliseconds
