t,count,max,mean,min,stddev,p50,p75,p95,p98,p99,p999,mean_rate,m1_rate,m5_rate,m15_rate,rate_unit,duration_unit
1609423970,21,0.241655,0.071441,0.000575,0.097523,0.009165,0.135804,0.241655,0.241655,0.241655,0.241655,0.069994,0.054876,0.329686,0.591535,calls/second,milliseconds
1609424270,68,0.407227,0.076461,0.000575,0.118165,0.035253,0.081206,0.407227,0.407227,0.407227,0.407227,0.113330,0.036902,0.198673,0.465012,calls/second,milliseconds
1609424416,74,0.460471,0.050443,0.000575,0.093912,0.013695,0.081206,0.082840,0.460471,0.460471,0.460471,0.099179,0.013625,0.127701,0.397857,calls/second,milliseconds
1609424416,74,0.460471,0.050443,0.000575,0.093912,0.013695,0.081206,0.082840,0.460471,0.460471,0.460471,0.099177,0.013625,0.127701,0.397857,calls/second,milliseconds
