t,count,max,mean,min,stddev,p50,p75,p95,p98,p99,p999,mean_rate,m1_rate,m5_rate,m15_rate,rate_unit,duration_unit
1609913552,27,109.325037,6.216743,0.001982,21.888835,0.140220,0.447250,15.032844,109.325037,109.325037,109.325037,0.089967,0.164038,0.068373,0.027147,calls/second,milliseconds
1609913766,28,109.325037,2.632830,0.001982,12.202993,1.101611,1.101611,7.061622,15.032844,109.325037,109.325037,0.054480,0.004954,0.033953,0.021497,calls/second,milliseconds
1609913766,28,109.325037,2.632830,0.001982,12.202993,1.101611,1.101611,7.061622,15.032844,109.325037,109.325037,0.054479,0.004954,0.033953,0.021497,calls/second,milliseconds
