t,count,max,mean,min,stddev,p50,p75,p95,p98,p99,p999,mean_rate,m1_rate,m5_rate,m15_rate,rate_unit,duration_unit
1607731071,27,34.618416,2.091726,0.003235,3.791572,0.260397,0.643221,11.804676,11.804676,11.804676,34.618416,0.089993,0.137702,0.066433,0.026913,calls/second,milliseconds
1607731371,27,34.618416,2.091726,0.003235,3.791572,0.260397,0.643221,11.804676,11.804676,11.804676,34.618416,0.044998,0.000928,0.024439,0.019284,calls/second,milliseconds
1607731671,27,34.618416,2.091726,0.003235,3.791572,0.260397,0.643221,11.804676,11.804676,11.804676,34.618416,0.029999,0.000006,0.008991,0.013818,calls/second,milliseconds
1607731685,28,34.618416,1.393296,0.003235,0.115794,1.392665,1.392665,1.392665,1.392665,1.392665,1.392665,0.030635,0.000005,0.008696,0.013665,calls/second,milliseconds
1607731685,28,34.618416,1.393296,0.003235,0.115794,1.392665,1.392665,1.392665,1.392665,1.392665,1.392665,0.030635,0.000005,0.008696,0.013665,calls/second,milliseconds
