t,count,max,mean,min,stddev,p50,p75,p95,p98,p99,p999,mean_rate,m1_rate,m5_rate,m15_rate,rate_unit,duration_unit
1609997265,62,2.985436,0.269276,0.010624,0.241356,0.200311,0.356889,0.793562,0.988448,1.290848,1.928640,0.206299,0.327818,1.249991,2.210304,calls/second,milliseconds
1609997271,66,2.985436,0.288617,0.010624,0.265013,0.200311,0.356889,0.953575,0.988448,1.290848,1.928640,0.215440,0.301608,1.229330,2.198059,calls/second,milliseconds
1609997271,66,2.985436,0.288617,0.010624,0.265013,0.200311,0.356889,0.953575,0.988448,1.290848,1.928640,0.215431,0.301608,1.229330,2.198059,calls/second,milliseconds
