t,count,max,mean,min,stddev,p50,p75,p95,p98,p99,p999,mean_rate,m1_rate,m5_rate,m15_rate,rate_unit,duration_unit
1608512404,19,0.246100,0.022080,0.000248,0.023014,0.021517,0.026996,0.027692,0.027692,0.027692,0.246100,0.063330,0.022719,0.322876,0.589287,calls/second,milliseconds
1608512704,73,0.246100,0.010327,0.000166,0.019580,0.001736,0.004102,0.069662,0.069662,0.069662,0.069662,0.121663,0.099171,0.230616,0.473340,calls/second,milliseconds
1608512802,79,0.246100,0.009586,0.000166,0.013682,0.002758,0.006816,0.031167,0.069662,0.069662,0.069662,0.113079,0.040484,0.173933,0.428055,calls/second,milliseconds
1608512802,79,0.246100,0.009586,0.000166,0.013682,0.002758,0.006816,0.031167,0.069662,0.069662,0.069662,0.113078,0.040484,0.173933,0.428055,calls/second,milliseconds
