t,count,max,mean,min,stddev,p50,p75,p95,p98,p99,p999,mean_rate,m1_rate,m5_rate,m15_rate,rate_unit,duration_unit
1609429481,19,4.083890,0.941655,0.017403,0.478033,1.176565,1.176565,1.176565,1.315283,1.315283,4.083890,0.063306,0.038342,1.131426,2.165481,calls/second,milliseconds
1609429781,68,4.083890,0.373014,0.017403,0.323386,0.274260,0.435850,1.069041,1.453017,1.453017,1.453017,0.113294,0.087148,0.515833,1.597684,calls/second,milliseconds
1609429970,75,4.083890,0.731401,0.017403,0.766656,0.369210,0.963067,2.222306,2.222306,2.222306,2.222306,0.095102,0.018572,0.285861,1.303839,calls/second,milliseconds
1609429970,75,4.083890,0.731401,0.017403,0.766656,0.369210,0.963067,2.222306,2.222306,2.222306,2.222306,0.095100,0.018572,0.285861,1.303839,calls/second,milliseconds
