t,count,max,mean,min,stddev,p50,p75,p95,p98,p99,p999,mean_rate,m1_rate,m5_rate,m15_rate,rate_unit,duration_unit
1609410521,62,2.607889,0.292161,0.000863,0.478650,0.122266,0.386506,0.792851,2.607889,2.607889,2.607889,0.206672,0.203124,0.434507,0.635115,calls/second,milliseconds
1609410821,67,2.607889,0.029662,0.000863,0.158404,0.002510,0.010435,0.044746,0.435127,0.558378,2.607889,0.111670,0.011416,0.169443,0.459661,calls/second,milliseconds
1609411073,75,2.607889,0.524819,0.000863,0.618660,0.216293,0.859195,1.664176,1.664176,1.664176,1.664176,0.088008,0.021432,0.083572,0.351065,calls/second,milliseconds
1609411073,75,2.607889,0.524819,0.000863,0.618660,0.216293,0.859195,1.664176,1.664176,1.664176,1.664176,0.088007,0.021432,0.083572,0.351065,calls/second,milliseconds
