t,count,max,mean,min,stddev,p50,p75,p95,p98,p99,p999,mean_rate,m1_rate,m5_rate,m15_rate,rate_unit,duration_unit
1608521845,19,31.210792,0.766148,0.004939,2.629837,0.580227,0.584049,0.861221,0.861221,1.462010,31.210792,0.063166,0.028535,0.323262,0.589325,calls/second,milliseconds
1608522145,37,31.210792,0.223830,0.004939,0.218521,0.144896,0.388674,0.568967,0.603864,0.603864,1.048967,0.061585,0.158678,0.169413,0.441068,calls/second,milliseconds
1608522445,73,31.210792,0.811169,0.004939,1.554044,0.569148,0.569148,3.868590,8.962320,8.962320,8.962320,0.081040,0.034262,0.120953,0.347400,calls/second,milliseconds
1608522666,80,31.210792,0.241619,0.004939,0.299065,0.253219,0.300509,0.594497,0.594497,0.943807,3.868590,0.071322,0.011323,0.065059,0.275008,calls/second,milliseconds
1608522666,80,31.210792,0.241619,0.004939,0.299065,0.253219,0.300509,0.594497,0.594497,0.943807,3.868590,0.071321,0.011323,0.065059,0.275008,calls/second,milliseconds
