t,count,max,mean,min,stddev,p50,p75,p95,p98,p99,p999,mean_rate,m1_rate,m5_rate,m15_rate,rate_unit,duration_unit
1609996178,62,5.429537,0.340096,0.027140,0.364708,0.231538,0.465068,1.044624,1.177500,1.177500,5.429537,0.206599,0.161826,0.425505,0.631998,calls/second,milliseconds
1609996232,67,5.489345,0.724519,0.027140,1.221897,0.251973,0.566539,1.954213,5.489345,5.489345,5.489345,0.189369,0.077883,0.363027,0.598898,calls/second,milliseconds
1609996232,67,5.489345,0.724519,0.027140,1.221897,0.251973,0.566539,1.954213,5.489345,5.489345,5.489345,0.189363,0.077883,0.363027,0.598898,calls/second,milliseconds
