t,count,max,mean,min,stddev,p50,p75,p95,p98,p99,p999,mean_rate,m1_rate,m5_rate,m15_rate,rate_unit,duration_unit
1607855466,21,4.859149,0.629930,0.010194,0.916685,0.418329,0.508752,1.162411,4.859149,4.859149,4.859149,0.069968,0.066837,1.137976,2.167694,calls/second,milliseconds
1607855766,68,5.204348,1.925296,0.009307,2.174587,0.979782,5.204348,5.204348,5.204348,5.204348,5.204348,0.113307,0.032034,0.492097,1.593653,calls/second,milliseconds
1607856066,73,5.204348,1.732022,0.009307,0.518254,1.996793,1.996793,1.996793,2.503355,2.503355,5.204348,0.081099,0.018220,0.191817,1.146665,calls/second,milliseconds
1607856366,78,5.204348,1.861686,0.009307,0.400887,2.108323,2.108323,2.108323,2.108323,2.108323,2.108323,0.064993,0.018127,0.081350,0.826385,calls/second,milliseconds
1607856666,83,5.204348,1.677261,0.009307,0.203443,1.632405,1.632405,2.268026,2.268026,2.268026,2.268026,0.055328,0.018127,0.040711,0.596894,calls/second,milliseconds
1607856873,90,5.204348,0.521951,0.009307,0.491682,0.425632,0.425632,1.908882,1.908882,1.908882,2.268026,0.052750,0.029598,0.035758,0.481379,calls/second,milliseconds
1607856873,90,5.204348,0.521951,0.009307,0.491682,0.425632,0.425632,1.908882,1.908882,1.908882,2.268026,0.052749,0.029598,0.035758,0.481379,calls/second,milliseconds
