t,count,max,mean,min,stddev,p50,p75,p95,p98,p99,p999,mean_rate,m1_rate,m5_rate,m15_rate,rate_unit,duration_unit
1608432099,63,2.119263,0.210895,0.000677,0.256767,0.113233,0.318424,0.732358,1.078673,1.078673,1.078673,0.210005,0.275740,0.445728,0.637931,calls/second,milliseconds
1608432197,69,2.119263,0.322086,0.000677,0.392363,0.137215,0.603232,1.154519,1.154519,1.154519,1.154519,0.173475,0.070597,0.325193,0.572967,calls/second,milliseconds
1608432197,69,2.119263,0.322086,0.000677,0.392363,0.137215,0.603232,1.154519,1.154519,1.154519,1.154519,0.173472,0.070597,0.325193,0.572967,calls/second,milliseconds
