t,count,max,mean,min,stddev,p50,p75,p95,p98,p99,p999,mean_rate,m1_rate,m5_rate,m15_rate,rate_unit,duration_unit
1610002786,5,34.856775,7.000213,0.004043,13.928348,0.013809,0.119639,34.856775,34.856775,34.856775,34.856775,0.016665,0.000752,0.006500,0.004059,calls/second,milliseconds
1610003086,27,34.856775,2.531981,0.004043,4.823380,0.144200,0.359608,14.148292,15.624546,15.624546,15.624546,0.044971,0.016190,0.040954,0.022617,calls/second,milliseconds
1610003241,28,34.856775,2.979347,0.004043,1.635364,3.036823,3.036823,3.036823,9.076990,11.720290,15.624546,0.037087,0.001329,0.024840,0.019145,calls/second,milliseconds
1610003241,28,34.856775,2.979347,0.004043,1.635364,3.036823,3.036823,3.036823,9.076990,11.720290,15.624546,0.037087,0.001329,0.024840,0.019145,calls/second,milliseconds
