t,count,max,mean,min,stddev,p50,p75,p95,p98,p99,p999,mean_rate,m1_rate,m5_rate,m15_rate,rate_unit,duration_unit
1609998955,44,2.265380,0.382009,0.006592,0.465452,0.205880,0.673565,1.347445,1.815680,1.815680,1.815680,0.146675,0.199799,1.193749,2.192728,calls/second,milliseconds
1609999032,68,3.701780,0.454781,0.006592,0.666036,0.132770,0.453722,1.435437,3.701780,3.701780,3.701780,0.180374,0.239232,0.998227,2.038356,calls/second,milliseconds
1609999032,68,3.701780,0.454781,0.006592,0.666036,0.132770,0.453722,1.435437,3.701780,3.701780,3.701780,0.180368,0.239232,0.998227,2.038356,calls/second,milliseconds
