t,count,max,mean,min,stddev,p50,p75,p95,p98,p99,p999,mean_rate,m1_rate,m5_rate,m15_rate,rate_unit,duration_unit
1609289922,19,2.507316,0.717682,0.012290,0.295229,0.729309,0.755564,0.996243,0.996243,2.323591,2.507316,0.063318,0.041311,1.131739,2.165524,calls/second,milliseconds
1609290222,71,2.507316,0.538507,0.009591,0.384867,0.708049,0.903245,0.943299,0.943299,0.943299,1.160894,0.118319,0.033195,0.495900,1.596084,calls/second,milliseconds
1609290522,76,2.507316,0.798150,0.009591,0.269342,0.670452,0.845156,1.565825,1.565825,1.565825,1.565825,0.084437,0.019793,0.193397,1.148434,calls/second,milliseconds
1609290822,81,2.507316,0.746408,0.009591,0.057506,0.751356,0.778945,0.778945,0.829038,0.829038,1.565825,0.067496,0.019702,0.082112,0.827678,calls/second,milliseconds
1609291122,86,2.507316,0.803989,0.009591,0.109623,0.761899,0.761899,0.990516,0.990516,0.990516,0.990516,0.057330,0.019702,0.041173,0.597847,calls/second,milliseconds
1609291422,91,2.507316,0.969157,0.009591,0.161245,1.038513,1.038513,1.052550,1.364577,1.364577,1.364577,0.050554,0.019702,0.026112,0.433166,calls/second,milliseconds
1609291537,99,3.108299,0.695131,0.009591,1.043480,0.152534,0.400997,3.108299,3.108299,3.108299,3.108299,0.051718,0.029841,0.028826,0.387458,calls/second,milliseconds
1609291537,99,3.108299,0.695131,0.009591,1.043480,0.152534,0.400997,3.108299,3.108299,3.108299,3.108299,0.051718,0.029841,0.028826,0.387458,calls/second,milliseconds
