t,count,max,mean,min,stddev,p50,p75,p95,p98,p99,p999,mean_rate,m1_rate,m5_rate,m15_rate,rate_unit,duration_unit
1609998077,63,5.593046,0.304088,0.014086,0.339716,0.181040,0.363906,1.070845,1.519646,1.519646,1.654207,0.209916,0.517882,1.265096,2.212864,calls/second,milliseconds
1609998118,67,5.593046,0.288627,0.014086,0.313946,0.182182,0.363906,0.839625,1.519646,1.519646,1.654207,0.196184,0.265890,1.107178,2.116668,calls/second,milliseconds
1609998118,67,5.593046,0.288627,0.014086,0.313946,0.182182,0.363906,0.839625,1.519646,1.519646,1.654207,0.196181,0.265890,1.107178,2.116668,calls/second,milliseconds
