t,count,max,mean,min,stddev,p50,p75,p95,p98,p99,p999,mean_rate,m1_rate,m5_rate,m15_rate,rate_unit,duration_unit
1609294283,6,15.196649,1.842516,0.004839,1.707174,1.742893,1.742893,1.742893,1.742893,15.196649,15.196649,0.019999,0.016808,0.009915,0.005190,calls/second,milliseconds
1609294583,27,15.196649,1.543375,0.003500,2.742622,0.178159,0.439387,7.964256,7.964256,7.964256,7.964256,0.044999,0.005790,0.033924,0.021351,calls/second,milliseconds
1609294883,27,15.196649,1.543375,0.003500,2.742622,0.178159,0.439387,7.964256,7.964256,7.964256,7.964256,0.030000,0.000039,0.012480,0.015298,calls/second,milliseconds
1609295073,28,15.196649,1.736258,0.003500,0.050155,1.736322,1.736322,1.736322,1.736322,1.736322,1.736322,0.025701,0.000002,0.006736,0.012456,calls/second,milliseconds
1609295073,28,15.196649,1.736258,0.003500,0.050155,1.736322,1.736322,1.736322,1.736322,1.736322,1.736322,0.025701,0.000002,0.006736,0.012456,calls/second,milliseconds
