t,count,max,mean,min,stddev,p50,p75,p95,p98,p99,p999,mean_rate,m1_rate,m5_rate,m15_rate,rate_unit,duration_unit
1609993096,72,0.235422,0.027295,0.001124,0.027324,0.028447,0.048003,0.051717,0.077985,0.077985,0.235422,0.239978,0.098034,4.360485,8.369953,calls/second,milliseconds
1609993396,77,0.235422,0.048685,0.001124,0.005995,0.049556,0.051280,0.051280,0.053707,0.053707,0.053707,0.128328,0.012530,1.614055,6.001966,calls/second,milliseconds
1609993560,81,0.235422,0.053400,0.001124,0.010371,0.049556,0.063803,0.063803,0.063803,0.063803,0.063803,0.105941,0.016717,0.954449,5.027445,calls/second,milliseconds
1609993560,81,0.235422,0.053400,0.001124,0.010371,0.049556,0.063803,0.063803,0.063803,0.063803,0.063803,0.105940,0.016717,0.954449,5.027445,calls/second,milliseconds
