t,count,max,mean,min,stddev,p50,p75,p95,p98,p99,p999,mean_rate,m1_rate,m5_rate,m15_rate,rate_unit,duration_unit
1607884094,27,34.051189,2.046350,0.004875,4.241937,0.236808,1.145125,7.350900,18.767286,18.767286,18.767286,0.089993,0.236685,0.072978,0.027703,calls/second,milliseconds
1607884294,28,34.051189,1.915511,0.004875,2.766467,1.818953,1.818953,5.123367,7.350900,18.767286,18.767286,0.056002,0.009177,0.038098,0.022306,calls/second,milliseconds
1607884294,28,34.051189,1.915511,0.004875,2.766467,1.818953,1.818953,5.123367,7.350900,18.767286,18.767286,0.056001,0.009177,0.038098,0.022306,calls/second,milliseconds
