t,count,max,mean,min,stddev,p50,p75,p95,p98,p99,p999,mean_rate,m1_rate,m5_rate,m15_rate,rate_unit,duration_unit
1609415886,69,0.052528,0.003159,0.000040,0.008289,0.001114,0.001795,0.009210,0.048262,0.052528,0.052528,1.893477,7.188302,10.528846,11.230750,calls/second,milliseconds
1609415886,69,0.052528,0.003159,0.000040,0.008289,0.001114,0.001795,0.009210,0.048262,0.052528,0.052528,1.893036,7.188302,10.528846,11.230750,calls/second,milliseconds
