t,count,max,mean,min,stddev,p50,p75,p95,p98,p99,p999,mean_rate,m1_rate,m5_rate,m15_rate,rate_unit,duration_unit
1607902317,19,4.191495,1.104913,0.016597,0.563979,1.400354,1.400354,1.400354,1.400354,4.191495,4.191495,0.063314,0.021371,0.322486,0.589216,calls/second,milliseconds
1607902617,49,4.191495,0.325016,0.011874,0.384530,0.217192,0.371919,1.644199,1.644199,1.644199,1.644199,0.081655,0.286270,0.203818,0.453651,calls/second,milliseconds
1607902917,73,4.191495,0.541206,0.011874,0.397194,0.566209,0.566209,1.244242,1.244242,1.244242,1.644199,0.081103,0.021795,0.113312,0.345823,calls/second,milliseconds
1607903217,78,4.191495,1.153038,0.011874,0.152967,1.124558,1.219406,1.317520,1.317520,1.317520,1.317520,0.064995,0.014169,0.051943,0.252478,calls/second,milliseconds
1607903311,84,4.191495,0.507088,0.011874,0.432042,0.348782,0.738455,1.279675,1.279675,1.317520,1.317520,0.064899,0.023286,0.044393,0.230584,calls/second,milliseconds
1607903311,84,4.191495,0.507088,0.011874,0.432042,0.348782,0.738455,1.279675,1.279675,1.317520,1.317520,0.064899,0.023286,0.044393,0.230584,calls/second,milliseconds
