t,count,max,mean,min,stddev,p50,p75,p95,p98,p99,p999,mean_rate,m1_rate,m5_rate,m15_rate,rate_unit,duration_unit
1609416004,62,0.334773,0.040474,0.002814,0.056102,0.022728,0.046668,0.160125,0.249196,0.334773,0.334773,2.452528,1.422681,0.926313,0.842184,calls/second,milliseconds
1609416004,62,0.334773,0.040474,0.002814,0.056102,0.022728,0.046668,0.160125,0.249196,0.334773,0.334773,2.451308,1.422681,0.926313,0.842184,calls/second,milliseconds
