t,count,max,mean,min,stddev,p50,p75,p95,p98,p99,p999,mean_rate,m1_rate,m5_rate,m15_rate,rate_unit,duration_unit
1609431293,19,3.517044,0.119051,0.001164,0.336763,0.071850,0.071850,0.376489,0.692247,0.759681,3.517044,0.063338,0.041674,1.150441,2.177545,calls/second,milliseconds
1609431593,67,4.716598,0.441904,0.001164,0.606360,0.250050,0.568899,1.285416,1.787253,1.787253,4.716598,0.111641,0.132615,0.522977,1.598108,calls/second,milliseconds
1609431770,74,4.716598,0.484160,0.001164,0.501942,0.130226,1.012785,1.178230,1.178230,1.178230,4.716598,0.095328,0.072374,0.309454,1.322079,calls/second,milliseconds
1609431770,74,4.716598,0.484160,0.001164,0.501942,0.130226,1.012785,1.178230,1.178230,1.178230,4.716598,0.095327,0.072374,0.309454,1.322079,calls/second,milliseconds
