t,count,max,mean,min,stddev,p50,p75,p95,p98,p99,p999,mean_rate,m1_rate,m5_rate,m15_rate,rate_unit,duration_unit
1609408628,27,32.756711,1.583640,0.002328,3.105947,0.180074,0.830545,8.107176,8.774223,8.774223,32.756711,0.089993,0.145507,0.067111,0.027000,calls/second,milliseconds
1609408928,27,32.756711,1.583640,0.002328,3.105947,0.180074,0.830545,8.107176,8.774223,8.774223,32.756711,0.044999,0.000980,0.024689,0.019346,calls/second,milliseconds
1609409228,27,32.756711,1.583640,0.002328,3.105947,0.180074,0.830545,8.107176,8.774223,8.774223,32.756711,0.029999,0.000007,0.009083,0.013862,calls/second,milliseconds
1609409251,28,32.756711,1.986831,0.002328,0.090333,1.987167,1.987167,1.987167,1.987167,1.987167,1.987167,0.030339,0.000005,0.008497,0.013558,calls/second,milliseconds
1609409251,28,32.756711,1.986831,0.002328,0.090333,1.987167,1.987167,1.987167,1.987167,1.987167,1.987167,0.030338,0.000005,0.008497,0.013558,calls/second,milliseconds
