t,count,max,mean,min,stddev,p50,p75,p95,p98,p99,p999,mean_rate,m1_rate,m5_rate,m15_rate,rate_unit,duration_unit
1610012200,5,40.561415,8.130045,0.003452,16.215698,0.020937,0.059594,40.561415,40.561415,40.561415,40.561415,0.016665,0.007324,0.374062,0.720523,calls/second,milliseconds
1610012500,22,40.561415,2.044796,0.003452,4.167092,0.100937,0.324732,12.132580,12.906401,12.906401,12.906401,0.036665,0.138570,0.185250,0.534072,calls/second,milliseconds
1610012625,28,40.561415,1.953903,0.003452,4.237060,0.313092,0.682655,14.510551,14.510551,14.510551,14.510551,0.038603,0.047139,0.137077,0.470854,calls/second,milliseconds
1610012625,28,40.561415,1.953903,0.003452,4.237060,0.313092,0.682655,14.510551,14.510551,14.510551,14.510551,0.038603,0.047139,0.137077,0.470854,calls/second,milliseconds
