t,count,max,mean,min,stddev,p50,p75,p95,p98,p99,p999,mean_rate,m1_rate,m5_rate,m15_rate,rate_unit,duration_unit
1609993586,62,3.864273,0.165827,0.007216,0.484945,0.081758,0.111867,0.613139,0.830269,3.864273,3.864273,2.392046,1.422681,0.926313,0.842184,calls/second,milliseconds
1609993586,62,3.864273,0.165827,0.007216,0.484945,0.081758,0.111867,0.613139,0.830269,3.864273,3.864273,2.391561,1.422681,0.926313,0.842184,calls/second,milliseconds
