t,count,max,mean,min,stddev,p50,p75,p95,p98,p99,p999,mean_rate,m1_rate,m5_rate,m15_rate,rate_unit,duration_unit
1610006846,19,5.218815,1.086602,0.021576,0.527026,1.057098,1.170324,1.405069,1.405069,1.546841,5.218815,0.063309,0.038342,1.131426,2.165481,calls/second,milliseconds
1610007146,68,5.218815,0.335864,0.021576,0.291121,0.273132,0.391360,1.187841,1.187841,1.187841,1.260293,0.113311,0.145314,0.527161,1.599363,calls/second,milliseconds
1610007172,72,5.218815,0.350934,0.021576,0.298254,0.273132,0.391360,0.884198,1.187841,1.187841,1.260293,0.114907,0.095797,0.485012,1.555548,calls/second,milliseconds
1610007172,72,5.218815,0.350934,0.021576,0.298254,0.273132,0.391360,0.884198,1.187841,1.187841,1.260293,0.114905,0.095797,0.485012,1.555548,calls/second,milliseconds
