t,count,max,mean,min,stddev,p50,p75,p95,p98,p99,p999,mean_rate,m1_rate,m5_rate,m15_rate,rate_unit,duration_unit
1607736783,12,27.204941,2.379547,0.002651,4.069773,0.049804,3.803896,11.017535,11.017535,11.017535,27.204941,0.039997,0.081091,0.395312,0.728061,calls/second,milliseconds
1607737083,27,27.204941,1.802245,0.002651,3.293422,0.177851,0.469422,8.991685,11.017535,11.017535,11.017535,0.044998,0.003024,0.165174,0.533903,calls/second,milliseconds
1607737383,27,27.204941,1.802245,0.002651,3.293422,0.177851,0.469422,8.991685,11.017535,11.017535,11.017535,0.029999,0.000020,0.060764,0.382558,calls/second,milliseconds
1607737683,27,27.204941,1.802245,0.002651,3.293422,0.177851,0.469422,8.991685,11.017535,11.017535,11.017535,0.022500,0.000000,0.022354,0.274115,calls/second,milliseconds
1607737983,27,27.204941,1.802245,0.002651,3.293422,0.177851,0.469422,8.991685,11.017535,11.017535,11.017535,0.018000,0.000000,0.008224,0.196412,calls/second,milliseconds
1607738236,28,27.204941,1.612754,0.002651,0.000311,1.612754,1.612754,1.612754,1.612754,1.612754,1.612754,0.015971,0.000000,0.003574,0.148775,calls/second,milliseconds
1607738237,28,27.204941,1.612754,0.002651,0.000311,1.612754,1.612754,1.612754,1.612754,1.612754,1.612754,0.015971,0.000000,0.003574,0.148775,calls/second,milliseconds
