t,count,max,mean,min,stddev,p50,p75,p95,p98,p99,p999,mean_rate,m1_rate,m5_rate,m15_rate,rate_unit,duration_unit
1607880466,65,4.731479,0.538209,0.002747,0.778141,0.216310,0.598293,1.853773,3.790264,3.790264,4.731479,0.356446,0.285291,0.587981,0.715968,calls/second,milliseconds
1607880466,65,4.731479,0.538209,0.002747,0.778141,0.216310,0.598293,1.853773,3.790264,3.790264,4.731479,0.356410,0.285291,0.587981,0.715968,calls/second,milliseconds
