t,count,max,mean,min,stddev,p50,p75,p95,p98,p99,p999,mean_rate,m1_rate,m5_rate,m15_rate,rate_unit,duration_unit
1607881064,65,6.845373,0.494919,0.030951,0.678324,0.255122,0.426070,2.250236,2.344408,2.344408,6.845373,0.327507,0.424922,1.719055,2.476993,calls/second,milliseconds
1607881064,65,6.845373,0.494919,0.030951,0.678324,0.255122,0.426070,2.250236,2.344408,2.344408,6.845373,0.327486,0.424922,1.719055,2.476993,calls/second,milliseconds
