t,count,max,mean,min,stddev,p50,p75,p95,p98,p99,p999,mean_rate,m1_rate,m5_rate,m15_rate,rate_unit,duration_unit
1608508655,7,31.139606,1.029482,0.005565,2.498017,0.725829,0.966400,0.966400,0.966400,0.966400,31.139606,0.023332,0.033314,0.380404,0.722709,calls/second,milliseconds
1608508771,28,31.139606,1.280657,0.004134,2.208341,0.198035,1.172229,6.119939,6.275528,6.275528,6.275528,0.067435,0.116661,0.314065,0.657504,calls/second,milliseconds
1608508771,28,31.139606,1.280657,0.004134,2.208341,0.198035,1.172229,6.119939,6.275528,6.275528,6.275528,0.067434,0.116661,0.314065,0.657504,calls/second,milliseconds
