t,count,max,mean,min,stddev,p50,p75,p95,p98,p99,p999,mean_rate,m1_rate,m5_rate,m15_rate,rate_unit,duration_unit
1609975280,67,3.233710,0.429771,0.003076,0.581208,0.160583,0.675760,1.500060,1.500060,3.233710,3.233710,0.256179,0.127878,0.464679,0.658483,calls/second,milliseconds
1609975280,67,3.233710,0.429771,0.003076,0.581208,0.160583,0.675760,1.500060,1.500060,3.233710,3.233710,0.256168,0.127878,0.464679,0.658483,calls/second,milliseconds
