t,count,max,mean,min,stddev,p50,p75,p95,p98,p99,p999,mean_rate,m1_rate,m5_rate,m15_rate,rate_unit,duration_unit
1609835652,12,36.710166,2.031928,0.003887,3.385014,0.040653,3.701753,8.285561,8.285561,8.285561,36.710166,0.039997,0.104619,0.029265,0.011772,calls/second,milliseconds
1609835952,27,36.710166,2.321226,0.003887,4.648665,0.172279,0.614196,17.667345,17.667345,17.667345,17.667345,0.044998,0.003997,0.031684,0.020897,calls/second,milliseconds
1609836000,28,36.710166,2.292372,0.003887,1.810424,2.287213,2.287213,2.287213,8.285561,8.702651,17.667345,0.043178,0.001888,0.027271,0.019878,calls/second,milliseconds
1609836000,28,36.710166,2.292372,0.003887,1.810424,2.287213,2.287213,2.287213,8.285561,8.702651,17.667345,0.043176,0.001888,0.027271,0.019878,calls/second,milliseconds
