t,count,max,mean,min,stddev,p50,p75,p95,p98,p99,p999,mean_rate,m1_rate,m5_rate,m15_rate,rate_unit,duration_unit
1607881361,28,31.122276,2.875929,0.003734,4.685732,0.591953,3.407181,12.549514,18.187101,18.187101,31.122276,0.095287,0.043631,0.054270,0.025258,calls/second,milliseconds
1607881361,28,31.122276,2.875929,0.003734,4.685732,0.591953,3.407181,12.549514,18.187101,18.187101,31.122276,0.095281,0.043631,0.054270,0.025258,calls/second,milliseconds
