t,count,max,mean,min,stddev,p50,p75,p95,p98,p99,p999,mean_rate,m1_rate,m5_rate,m15_rate,rate_unit,duration_unit
1607747029,19,4.493540,1.492118,0.030163,1.609260,0.731528,0.893067,4.493540,4.493540,4.493540,4.493540,0.063310,0.035829,1.131123,2.165437,calls/second,milliseconds
1607747329,68,4.493540,1.128784,0.030163,1.252470,0.361386,2.910549,3.131669,3.131669,3.131669,3.131669,0.113313,0.039430,0.499370,1.594977,calls/second,milliseconds
1607747629,73,4.493540,1.326820,0.030163,0.246128,1.387404,1.387404,1.387404,1.636994,2.006883,3.131669,0.081100,0.014287,0.193966,1.147535,calls/second,milliseconds
1607747929,78,4.493540,1.707196,0.030163,0.296527,1.779118,1.779118,2.149710,2.362463,2.362463,2.362463,0.064994,0.014118,0.081614,0.826929,calls/second,milliseconds
1607748229,83,6.319182,2.739580,0.030163,1.029877,3.112501,3.112501,4.147570,6.319182,6.319182,6.319182,0.055329,0.014117,0.040282,0.597205,calls/second,milliseconds
1607748377,90,8.835090,1.385304,0.030163,2.326397,0.444476,1.775730,8.835090,8.835090,8.835090,8.835090,0.054630,0.025298,0.033071,0.511454,calls/second,milliseconds
1607748377,90,8.835090,1.385304,0.030163,2.326397,0.444476,1.775730,8.835090,8.835090,8.835090,8.835090,0.054630,0.025298,0.033071,0.511454,calls/second,milliseconds
