t,count,max,mean,min,stddev,p50,p75,p95,p98,p99,p999,mean_rate,m1_rate,m5_rate,m15_rate,rate_unit,duration_unit
1608507758,46,10.156587,0.256905,0.015301,0.286707,0.228328,0.330908,0.509597,0.776156,0.875655,1.256038,0.153287,0.361797,1.214955,2.194722,calls/second,milliseconds
1608507822,67,10.156587,0.235043,0.015301,0.265346,0.167783,0.295089,0.906764,0.906764,0.906764,0.931450,0.184327,0.262586,1.043145,2.071102,calls/second,milliseconds
1608507822,67,10.156587,0.235043,0.015301,0.265346,0.167783,0.295089,0.906764,0.906764,0.906764,0.931450,0.184323,0.262586,1.043145,2.071102,calls/second,milliseconds
