t,count,max,mean,min,stddev,p50,p75,p95,p98,p99,p999,mean_rate,m1_rate,m5_rate,m15_rate,rate_unit,duration_unit
1609281397,66,10.663975,0.535863,0.014628,1.548751,0.184823,0.334038,1.324679,7.812743,10.663975,10.663975,0.523931,0.381581,0.685926,0.759300,calls/second,milliseconds
1609281397,66,10.663975,0.535863,0.014628,1.548751,0.184823,0.334038,1.324679,7.812743,10.663975,10.663975,0.523892,0.381581,0.685926,0.759300,calls/second,milliseconds
