t,count,max,mean,min,stddev,p50,p75,p95,p98,p99,p999,mean_rate,m1_rate,m5_rate,m15_rate,rate_unit,duration_unit
1607880466,65,0.318056,0.051733,0.002069,0.075662,0.020740,0.039080,0.279765,0.318056,0.318056,0.318056,0.356353,0.285291,0.587981,0.715968,calls/second,milliseconds
1607880466,65,0.318056,0.051733,0.002069,0.075662,0.020740,0.039080,0.279765,0.318056,0.318056,0.318056,0.356320,0.285291,0.587981,0.715968,calls/second,milliseconds
