t,count,max,mean,min,stddev,p50,p75,p95,p98,p99,p999,mean_rate,m1_rate,m5_rate,m15_rate,rate_unit,duration_unit
1607877669,63,0.249407,0.022844,0.000870,0.025266,0.011360,0.048360,0.056607,0.056607,0.056607,0.249407,0.209971,0.063083,1.206915,2.204666,calls/second,milliseconds
1607877781,69,0.249407,0.033622,0.000870,0.024343,0.012756,0.056607,0.064280,0.064280,0.064280,0.064280,0.167475,0.053603,0.850946,1.956324,calls/second,milliseconds
1607877781,69,0.249407,0.033622,0.000870,0.024343,0.012756,0.056607,0.064280,0.064280,0.064280,0.064280,0.167471,0.053603,0.850946,1.956324,calls/second,milliseconds
