t,count,max,mean,min,stddev,p50,p75,p95,p98,p99,p999,mean_rate,m1_rate,m5_rate,m15_rate,rate_unit,duration_unit
1607880633,65,0.114917,0.011479,0.000534,0.017751,0.004998,0.008521,0.058145,0.069397,0.069397,0.114917,0.396295,0.581213,1.920580,2.573875,calls/second,milliseconds
1607880633,65,0.114917,0.011479,0.000534,0.017751,0.004998,0.008521,0.058145,0.069397,0.069397,0.114917,0.396262,0.581213,1.920580,2.573875,calls/second,milliseconds
