t,count,max,mean,min,stddev,p50,p75,p95,p98,p99,p999,mean_rate,m1_rate,m5_rate,m15_rate,rate_unit,duration_unit
1609417072,66,1.449358,0.129483,0.004273,0.305820,0.024624,0.044036,0.681904,1.449358,1.449358,1.449358,0.278904,0.167966,0.500862,0.675804,calls/second,milliseconds
1609417072,66,1.449358,0.129483,0.004273,0.305820,0.024624,0.044036,0.681904,1.449358,1.449358,1.449358,0.278886,0.167966,0.500862,0.675804,calls/second,milliseconds
