t,count,max,mean,min,stddev,p50,p75,p95,p98,p99,p999,mean_rate,m1_rate,m5_rate,m15_rate,rate_unit,duration_unit
1608062755,19,6.101413,0.145132,0.003730,0.723959,0.018843,0.027355,0.462874,0.842713,6.101413,6.101413,0.063335,0.022024,0.327755,0.592477,calls/second,milliseconds
1608063055,72,180.923967,2.860621,0.003027,21.407936,0.082294,0.423356,1.136395,2.448780,180.923967,180.923967,0.120003,0.356234,0.261034,0.478890,calls/second,milliseconds
1608063355,77,180.923967,0.631510,0.003027,9.919807,0.027223,0.038237,0.446271,1.026595,1.136395,180.923967,0.085557,0.016422,0.106287,0.347824,calls/second,milliseconds
1608063510,84,180.923967,0.657375,0.003027,1.610962,0.145917,1.016008,2.069524,2.069524,2.069524,2.069524,0.079629,0.021588,0.071359,0.295875,calls/second,milliseconds
1608063510,84,180.923967,0.657375,0.003027,1.610962,0.145917,1.016008,2.069524,2.069524,2.069524,2.069524,0.079628,0.021588,0.071359,0.295875,calls/second,milliseconds
