t,count,max,mean,min,stddev,p50,p75,p95,p98,p99,p999,mean_rate,m1_rate,m5_rate,m15_rate,rate_unit,duration_unit
1607885558,32,4.503743,0.479515,0.031100,0.741569,0.259876,0.505353,1.405418,3.499861,3.499861,4.503743,0.106625,0.179367,1.170900,2.179473,calls/second,milliseconds
1607885858,68,8.962471,3.744407,0.031100,3.992559,1.323447,8.962471,8.962471,8.962471,8.962471,8.962471,0.113302,0.020318,0.481814,1.591608,calls/second,milliseconds
1607885978,74,8.962471,0.983687,0.031100,1.625959,0.354228,0.872905,4.067483,4.067483,8.962471,8.962471,0.102845,0.016256,0.333837,1.402767,calls/second,milliseconds
1607885978,74,8.962471,0.983687,0.031100,1.625959,0.354228,0.872905,4.067483,4.067483,8.962471,8.962471,0.102843,0.016256,0.333837,1.402767,calls/second,milliseconds
