t,count,max,mean,min,stddev,p50,p75,p95,p98,p99,p999,mean_rate,m1_rate,m5_rate,m15_rate,rate_unit,duration_unit
1609416126,66,0.222990,0.012445,0.000501,0.024444,0.005593,0.008944,0.064160,0.084125,0.084125,0.222990,0.860269,0.809341,0.806340,0.802205,calls/second,milliseconds
1609416126,66,0.222990,0.012445,0.000501,0.024444,0.005593,0.008944,0.064160,0.084125,0.084125,0.222990,0.859909,0.809341,0.806340,0.802205,calls/second,milliseconds
