t,count,max,mean,min,stddev,p50,p75,p95,p98,p99,p999,mean_rate,m1_rate,m5_rate,m15_rate,rate_unit,duration_unit
1608320135,7,25.055575,1.975778,0.001865,2.574654,0.392709,3.494863,3.494863,3.494863,3.494863,25.055575,0.023332,0.030279,0.013003,0.006263,calls/second,milliseconds
1608320435,27,25.055575,1.435033,0.001865,2.629094,0.149019,0.363777,6.989263,8.203275,8.203275,8.203275,0.044999,0.005453,0.033489,0.021256,calls/second,milliseconds
1608320445,28,25.055575,1.765781,0.001865,1.463654,1.909597,1.909597,5.404083,6.989263,6.989263,8.203275,0.045906,0.005017,0.032935,0.021138,calls/second,milliseconds
1608320445,28,25.055575,1.765781,0.001865,1.463654,1.909597,1.909597,5.404083,6.989263,6.989263,8.203275,0.045905,0.005017,0.032935,0.021138,calls/second,milliseconds
