t,count,max,mean,min,stddev,p50,p75,p95,p98,p99,p999,mean_rate,m1_rate,m5_rate,m15_rate,rate_unit,duration_unit
1608504047,65,0.913534,0.030902,0.001670,0.111992,0.013222,0.019408,0.074415,0.128759,0.913534,0.913534,0.527951,0.567979,0.707246,0.764050,calls/second,milliseconds
1608504047,65,0.913534,0.030902,0.001670,0.111992,0.013222,0.019408,0.074415,0.128759,0.913534,0.913534,0.527894,0.567979,0.707246,0.764050,calls/second,milliseconds
