t,count,max,mean,min,stddev,p50,p75,p95,p98,p99,p999,mean_rate,m1_rate,m5_rate,m15_rate,rate_unit,duration_unit
1609196643,63,1.463830,0.097176,0.006152,0.098691,0.074640,0.112230,0.266740,0.354171,0.457296,1.453476,0.209955,0.336284,0.445923,0.635380,calls/second,milliseconds
1609196715,68,1.463830,0.116447,0.006152,0.105713,0.074890,0.115715,0.354171,0.369633,0.369633,0.496149,0.182519,0.112274,0.355967,0.588889,calls/second,milliseconds
1609196715,68,1.463830,0.116447,0.006152,0.105713,0.074890,0.115715,0.354171,0.369633,0.369633,0.496149,0.182517,0.112274,0.355967,0.588889,calls/second,milliseconds
