t,count,max,mean,min,stddev,p50,p75,p95,p98,p99,p999,mean_rate,m1_rate,m5_rate,m15_rate,rate_unit,duration_unit
1609993661,68,0.274341,0.043197,0.006509,0.047666,0.029409,0.045102,0.184952,0.210191,0.274341,0.274341,2.307698,0.749127,0.784768,0.794607,calls/second,milliseconds
1609993661,68,0.274341,0.043197,0.006509,0.047666,0.029409,0.045102,0.184952,0.210191,0.274341,0.274341,2.306732,0.749127,0.784768,0.794607,calls/second,milliseconds
