t,count,max,mean,min,stddev,p50,p75,p95,p98,p99,p999,mean_rate,m1_rate,m5_rate,m15_rate,rate_unit,duration_unit
1607879934,64,8.835416,0.425581,0.023587,0.953872,0.219812,0.356635,1.720597,1.800640,8.835416,8.835416,0.815783,0.809494,0.801516,0.800199,calls/second,milliseconds
1607879934,64,8.835416,0.425581,0.023587,0.953872,0.219812,0.356635,1.720597,1.800640,8.835416,8.835416,0.815562,0.809494,0.801516,0.800199,calls/second,milliseconds
