t,count,max,mean,min,stddev,p50,p75,p95,p98,p99,p999,mean_rate,m1_rate,m5_rate,m15_rate,rate_unit,duration_unit
1609432081,19,2.935655,0.123447,0.001304,0.338245,0.064343,0.064343,0.491706,1.043689,2.935655,2.935655,0.063337,0.024538,0.328058,0.592520,calls/second,milliseconds
1609432383,68,2.935655,0.447554,0.001066,0.561529,0.151700,0.555877,1.574933,1.809931,1.809931,1.809931,0.112957,0.185558,0.234419,0.470591,calls/second,milliseconds
1609432681,73,2.935655,0.167709,0.001066,0.262316,0.037876,0.402157,0.402157,1.397743,1.574933,1.809931,0.081112,0.017924,0.098293,0.343808,calls/second,milliseconds
1609432895,81,2.935655,0.658733,0.001066,0.797883,0.133646,1.249377,2.080773,2.080773,2.080773,2.080773,0.072702,0.025332,0.058047,0.274771,calls/second,milliseconds
1609432895,81,2.935655,0.658733,0.001066,0.797883,0.133646,1.249377,2.080773,2.080773,2.080773,2.080773,0.072701,0.025332,0.058047,0.274771,calls/second,milliseconds
