t,count,max,mean,min,stddev,p50,p75,p95,p98,p99,p999,mean_rate,m1_rate,m5_rate,m15_rate,rate_unit,duration_unit
1607881915,63,0.298796,0.020977,0.001280,0.049538,0.005033,0.009935,0.085790,0.298796,0.298796,0.298796,0.209972,0.140216,0.424269,0.632507,calls/second,milliseconds
1607881974,68,0.298796,0.031866,0.001280,0.042468,0.010629,0.075544,0.077380,0.085790,0.298796,0.298796,0.189478,0.065764,0.356191,0.596083,calls/second,milliseconds
1607881974,68,0.298796,0.031866,0.001280,0.042468,0.010629,0.075544,0.077380,0.085790,0.298796,0.298796,0.189468,0.065764,0.356191,0.596083,calls/second,milliseconds
