t,count,max,mean,min,stddev,p50,p75,p95,p98,p99,p999,mean_rate,m1_rate,m5_rate,m15_rate,rate_unit,duration_unit
1608108392,5,25.921816,5.197414,0.002354,10.362208,0.025363,0.033646,25.921816,25.921816,25.921816,25.921816,0.016665,0.000752,0.006500,0.004059,calls/second,milliseconds
1608108692,27,25.921816,1.598099,0.002354,3.316991,0.164745,0.261679,12.719875,12.719875,12.719875,12.719875,0.044998,0.053338,0.050701,0.024135,calls/second,milliseconds
1608108992,27,25.921816,1.598099,0.002354,3.316991,0.164745,0.261679,12.719875,12.719875,12.719875,12.719875,0.029999,0.000359,0.018652,0.017294,calls/second,milliseconds
1608109038,28,25.921816,3.308584,0.002354,0.542687,3.345364,3.345364,3.345364,3.345364,3.345364,12.719875,0.029613,0.000170,0.016054,0.016450,calls/second,milliseconds
1608109038,28,25.921816,3.308584,0.002354,0.542687,3.345364,3.345364,3.345364,3.345364,3.345364,12.719875,0.029613,0.000170,0.016054,0.016450,calls/second,milliseconds
