t,count,max,mean,min,stddev,p50,p75,p95,p98,p99,p999,mean_rate,m1_rate,m5_rate,m15_rate,rate_unit,duration_unit
1610001552,19,7.673610,1.495265,0.021917,1.292830,0.704937,2.701077,3.678544,3.678544,3.678544,7.673610,0.063316,0.030505,0.323666,0.589397,calls/second,milliseconds
1610001852,67,7.673610,0.717295,0.021917,0.633939,0.474692,1.057161,1.598410,2.607258,2.607258,2.701077,0.111651,0.048826,0.202577,0.465131,calls/second,milliseconds
1610001972,73,7.673610,0.614290,0.021917,0.502885,0.386159,1.057161,1.353066,1.353066,1.453006,2.607258,0.101447,0.029056,0.144086,0.411483,calls/second,milliseconds
1610001972,73,7.673610,0.614290,0.021917,0.502885,0.386159,1.057161,1.353066,1.353066,1.453006,2.607258,0.101445,0.029056,0.144086,0.411483,calls/second,milliseconds
