t,count,max,mean,min,stddev,p50,p75,p95,p98,p99,p999,mean_rate,m1_rate,m5_rate,m15_rate,rate_unit,duration_unit
1609435233,19,3.850848,0.743225,0.012394,0.448564,0.514875,1.085076,1.318671,1.357503,1.357503,3.850848,0.063305,0.042992,1.131899,2.165546,calls/second,milliseconds
1609435533,64,4.085441,0.294044,0.004768,0.452387,0.156730,0.311076,0.967004,1.967006,1.967006,4.085441,0.106643,0.273918,0.533078,1.597512,calls/second,milliseconds
1609435784,80,4.085441,0.664422,0.004768,0.703962,0.267881,1.247375,1.727710,2.516926,2.516926,2.516926,0.093916,0.024197,0.252756,1.220744,calls/second,milliseconds
1609435784,80,4.085441,0.664422,0.004768,0.703962,0.267881,1.247375,1.727710,2.516926,2.516926,2.516926,0.093915,0.024197,0.252756,1.220744,calls/second,milliseconds
