t,count,max,mean,min,stddev,p50,p75,p95,p98,p99,p999,mean_rate,m1_rate,m5_rate,m15_rate,rate_unit,duration_unit
1609418433,28,34.868308,2.203417,0.006764,4.056936,0.275150,2.267826,11.921896,14.663211,14.663211,34.868308,0.099242,0.091779,0.453875,0.758785,calls/second,milliseconds
1609418433,28,34.868308,2.203417,0.006764,4.056936,0.275150,2.267826,11.921896,14.663211,14.663211,34.868308,0.099238,0.091779,0.453875,0.758785,calls/second,milliseconds
