t,count,max,mean,min,stddev,p50,p75,p95,p98,p99,p999,mean_rate,m1_rate,m5_rate,m15_rate,rate_unit,duration_unit
1608241454,19,1.360068,0.064670,0.003427,0.193534,0.007665,0.027977,0.341440,0.793421,1.360068,1.360068,0.063334,0.021072,0.327852,0.592506,calls/second,milliseconds
1608241754,73,1.360068,0.180036,0.001424,0.278894,0.013595,0.303401,0.874473,1.169538,1.169538,1.169538,0.121668,0.053926,0.218211,0.473361,calls/second,milliseconds
1608241872,79,1.360068,0.308909,0.001424,0.336220,0.080732,0.607986,0.820808,0.820808,0.820808,1.169538,0.110039,0.018528,0.151533,0.416324,calls/second,milliseconds
1608241872,79,1.360068,0.308909,0.001424,0.336220,0.080732,0.607986,0.820808,0.820808,0.820808,1.169538,0.110038,0.018528,0.151533,0.416324,calls/second,milliseconds
