t,count,max,mean,min,stddev,p50,p75,p95,p98,p99,p999,mean_rate,m1_rate,m5_rate,m15_rate,rate_unit,duration_unit
1607870021,14,35.874860,2.497100,0.011990,6.071527,0.241801,1.418657,19.127576,19.127576,19.127576,35.874860,0.046664,0.116683,0.402087,0.730296,calls/second,milliseconds
1607870321,27,35.874860,1.880837,0.011990,4.177190,0.178335,0.373563,9.455768,19.127576,19.127576,19.127576,0.044999,0.002855,0.164962,0.533861,calls/second,milliseconds
1607870621,27,35.874860,1.880837,0.011990,4.177190,0.178335,0.373563,9.455768,19.127576,19.127576,19.127576,0.029999,0.000019,0.060686,0.382528,calls/second,milliseconds
1607870921,27,35.874860,1.880837,0.011990,4.177190,0.178335,0.373563,9.455768,19.127576,19.127576,19.127576,0.022500,0.000000,0.022325,0.274093,calls/second,milliseconds
1607871221,27,35.874860,1.880837,0.011990,4.177190,0.178335,0.373563,9.455768,19.127576,19.127576,19.127576,0.018000,0.000000,0.008213,0.196396,calls/second,milliseconds
1607871397,28,35.874860,1.742554,0.011990,0.001347,1.742554,1.742554,1.742554,1.742554,1.742554,1.742554,0.016703,0.003878,0.007073,0.162700,calls/second,milliseconds
1607871397,28,35.874860,1.742554,0.011990,0.001347,1.742554,1.742554,1.742554,1.742554,1.742554,1.742554,0.016703,0.003878,0.007073,0.162700,calls/second,milliseconds
