t,count,max,mean,min,stddev,p50,p75,p95,p98,p99,p999,mean_rate,m1_rate,m5_rate,m15_rate,rate_unit,duration_unit
1607879934,64,4.309266,0.413064,0.003077,0.569556,0.206969,0.590410,1.229227,1.738408,4.309266,4.309266,0.817173,0.809494,0.801516,0.800199,calls/second,milliseconds
1607879934,64,4.309266,0.413064,0.003077,0.569556,0.206969,0.590410,1.229227,1.738408,4.309266,4.309266,0.816951,0.809494,0.801516,0.800199,calls/second,milliseconds
