t,count,max,mean,min,stddev,p50,p75,p95,p98,p99,p999,mean_rate,m1_rate,m5_rate,m15_rate,rate_unit,duration_unit
1608512404,19,1.500858,0.077560,0.008237,0.199010,0.028926,0.028926,0.412583,0.721983,1.500858,1.500858,0.063337,0.024694,0.328302,0.592570,calls/second,milliseconds
1608512704,73,1.500858,0.170972,0.003812,0.207941,0.044417,0.312420,0.565647,0.732320,0.732320,0.732320,0.121670,0.107789,0.234491,0.475977,calls/second,milliseconds
1608512802,79,1.538470,0.500317,0.003812,0.641573,0.105414,1.432875,1.538470,1.538470,1.538470,1.538470,0.113084,0.040484,0.173933,0.428055,calls/second,milliseconds
1608512802,79,1.538470,0.500317,0.003812,0.641573,0.105414,1.432875,1.538470,1.538470,1.538470,1.538470,0.113083,0.040484,0.173933,0.428055,calls/second,milliseconds
