t,count,max,mean,min,stddev,p50,p75,p95,p98,p99,p999,mean_rate,m1_rate,m5_rate,m15_rate,rate_unit,duration_unit
1608355463,32,0.073750,0.007084,0.000842,0.006752,0.004726,0.007688,0.024490,0.025317,0.025317,0.025317,0.106661,0.186597,0.363971,0.603486,calls/second,milliseconds
1608355717,71,0.073750,0.007358,0.000842,0.007619,0.004423,0.007832,0.028897,0.028897,0.028897,0.028897,0.128157,0.030770,0.216382,0.487883,calls/second,milliseconds
1608355717,71,0.073750,0.007358,0.000842,0.007619,0.004423,0.007832,0.028897,0.028897,0.028897,0.028897,0.128156,0.030770,0.216382,0.487883,calls/second,milliseconds
