t,count,max,mean,min,stddev,p50,p75,p95,p98,p99,p999,mean_rate,m1_rate,m5_rate,m15_rate,rate_unit,duration_unit
1609434028,19,0.111148,0.068153,0.002147,0.026378,0.086150,0.086150,0.086150,0.086150,0.086150,0.111148,0.063328,0.032478,0.323810,0.589415,calls/second,milliseconds
1609434328,68,0.260598,0.016453,0.002075,0.025784,0.009270,0.014440,0.063739,0.104987,0.104987,0.260598,0.113329,0.290921,0.245829,0.472204,calls/second,milliseconds
1609434628,73,0.260598,0.110039,0.002075,0.043479,0.144606,0.144606,0.144606,0.144606,0.144606,0.144606,0.081109,0.027087,0.101963,0.343219,calls/second,milliseconds
1609434919,81,0.260598,0.025540,0.002075,0.030690,0.014837,0.025474,0.105737,0.105737,0.105737,0.144606,0.068001,0.011009,0.047282,0.252479,calls/second,milliseconds
1609434919,81,0.260598,0.025540,0.002075,0.030690,0.014837,0.025474,0.105737,0.105737,0.105737,0.144606,0.068000,0.011009,0.047282,0.252479,calls/second,milliseconds
