t,count,max,mean,min,stddev,p50,p75,p95,p98,p99,p999,mean_rate,m1_rate,m5_rate,m15_rate,rate_unit,duration_unit
1609303498,19,4.135942,0.086118,0.000447,0.468331,0.049226,0.049226,0.049226,0.049226,4.135942,4.135942,0.063330,0.031900,1.130547,2.165352,calls/second,milliseconds
1609303798,68,4.135942,0.008737,0.000447,0.025611,0.002938,0.009718,0.025334,0.026113,0.063917,0.063917,0.113330,0.051776,0.506303,1.596151,calls/second,milliseconds
1609304098,73,4.135942,0.025393,0.000447,0.007765,0.025831,0.025831,0.029220,0.029220,0.029220,0.047590,0.081110,0.010396,0.195855,1.148274,calls/second,milliseconds
1609304398,78,4.135942,0.030679,0.000447,0.002844,0.029849,0.033179,0.034537,0.034537,0.034537,0.034537,0.064999,0.010117,0.081648,0.827356,calls/second,milliseconds
1609304698,83,4.135942,0.025009,0.000447,0.004855,0.025194,0.025194,0.037586,0.037586,0.037586,0.037586,0.055333,0.010115,0.039633,0.597408,calls/second,milliseconds
1609304727,88,4.135942,0.014867,0.000447,0.016291,0.002958,0.025194,0.042637,0.042637,0.042637,0.042637,0.057557,0.018127,0.039557,0.582125,calls/second,milliseconds
1609304727,88,4.135942,0.014867,0.000447,0.016291,0.002958,0.025194,0.042637,0.042637,0.042637,0.042637,0.057557,0.018127,0.039557,0.582125,calls/second,milliseconds
