t,count,max,mean,min,stddev,p50,p75,p95,p98,p99,p999,mean_rate,m1_rate,m5_rate,m15_rate,rate_unit,duration_unit
1610008426,19,0.202917,0.046679,0.000460,0.039420,0.028262,0.061517,0.095809,0.202917,0.202917,0.202917,0.063329,0.044819,1.132063,2.165569,calls/second,milliseconds
1610008726,68,0.202917,0.010361,0.000192,0.017438,0.001928,0.006711,0.050163,0.056353,0.068933,0.068933,0.113329,0.203224,0.535102,1.600509,calls/second,milliseconds
1610008774,72,0.202917,0.009463,0.000192,0.014238,0.003111,0.008312,0.050163,0.050163,0.068933,0.068933,0.111018,0.095996,0.460567,1.522451,calls/second,milliseconds
1610008774,72,0.202917,0.009463,0.000192,0.014238,0.003111,0.008312,0.050163,0.050163,0.068933,0.068933,0.111016,0.095996,0.460567,1.522451,calls/second,milliseconds
