t,count,max,mean,min,stddev,p50,p75,p95,p98,p99,p999,mean_rate,m1_rate,m5_rate,m15_rate,rate_unit,duration_unit
1607896126,19,2.132343,0.143008,0.001393,0.215257,0.153296,0.153296,0.220850,0.868414,0.906318,2.132343,0.063333,0.017777,0.325668,0.591539,calls/second,milliseconds
1607896426,68,2.132343,0.346528,0.000916,0.403476,0.282390,0.447800,1.166988,1.711587,1.711587,1.865084,0.113335,0.218540,0.239364,0.472755,calls/second,milliseconds
1607896726,73,2.132343,0.194338,0.000916,0.234562,0.051230,0.436348,0.514413,0.514413,0.996676,1.711587,0.081112,0.011520,0.097654,0.343325,calls/second,milliseconds
1607896933,80,4.000789,1.534130,0.000916,1.776616,0.208325,3.479714,4.000789,4.000789,4.000789,4.000789,0.072237,0.016720,0.057733,0.275787,calls/second,milliseconds
1607896933,80,4.000789,1.534130,0.000916,1.776616,0.208325,3.479714,4.000789,4.000789,4.000789,4.000789,0.072236,0.016720,0.057733,0.275787,calls/second,milliseconds
