t,count,max,mean,min,stddev,p50,p75,p95,p98,p99,p999,mean_rate,m1_rate,m5_rate,m15_rate,rate_unit,duration_unit
1608524097,19,2.776588,0.089851,0.000499,0.327927,0.031572,0.031572,0.274702,1.558129,2.776588,2.776588,0.063334,0.024538,0.328058,0.592520,calls/second,milliseconds
1608524397,26,2.776588,0.387006,0.000499,0.311039,0.367747,0.805896,0.805896,0.805896,0.805896,0.805896,0.043334,0.048712,0.137903,0.431512,calls/second,milliseconds
1608524697,76,2.776588,0.171401,0.000190,0.208144,0.050990,0.357205,0.576694,0.779845,0.779845,1.022956,0.084440,0.056679,0.141012,0.352753,calls/second,milliseconds
1608524943,84,2.776588,0.289016,0.000190,0.313446,0.055599,0.603860,0.737410,0.737410,0.737410,0.737410,0.073285,0.014813,0.071250,0.272554,calls/second,milliseconds
1608524943,84,2.776588,0.289016,0.000190,0.313446,0.055599,0.603860,0.737410,0.737410,0.737410,0.737410,0.073284,0.014813,0.071250,0.272554,calls/second,milliseconds
