t,count,max,mean,min,stddev,p50,p75,p95,p98,p99,p999,mean_rate,m1_rate,m5_rate,m15_rate,rate_unit,duration_unit
1609414391,63,3.867976,0.677352,0.008443,0.864706,0.145873,1.305828,2.124413,2.124413,2.124413,3.867976,0.209940,0.062791,0.403430,0.629310,calls/second,milliseconds
1609414602,70,3.867976,0.568101,0.008443,0.687303,0.204551,0.640145,2.247253,2.247253,2.247253,2.247253,0.137133,0.013251,0.207420,0.501307,calls/second,milliseconds
1609414602,70,3.867976,0.568101,0.008443,0.687303,0.204551,0.640145,2.247253,2.247253,2.247253,2.247253,0.137130,0.013251,0.207420,0.501307,calls/second,milliseconds
