t,count,max,mean,min,stddev,p50,p75,p95,p98,p99,p999,mean_rate,m1_rate,m5_rate,m15_rate,rate_unit,duration_unit
1608672117,5,13.450379,2.697197,0.002067,5.376597,0.007030,0.024093,13.450379,13.450379,13.450379,13.450379,0.016666,0.000752,0.006500,0.004059,calls/second,milliseconds
1608672417,17,13.450379,1.246470,0.002067,2.195291,0.156419,1.302286,7.149275,7.149275,7.149275,7.149275,0.028333,0.101743,0.036814,0.015579,calls/second,milliseconds
1608672717,27,13.450379,1.380861,0.002067,2.546513,0.143088,0.270886,6.911692,6.911692,7.149275,7.149275,0.030000,0.002518,0.027000,0.019373,calls/second,milliseconds
1608672740,28,13.450379,0.872550,0.002067,1.003789,0.783947,0.783947,0.783947,6.680607,6.911692,7.149275,0.030355,0.001804,0.025259,0.018947,calls/second,milliseconds
1608672740,28,13.450379,0.872550,0.002067,1.003789,0.783947,0.783947,0.783947,6.680607,6.911692,7.149275,0.030354,0.001804,0.025259,0.018947,calls/second,milliseconds
