t,count,max,mean,min,stddev,p50,p75,p95,p98,p99,p999,mean_rate,m1_rate,m5_rate,m15_rate,rate_unit,duration_unit
1607899252,19,4.395364,0.208850,0.005223,0.375409,0.098417,0.398471,0.398471,0.715842,0.959561,4.395364,0.063335,0.033491,1.147896,2.176541,calls/second,milliseconds
1607899552,59,4.395364,0.240326,0.003103,0.268587,0.083884,0.391743,0.805236,0.805236,0.860008,0.884262,0.098337,0.192422,0.505642,1.592185,calls/second,milliseconds
1607899836,76,4.395364,0.530144,0.003103,0.452122,0.373665,1.078148,1.096458,1.096458,1.096458,1.096458,0.086021,0.018252,0.229221,1.178777,calls/second,milliseconds
1607899836,76,4.395364,0.530144,0.003103,0.452122,0.373665,1.078148,1.096458,1.096458,1.096458,1.096458,0.086020,0.018252,0.229221,1.178777,calls/second,milliseconds
