t,count,max,mean,min,stddev,p50,p75,p95,p98,p99,p999,mean_rate,m1_rate,m5_rate,m15_rate,rate_unit,duration_unit
1610000965,21,0.244764,0.089248,0.002797,0.081641,0.059418,0.170096,0.244764,0.244764,0.244764,0.244764,0.069993,0.058973,1.136941,2.167544,calls/second,milliseconds
1610001243,72,0.757425,0.055688,0.002797,0.066391,0.021550,0.119280,0.140433,0.140433,0.140433,0.757425,0.124411,0.038400,0.534511,1.638487,calls/second,milliseconds
1610001243,72,0.757425,0.055688,0.002797,0.066391,0.021550,0.119280,0.140433,0.140433,0.140433,0.757425,0.124409,0.038400,0.534511,1.638487,calls/second,milliseconds
