t,count,max,mean,min,stddev,p50,p75,p95,p98,p99,p999,mean_rate,m1_rate,m5_rate,m15_rate,rate_unit,duration_unit
1608738308,19,0.137155,0.003150,0.000263,0.013824,0.001655,0.001809,0.002723,0.003639,0.137155,0.137155,0.063329,0.020131,0.322101,0.589145,calls/second,milliseconds
1608738608,60,0.137155,0.005382,0.000116,0.009117,0.001620,0.005620,0.033328,0.033328,0.047190,0.047190,0.099997,0.264447,0.227326,0.464233,calls/second,milliseconds
1608738870,77,0.137155,0.007193,0.000116,0.007247,0.005853,0.006097,0.022113,0.022113,0.022113,0.033328,0.089396,0.030422,0.118388,0.359302,calls/second,milliseconds
1608738870,77,0.137155,0.007193,0.000116,0.007247,0.005853,0.006097,0.022113,0.022113,0.022113,0.033328,0.089395,0.030422,0.118388,0.359302,calls/second,milliseconds
