t,count,max,mean,min,stddev,p50,p75,p95,p98,p99,p999,mean_rate,m1_rate,m5_rate,m15_rate,rate_unit,duration_unit
1607884601,55,2.830913,0.351080,0.010660,0.496519,0.085126,0.553132,1.662821,1.939171,2.250809,2.250809,0.183340,0.322743,1.231841,2.206546,calls/second,milliseconds
1607884712,69,5.433142,0.814145,0.010660,1.442605,0.378828,0.684336,5.433142,5.433142,5.433142,5.433142,0.167936,0.161756,0.895128,1.964103,calls/second,milliseconds
1607884712,69,5.433142,0.814145,0.010660,1.442605,0.378828,0.684336,5.433142,5.433142,5.433142,5.433142,0.167932,0.161756,0.895128,1.964103,calls/second,milliseconds
