t,count,max,mean,min,stddev,p50,p75,p95,p98,p99,p999,mean_rate,m1_rate,m5_rate,m15_rate,rate_unit,duration_unit
1608522979,5,39.002501,7.812835,0.004240,15.594838,0.009322,0.039406,39.002501,39.002501,39.002501,39.002501,0.016666,0.007324,0.374062,0.720523,calls/second,milliseconds
1608523279,7,39.002501,1.849904,0.004240,1.223667,0.753900,3.078737,3.078737,3.078737,3.078737,3.078737,0.011666,0.017959,0.143494,0.518409,calls/second,milliseconds
1608523579,27,39.002501,1.496644,0.004240,3.278862,0.175203,0.385470,11.735414,11.735414,11.735414,19.107331,0.029997,0.014700,0.085888,0.388972,calls/second,milliseconds
1608523779,28,39.002501,0.566324,0.004240,0.804814,0.511640,0.511640,0.511640,0.511640,3.459915,11.735414,0.025465,0.000570,0.044837,0.313200,calls/second,milliseconds
1608523779,28,39.002501,0.566324,0.004240,0.804814,0.511640,0.511640,0.511640,0.511640,3.459915,11.735414,0.025465,0.000570,0.044837,0.313200,calls/second,milliseconds
