t,count,max,mean,min,stddev,p50,p75,p95,p98,p99,p999,mean_rate,m1_rate,m5_rate,m15_rate,rate_unit,duration_unit
1609281153,62,5.400275,0.659928,0.008381,1.036238,0.407836,0.733235,2.067304,4.637359,5.400275,5.400275,2.058984,1.308930,0.911002,0.837519,calls/second,milliseconds
1609281153,62,5.400275,0.659928,0.008381,1.036238,0.407836,0.733235,2.067304,4.637359,5.400275,5.400275,2.058236,1.308930,0.911002,0.837519,calls/second,milliseconds
