t,count,max,mean,min,stddev,p50,p75,p95,p98,p99,p999,mean_rate,m1_rate,m5_rate,m15_rate,rate_unit,duration_unit
1609416832,64,4.942893,0.337292,0.021741,0.405436,0.216897,0.420086,0.989494,1.385567,1.397366,4.942893,0.385099,0.509356,1.884556,2.558382,calls/second,milliseconds
1609416832,64,4.942893,0.337292,0.021741,0.405436,0.216897,0.420086,0.989494,1.385567,1.397366,4.942893,0.385068,0.509356,1.884556,2.558382,calls/second,milliseconds
