t,count,max,mean,min,stddev,p50,p75,p95,p98,p99,p999,mean_rate,m1_rate,m5_rate,m15_rate,rate_unit,duration_unit
1609964333,66,3.736528,0.731941,0.004735,1.029194,0.214117,0.981881,3.197919,3.197919,3.736528,3.736528,0.220840,0.086935,0.416119,0.633122,calls/second,milliseconds
1609964334,66,3.736528,0.731941,0.004735,1.029194,0.214117,0.981881,3.197919,3.197919,3.736528,3.736528,0.220825,0.086935,0.416119,0.633122,calls/second,milliseconds
