t,count,max,mean,min,stddev,p50,p75,p95,p98,p99,p999,mean_rate,m1_rate,m5_rate,m15_rate,rate_unit,duration_unit
1609429481,19,0.088186,0.036295,0.000160,0.015775,0.047080,0.047080,0.047080,0.050707,0.050707,0.088186,0.063327,0.038342,1.131426,2.165481,calls/second,milliseconds
1609429781,68,0.289353,0.036470,0.000160,0.054836,0.008560,0.048710,0.171816,0.171816,0.171816,0.289353,0.113313,0.087043,0.515800,1.597679,calls/second,milliseconds
1609429970,75,0.289353,0.029406,0.000160,0.022912,0.025312,0.040498,0.055493,0.059700,0.065020,0.171816,0.095114,0.018567,0.285843,1.303834,calls/second,milliseconds
1609429970,75,0.289353,0.029406,0.000160,0.022912,0.025312,0.040498,0.055493,0.059700,0.065020,0.171816,0.095113,0.018567,0.285843,1.303834,calls/second,milliseconds
