t,count,max,mean,min,stddev,p50,p75,p95,p98,p99,p999,mean_rate,m1_rate,m5_rate,m15_rate,rate_unit,duration_unit
1607895332,5,36.446220,7.302181,0.003520,14.572024,0.020437,0.035563,36.446220,36.446220,36.446220,36.446220,0.016665,0.007324,0.374062,0.720523,calls/second,milliseconds
1607895632,27,36.446220,2.523668,0.003520,4.876727,0.122568,0.406036,13.896814,13.896814,19.289657,19.289657,0.044998,0.094831,0.191479,0.538282,calls/second,milliseconds
1607895814,28,36.446220,1.980258,0.003520,2.686488,1.749367,1.749367,9.652894,13.896814,13.896814,19.289657,0.035795,0.004721,0.105086,0.440708,calls/second,milliseconds
1607895814,28,36.446220,1.980258,0.003520,2.686488,1.749367,1.749367,9.652894,13.896814,13.896814,19.289657,0.035794,0.004721,0.105086,0.440708,calls/second,milliseconds
