t,count,max,mean,min,stddev,p50,p75,p95,p98,p99,p999,mean_rate,m1_rate,m5_rate,m15_rate,rate_unit,duration_unit
1607738542,24,3.406865,0.560506,0.004986,0.425034,0.605466,0.954205,1.103080,1.103080,1.103080,3.406865,0.079941,0.083208,0.338401,0.594709,calls/second,milliseconds
1607738842,68,4.468149,0.331734,0.004063,0.502501,0.409453,0.409453,0.734235,0.954205,4.468149,4.468149,0.113308,0.022838,0.188462,0.463068,calls/second,milliseconds
1607739142,73,4.468149,0.081178,0.004063,0.091090,0.063849,0.063849,0.287377,0.287377,0.409453,0.734235,0.081113,0.015408,0.080927,0.338362,calls/second,milliseconds
1607739442,78,4.468149,0.040217,0.004063,0.023426,0.048931,0.048931,0.061337,0.097588,0.097588,0.097588,0.065001,0.015344,0.040202,0.247157,calls/second,milliseconds
1607739728,87,4.468149,0.941484,0.004063,0.919786,0.589910,1.604084,2.467289,2.467289,2.467289,2.467289,0.058572,0.018127,0.026075,0.183838,calls/second,milliseconds
1607739728,87,4.468149,0.941484,0.004063,0.919786,0.589910,1.604084,2.467289,2.467289,2.467289,2.467289,0.058572,0.018127,0.026075,0.183838,calls/second,milliseconds
