t,count,max,mean,min,stddev,p50,p75,p95,p98,p99,p999,mean_rate,m1_rate,m5_rate,m15_rate,rate_unit,duration_unit
1609423970,21,0.324718,0.105967,0.002080,0.132770,0.023350,0.311323,0.324718,0.324718,0.324718,0.324718,0.069994,0.054876,0.329686,0.591535,calls/second,milliseconds
1609424270,68,2.301813,0.307160,0.002080,0.684431,0.044500,0.168580,2.301813,2.301813,2.301813,2.301813,0.113330,0.036902,0.198673,0.465012,calls/second,milliseconds
1609424416,74,3.501064,0.548133,0.002080,0.798373,0.195377,1.027881,1.426127,3.501064,3.501064,3.501064,0.099179,0.013625,0.127701,0.397857,calls/second,milliseconds
1609424416,74,3.501064,0.548133,0.002080,0.798373,0.195377,1.027881,1.426127,3.501064,3.501064,3.501064,0.099177,0.013625,0.127701,0.397857,calls/second,milliseconds
