t,count,max,mean,min,stddev,p50,p75,p95,p98,p99,p999,mean_rate,m1_rate,m5_rate,m15_rate,rate_unit,duration_unit
1610258873,19,0.055454,0.007464,0.000120,0.006267,0.006181,0.006181,0.013657,0.019721,0.019721,0.055454,0.063328,0.021515,0.322726,0.589266,calls/second,milliseconds
1610259173,67,0.088880,0.008167,0.000120,0.012541,0.004081,0.008500,0.038103,0.038937,0.088880,0.088880,0.111663,0.097970,0.220036,0.467921,calls/second,milliseconds
1610259288,73,0.088880,0.006855,0.000120,0.006816,0.005142,0.006849,0.013880,0.021060,0.038103,0.088880,0.102188,0.030084,0.158026,0.416173,calls/second,milliseconds
1610259288,73,0.088880,0.006855,0.000120,0.006816,0.005142,0.006849,0.013880,0.021060,0.038103,0.088880,0.102187,0.030084,0.158026,0.416173,calls/second,milliseconds
