t,count,max,mean,min,stddev,p50,p75,p95,p98,p99,p999,mean_rate,m1_rate,m5_rate,m15_rate,rate_unit,duration_unit
1607876371,63,5.085042,0.346901,0.011511,0.465570,0.118643,0.464593,1.235295,1.235295,1.235295,5.085042,0.209911,0.084586,1.215889,2.206152,calls/second,milliseconds
1607876671,71,5.085042,0.693409,0.011511,0.805836,0.464593,0.915525,2.397768,2.397768,2.816879,2.816879,0.118310,0.063784,0.467648,1.588811,calls/second,milliseconds
1607876713,73,5.085042,0.466402,0.011511,0.638826,0.229180,0.501380,2.397768,2.397768,2.397768,2.816879,0.113743,0.046284,0.412471,1.520839,calls/second,milliseconds
1607876713,73,5.085042,0.466402,0.011511,0.638826,0.229180,0.501380,2.397768,2.397768,2.397768,2.816879,0.113741,0.046284,0.412471,1.520839,calls/second,milliseconds
