t,count,max,mean,min,stddev,p50,p75,p95,p98,p99,p999,mean_rate,m1_rate,m5_rate,m15_rate,rate_unit,duration_unit
1609281700,64,0.738746,0.061357,0.002384,0.087617,0.034503,0.090553,0.174118,0.174118,0.738746,0.738746,0.213307,0.056100,1.200093,2.203999,calls/second,milliseconds
1609281704,68,0.738746,0.030003,0.002384,0.060864,0.007525,0.019110,0.090553,0.174118,0.174118,0.738746,0.223446,0.056100,1.200093,2.203999,calls/second,milliseconds
1609281704,68,0.738746,0.030003,0.002384,0.060864,0.007525,0.019110,0.090553,0.174118,0.174118,0.738746,0.223439,0.056100,1.200093,2.203999,calls/second,milliseconds
