t,count,max,mean,min,stddev,p50,p75,p95,p98,p99,p999,mean_rate,m1_rate,m5_rate,m15_rate,rate_unit,duration_unit
1609416004,62,4.631786,0.555033,0.008535,0.740093,0.317665,0.829861,1.736702,2.487495,4.631786,4.631786,2.456218,1.422681,0.926313,0.842184,calls/second,milliseconds
1609416004,62,4.631786,0.555033,0.008535,0.740093,0.317665,0.829861,1.736702,2.487495,4.631786,4.631786,2.454949,1.422681,0.926313,0.842184,calls/second,milliseconds
