t,count,max,mean,min,stddev,p50,p75,p95,p98,p99,p999,mean_rate,m1_rate,m5_rate,m15_rate,rate_unit,duration_unit
1607846082,19,2.877281,0.060402,0.000814,0.289197,0.004920,0.011200,0.242722,0.910056,0.963595,2.877281,0.063336,0.044902,1.150759,2.177589,calls/second,milliseconds
1607846382,67,2.877281,0.245363,0.000814,0.389613,0.042050,0.381789,0.920511,1.884783,1.884783,2.463772,0.111669,0.056985,0.511108,1.603847,calls/second,milliseconds
1607846682,72,2.877281,0.036513,0.000814,0.082410,0.038943,0.038943,0.038943,0.038943,0.285100,1.026365,0.080000,0.019922,0.195884,1.147629,calls/second,milliseconds
1607846982,77,2.877281,0.019604,0.000814,0.018267,0.010554,0.036680,0.036680,0.075076,0.075076,0.075076,0.064167,0.021416,0.084422,0.831710,calls/second,milliseconds
1607847282,82,2.877281,0.011052,0.000814,0.002302,0.011326,0.011326,0.012356,0.012356,0.012356,0.036680,0.054667,0.021414,0.042207,0.600762,calls/second,milliseconds
1607847582,87,2.877281,0.016389,0.000814,0.009785,0.010646,0.031440,0.032069,0.032069,0.032069,0.032069,0.048334,0.021414,0.026677,0.435281,calls/second,milliseconds
1607847882,98,2.877281,0.009918,0.000550,0.002647,0.010060,0.010863,0.012100,0.012100,0.012100,0.032069,0.046667,0.022316,0.028763,0.321580,calls/second,milliseconds
1607847993,104,2.877281,0.356354,0.000550,0.491321,0.135809,0.301499,1.586330,1.586330,1.586330,1.586330,0.047027,0.039645,0.033503,0.288231,calls/second,milliseconds
1607847993,104,2.877281,0.356354,0.000550,0.491321,0.135809,0.301499,1.586330,1.586330,1.586330,1.586330,0.047027,0.039645,0.033503,0.288231,calls/second,milliseconds
