t,count,max,mean,min,stddev,p50,p75,p95,p98,p99,p999,mean_rate,m1_rate,m5_rate,m15_rate,rate_unit,duration_unit
1609415978,62,42.413223,2.095074,0.016189,5.744731,0.800553,1.200098,8.473264,14.470339,42.413223,42.413223,8.024166,6.000000,6.000000,6.000000,calls/second,milliseconds
1609415978,62,42.413223,2.095074,0.016189,5.744731,0.800553,1.200098,8.473264,14.470339,42.413223,42.413223,8.000704,6.000000,6.000000,6.000000,calls/second,milliseconds
