t,count,max,mean,min,stddev,p50,p75,p95,p98,p99,p999,mean_rate,m1_rate,m5_rate,m15_rate,rate_unit,duration_unit
1609414391,63,0.586777,0.027558,0.001680,0.072327,0.012443,0.015670,0.076963,0.093143,0.586777,0.586777,0.209981,0.062738,0.403401,0.629305,calls/second,milliseconds
1609414602,70,0.586777,0.047202,0.001680,0.056180,0.009309,0.117420,0.141344,0.141344,0.141344,0.141344,0.137149,0.013249,0.207405,0.501303,calls/second,milliseconds
1609414602,70,0.586777,0.047202,0.001680,0.056180,0.009309,0.117420,0.141344,0.141344,0.141344,0.141344,0.137146,0.013249,0.207405,0.501303,calls/second,milliseconds
