t,count,max,mean,min,stddev,p50,p75,p95,p98,p99,p999,mean_rate,m1_rate,m5_rate,m15_rate,rate_unit,duration_unit
1607898041,19,4.746332,0.805796,0.008789,0.599201,0.633832,1.204675,1.266231,1.587340,4.746332,4.746332,0.063025,0.021515,0.322726,0.589266,calls/second,milliseconds
1607898342,60,4.746332,0.293810,0.008789,0.387446,0.193786,0.338843,1.142891,1.219474,2.491195,2.491195,0.099730,0.319568,0.228719,0.463758,calls/second,milliseconds
1607898641,73,4.746332,0.901590,0.008789,0.727552,0.817412,1.181988,3.188441,3.188441,3.188441,3.188441,0.080979,0.017837,0.106568,0.344383,calls/second,milliseconds
1607898938,82,4.746332,0.598460,0.008789,0.724790,0.328533,0.604081,2.303979,2.303979,2.303979,2.303979,0.068469,0.015371,0.050294,0.252846,calls/second,milliseconds
1607898938,82,4.746332,0.598460,0.008789,0.724790,0.328533,0.604081,2.303979,2.303979,2.303979,2.303979,0.068468,0.015371,0.050294,0.252846,calls/second,milliseconds
