t,count,max,mean,min,stddev,p50,p75,p95,p98,p99,p999,mean_rate,m1_rate,m5_rate,m15_rate,rate_unit,duration_unit
1607893504,19,0.236208,0.075021,0.001974,0.054237,0.066819,0.066819,0.236208,0.236208,0.236208,0.236208,0.063326,0.038342,1.131426,2.165481,calls/second,milliseconds
1607893804,68,0.370372,0.047730,0.000743,0.080961,0.017967,0.038886,0.291376,0.370372,0.370372,0.370372,0.113290,0.125344,0.523484,1.598826,calls/second,milliseconds
1607893976,75,0.370372,0.035320,0.000743,0.039812,0.016740,0.033346,0.116396,0.116396,0.116396,0.370372,0.097178,0.026093,0.304859,1.326697,calls/second,milliseconds
1607893976,75,0.370372,0.035320,0.000743,0.039812,0.016740,0.033346,0.116396,0.116396,0.116396,0.370372,0.097177,0.026093,0.304859,1.326697,calls/second,milliseconds
