t,count,max,mean,min,stddev,p50,p75,p95,p98,p99,p999,mean_rate,m1_rate,m5_rate,m15_rate,rate_unit,duration_unit
1610002281,19,0.137625,0.044189,0.000360,0.035097,0.022801,0.076219,0.122813,0.122813,0.137625,0.137625,0.063329,0.035829,1.131123,2.165437,calls/second,milliseconds
1610002477,70,0.254623,0.018906,0.000360,0.035705,0.003147,0.013797,0.068010,0.076219,0.254623,0.254623,0.141020,0.141888,0.699438,1.789818,calls/second,milliseconds
1610002477,70,0.254623,0.018906,0.000360,0.035705,0.003147,0.013797,0.068010,0.076219,0.254623,0.254623,0.141018,0.141888,0.699438,1.789818,calls/second,milliseconds
