t,count,max,mean,min,stddev,p50,p75,p95,p98,p99,p999,mean_rate,m1_rate,m5_rate,m15_rate,rate_unit,duration_unit
1607880281,64,0.245707,0.030742,0.004883,0.047641,0.017237,0.023463,0.162819,0.245707,0.245707,0.245707,0.522374,0.851596,2.177601,2.688161,calls/second,milliseconds
1607880281,64,0.245707,0.030742,0.004883,0.047641,0.017237,0.023463,0.162819,0.245707,0.245707,0.245707,0.522328,0.851596,2.177601,2.688161,calls/second,milliseconds
