t,count,max,mean,min,stddev,p50,p75,p95,p98,p99,p999,mean_rate,m1_rate,m5_rate,m15_rate,rate_unit,duration_unit
1608509635,19,1.251560,0.042475,0.002749,0.151659,0.006360,0.007048,0.176052,0.655638,1.251560,1.251560,0.063335,0.038943,1.150133,2.177501,calls/second,milliseconds
1608509793,70,1.251560,0.209340,0.000826,0.205878,0.112000,0.368453,0.584943,0.682210,0.767501,0.767501,0.152731,0.197679,0.791244,1.870116,calls/second,milliseconds
1608509793,70,1.251560,0.209340,0.000826,0.205878,0.112000,0.368453,0.584943,0.682210,0.767501,0.767501,0.152729,0.197679,0.791244,1.870116,calls/second,milliseconds
