t,count,max,mean,min,stddev,p50,p75,p95,p98,p99,p999,mean_rate,m1_rate,m5_rate,m15_rate,rate_unit,duration_unit
1609303498,5,13.002645,2.607632,0.002319,5.197512,0.006850,0.023721,13.002645,13.002645,13.002645,13.002645,0.016666,0.007324,0.374062,0.720523,calls/second,milliseconds
1609303798,27,13.002645,1.454307,0.002319,2.676530,0.179711,0.461580,7.117760,10.097748,10.097748,10.097748,0.044999,0.021799,0.178322,0.536340,calls/second,milliseconds
1609304098,27,13.002645,1.454307,0.002319,2.676530,0.179711,0.461580,7.117760,10.097748,10.097748,10.097748,0.030000,0.000147,0.065601,0.384304,calls/second,milliseconds
1609304398,27,13.002645,1.454307,0.002319,2.676530,0.179711,0.461580,7.117760,10.097748,10.097748,10.097748,0.022500,0.000001,0.024133,0.275366,calls/second,milliseconds
1609304698,27,13.002645,1.454307,0.002319,2.676530,0.179711,0.461580,7.117760,10.097748,10.097748,10.097748,0.018000,0.000000,0.008878,0.197309,calls/second,milliseconds
1609304727,28,13.002645,2.596894,0.002319,0.003637,2.596896,2.596896,2.596896,2.596896,2.596896,2.596896,0.018314,0.000000,0.008168,0.191903,calls/second,milliseconds
1609304727,28,13.002645,2.596894,0.002319,0.003637,2.596896,2.596896,2.596896,2.596896,2.596896,2.596896,0.018314,0.000000,0.008168,0.191903,calls/second,milliseconds
