t,count,max,mean,min,stddev,p50,p75,p95,p98,p99,p999,mean_rate,m1_rate,m5_rate,m15_rate,rate_unit,duration_unit
1608013759,5,24.639453,4.942024,0.003429,9.848722,0.028337,0.033491,24.639453,24.639453,24.639453,24.639453,0.016666,0.000817,0.006609,0.004082,calls/second,milliseconds
1608014059,22,24.639453,2.132709,0.003429,4.039188,0.044693,0.309768,10.963621,10.963621,10.963621,10.963621,0.036666,0.128181,0.049571,0.020660,calls/second,milliseconds
1608014359,27,24.639453,1.702348,0.003429,3.278726,0.261219,0.394001,10.963621,10.963621,10.963621,10.963621,0.029999,0.001668,0.024823,0.018880,calls/second,milliseconds
1608014570,28,24.639453,1.724021,0.003429,0.276850,1.724177,1.724177,1.724177,1.724177,1.724177,4.893904,0.025205,0.000050,0.012327,0.014951,calls/second,milliseconds
1608014570,28,24.639453,1.724021,0.003429,0.276850,1.724177,1.724177,1.724177,1.724177,1.724177,4.893904,0.025205,0.000050,0.012327,0.014951,calls/second,milliseconds
