t,count,max,mean,min,stddev,p50,p75,p95,p98,p99,p999,mean_rate,m1_rate,m5_rate,m15_rate,rate_unit,duration_unit
1607871702,63,0.197220,0.003225,0.000183,0.006191,0.001546,0.002667,0.014310,0.027830,0.027830,0.027830,0.209984,0.393335,0.450300,0.635946,calls/second,milliseconds
1607872002,68,0.197220,0.002805,0.000183,0.003172,0.001540,0.004810,0.005418,0.010577,0.014310,0.027830,0.113329,0.022219,0.176621,0.460465,calls/second,milliseconds
1607872302,73,0.197220,0.006470,0.000183,0.002690,0.007987,0.007987,0.008523,0.008523,0.008523,0.008523,0.081109,0.019719,0.075941,0.334727,calls/second,milliseconds
1607872368,78,0.197220,0.009532,0.000183,0.004189,0.012003,0.012543,0.014040,0.014040,0.014040,0.014040,0.080718,0.018132,0.064240,0.312489,calls/second,milliseconds
1607872368,78,0.197220,0.009532,0.000183,0.004189,0.012003,0.012543,0.014040,0.014040,0.014040,0.014040,0.080717,0.018132,0.064240,0.312489,calls/second,milliseconds
