t,count,max,mean,min,stddev,p50,p75,p95,p98,p99,p999,mean_rate,m1_rate,m5_rate,m15_rate,rate_unit,duration_unit
1608513699,5,28.886533,5.788737,0.003678,11.548901,0.021832,0.025020,28.886533,28.886533,28.886533,28.886533,0.016666,0.000817,0.006609,0.004082,calls/second,milliseconds
1608513999,27,28.886533,1.110508,0.003678,1.990362,0.157573,0.300388,5.360422,5.922196,5.922196,5.922196,0.044999,0.053706,0.051288,0.024246,calls/second,milliseconds
1608514131,28,28.886533,0.964714,0.003678,1.179936,0.886701,0.886701,4.947562,5.360422,5.360422,5.922196,0.038213,0.006152,0.033252,0.020985,calls/second,milliseconds
1608514131,28,28.886533,0.964714,0.003678,1.179936,0.886701,0.886701,4.947562,5.360422,5.360422,5.922196,0.038213,0.006152,0.033252,0.020985,calls/second,milliseconds
