t,count,max,mean,min,stddev,p50,p75,p95,p98,p99,p999,mean_rate,m1_rate,m5_rate,m15_rate,rate_unit,duration_unit
1609994804,65,5.551788,0.431463,0.022600,0.642070,0.232747,0.374025,1.549057,2.582988,2.582988,5.551788,0.383915,0.663583,1.897573,2.560678,calls/second,milliseconds
1609994804,65,5.551788,0.431463,0.022600,0.642070,0.232747,0.374025,1.549057,2.582988,2.582988,5.551788,0.383338,0.663583,1.897573,2.560678,calls/second,milliseconds
