t,count,max,mean,min,stddev,p50,p75,p95,p98,p99,p999,mean_rate,m1_rate,m5_rate,m15_rate,rate_unit,duration_unit
1610360391,19,3.501999,0.064734,0.000984,0.347539,0.009026,0.015503,0.290311,0.384555,0.479424,3.501999,0.063335,0.029188,0.328532,0.592586,calls/second,milliseconds
1610360691,67,3.501999,0.185448,0.000891,0.309557,0.010287,0.234974,0.719626,1.255434,1.255434,1.679600,0.111669,0.050853,0.206385,0.467777,calls/second,milliseconds
1610360757,72,3.501999,0.413679,0.000891,0.510843,0.100474,0.692304,1.394623,1.394623,1.394623,1.679600,0.108141,0.027294,0.166526,0.433857,calls/second,milliseconds
1610360757,72,3.501999,0.413679,0.000891,0.510843,0.100474,0.692304,1.394623,1.394623,1.394623,1.679600,0.108140,0.027294,0.166526,0.433857,calls/second,milliseconds
