t,count,max,mean,min,stddev,p50,p75,p95,p98,p99,p999,mean_rate,m1_rate,m5_rate,m15_rate,rate_unit,duration_unit
1609415922,62,6.693708,0.305587,0.000739,0.835994,0.122664,0.346622,0.621245,1.083892,6.693708,6.693708,1.733715,1.302716,0.900411,0.833386,calls/second,milliseconds
1609415922,62,6.693708,0.305587,0.000739,0.835994,0.122664,0.346622,0.621245,1.083892,6.693708,6.693708,1.733371,1.302716,0.900411,0.833386,calls/second,milliseconds
