t,count,max,mean,min,stddev,p50,p75,p95,p98,p99,p999,mean_rate,m1_rate,m5_rate,m15_rate,rate_unit,duration_unit
1609434028,19,4.180387,0.135938,0.005577,0.397154,0.085126,0.085126,0.204188,0.612754,1.283601,4.180387,0.063336,0.017919,0.325891,0.591584,calls/second,milliseconds
1609434328,68,4.180387,0.286121,0.005218,0.345231,0.152293,0.420191,1.082246,1.459491,1.459491,1.459491,0.113336,0.297800,0.246409,0.473693,calls/second,milliseconds
1609434628,73,4.180387,0.132478,0.005218,0.132573,0.131117,0.131117,0.257457,0.534652,0.852718,1.459491,0.081112,0.012054,0.100246,0.343997,calls/second,milliseconds
1609434919,81,4.180387,0.724451,0.005218,0.724663,0.144647,1.458564,1.677747,1.677747,1.677747,1.677747,0.068003,0.011008,0.047256,0.252465,calls/second,milliseconds
1609434919,81,4.180387,0.724451,0.005218,0.724663,0.144647,1.458564,1.677747,1.677747,1.677747,1.677747,0.068002,0.011008,0.047256,0.252465,calls/second,milliseconds
