t,count,max,mean,min,stddev,p50,p75,p95,p98,p99,p999,mean_rate,m1_rate,m5_rate,m15_rate,rate_unit,duration_unit
1608505547,66,4.664790,0.285691,0.004126,0.346771,0.246576,0.410525,0.709364,1.652578,1.652578,1.652578,0.240540,0.413879,1.374562,2.284423,calls/second,milliseconds
1608505547,66,4.664790,0.285691,0.004126,0.346771,0.246576,0.410525,0.709364,1.652578,1.652578,1.652578,0.240532,0.413879,1.374562,2.284423,calls/second,milliseconds
