t,count,max,mean,min,stddev,p50,p75,p95,p98,p99,p999,mean_rate,m1_rate,m5_rate,m15_rate,rate_unit,duration_unit
1610007484,19,0.083067,0.035426,0.000250,0.026482,0.027996,0.032389,0.083067,0.083067,0.083067,0.083067,0.063329,0.020407,0.322578,0.589244,calls/second,milliseconds
1610007784,68,0.321013,0.016085,0.000088,0.052846,0.002094,0.006746,0.052526,0.321013,0.321013,0.321013,0.113329,0.183136,0.235147,0.470719,calls/second,milliseconds
1610008084,73,0.485234,0.137615,0.000088,0.180963,0.051490,0.070198,0.485234,0.485234,0.485234,0.485234,0.081109,0.014135,0.096594,0.341943,calls/second,milliseconds
1610008113,78,0.485234,0.033901,0.000088,0.079233,0.008690,0.043406,0.089654,0.485234,0.485234,0.485234,0.083930,0.024031,0.092122,0.333678,calls/second,milliseconds
1610008113,78,0.485234,0.033901,0.000088,0.079233,0.008690,0.043406,0.089654,0.485234,0.485234,0.485234,0.083929,0.024031,0.092122,0.333678,calls/second,milliseconds
