t,count,max,mean,min,stddev,p50,p75,p95,p98,p99,p999,mean_rate,m1_rate,m5_rate,m15_rate,rate_unit,duration_unit
1608481414,71,0.053207,0.006669,0.000485,0.006573,0.004963,0.007667,0.023382,0.023382,0.031868,0.053207,0.290013,0.200719,0.508866,0.677622,calls/second,milliseconds
1608481414,71,0.053207,0.006669,0.000485,0.006573,0.004963,0.007667,0.023382,0.023382,0.031868,0.053207,0.290008,0.200719,0.508866,0.677622,calls/second,milliseconds
