t,count,max,mean,min,stddev,p50,p75,p95,p98,p99,p999,mean_rate,m1_rate,m5_rate,m15_rate,rate_unit,duration_unit
1609998077,27,28.556522,2.056393,0.004397,3.909221,0.174791,0.389948,13.155081,13.155081,13.155081,13.155081,0.089993,0.251218,0.440996,0.744221,calls/second,milliseconds
1609998118,28,28.556522,2.052791,0.004397,3.690788,0.214951,2.023233,10.144633,13.155081,13.155081,13.155081,0.082011,0.128980,0.385948,0.711869,calls/second,milliseconds
1609998118,28,28.556522,2.052791,0.004397,3.690788,0.214951,2.023233,10.144633,13.155081,13.155081,13.155081,0.082009,0.128980,0.385948,0.711869,calls/second,milliseconds
