t,count,max,mean,min,stddev,p50,p75,p95,p98,p99,p999,mean_rate,m1_rate,m5_rate,m15_rate,rate_unit,duration_unit
1609412857,63,0.062674,0.004663,0.000090,0.006217,0.003091,0.004916,0.012013,0.035116,0.035116,0.062674,0.209980,0.081522,1.213652,2.205781,calls/second,milliseconds
1609413094,71,0.062674,0.015588,0.000090,0.012609,0.008073,0.031890,0.043290,0.043290,0.043290,0.043290,0.132032,0.051742,0.573181,1.706075,calls/second,milliseconds
1609413094,71,0.062674,0.015588,0.000090,0.012609,0.008073,0.031890,0.043290,0.043290,0.043290,0.043290,0.132030,0.051742,0.573181,1.706075,calls/second,milliseconds
