t,count,max,mean,min,stddev,p50,p75,p95,p98,p99,p999,mean_rate,m1_rate,m5_rate,m15_rate,rate_unit,duration_unit
1609407469,63,2.652414,0.246649,0.004563,0.377083,0.113394,0.238220,1.186973,1.709671,1.709671,2.074396,0.209911,0.244572,1.244440,2.210280,calls/second,milliseconds
1609407769,73,5.204381,3.480494,0.003708,2.068223,4.922858,5.204381,5.204381,5.204381,5.204381,5.204381,0.121641,0.015134,0.474075,1.592385,calls/second,milliseconds
1609408069,78,5.204381,1.024303,0.003708,0.488047,0.850322,1.321781,1.321781,2.791358,2.791358,5.204381,0.086654,0.013003,0.184491,1.145652,calls/second,milliseconds
1609408323,86,5.204381,0.441468,0.003708,0.307549,0.305643,0.447339,1.069138,1.069138,1.069138,1.321781,0.074522,0.031844,0.097075,0.874740,calls/second,milliseconds
1609408323,86,5.204381,0.441468,0.003708,0.307549,0.305643,0.447339,1.069138,1.069138,1.069138,1.321781,0.074522,0.031844,0.097075,0.874740,calls/second,milliseconds
