t,count,max,mean,min,stddev,p50,p75,p95,p98,p99,p999,mean_rate,m1_rate,m5_rate,m15_rate,rate_unit,duration_unit
1609416126,66,4.754405,0.547788,0.009920,0.906921,0.223452,0.563240,2.053077,4.754405,4.754405,4.754405,0.860613,0.809341,0.806340,0.802205,calls/second,milliseconds
1609416126,66,4.754405,0.547788,0.009920,0.906921,0.223452,0.563240,2.053077,4.754405,4.754405,4.754405,0.860255,0.809341,0.806340,0.802205,calls/second,milliseconds
