t,count,max,mean,min,stddev,p50,p75,p95,p98,p99,p999,mean_rate,m1_rate,m5_rate,m15_rate,rate_unit,duration_unit
1609416470,65,8.514871,0.379983,0.024947,0.718612,0.205326,0.400799,1.547415,1.895974,1.895974,8.514871,0.544775,0.933039,2.216962,2.704179,calls/second,milliseconds
1609416470,65,8.514871,0.379983,0.024947,0.718612,0.205326,0.400799,1.547415,1.895974,1.895974,8.514871,0.544723,0.933039,2.216962,2.704179,calls/second,milliseconds
