t,count,max,mean,min,stddev,p50,p75,p95,p98,p99,p999,mean_rate,m1_rate,m5_rate,m15_rate,rate_unit,duration_unit
1609996811,63,4.492009,0.428454,0.031126,0.621133,0.206446,0.400543,2.084303,2.290310,3.142442,3.367059,0.209926,0.314474,0.444285,0.635183,calls/second,milliseconds
1609996958,69,4.964959,1.043061,0.031126,1.428521,0.293082,2.474529,4.964959,4.964959,4.964959,4.964959,0.154356,0.039287,0.279263,0.542718,calls/second,milliseconds
1609996958,69,4.964959,1.043061,0.031126,1.428521,0.293082,2.474529,4.964959,4.964959,4.964959,4.964959,0.154352,0.039287,0.279263,0.542718,calls/second,milliseconds
