t,count,max,mean,min,stddev,p50,p75,p95,p98,p99,p999,mean_rate,m1_rate,m5_rate,m15_rate,rate_unit,duration_unit
1608384171,55,1.103328,0.156106,0.000599,0.204616,0.027472,0.235500,0.613052,0.624577,0.815913,0.818835,0.183287,0.414926,0.432046,0.628004,calls/second,milliseconds
1608384375,75,1.103328,0.319683,0.000599,0.381359,0.128705,0.802972,0.968978,0.968978,0.968978,0.968978,0.148758,0.048681,0.253393,0.517733,calls/second,milliseconds
1608384375,75,1.103328,0.319683,0.000599,0.381359,0.128705,0.802972,0.968978,0.968978,0.968978,0.968978,0.148756,0.048681,0.253393,0.517733,calls/second,milliseconds
