t,count,max,mean,min,stddev,p50,p75,p95,p98,p99,p999,mean_rate,m1_rate,m5_rate,m15_rate,rate_unit,duration_unit
1607733160,63,3.874520,0.480595,0.003950,0.700279,0.276202,0.573026,2.339840,2.366501,3.874520,3.874520,0.210010,0.368897,0.434963,0.631009,calls/second,milliseconds
1607733460,68,3.874520,0.192578,0.003950,0.420372,0.075918,0.075918,0.849432,1.445798,2.339840,3.874520,0.113335,0.016323,0.179995,0.463183,calls/second,milliseconds
1607733760,73,3.874520,0.131078,0.003950,0.130373,0.089932,0.108304,0.487569,0.487569,0.487569,0.662722,0.081112,0.013011,0.076305,0.336544,calls/second,milliseconds
1607733893,80,3.874520,0.593354,0.003950,0.698749,0.137636,1.205981,1.801357,1.801357,1.801357,1.801357,0.077422,0.010118,0.053659,0.291683,calls/second,milliseconds
1607733893,80,3.874520,0.593354,0.003950,0.698749,0.137636,1.205981,1.801357,1.801357,1.801357,1.801357,0.077421,0.010118,0.053659,0.291683,calls/second,milliseconds
