t,count,max,mean,min,stddev,p50,p75,p95,p98,p99,p999,mean_rate,m1_rate,m5_rate,m15_rate,rate_unit,duration_unit
1610000337,19,2.917288,0.145865,0.005683,0.379836,0.097150,0.097150,0.206217,0.976788,2.884341,2.917288,0.063336,0.017934,0.325913,0.591589,calls/second,milliseconds
1610000637,68,2.917288,0.184681,0.004422,0.316492,0.062043,0.062043,0.826576,1.114685,1.690410,1.873113,0.113336,0.023262,0.194211,0.465665,calls/second,milliseconds
1610000656,72,2.917288,0.505660,0.004422,0.575043,0.089723,1.015756,1.492671,1.492671,1.492671,1.873113,0.116301,0.029122,0.184830,0.456520,calls/second,milliseconds
1610000656,72,2.917288,0.505660,0.004422,0.575043,0.089723,1.015756,1.492671,1.492671,1.492671,1.873113,0.116299,0.029122,0.184830,0.456520,calls/second,milliseconds
