t,count,max,mean,min,stddev,p50,p75,p95,p98,p99,p999,mean_rate,m1_rate,m5_rate,m15_rate,rate_unit,duration_unit
1609279853,62,10.966195,0.204685,0.006786,1.130838,0.055113,0.095559,0.318333,0.332115,10.966195,10.966195,0.893502,0.937804,0.822711,0.806997,calls/second,milliseconds
1609279853,62,10.966195,0.204685,0.006786,1.130838,0.055113,0.095559,0.318333,0.332115,10.966195,10.966195,0.893377,0.937804,0.822711,0.806997,calls/second,milliseconds
