t,count,max,mean,min,stddev,p50,p75,p95,p98,p99,p999,mean_rate,m1_rate,m5_rate,m15_rate,rate_unit,duration_unit
1609416213,64,0.185836,0.009268,0.001856,0.016485,0.006267,0.009746,0.022684,0.034253,0.034253,0.185836,0.760790,1.354959,2.471926,2.807750,calls/second,milliseconds
1609416213,64,0.185836,0.009268,0.001856,0.016485,0.006267,0.009746,0.022684,0.034253,0.034253,0.185836,0.760653,1.354959,2.471926,2.807750,calls/second,milliseconds
