t,count,max,mean,min,stddev,p50,p75,p95,p98,p99,p999,mean_rate,m1_rate,m5_rate,m15_rate,rate_unit,duration_unit
1607730129,27,24.990233,2.309550,0.010566,4.543348,0.210007,0.657085,13.705773,16.226044,16.226044,24.990233,0.089992,0.100274,0.429434,0.742774,calls/second,milliseconds
1607730429,27,24.990233,2.309550,0.010566,4.543348,0.210007,0.657085,13.705773,16.226044,16.226044,24.990233,0.044998,0.000676,0.157980,0.532221,calls/second,milliseconds
1607730729,27,24.990233,2.309550,0.010566,4.543348,0.210007,0.657085,13.705773,16.226044,16.226044,24.990233,0.029999,0.000005,0.058118,0.381353,calls/second,milliseconds
1607730767,28,24.990233,1.256798,0.010566,0.100087,1.256313,1.256313,1.256313,1.256313,1.256313,1.256313,0.029872,0.000003,0.051718,0.366807,calls/second,milliseconds
1607730767,28,24.990233,1.256798,0.010566,0.100087,1.256313,1.256313,1.256313,1.256313,1.256313,1.256313,0.029871,0.000003,0.051718,0.366807,calls/second,milliseconds
