t,count,max,mean,min,stddev,p50,p75,p95,p98,p99,p999,mean_rate,m1_rate,m5_rate,m15_rate,rate_unit,duration_unit
1607731992,63,0.557903,0.030965,0.004080,0.064697,0.014700,0.022442,0.193567,0.277730,0.402420,0.557903,0.209979,0.339849,1.253237,2.211413,calls/second,milliseconds
1607732292,68,3.843960,0.902487,0.004080,1.464859,0.221970,0.227193,3.843960,3.843960,3.843960,3.843960,0.113327,0.017530,0.471471,1.589257,calls/second,milliseconds
1607732592,73,3.843960,0.161296,0.004080,0.191867,0.137648,0.183079,0.183079,0.183079,0.221970,3.843960,0.081108,0.015358,0.183875,1.143463,calls/second,milliseconds
1607732855,81,3.843960,0.124450,0.004080,0.139875,0.057356,0.209124,0.281093,0.591356,0.591356,0.591356,0.069633,0.010994,0.085793,0.860367,calls/second,milliseconds
1607732855,81,3.843960,0.124450,0.004080,0.139875,0.057356,0.209124,0.281093,0.591356,0.591356,0.591356,0.069633,0.010994,0.085793,0.860367,calls/second,milliseconds
