t,count,max,mean,min,stddev,p50,p75,p95,p98,p99,p999,mean_rate,m1_rate,m5_rate,m15_rate,rate_unit,duration_unit
1608507758,46,8.318280,0.196457,0.005756,0.282546,0.077268,0.376362,0.606177,0.646967,0.646967,2.143061,0.153337,0.358477,1.228652,2.204721,calls/second,milliseconds
1608507822,67,8.318280,0.302914,0.004562,0.343114,0.167877,0.386263,1.171683,1.171683,1.171683,1.171683,0.184377,0.258141,1.042775,2.071056,calls/second,milliseconds
1608507822,67,8.318280,0.302914,0.004562,0.343114,0.167877,0.386263,1.171683,1.171683,1.171683,1.171683,0.184373,0.258141,1.042775,2.071056,calls/second,milliseconds
