t,count,max,mean,min,stddev,p50,p75,p95,p98,p99,p999,mean_rate,m1_rate,m5_rate,m15_rate,rate_unit,duration_unit
1609416470,65,0.105930,0.011909,0.001346,0.020525,0.006156,0.008460,0.066770,0.105930,0.105930,0.105930,0.545236,0.933039,2.216962,2.704179,calls/second,milliseconds
1609416470,65,0.105930,0.011909,0.001346,0.020525,0.006156,0.008460,0.066770,0.105930,0.105930,0.105930,0.545182,0.933039,2.216962,2.704179,calls/second,milliseconds
