t,count,max,mean,min,stddev,p50,p75,p95,p98,p99,p999,mean_rate,m1_rate,m5_rate,m15_rate,rate_unit,duration_unit
1609303498,19,2.652703,0.856844,0.012843,0.463219,1.174468,1.174468,1.174468,1.174468,2.652703,2.652703,0.063320,0.031900,1.130547,2.165352,calls/second,milliseconds
1609303798,68,2.652703,0.293239,0.012843,0.301970,0.153449,0.567679,0.744578,1.284030,1.284030,1.284030,0.113321,0.051776,0.506303,1.596151,calls/second,milliseconds
1609304098,73,2.652703,0.726121,0.012843,0.178730,0.846500,0.846500,0.846500,0.846500,0.846500,1.284030,0.081106,0.010396,0.195855,1.148274,calls/second,milliseconds
1609304398,78,2.652703,0.531087,0.012843,0.210161,0.366615,0.688599,0.850398,0.850398,0.850398,0.850398,0.064997,0.010117,0.081648,0.827356,calls/second,milliseconds
1609304698,83,2.652703,0.622200,0.012843,0.100188,0.557623,0.784283,0.784283,0.784283,0.808939,0.850398,0.055331,0.010115,0.039633,0.597408,calls/second,milliseconds
1609304727,88,2.652703,0.287089,0.012843,0.250115,0.150400,0.468871,0.682907,0.784283,0.784283,0.808939,0.057555,0.018127,0.039557,0.582125,calls/second,milliseconds
1609304727,88,2.652703,0.287089,0.012843,0.250115,0.150400,0.468871,0.682907,0.784283,0.784283,0.808939,0.057555,0.018127,0.039557,0.582125,calls/second,milliseconds
