t,count,max,mean,min,stddev,p50,p75,p95,p98,p99,p999,mean_rate,m1_rate,m5_rate,m15_rate,rate_unit,duration_unit
1609417801,66,4.144678,0.514430,0.004877,0.701785,0.200212,0.751359,1.761324,2.182399,3.925996,4.144678,0.267798,0.259432,1.466923,2.345404,calls/second,milliseconds
1609417801,66,4.144678,0.514430,0.004877,0.701785,0.200212,0.751359,1.761324,2.182399,3.925996,4.144678,0.267262,0.259432,1.466923,2.345404,calls/second,milliseconds
