t,count,max,mean,min,stddev,p50,p75,p95,p98,p99,p999,mean_rate,m1_rate,m5_rate,m15_rate,rate_unit,duration_unit
1607731992,63,3.820453,0.400197,0.021941,0.590768,0.228168,0.345363,1.695674,3.072534,3.072534,3.072534,0.209920,0.339849,1.253237,2.211413,calls/second,milliseconds
1607732292,68,12.515092,4.106605,0.021941,4.280242,2.730325,2.730325,12.515092,12.515092,12.515092,12.515092,0.113312,0.017530,0.471471,1.589257,calls/second,milliseconds
1607732592,73,12.515092,1.471093,0.021941,0.591900,1.478098,1.478098,1.478098,1.875143,1.875143,12.515092,0.081101,0.015358,0.183875,1.143463,calls/second,milliseconds
1607732855,81,12.515092,0.766181,0.021941,0.976160,0.184186,1.478098,1.898371,4.032090,4.032090,4.032090,0.069628,0.010994,0.085793,0.860367,calls/second,milliseconds
1607732855,81,12.515092,0.766181,0.021941,0.976160,0.184186,1.478098,1.898371,4.032090,4.032090,4.032090,0.069628,0.010994,0.085793,0.860367,calls/second,milliseconds
