t,count,max,mean,min,stddev,p50,p75,p95,p98,p99,p999,mean_rate,m1_rate,m5_rate,m15_rate,rate_unit,duration_unit
1609291842,32,3.848242,0.301393,0.001838,0.341030,0.139602,0.562368,0.980007,0.980007,0.980007,3.848242,0.106668,0.221542,0.371109,0.606971,calls/second,milliseconds
1609292142,67,3.848242,0.099085,0.001838,0.172967,0.026930,0.030302,0.458680,0.737754,0.737754,0.980007,0.111668,0.030658,0.188963,0.464533,calls/second,milliseconds
1609292442,72,3.848242,0.033690,0.001838,0.029804,0.046570,0.046570,0.046570,0.046570,0.046570,0.424308,0.080001,0.023325,0.080853,0.337696,calls/second,milliseconds
1609292450,76,3.848242,0.217898,0.001838,0.235866,0.046570,0.442126,0.582343,0.582343,0.582343,0.582343,0.083699,0.019744,0.078202,0.333964,calls/second,milliseconds
1609292450,76,3.848242,0.217898,0.001838,0.235866,0.046570,0.442126,0.582343,0.582343,0.582343,0.582343,0.083699,0.019744,0.078202,0.333964,calls/second,milliseconds
