t,count,max,mean,min,stddev,p50,p75,p95,p98,p99,p999,mean_rate,m1_rate,m5_rate,m15_rate,rate_unit,duration_unit
1609996178,62,5.392861,0.314890,0.022918,0.349959,0.215238,0.359252,1.020081,1.163581,1.163581,5.392861,0.206599,0.161826,0.425505,0.631998,calls/second,milliseconds
1609996232,67,5.464050,0.701154,0.022918,1.214412,0.244826,0.483263,1.899200,5.464050,5.464050,5.464050,0.189369,0.077883,0.363027,0.598898,calls/second,milliseconds
1609996232,67,5.464050,0.701154,0.022918,1.214412,0.244826,0.483263,1.899200,5.464050,5.464050,5.464050,0.189363,0.077883,0.363027,0.598898,calls/second,milliseconds
