t,count,max,mean,min,stddev,p50,p75,p95,p98,p99,p999,mean_rate,m1_rate,m5_rate,m15_rate,rate_unit,duration_unit
1609417550,67,0.345832,0.023494,0.001183,0.043668,0.007487,0.034137,0.080426,0.124117,0.345832,0.345832,0.246704,0.144113,0.456076,0.652162,calls/second,milliseconds
1609417550,67,0.345832,0.023494,0.001183,0.043668,0.007487,0.034137,0.080426,0.124117,0.345832,0.345832,0.246687,0.144113,0.456076,0.652162,calls/second,milliseconds
