t,count,max,mean,min,stddev,p50,p75,p95,p98,p99,p999,mean_rate,m1_rate,m5_rate,m15_rate,rate_unit,duration_unit
1607900148,19,0.462278,0.261690,0.001409,0.200798,0.143780,0.462278,0.462278,0.462278,0.462278,0.462278,0.063327,0.021515,0.322726,0.589266,calls/second,milliseconds
1607900448,49,0.462278,0.023584,0.001409,0.022713,0.014227,0.035057,0.060806,0.063600,0.081240,0.117640,0.081663,0.268202,0.202883,0.453563,calls/second,milliseconds
1607900748,73,0.462278,0.175573,0.001409,0.159144,0.116202,0.373619,0.373619,0.373619,0.373619,0.373619,0.081109,0.020216,0.111603,0.345501,calls/second,milliseconds
1607901048,78,0.462278,0.083385,0.001409,0.032463,0.095951,0.095951,0.095951,0.095951,0.116202,0.373619,0.064998,0.014158,0.051315,0.252247,calls/second,milliseconds
1607901102,83,0.462278,0.033009,0.001409,0.028735,0.022023,0.039714,0.095951,0.095951,0.095951,0.095951,0.066173,0.016695,0.046478,0.239693,calls/second,milliseconds
1607901102,83,0.462278,0.033009,0.001409,0.028735,0.022023,0.039714,0.095951,0.095951,0.095951,0.095951,0.066172,0.016695,0.046478,0.239693,calls/second,milliseconds
