t,count,max,mean,min,stddev,p50,p75,p95,p98,p99,p999,mean_rate,m1_rate,m5_rate,m15_rate,rate_unit,duration_unit
1608510700,19,0.286068,0.064555,0.001938,0.048862,0.053838,0.075285,0.184431,0.184431,0.286068,0.286068,0.063330,0.032763,1.130687,2.165374,calls/second,milliseconds
1608510902,71,0.286068,0.018079,0.001938,0.018106,0.009728,0.024483,0.071557,0.071557,0.071557,0.071557,0.141697,0.168942,0.694632,1.781478,calls/second,milliseconds
1608510902,71,0.286068,0.018079,0.001938,0.018106,0.009728,0.024483,0.071557,0.071557,0.071557,0.071557,0.141695,0.168942,0.694632,1.781478,calls/second,milliseconds
