t,count,max,mean,min,stddev,p50,p75,p95,p98,p99,p999,mean_rate,m1_rate,m5_rate,m15_rate,rate_unit,duration_unit
1609432081,19,0.150854,0.087008,0.001144,0.037832,0.110296,0.110296,0.119093,0.119093,0.119093,0.150854,0.063328,0.022576,0.322636,0.589238,calls/second,milliseconds
1609432383,68,0.339617,0.021629,0.001017,0.025608,0.013077,0.021000,0.073300,0.080455,0.124328,0.339617,0.112950,0.185558,0.234419,0.470591,calls/second,milliseconds
1609432681,73,0.511605,0.157528,0.001017,0.186893,0.057466,0.123706,0.511605,0.511605,0.511605,0.511605,0.081108,0.016491,0.096669,0.341903,calls/second,milliseconds
1609432895,81,0.511605,0.050309,0.001017,0.061879,0.018850,0.071914,0.124370,0.124370,0.425617,0.511605,0.072699,0.025332,0.058047,0.274771,calls/second,milliseconds
1609432895,81,0.511605,0.050309,0.001017,0.061879,0.018850,0.071914,0.124370,0.124370,0.425617,0.511605,0.072698,0.025332,0.058047,0.274771,calls/second,milliseconds
