t,count,max,mean,min,stddev,p50,p75,p95,p98,p99,p999,mean_rate,m1_rate,m5_rate,m15_rate,rate_unit,duration_unit
1609415435,67,2.180649,0.284832,0.008263,0.297381,0.161753,0.340542,0.839442,0.839442,0.839442,2.180649,0.274117,0.093199,0.479717,0.670768,calls/second,milliseconds
1609415435,67,2.180649,0.284832,0.008263,0.297381,0.161753,0.340542,0.839442,0.839442,0.839442,2.180649,0.274105,0.093199,0.479717,0.670768,calls/second,milliseconds
