t,count,max,mean,min,stddev,p50,p75,p95,p98,p99,p999,mean_rate,m1_rate,m5_rate,m15_rate,rate_unit,duration_unit
1608355463,12,16.290703,1.223264,0.005714,2.035208,0.050876,1.965246,5.368110,5.368110,5.368110,16.290703,0.039998,0.089655,0.028679,0.011716,calls/second,milliseconds
1608355717,28,16.290703,1.298031,0.003292,1.640653,1.291635,1.291635,5.018229,5.368110,10.922963,10.922963,0.050541,0.007878,0.036440,0.021916,calls/second,milliseconds
1608355717,28,16.290703,1.298031,0.003292,1.640653,1.291635,1.291635,5.018229,5.368110,10.922963,10.922963,0.050541,0.007878,0.036440,0.021916,calls/second,milliseconds
