t,count,max,mean,min,stddev,p50,p75,p95,p98,p99,p999,mean_rate,m1_rate,m5_rate,m15_rate,rate_unit,duration_unit
1607887115,21,4.014893,1.154071,0.024096,1.019944,1.028995,1.318751,3.092121,3.092121,3.092121,4.014893,0.069972,0.064146,1.137477,2.167620,calls/second,milliseconds
1607887415,68,4.014893,0.604777,0.013153,0.573158,0.400920,0.874245,1.759517,1.820916,1.820916,3.092121,0.113311,0.029976,0.493451,1.593900,calls/second,milliseconds
1607887442,73,4.014893,0.526286,0.013153,0.551269,0.126483,1.018119,1.366227,1.759517,1.759517,1.820916,0.116378,0.034474,0.457248,1.551336,calls/second,milliseconds
1607887442,73,4.014893,0.526286,0.013153,0.551269,0.126483,1.018119,1.366227,1.759517,1.759517,1.820916,0.116376,0.034474,0.457248,1.551336,calls/second,milliseconds
