t,count,max,mean,min,stddev,p50,p75,p95,p98,p99,p999,mean_rate,m1_rate,m5_rate,m15_rate,rate_unit,duration_unit
1609408628,63,3.802829,0.310778,0.003158,0.391931,0.250816,0.432608,0.904192,2.007779,2.007779,2.007779,0.210000,0.333298,0.450854,0.638600,calls/second,milliseconds
1609408928,68,3.802829,0.150382,0.003158,0.323287,0.052047,0.067171,0.731514,1.536840,1.536840,2.007779,0.113334,0.017486,0.176290,0.462287,calls/second,milliseconds
1609409228,73,3.802829,0.056774,0.003158,0.039932,0.052326,0.060838,0.065133,0.065133,0.065133,0.445350,0.081112,0.015358,0.075284,0.335954,calls/second,milliseconds
1609409251,78,3.802829,0.692558,0.003158,0.632131,0.801365,1.036457,1.797404,1.797404,1.797404,1.797404,0.084518,0.010125,0.069265,0.326750,calls/second,milliseconds
1609409251,78,3.802829,0.692558,0.003158,0.632131,0.801365,1.036457,1.797404,1.797404,1.797404,1.797404,0.084516,0.010125,0.069265,0.326750,calls/second,milliseconds
