t,count,max,mean,min,stddev,p50,p75,p95,p98,p99,p999,mean_rate,m1_rate,m5_rate,m15_rate,rate_unit,duration_unit
1609995086,28,290.616339,4.095913,0.003910,19.337362,0.327888,6.336893,7.457347,17.424337,17.424337,290.616339,0.101220,0.057663,0.057531,0.025759,calls/second,milliseconds
1609995086,28,290.616339,4.095913,0.003910,19.337362,0.327888,6.336893,7.457347,17.424337,17.424337,290.616339,0.101078,0.057663,0.057531,0.025759,calls/second,milliseconds
