t,count,max,mean,min,stddev,p50,p75,p95,p98,p99,p999,mean_rate,m1_rate,m5_rate,m15_rate,rate_unit,duration_unit
1608504499,63,6.803139,0.222710,0.019572,0.401868,0.171744,0.244343,0.625800,0.721837,1.179558,6.803139,0.405446,0.696946,1.952373,2.586734,calls/second,milliseconds
1608504499,63,6.803139,0.222710,0.019572,0.401868,0.171744,0.244343,0.625800,0.721837,1.179558,6.803139,0.405411,0.696946,1.952373,2.586734,calls/second,milliseconds
