t,count,max,mean,min,stddev,p50,p75,p95,p98,p99,p999,mean_rate,m1_rate,m5_rate,m15_rate,rate_unit,duration_unit
1607877016,63,3.499847,0.228479,0.000786,0.303313,0.089086,0.390262,0.626744,1.220261,1.220261,3.499847,0.210009,0.096963,0.421034,0.634542,calls/second,milliseconds
1607877316,68,3.499847,0.055992,0.000786,0.104253,0.065686,0.065686,0.065686,0.390262,0.474053,1.220261,0.113336,0.013554,0.164979,0.459328,calls/second,milliseconds
1607877363,73,3.499847,0.756087,0.000786,0.996300,0.244826,0.800025,2.670665,2.670665,2.670665,2.670665,0.112780,0.015590,0.142642,0.435577,calls/second,milliseconds
1607877363,73,3.499847,0.756087,0.000786,0.996300,0.244826,0.800025,2.670665,2.670665,2.670665,2.670665,0.112778,0.015590,0.142642,0.435577,calls/second,milliseconds
