t,count,max,mean,min,stddev,p50,p75,p95,p98,p99,p999,mean_rate,m1_rate,m5_rate,m15_rate,rate_unit,duration_unit
1608498666,28,14.907325,1.138575,0.003724,2.397661,0.119502,0.681883,6.531899,6.531899,14.907325,14.907325,0.214760,0.176907,0.073868,0.028067,calls/second,milliseconds
1608498666,28,14.907325,1.138575,0.003724,2.397661,0.119502,0.681883,6.531899,6.531899,14.907325,14.907325,0.214745,0.176907,0.073868,0.028067,calls/second,milliseconds
