t,count,max,mean,min,stddev,p50,p75,p95,p98,p99,p999,mean_rate,m1_rate,m5_rate,m15_rate,rate_unit,duration_unit
1607755683,19,0.062413,0.017534,0.000329,0.020929,0.005075,0.022687,0.055256,0.055256,0.062413,0.062413,0.063328,0.032763,1.130687,2.165374,calls/second,milliseconds
1607755983,68,0.279813,0.017519,0.000329,0.042845,0.005770,0.013774,0.060482,0.279813,0.279813,0.279813,0.113328,0.062868,0.509830,1.596721,calls/second,milliseconds
1607756283,73,0.279813,0.016768,0.000329,0.016902,0.012877,0.014021,0.022096,0.080224,0.080224,0.279813,0.081108,0.011344,0.197314,1.148708,calls/second,milliseconds
1607756583,78,0.279813,0.013216,0.000329,0.002762,0.012177,0.012877,0.016603,0.016603,0.016603,0.022096,0.064998,0.010997,0.082346,0.827692,calls/second,milliseconds
1607756883,83,0.279813,0.013461,0.000329,0.000384,0.013646,0.013646,0.013646,0.013646,0.013646,0.016603,0.055332,0.010994,0.040051,0.597674,calls/second,milliseconds
1607757183,88,0.279813,0.028248,0.000329,0.010792,0.037010,0.037010,0.037010,0.037010,0.037010,0.037010,0.048888,0.010994,0.024492,0.432859,calls/second,milliseconds
1607757466,102,0.279813,0.030828,0.000329,0.039127,0.015026,0.017293,0.109733,0.109733,0.109733,0.109733,0.048973,0.016325,0.026917,0.325969,calls/second,milliseconds
1607757466,102,0.279813,0.030828,0.000329,0.039127,0.015026,0.017293,0.109733,0.109733,0.109733,0.109733,0.048972,0.016325,0.026917,0.325969,calls/second,milliseconds
