t,count,max,mean,min,stddev,p50,p75,p95,p98,p99,p999,mean_rate,m1_rate,m5_rate,m15_rate,rate_unit,duration_unit
1609423432,6,34.532342,2.699233,0.002911,3.319604,2.464775,2.464775,2.464775,2.464775,34.532342,34.532342,0.019999,0.023315,0.377368,0.721631,calls/second,milliseconds
1609423662,28,34.532342,2.091230,0.002911,4.569251,0.806503,0.806503,14.836252,18.373505,18.373505,18.373505,0.052815,0.037250,0.217691,0.579194,calls/second,milliseconds
1609423662,28,34.532342,2.091230,0.002911,4.569251,0.806503,0.806503,14.836252,18.373505,18.373505,18.373505,0.052814,0.037250,0.217691,0.579194,calls/second,milliseconds
