t,count,max,mean,min,stddev,p50,p75,p95,p98,p99,p999,mean_rate,m1_rate,m5_rate,m15_rate,rate_unit,duration_unit
1608915733,19,3.028512,0.455784,0.008134,0.323218,0.479629,0.479629,0.738235,0.801106,3.028512,3.028512,0.063322,0.022576,0.322636,0.589238,calls/second,milliseconds
1608916033,67,3.028512,0.179657,0.007362,0.157791,0.122326,0.266459,0.494060,0.505588,0.511054,0.526633,0.111657,0.101761,0.221088,0.468075,calls/second,milliseconds
1608916161,73,3.028512,0.358600,0.007362,0.368043,0.353387,0.445792,1.083438,1.083438,1.083438,1.083438,0.100292,0.024877,0.151101,0.409440,calls/second,milliseconds
1608916161,73,3.028512,0.358600,0.007362,0.368043,0.353387,0.445792,1.083438,1.083438,1.083438,1.083438,0.100291,0.024877,0.151101,0.409440,calls/second,milliseconds
