t,count,max,mean,min,stddev,p50,p75,p95,p98,p99,p999,mean_rate,m1_rate,m5_rate,m15_rate,rate_unit,duration_unit
1609400836,24,4.155946,0.758167,0.000953,0.825162,0.717488,0.909214,2.334976,2.334976,2.334976,4.155946,0.080002,0.063665,0.337161,0.595721,calls/second,milliseconds
1609401136,68,4.155946,0.168536,0.000576,0.357451,0.010975,0.200660,0.717488,1.459973,1.739477,2.334976,0.113270,0.021525,0.187992,0.462947,calls/second,milliseconds
1609401436,73,4.155946,0.021136,0.000576,0.057917,0.010683,0.012411,0.042767,0.042767,0.042767,0.717488,0.081112,0.014179,0.080579,0.338249,calls/second,milliseconds
1609401736,78,4.155946,0.010239,0.000576,0.008287,0.007163,0.014570,0.014570,0.014570,0.044532,0.044532,0.065000,0.012989,0.039242,0.245682,calls/second,milliseconds
1609401757,83,4.155946,0.551360,0.000576,0.715429,0.151597,0.921431,1.913486,1.913486,1.913486,1.913486,0.067978,0.025298,0.040017,0.241390,calls/second,milliseconds
1609401757,83,4.155946,0.551360,0.000576,0.715429,0.151597,0.921431,1.913486,1.913486,1.913486,1.913486,0.067978,0.025298,0.040017,0.241390,calls/second,milliseconds
