t,count,max,mean,min,stddev,p50,p75,p95,p98,p99,p999,mean_rate,m1_rate,m5_rate,m15_rate,rate_unit,duration_unit
1609285644,62,1.934451,0.236677,0.001379,0.266939,0.147093,0.347803,0.687520,0.969126,0.969126,1.934451,0.206672,0.213556,0.437483,0.636189,calls/second,milliseconds
1609285944,67,1.934451,0.046858,0.001379,0.128514,0.019989,0.019989,0.306473,0.604723,0.687520,0.969126,0.111668,0.015461,0.171199,0.460533,calls/second,milliseconds
1609285992,72,1.934451,0.295525,0.001379,0.325471,0.054589,0.685115,0.712737,0.712737,0.712737,0.712737,0.111112,0.017261,0.147958,0.436724,calls/second,milliseconds
1609285992,72,1.934451,0.295525,0.001379,0.325471,0.054589,0.685115,0.712737,0.712737,0.712737,0.712737,0.111110,0.017261,0.147958,0.436724,calls/second,milliseconds
