t,count,max,mean,min,stddev,p50,p75,p95,p98,p99,p999,mean_rate,m1_rate,m5_rate,m15_rate,rate_unit,duration_unit
1607877016,63,3.505231,0.239261,0.003663,0.300341,0.093380,0.400766,0.629508,1.228072,1.228072,3.505231,0.210008,0.096963,0.421034,0.634542,calls/second,milliseconds
1607877316,68,3.505231,1.461866,0.003663,1.248683,2.583799,2.583799,2.583799,2.583799,2.583799,2.583799,0.113336,0.013554,0.164979,0.459328,calls/second,milliseconds
1607877363,73,3.505231,0.884490,0.003663,1.052959,0.247299,0.803942,2.679555,2.679555,2.679555,2.679555,0.112780,0.015590,0.142642,0.435577,calls/second,milliseconds
1607877363,73,3.505231,0.884490,0.003663,1.052959,0.247299,0.803942,2.679555,2.679555,2.679555,2.679555,0.112778,0.015590,0.142642,0.435577,calls/second,milliseconds
