t,count,max,mean,min,stddev,p50,p75,p95,p98,p99,p999,mean_rate,m1_rate,m5_rate,m15_rate,rate_unit,duration_unit
1609995874,66,4.580131,0.326191,0.022211,0.393948,0.213477,0.344828,1.302395,1.505144,1.505144,4.580131,0.276133,0.420110,1.526231,2.372820,calls/second,milliseconds
1609995874,66,4.580131,0.326191,0.022211,0.393948,0.213477,0.344828,1.302395,1.505144,1.505144,4.580131,0.276124,0.420110,1.526231,2.372820,calls/second,milliseconds
