t,count,max,mean,min,stddev,p50,p75,p95,p98,p99,p999,mean_rate,m1_rate,m5_rate,m15_rate,rate_unit,duration_unit
1607846082,19,5.267163,1.105659,0.010027,1.086562,0.991649,0.991649,4.183972,4.183972,4.183972,5.267163,0.063308,0.041311,1.131739,2.165524,calls/second,milliseconds
1607846382,67,5.267163,1.164079,0.009376,1.504921,0.326990,1.884754,3.943686,3.943686,3.943686,3.943686,0.111645,0.052428,0.502660,1.594961,calls/second,milliseconds
1607846682,72,6.040866,4.529119,0.009376,2.144978,5.990493,5.990493,6.040866,6.040866,6.040866,6.040866,0.079988,0.019922,0.195884,1.147629,calls/second,milliseconds
1607846982,77,13.440089,2.105396,0.009376,2.356785,1.622761,1.866814,1.866814,13.440089,13.440089,13.440089,0.064160,0.019703,0.083027,0.827102,calls/second,milliseconds
1607847282,82,13.440089,1.529035,0.009376,0.533408,1.456639,1.456639,2.854861,2.854861,4.312226,4.312226,0.054662,0.019702,0.041509,0.597434,calls/second,milliseconds
1607847582,87,13.440089,4.846947,0.009376,2.458878,3.996597,7.903339,7.903339,11.029639,11.029639,11.029639,0.048330,0.019702,0.026236,0.432870,calls/second,milliseconds
1607847882,98,13.440089,1.594203,0.005300,0.881798,1.137327,2.100264,3.019032,3.109428,3.109428,7.903339,0.046664,0.020532,0.028288,0.319798,calls/second,milliseconds
1607847993,104,13.440089,0.528396,0.005300,0.519891,0.260003,1.129205,1.138775,2.100264,3.019032,3.109428,0.047024,0.039645,0.033503,0.288231,calls/second,milliseconds
1607847993,104,13.440089,0.528396,0.005300,0.519891,0.260003,1.129205,1.138775,2.100264,3.019032,3.109428,0.047024,0.039645,0.033503,0.288231,calls/second,milliseconds
