t,count,max,mean,min,stddev,p50,p75,p95,p98,p99,p999,mean_rate,m1_rate,m5_rate,m15_rate,rate_unit,duration_unit
1608503766,64,10.837128,0.629855,0.026743,1.766563,0.213803,0.381623,1.923185,9.171029,10.837128,10.837128,1.589041,2.340517,2.816112,2.935176,calls/second,milliseconds
1608503766,64,10.837128,0.629855,0.026743,1.766563,0.213803,0.381623,1.923185,9.171029,10.837128,10.837128,1.588500,2.340517,2.816112,2.935176,calls/second,milliseconds
