t,count,max,mean,min,stddev,p50,p75,p95,p98,p99,p999,mean_rate,m1_rate,m5_rate,m15_rate,rate_unit,duration_unit
1609426118,19,4.593955,0.274936,0.005214,0.521676,0.304349,0.304349,0.456979,0.913302,4.593955,4.593955,0.063336,0.034673,1.149547,2.177416,calls/second,milliseconds
1609426418,73,4.593955,0.240169,0.005214,0.268002,0.196642,0.401345,0.681051,1.236728,1.236728,1.320818,0.121666,0.044352,0.509639,1.599692,calls/second,milliseconds
1609426506,79,4.593955,0.671215,0.005214,0.728592,0.196053,1.391005,1.923068,1.923068,1.923068,1.923068,0.114718,0.026430,0.389520,1.457623,calls/second,milliseconds
1609426506,79,4.593955,0.671215,0.005214,0.728592,0.196053,1.391005,1.923068,1.923068,1.923068,1.923068,0.114716,0.026430,0.389520,1.457623,calls/second,milliseconds
