t,count,max,mean,min,stddev,p50,p75,p95,p98,p99,p999,mean_rate,m1_rate,m5_rate,m15_rate,rate_unit,duration_unit
1607723704,66,10.890605,0.615585,0.007573,1.393723,0.263469,0.705348,1.746881,3.842519,10.890605,10.890605,2.299730,1.486645,0.939536,0.846617,calls/second,milliseconds
1607723704,66,10.890605,0.615585,0.007573,1.393723,0.263469,0.705348,1.746881,3.842519,10.890605,10.890605,2.298090,1.486645,0.939536,0.846617,calls/second,milliseconds
