t,count,max,mean,min,stddev,p50,p75,p95,p98,p99,p999,mean_rate,m1_rate,m5_rate,m15_rate,rate_unit,duration_unit
1609276574,69,0.932725,0.089323,0.002907,0.109493,0.055568,0.107541,0.312407,0.370231,0.454112,0.932725,0.578410,0.655670,0.728247,0.771528,calls/second,milliseconds
1609276574,69,0.932725,0.089323,0.002907,0.109493,0.055568,0.107541,0.312407,0.370231,0.454112,0.932725,0.578375,0.655670,0.728247,0.771528,calls/second,milliseconds
