t,count,max,mean,min,stddev,p50,p75,p95,p98,p99,p999,mean_rate,m1_rate,m5_rate,m15_rate,rate_unit,duration_unit
1607879686,62,0.194388,0.011889,0.001817,0.025212,0.005827,0.009503,0.030325,0.069627,0.194388,0.194388,1.378775,6.513816,10.332221,11.160835,calls/second,milliseconds
1607879686,62,0.194388,0.011889,0.001817,0.025212,0.005827,0.009503,0.030325,0.069627,0.194388,0.194388,1.378477,6.513816,10.332221,11.160835,calls/second,milliseconds
