t,count,max,mean,min,stddev,p50,p75,p95,p98,p99,p999,mean_rate,m1_rate,m5_rate,m15_rate,rate_unit,duration_unit
1609496947,19,6.699167,1.164778,0.012010,0.909345,0.938206,1.131335,3.232085,3.232085,3.232085,6.699167,0.063314,0.026854,0.323102,0.589303,calls/second,milliseconds
1609497249,70,6.699167,0.508796,0.012010,0.721565,0.173490,0.590458,2.651993,3.263644,3.263644,3.263644,0.116353,0.346480,0.252068,0.473636,calls/second,milliseconds
1609497547,77,6.699167,2.521658,0.004720,1.187541,2.651993,3.527354,3.527354,3.527354,3.527354,3.527354,0.085547,0.022255,0.107406,0.346560,calls/second,milliseconds
1609497765,84,6.699167,0.904670,0.004720,0.837844,1.079197,1.087092,2.224302,2.224302,2.224302,3.527354,0.075186,0.011065,0.059420,0.275863,calls/second,milliseconds
1609497765,84,6.699167,0.904670,0.004720,0.837844,1.079197,1.087092,2.224302,2.224302,2.224302,3.527354,0.075185,0.011065,0.059420,0.275863,calls/second,milliseconds
