t,count,max,mean,min,stddev,p50,p75,p95,p98,p99,p999,mean_rate,m1_rate,m5_rate,m15_rate,rate_unit,duration_unit
1607890904,19,3.890016,0.199825,0.005320,0.549423,0.078772,0.097507,0.669561,2.107854,3.890016,3.890016,0.063336,0.021072,0.327852,0.592506,calls/second,milliseconds
1607891204,68,3.890016,0.324300,0.005320,0.419100,0.119350,0.433312,1.493301,1.493301,1.948023,1.948023,0.113336,0.069150,0.216211,0.469989,calls/second,milliseconds
1607891443,76,3.890016,0.487853,0.005320,0.431525,0.180445,0.956388,1.040929,1.040929,1.040929,1.493301,0.090552,0.014017,0.105939,0.363824,calls/second,milliseconds
1607891443,76,3.890016,0.487853,0.005320,0.431525,0.180445,0.956388,1.040929,1.040929,1.040929,1.493301,0.090551,0.014017,0.105939,0.363824,calls/second,milliseconds
