t,count,max,mean,min,stddev,p50,p75,p95,p98,p99,p999,mean_rate,m1_rate,m5_rate,m15_rate,rate_unit,duration_unit
1609427701,19,6.760184,1.010843,0.018174,0.576148,0.937972,0.937972,1.435248,1.435248,1.435248,6.760184,0.063303,0.044819,1.132063,2.165569,calls/second,milliseconds
1609428001,67,6.760184,0.571022,0.018174,0.494758,0.325258,1.219668,1.357757,1.357757,1.357757,1.357757,0.111595,0.065193,0.506821,1.595656,calls/second,milliseconds
1609428134,73,6.760184,0.772426,0.018174,1.009319,0.467342,0.754772,4.622715,4.622715,4.622715,4.622715,0.099630,0.024504,0.334313,1.383154,calls/second,milliseconds
1609428134,73,6.760184,0.772426,0.018174,1.009319,0.467342,0.754772,4.622715,4.622715,4.622715,4.622715,0.099629,0.024504,0.334313,1.383154,calls/second,milliseconds
