t,count,max,mean,min,stddev,p50,p75,p95,p98,p99,p999,mean_rate,m1_rate,m5_rate,m15_rate,rate_unit,duration_unit
1609280155,72,0.113218,0.006794,0.000450,0.010315,0.004683,0.004683,0.027892,0.032129,0.032129,0.113218,0.239988,0.098767,3.775466,7.224147,calls/second,milliseconds
1609280455,77,0.113218,0.012417,0.000450,0.012007,0.003106,0.028168,0.030243,0.030243,0.030243,0.030243,0.128331,0.021935,1.400066,5.181144,calls/second,milliseconds
1609280755,82,0.113218,0.031004,0.000450,0.011746,0.038730,0.038730,0.038730,0.038730,0.038730,0.038730,0.091110,0.021417,0.526205,3.717268,calls/second,milliseconds
1609281049,88,0.113218,0.008680,0.000450,0.005151,0.005429,0.011660,0.011660,0.026632,0.029038,0.038730,0.073711,0.025298,0.211669,2.698169,calls/second,milliseconds
1609281049,88,0.113218,0.008680,0.000450,0.005151,0.005429,0.011660,0.011660,0.026632,0.029038,0.038730,0.073711,0.025298,0.211669,2.698169,calls/second,milliseconds
