t,count,max,mean,min,stddev,p50,p75,p95,p98,p99,p999,mean_rate,m1_rate,m5_rate,m15_rate,rate_unit,duration_unit
1609308660,19,1.397509,0.715660,0.005699,0.373345,0.764611,1.033974,1.033974,1.033974,1.397509,1.397509,0.063314,0.017311,0.321673,0.589082,calls/second,milliseconds
1609308960,68,1.397509,0.186274,0.005699,0.153411,0.140323,0.252929,0.520907,0.520907,0.554463,0.613298,0.113315,0.094815,0.220418,0.468531,calls/second,milliseconds
1609309260,73,1.397509,0.576580,0.005699,0.154180,0.669372,0.669372,0.669372,0.669372,0.721146,0.721146,0.081104,0.010686,0.090684,0.340299,calls/second,milliseconds
1609309560,78,1.397509,0.518039,0.005699,0.212421,0.649860,0.649860,0.697453,0.697453,0.697453,0.697453,0.064996,0.010119,0.042957,0.248416,calls/second,milliseconds
1609309860,83,1.397509,0.246517,0.005699,0.105698,0.212898,0.212898,0.543144,0.543144,0.543144,0.697453,0.055331,0.010115,0.025400,0.182579,calls/second,milliseconds
1609310160,88,1.397509,0.245265,0.005699,0.097412,0.229974,0.229974,0.506912,0.506912,0.506912,0.543144,0.048887,0.010115,0.018941,0.135405,calls/second,milliseconds
1609310460,98,1.397509,0.464493,0.005699,0.246701,0.646771,0.646771,0.756914,0.756914,0.892539,0.892539,0.046665,0.010900,0.023128,0.105676,calls/second,milliseconds
1609310521,103,1.397509,0.192273,0.005699,0.150116,0.209722,0.344258,0.344258,0.646771,0.646771,0.892539,0.047660,0.010404,0.021687,0.099903,calls/second,milliseconds
1609310521,103,1.397509,0.192273,0.005699,0.150116,0.209722,0.344258,0.344258,0.646771,0.646771,0.892539,0.047659,0.010404,0.021687,0.099903,calls/second,milliseconds
