t,count,max,mean,min,stddev,p50,p75,p95,p98,p99,p999,mean_rate,m1_rate,m5_rate,m15_rate,rate_unit,duration_unit
1608503697,62,69.840711,3.283487,0.045686,9.906890,0.326183,0.745927,17.966629,29.579927,69.840711,69.840711,6.950067,3.000000,3.000000,3.000000,calls/second,milliseconds
1608503698,62,69.840711,3.283487,0.045686,9.906890,0.326183,0.745927,17.966629,29.579927,69.840711,69.840711,6.934001,3.000000,3.000000,3.000000,calls/second,milliseconds
