t,count,max,mean,min,stddev,p50,p75,p95,p98,p99,p999,mean_rate,m1_rate,m5_rate,m15_rate,rate_unit,duration_unit
1609395280,19,7.229345,0.165468,0.001040,0.919691,0.006894,0.007457,0.375572,0.793174,7.229345,7.229345,0.063335,0.018959,0.327319,0.592413,calls/second,milliseconds
1609395580,68,7.229345,0.272170,0.001021,0.457095,0.047833,0.391160,1.521180,1.598834,1.598834,2.540504,0.113336,0.029390,0.199254,0.467095,calls/second,milliseconds
1609395880,73,7.229345,0.028899,0.001021,0.095938,0.031155,0.031155,0.031155,0.047833,0.335326,1.521180,0.081112,0.011118,0.083059,0.339295,calls/second,milliseconds
1609396180,78,7.229345,0.012605,0.001021,0.018372,0.003434,0.017791,0.038763,0.038763,0.038763,0.038763,0.065000,0.010995,0.040314,0.247722,calls/second,milliseconds
1609396480,83,7.229345,0.019312,0.000775,0.031804,0.000775,0.007396,0.075520,0.075520,0.075520,0.075520,0.055333,0.010115,0.024182,0.181099,calls/second,milliseconds
1609396780,88,7.229345,0.014751,0.000775,0.019784,0.011390,0.011390,0.072356,0.072356,0.072356,0.075520,0.048889,0.010994,0.018804,0.135093,calls/second,milliseconds
1609397080,98,7.229345,0.004791,0.000775,0.006211,0.001301,0.003399,0.014834,0.014834,0.017548,0.072356,0.046667,0.011769,0.023218,0.105473,calls/second,milliseconds
1609397365,107,7.229345,0.480659,0.000775,0.548344,0.105248,0.767131,1.412410,1.412410,1.412410,1.412410,0.044858,0.012994,0.018920,0.081078,calls/second,milliseconds
1609397365,107,7.229345,0.480659,0.000775,0.548344,0.105248,0.767131,1.412410,1.412410,1.412410,1.412410,0.044857,0.012994,0.018920,0.081078,calls/second,milliseconds
