t,count,max,mean,min,stddev,p50,p75,p95,p98,p99,p999,mean_rate,m1_rate,m5_rate,m15_rate,rate_unit,duration_unit
1607724777,62,1.405247,0.187744,0.003462,0.384105,0.025388,0.204956,1.405247,1.405247,1.405247,1.405247,0.206640,0.062686,1.203511,2.203468,calls/second,milliseconds
1607725077,67,1.405247,0.223153,0.003462,0.097906,0.269693,0.269693,0.269693,0.269693,0.269693,1.405247,0.111661,0.018427,0.453531,1.583617,calls/second,milliseconds
1607725235,74,1.405247,0.068145,0.003462,0.087019,0.016580,0.165730,0.222288,0.222288,0.269693,0.269693,0.097589,0.058111,0.285456,1.338418,calls/second,milliseconds
1607725235,74,1.405247,0.068145,0.003462,0.087019,0.016580,0.165730,0.222288,0.222288,0.269693,0.269693,0.097587,0.058111,0.285456,1.338418,calls/second,milliseconds
