t,count,max,mean,min,stddev,p50,p75,p95,p98,p99,p999,mean_rate,m1_rate,m5_rate,m15_rate,rate_unit,duration_unit
1609424725,19,0.813346,0.487515,0.003346,0.341793,0.813346,0.813346,0.813346,0.813346,0.813346,0.813346,0.063328,0.035829,1.131123,2.165437,calls/second,milliseconds
1609424961,71,2.235745,0.202936,0.002827,0.566546,0.042870,0.080602,2.235745,2.235745,2.235745,2.235745,0.132629,0.107514,0.617653,1.715230,calls/second,milliseconds
1609424961,71,2.235745,0.202936,0.002827,0.566546,0.042870,0.080602,2.235745,2.235745,2.235745,2.235745,0.132626,0.107514,0.617653,1.715230,calls/second,milliseconds
