t,count,max,mean,min,stddev,p50,p75,p95,p98,p99,p999,mean_rate,m1_rate,m5_rate,m15_rate,rate_unit,duration_unit
1609282250,62,0.708871,0.032857,0.002114,0.052940,0.014329,0.054309,0.077532,0.077532,0.205313,0.708871,0.206644,0.057765,1.203881,2.203560,calls/second,milliseconds
1609282515,71,0.708871,0.027163,0.002114,0.049439,0.009184,0.022344,0.187494,0.187494,0.187494,0.187494,0.125616,0.068240,0.518570,1.649646,calls/second,milliseconds
1609282515,71,0.708871,0.027163,0.002114,0.049439,0.009184,0.022344,0.187494,0.187494,0.187494,0.187494,0.125614,0.068240,0.518570,1.649646,calls/second,milliseconds
