t,count,max,mean,min,stddev,p50,p75,p95,p98,p99,p999,mean_rate,m1_rate,m5_rate,m15_rate,rate_unit,duration_unit
1608520089,5,18.081525,3.624917,0.002475,7.228308,0.017817,0.020097,18.081525,18.081525,18.081525,18.081525,0.016666,0.000752,0.006500,0.004059,calls/second,milliseconds
1608520389,12,18.081525,1.722169,0.002475,2.946885,0.042523,1.349018,8.150909,8.150909,8.150909,8.150909,0.020000,0.059363,0.022671,0.010329,calls/second,milliseconds
1608520689,27,18.081525,1.346585,0.002475,2.578651,0.156977,0.259826,7.893335,7.893335,8.150909,8.150909,0.030000,0.003788,0.029228,0.019851,calls/second,milliseconds
1608520737,28,18.081525,1.719554,0.002475,1.001617,1.783963,1.783963,1.783963,4.973963,7.893335,8.150909,0.029541,0.001789,0.025157,0.018883,calls/second,milliseconds
1608520737,28,18.081525,1.719554,0.002475,1.001617,1.783963,1.783963,1.783963,4.973963,7.893335,8.150909,0.029540,0.001789,0.025157,0.018883,calls/second,milliseconds
