t,count,max,mean,min,stddev,p50,p75,p95,p98,p99,p999,mean_rate,m1_rate,m5_rate,m15_rate,rate_unit,duration_unit
1609964333,28,27.324523,2.258872,0.003360,3.449842,0.298557,2.816639,9.755806,11.593260,11.593260,27.324523,0.093681,0.034970,0.052000,0.024904,calls/second,milliseconds
1609964334,28,27.324523,2.258872,0.003360,3.449842,0.298557,2.816639,9.755806,11.593260,11.593260,27.324523,0.093674,0.034970,0.052000,0.024904,calls/second,milliseconds
