t,count,max,mean,min,stddev,p50,p75,p95,p98,p99,p999,mean_rate,m1_rate,m5_rate,m15_rate,rate_unit,duration_unit
1608505547,66,4.652383,0.277369,0.001658,0.345002,0.241689,0.401470,0.703806,1.634280,1.634280,1.634280,0.240541,0.413879,1.374562,2.284423,calls/second,milliseconds
1608505547,66,4.652383,0.277369,0.001658,0.345002,0.241689,0.401470,0.703806,1.634280,1.634280,1.634280,0.240533,0.413879,1.374562,2.284423,calls/second,milliseconds
