t,count,max,mean,min,stddev,p50,p75,p95,p98,p99,p999,mean_rate,m1_rate,m5_rate,m15_rate,rate_unit,duration_unit
1610145868,19,0.130912,0.034189,0.001689,0.015324,0.042063,0.042063,0.042063,0.047347,0.047347,0.130912,0.063329,0.025175,0.322707,0.589232,calls/second,milliseconds
1610146168,67,0.130912,0.017244,0.001209,0.018390,0.009500,0.014181,0.059490,0.069134,0.069134,0.079717,0.111663,0.267410,0.241959,0.470944,calls/second,milliseconds
1610146395,75,0.130912,0.016559,0.001209,0.009007,0.013553,0.021273,0.029832,0.049820,0.058119,0.069134,0.090722,0.029137,0.124170,0.370771,calls/second,milliseconds
1610146395,75,0.130912,0.016559,0.001209,0.009007,0.013553,0.021273,0.029832,0.049820,0.058119,0.069134,0.090721,0.029137,0.124170,0.370771,calls/second,milliseconds
