t,count,max,mean,min,stddev,p50,p75,p95,p98,p99,p999,mean_rate,m1_rate,m5_rate,m15_rate,rate_unit,duration_unit
1607874656,63,4.243551,0.430425,0.014560,0.723621,0.132523,0.392616,2.557799,2.557799,2.557799,4.243551,0.209925,0.105359,1.222233,2.207141,calls/second,milliseconds
1607874956,73,4.243551,0.393732,0.005341,0.479190,0.334626,0.334626,1.245504,1.245504,1.895990,2.557799,0.121646,0.024687,0.470789,1.590992,calls/second,milliseconds
1607875256,81,4.243551,0.588010,0.005341,0.315307,0.772232,0.924901,0.940452,0.940452,1.057585,1.059452,0.089990,0.051550,0.192885,1.147949,calls/second,milliseconds
1607875299,83,4.243551,0.705887,0.005341,0.413470,0.772232,1.216108,1.216108,1.216108,1.216108,1.216108,0.087981,0.038920,0.171953,1.099136,calls/second,milliseconds
1607875299,83,4.243551,0.705887,0.005341,0.413470,0.772232,1.216108,1.216108,1.216108,1.216108,1.216108,0.087980,0.038920,0.171953,1.099136,calls/second,milliseconds
