t,count,max,mean,min,stddev,p50,p75,p95,p98,p99,p999,mean_rate,m1_rate,m5_rate,m15_rate,rate_unit,duration_unit
1607723805,64,12.244177,0.623148,0.006869,1.305726,0.295064,0.627216,3.067715,3.067715,3.067715,12.244177,0.649469,0.938608,2.344504,2.761188,calls/second,milliseconds
1607723805,64,12.244177,0.623148,0.006869,1.305726,0.295064,0.627216,3.067715,3.067715,3.067715,12.244177,0.649331,0.938608,2.344504,2.761188,calls/second,milliseconds
