t,count,max,mean,min,stddev,p50,p75,p95,p98,p99,p999,mean_rate,m1_rate,m5_rate,m15_rate,rate_unit,duration_unit
1610000965,21,5.453493,0.847886,0.021015,0.614278,0.912008,1.281539,1.972889,1.972889,2.134076,5.453493,0.069973,0.058973,1.136941,2.167544,calls/second,milliseconds
1610001243,72,5.453493,0.443726,0.021015,0.404612,0.326013,0.972699,1.165348,1.249358,1.249358,1.355561,0.124392,0.038400,0.534511,1.638487,calls/second,milliseconds
1610001243,72,5.453493,0.443726,0.021015,0.404612,0.326013,0.972699,1.165348,1.249358,1.249358,1.355561,0.124390,0.038400,0.534511,1.638487,calls/second,milliseconds
