t,count,max,mean,min,stddev,p50,p75,p95,p98,p99,p999,mean_rate,m1_rate,m5_rate,m15_rate,rate_unit,duration_unit
1609326385,19,0.039692,0.005090,0.000058,0.003972,0.004074,0.006568,0.007673,0.007673,0.007673,0.039692,0.063330,0.037033,1.131273,2.165459,calls/second,milliseconds
1609326685,50,0.039692,0.004201,0.000047,0.005282,0.002000,0.003940,0.020620,0.020620,0.021903,0.021903,0.083332,0.249135,0.501783,1.583849,calls/second,milliseconds
1609326985,72,0.057497,0.005988,0.000047,0.006200,0.006502,0.006502,0.010196,0.021798,0.021903,0.057497,0.079999,0.020416,0.218300,1.153620,calls/second,milliseconds
1609327285,77,0.057497,0.010005,0.000047,0.003352,0.012710,0.012710,0.012710,0.012710,0.012710,0.012710,0.064166,0.015378,0.090739,0.831315,calls/second,milliseconds
1609327585,82,0.057497,0.004577,0.000047,0.001464,0.003462,0.005852,0.006346,0.006346,0.006346,0.012710,0.054666,0.015344,0.043812,0.600374,calls/second,milliseconds
1609327885,87,0.057497,0.006335,0.000047,0.001233,0.005483,0.007810,0.007936,0.007936,0.007936,0.007936,0.048333,0.015344,0.026548,0.434897,calls/second,milliseconds
1609328185,98,0.057497,0.005682,0.000047,0.001690,0.005578,0.007101,0.007794,0.007794,0.007794,0.007936,0.046666,0.016246,0.027997,0.321199,calls/second,milliseconds
1609328329,104,0.057497,0.009018,0.000047,0.011703,0.004341,0.004978,0.031560,0.031560,0.031560,0.031560,0.046348,0.011082,0.022646,0.276955,calls/second,milliseconds
1609328329,104,0.057497,0.009018,0.000047,0.011703,0.004341,0.004978,0.031560,0.031560,0.031560,0.031560,0.046348,0.011082,0.022646,0.276955,calls/second,milliseconds
