t,count,max,mean,min,stddev,p50,p75,p95,p98,p99,p999,mean_rate,m1_rate,m5_rate,m15_rate,rate_unit,duration_unit
1609284019,67,2.171299,0.180256,0.002053,0.232961,0.036129,0.366684,0.625569,0.658718,0.711528,2.171299,0.223336,0.138885,1.254068,2.223670,calls/second,milliseconds
1609284165,73,2.171299,0.366702,0.002053,0.378238,0.163184,0.715596,0.990897,0.990897,0.990897,0.990897,0.163689,0.024668,0.766071,1.884371,calls/second,milliseconds
1609284165,73,2.171299,0.366702,0.002053,0.378238,0.163184,0.715596,0.990897,0.990897,0.990897,0.990897,0.163686,0.024668,0.766071,1.884371,calls/second,milliseconds
