t,count,max,mean,min,stddev,p50,p75,p95,p98,p99,p999,mean_rate,m1_rate,m5_rate,m15_rate,rate_unit,duration_unit
1609995310,68,5.147037,0.294208,0.017040,0.378335,0.174544,0.322440,1.145570,1.199505,1.707624,5.147037,0.311046,0.449395,1.627425,2.427075,calls/second,milliseconds
1609995310,68,5.147037,0.294208,0.017040,0.378335,0.174544,0.322440,1.145570,1.199505,1.707624,5.147037,0.310752,0.449395,1.627425,2.427075,calls/second,milliseconds
