t,count,max,mean,min,stddev,p50,p75,p95,p98,p99,p999,mean_rate,m1_rate,m5_rate,m15_rate,rate_unit,duration_unit
1610000337,19,0.104732,0.041675,0.001980,0.014979,0.051140,0.051140,0.051140,0.051140,0.051140,0.104732,0.063328,0.032491,0.323832,0.589419,calls/second,milliseconds
1610000637,68,0.104732,0.027576,0.001236,0.016701,0.025766,0.044034,0.044034,0.044034,0.051140,0.079420,0.113329,0.037394,0.194307,0.464193,calls/second,milliseconds
1610000656,72,0.104732,0.026577,0.001236,0.026997,0.010896,0.044034,0.079617,0.079617,0.079617,0.079617,0.116294,0.029122,0.184830,0.456520,calls/second,milliseconds
1610000656,72,0.104732,0.026577,0.001236,0.026997,0.010896,0.044034,0.079617,0.079617,0.079617,0.079617,0.116292,0.029122,0.184830,0.456520,calls/second,milliseconds
