t,count,max,mean,min,stddev,p50,p75,p95,p98,p99,p999,mean_rate,m1_rate,m5_rate,m15_rate,rate_unit,duration_unit
1609326385,19,2.497138,0.534920,0.007213,0.257907,0.573054,0.573054,0.747281,0.747281,0.878168,2.497138,0.063314,0.037033,1.131273,2.165459,calls/second,milliseconds
1609326685,50,2.497138,0.252189,0.007213,0.184436,0.212878,0.375622,0.590751,0.614815,0.614815,1.179358,0.083321,0.249135,0.501783,1.583849,calls/second,milliseconds
1609326985,72,2.497138,0.699222,0.007213,0.423221,0.555563,1.142616,1.142616,1.142616,1.142616,1.142616,0.079992,0.020439,0.218324,1.153625,calls/second,milliseconds
1609327285,77,2.497138,0.643227,0.007213,0.086059,0.600750,0.725905,0.735407,0.735407,0.735407,1.142616,0.064162,0.015378,0.090748,0.831319,calls/second,milliseconds
1609327585,82,2.497138,0.608792,0.007213,0.155561,0.518403,0.600750,0.879847,0.879847,0.879847,0.879847,0.054663,0.015344,0.043815,0.600376,calls/second,milliseconds
1609327885,87,4.693471,0.716954,0.007213,0.811069,0.533095,0.589780,0.589780,4.693471,4.693471,4.693471,0.048331,0.015344,0.026549,0.434899,calls/second,milliseconds
1609328185,98,4.693471,0.551446,0.007213,0.225428,0.578768,0.578768,0.969289,0.969289,0.969289,0.969289,0.046665,0.016246,0.027997,0.321200,calls/second,milliseconds
1609328329,104,4.693471,0.261778,0.007213,0.190769,0.226321,0.498254,0.529279,0.569991,0.578768,0.969289,0.046347,0.011082,0.022646,0.276956,calls/second,milliseconds
1609328329,104,4.693471,0.261778,0.007213,0.190769,0.226321,0.498254,0.529279,0.569991,0.578768,0.969289,0.046346,0.011082,0.022646,0.276956,calls/second,milliseconds
