t,count,max,mean,min,stddev,p50,p75,p95,p98,p99,p999,mean_rate,m1_rate,m5_rate,m15_rate,rate_unit,duration_unit
1608522979,19,1.315494,0.066207,0.007838,0.158209,0.027312,0.032434,0.102354,0.808397,0.846008,1.315494,0.063336,0.048714,1.151089,2.177633,calls/second,milliseconds
1608523279,29,1.315494,0.236063,0.007785,0.211166,0.291512,0.345138,0.635572,0.635572,0.635572,0.635572,0.048334,0.074086,0.449947,1.570571,calls/second,milliseconds
1608523579,73,1.561940,0.197961,0.002369,0.283504,0.038003,0.347749,0.758469,1.115675,1.561940,1.561940,0.081104,0.049626,0.237967,1.158025,calls/second,milliseconds
1608523779,80,1.561940,0.220290,0.002369,0.209620,0.095874,0.454364,0.499764,0.499764,0.499764,1.115675,0.072760,0.019148,0.131927,0.935486,calls/second,milliseconds
1608523779,80,1.561940,0.220290,0.002369,0.209620,0.095874,0.454364,0.499764,0.499764,0.499764,1.115675,0.072759,0.019148,0.131927,0.935486,calls/second,milliseconds
