t,count,max,mean,min,stddev,p50,p75,p95,p98,p99,p999,mean_rate,m1_rate,m5_rate,m15_rate,rate_unit,duration_unit
1609993586,62,0.071237,0.002574,0.000091,0.007761,0.001381,0.001728,0.005780,0.013320,0.071237,0.071237,2.400680,1.422681,0.926313,0.842184,calls/second,milliseconds
1609993586,62,0.071237,0.002574,0.000091,0.007761,0.001381,0.001728,0.005780,0.013320,0.071237,0.071237,2.400154,1.422681,0.926313,0.842184,calls/second,milliseconds
