t,count,max,mean,min,stddev,p50,p75,p95,p98,p99,p999,mean_rate,m1_rate,m5_rate,m15_rate,rate_unit,duration_unit
1609402065,54,0.988622,0.050270,0.001782,0.182642,0.011536,0.016497,0.095060,0.988622,0.988622,0.988622,0.179982,0.459271,1.239896,2.203415,calls/second,milliseconds
1609402365,67,0.988622,0.146017,0.001782,0.165872,0.083656,0.238836,0.238836,0.768201,0.768201,0.988622,0.111661,0.018319,0.476790,1.589995,calls/second,milliseconds
1609402665,72,0.988622,0.071929,0.001782,0.030840,0.058207,0.082026,0.106263,0.106263,0.106263,0.238836,0.079997,0.014145,0.185660,1.143965,calls/second,milliseconds
1609402965,77,0.988622,0.130393,0.001782,0.058651,0.176567,0.176567,0.176567,0.176567,0.176567,0.176567,0.064165,0.014117,0.078559,0.824371,calls/second,milliseconds
1609403265,82,0.988622,0.068345,0.001782,0.009606,0.068242,0.068400,0.069814,0.069814,0.069814,0.176567,0.054665,0.014117,0.039158,0.595372,calls/second,milliseconds
1609403479,90,1.661807,0.542946,0.001782,0.746190,0.029800,1.661807,1.661807,1.661807,1.661807,1.661807,0.052514,0.037019,0.037045,0.478527,calls/second,milliseconds
1609403479,90,1.661807,0.542946,0.001782,0.746190,0.029800,1.661807,1.661807,1.661807,1.661807,1.661807,0.052513,0.037019,0.037045,0.478527,calls/second,milliseconds
