t,count,max,mean,min,stddev,p50,p75,p95,p98,p99,p999,mean_rate,m1_rate,m5_rate,m15_rate,rate_unit,duration_unit
1609421320,44,4.698692,0.499037,0.041777,0.536350,0.325036,0.580213,1.091378,3.083496,3.083496,3.083496,0.146621,0.355114,0.402540,0.616662,calls/second,milliseconds
1609421620,67,4.698692,1.378821,0.041777,0.671812,1.494694,1.875320,1.875320,2.380772,2.380772,3.083496,0.111649,0.028417,0.183098,0.461368,calls/second,milliseconds
1609421737,73,4.698692,0.558929,0.041777,0.570651,0.243330,0.941622,1.480872,1.875320,1.875320,2.380772,0.101766,0.026054,0.130809,0.408171,calls/second,milliseconds
1609421737,73,4.698692,0.558929,0.041777,0.570651,0.243330,0.941622,1.480872,1.875320,1.875320,2.380772,0.101765,0.026054,0.130809,0.408171,calls/second,milliseconds
