t,count,max,mean,min,stddev,p50,p75,p95,p98,p99,p999,mean_rate,m1_rate,m5_rate,m15_rate,rate_unit,duration_unit
1609438310,19,3.309481,1.048851,0.010200,0.544667,1.298565,1.298565,1.298565,1.314648,3.309481,3.309481,0.063053,0.017587,0.322149,0.589181,calls/second,milliseconds
1609438610,51,3.309481,0.321887,0.009571,0.361274,0.241890,0.323673,1.424397,1.424397,1.509543,1.509543,0.084813,0.220118,0.203809,0.455031,calls/second,milliseconds
1609438910,73,3.632767,1.691336,0.009047,1.516953,1.022499,3.632767,3.632767,3.632767,3.632767,3.632767,0.080992,0.014695,0.107447,0.344579,calls/second,milliseconds
1609439210,78,3.632767,1.489663,0.009047,0.445726,1.304250,1.647783,1.647783,3.281729,3.281729,3.632767,0.064929,0.010146,0.049124,0.251483,calls/second,milliseconds
1609439269,83,3.632767,0.395072,0.009047,0.433015,0.257498,0.591442,1.304250,1.525837,1.647783,3.281729,0.065888,0.011007,0.043694,0.237623,calls/second,milliseconds
1609439269,83,3.632767,0.395072,0.009047,0.433015,0.257498,0.591442,1.304250,1.525837,1.647783,3.281729,0.065887,0.011007,0.043694,0.237623,calls/second,milliseconds
