t,count,max,mean,min,stddev,p50,p75,p95,p98,p99,p999,mean_rate,m1_rate,m5_rate,m15_rate,rate_unit,duration_unit
1610001552,19,7.682793,1.530900,0.028463,1.306677,0.726683,2.774152,3.722190,3.722190,3.722190,7.682793,0.063316,0.030505,0.323666,0.589397,calls/second,milliseconds
1610001852,67,7.682793,0.738066,0.026136,0.653701,0.485919,1.092467,1.611040,2.725699,2.725699,2.774152,0.111651,0.048826,0.202577,0.465131,calls/second,milliseconds
1610001972,73,7.682793,0.632169,0.026136,0.522702,0.391374,1.092467,1.484674,1.484674,1.484674,2.725699,0.101447,0.029056,0.144086,0.411483,calls/second,milliseconds
1610001972,73,7.682793,0.632169,0.026136,0.522702,0.391374,1.092467,1.484674,1.484674,1.484674,2.725699,0.101445,0.029056,0.144086,0.411483,calls/second,milliseconds
