t,count,max,mean,min,stddev,p50,p75,p95,p98,p99,p999,mean_rate,m1_rate,m5_rate,m15_rate,rate_unit,duration_unit
1609420288,62,8.554318,0.432729,0.023106,0.545561,0.227553,0.435611,1.697293,2.435737,2.435737,3.356241,0.206609,0.431188,0.449292,0.635050,calls/second,milliseconds
1609420468,69,8.554318,0.808981,0.023106,0.956913,0.337483,1.374545,2.874615,3.665061,3.665061,3.665061,0.143888,0.035675,0.257922,0.525810,calls/second,milliseconds
1609420468,69,8.554318,0.808981,0.023106,0.956913,0.337483,1.374545,2.874615,3.665061,3.665061,3.665061,0.143882,0.035675,0.257922,0.525810,calls/second,milliseconds
