t,count,max,mean,min,stddev,p50,p75,p95,p98,p99,p999,mean_rate,m1_rate,m5_rate,m15_rate,rate_unit,duration_unit
1609727701,19,3.192315,0.141226,0.005934,0.440313,0.026224,0.062093,0.695462,1.185588,3.192315,3.192315,0.063335,0.020053,0.327706,0.592484,calls/second,milliseconds
1609728001,72,3.192315,0.236748,0.003362,0.339767,0.082053,0.398622,0.795937,1.707601,1.740354,1.740354,0.120002,0.069269,0.222441,0.473438,calls/second,milliseconds
1609728265,81,3.192315,0.595467,0.003362,0.709081,0.142663,1.054701,1.851784,1.851784,1.851784,1.851784,0.093774,0.022106,0.103107,0.357502,calls/second,milliseconds
1609728265,81,3.192315,0.595467,0.003362,0.709081,0.142663,1.054701,1.851784,1.851784,1.851784,1.851784,0.093773,0.022106,0.103107,0.357502,calls/second,milliseconds
