t,count,max,mean,min,stddev,p50,p75,p95,p98,p99,p999,mean_rate,m1_rate,m5_rate,m15_rate,rate_unit,duration_unit
1609308660,5,22.466790,4.501503,0.002337,8.982649,0.005640,0.028525,22.466790,22.466790,22.466790,22.466790,0.016666,0.000692,0.006392,0.004036,calls/second,milliseconds
1609308960,27,22.466790,1.023357,0.002337,1.737130,0.186694,0.407767,4.896365,5.403289,5.403289,5.403289,0.044997,0.044800,0.048999,0.023877,calls/second,milliseconds
1609309260,27,22.466790,1.023357,0.002337,1.737130,0.186694,0.407767,4.896365,5.403289,5.403289,5.403289,0.029999,0.000302,0.018026,0.017108,calls/second,milliseconds
1609309560,27,22.466790,1.023357,0.002337,1.737130,0.186694,0.407767,4.896365,5.403289,5.403289,5.403289,0.022500,0.000002,0.006631,0.012259,calls/second,milliseconds
1609309860,27,22.466790,1.023357,0.002337,1.737130,0.186694,0.407767,4.896365,5.403289,5.403289,5.403289,0.018000,0.000000,0.002440,0.008784,calls/second,milliseconds
1609310160,27,22.466790,1.023357,0.002337,1.737130,0.186694,0.407767,4.896365,5.403289,5.403289,5.403289,0.015000,0.000000,0.000897,0.006294,calls/second,milliseconds
1609310460,27,22.466790,1.023357,0.002337,1.737130,0.186694,0.407767,4.896365,5.403289,5.403289,5.403289,0.012857,0.000000,0.000330,0.004510,calls/second,milliseconds
1609310521,28,22.466790,1.537377,0.002337,0.000027,1.537377,1.537377,1.537377,1.537377,1.537377,1.537377,0.012956,0.000000,0.000270,0.004219,calls/second,milliseconds
1609310521,28,22.466790,1.537377,0.002337,0.000027,1.537377,1.537377,1.537377,1.537377,1.537377,1.537377,0.012956,0.000000,0.000270,0.004219,calls/second,milliseconds
