t,count,max,mean,min,stddev,p50,p75,p95,p98,p99,p999,mean_rate,m1_rate,m5_rate,m15_rate,rate_unit,duration_unit
1608384171,55,1.239590,0.104256,0.006484,0.102002,0.081977,0.118257,0.332151,0.349467,0.536870,0.832934,0.183240,0.414926,0.432046,0.628004,calls/second,milliseconds
1608384375,75,1.239590,0.188460,0.006484,0.120631,0.164243,0.214664,0.419964,0.422960,0.422960,0.536870,0.148735,0.048681,0.253393,0.517733,calls/second,milliseconds
1608384375,75,1.239590,0.188460,0.006484,0.120631,0.164243,0.214664,0.419964,0.422960,0.422960,0.536870,0.148733,0.048681,0.253393,0.517733,calls/second,milliseconds
