t,count,max,mean,min,stddev,p50,p75,p95,p98,p99,p999,mean_rate,m1_rate,m5_rate,m15_rate,rate_unit,duration_unit
1609105209,24,2.852889,0.225917,0.007389,0.204249,0.181166,0.365767,0.471336,0.512524,0.512524,2.852889,0.079989,0.100118,0.339295,0.594815,calls/second,milliseconds
1609105422,70,2.852889,0.168519,0.007389,0.128756,0.121669,0.254750,0.437932,0.437932,0.459888,0.471336,0.136353,0.067641,0.250799,0.510053,calls/second,milliseconds
1609105422,70,2.852889,0.168519,0.007389,0.128756,0.121669,0.254750,0.437932,0.437932,0.459888,0.471336,0.136351,0.067641,0.250799,0.510053,calls/second,milliseconds
