t,count,max,mean,min,stddev,p50,p75,p95,p98,p99,p999,mean_rate,m1_rate,m5_rate,m15_rate,rate_unit,duration_unit
1608860185,19,0.497035,0.007148,0.000194,0.047085,0.002410,0.002410,0.004497,0.007846,0.027902,0.497035,0.063331,0.030362,0.323425,0.589347,calls/second,milliseconds
1608860485,72,0.497035,0.003479,0.000095,0.005461,0.001704,0.003155,0.021138,0.021165,0.021288,0.021288,0.119998,0.196647,0.245186,0.474809,calls/second,milliseconds
1608860657,79,0.497035,0.013564,0.000095,0.024124,0.003616,0.004180,0.070037,0.070037,0.070037,0.070037,0.102281,0.020312,0.144127,0.395102,calls/second,milliseconds
1608860657,79,0.497035,0.013564,0.000095,0.024124,0.003616,0.004180,0.070037,0.070037,0.070037,0.070037,0.102280,0.020312,0.144127,0.395102,calls/second,milliseconds
