t,count,max,mean,min,stddev,p50,p75,p95,p98,p99,p999,mean_rate,m1_rate,m5_rate,m15_rate,rate_unit,duration_unit
1607880281,64,7.114561,0.497097,0.031540,0.804321,0.279929,0.410429,2.511603,2.886972,2.886972,7.114561,0.521930,0.851596,2.177601,2.688161,calls/second,milliseconds
1607880281,64,7.114561,0.497097,0.031540,0.804321,0.279929,0.410429,2.511603,2.886972,2.886972,7.114561,0.521882,0.851596,2.177601,2.688161,calls/second,milliseconds
