t,count,max,mean,min,stddev,p50,p75,p95,p98,p99,p999,mean_rate,m1_rate,m5_rate,m15_rate,rate_unit,duration_unit
1607881361,72,5.609047,0.614597,0.019810,0.853338,0.244456,0.577150,2.804555,3.057321,3.057321,5.609047,0.244962,0.128398,0.440689,0.643105,calls/second,milliseconds
1607881361,72,5.609047,0.614597,0.019810,0.853338,0.244456,0.577150,2.804555,3.057321,3.057321,5.609047,0.244946,0.128398,0.440689,0.643105,calls/second,milliseconds
