t,count,max,mean,min,stddev,p50,p75,p95,p98,p99,p999,mean_rate,m1_rate,m5_rate,m15_rate,rate_unit,duration_unit
1607723932,65,9.383956,0.492944,0.023700,1.006682,0.244907,0.382636,1.663937,3.159970,3.159970,9.383956,0.514070,0.363407,0.681784,0.758072,calls/second,milliseconds
1607723932,65,9.383956,0.492944,0.023700,1.006682,0.244907,0.382636,1.663937,3.159970,3.159970,9.383956,0.513979,0.363407,0.681784,0.758072,calls/second,milliseconds
