t,count,max,mean,min,stddev,p50,p75,p95,p98,p99,p999,mean_rate,m1_rate,m5_rate,m15_rate,rate_unit,duration_unit
1609407469,63,0.252229,0.016321,0.001640,0.018448,0.009916,0.014803,0.062547,0.063556,0.072329,0.072329,0.209981,0.244205,1.244398,2.210274,calls/second,milliseconds
1609407769,73,0.678314,0.067766,0.001640,0.115405,0.043820,0.053406,0.133289,0.678314,0.678314,0.678314,0.121661,0.015132,0.474060,1.592381,calls/second,milliseconds
1609408069,78,0.933349,0.288285,0.001640,0.363407,0.086346,0.086346,0.933349,0.933349,0.933349,0.933349,0.086664,0.013003,0.184486,1.145649,calls/second,milliseconds
1609408323,86,0.933349,0.039363,0.001640,0.041136,0.038750,0.052747,0.056969,0.088837,0.088837,0.933349,0.074529,0.031844,0.097072,0.874738,calls/second,milliseconds
1609408323,86,0.933349,0.039363,0.001640,0.041136,0.038750,0.052747,0.056969,0.088837,0.088837,0.933349,0.074528,0.031844,0.097072,0.874738,calls/second,milliseconds
