t,count,max,mean,min,stddev,p50,p75,p95,p98,p99,p999,mean_rate,m1_rate,m5_rate,m15_rate,rate_unit,duration_unit
1608507324,62,2.106573,0.252488,0.001858,0.267409,0.236614,0.371866,0.913636,0.935624,1.160682,1.160682,0.206673,0.412442,0.434619,0.630221,calls/second,milliseconds
1608507452,69,2.106573,0.355638,0.001858,0.461971,0.063383,0.549416,1.418308,1.418308,1.418308,1.418308,0.161399,0.087216,0.307445,0.556287,calls/second,milliseconds
1608507452,69,2.106573,0.355638,0.001858,0.461971,0.063383,0.549416,1.418308,1.418308,1.418308,1.418308,0.161397,0.087216,0.307445,0.556287,calls/second,milliseconds
