t,count,max,mean,min,stddev,p50,p75,p95,p98,p99,p999,mean_rate,m1_rate,m5_rate,m15_rate,rate_unit,duration_unit
1608508127,19,0.121760,0.049674,0.002497,0.015994,0.053164,0.057040,0.057040,0.057955,0.057955,0.121760,0.063329,0.032347,0.323591,0.589370,calls/second,milliseconds
1608508348,73,0.121760,0.021221,0.001618,0.024916,0.006729,0.024759,0.078295,0.078295,0.078295,0.078295,0.140177,0.062707,0.252003,0.507826,calls/second,milliseconds
1608508348,73,0.121760,0.021221,0.001618,0.024916,0.006729,0.024759,0.078295,0.078295,0.078295,0.078295,0.140175,0.062707,0.252003,0.507826,calls/second,milliseconds
