t,count,max,mean,min,stddev,p50,p75,p95,p98,p99,p999,mean_rate,m1_rate,m5_rate,m15_rate,rate_unit,duration_unit
1609310831,19,0.043395,0.005649,0.000187,0.004866,0.006440,0.006440,0.006856,0.006856,0.043395,0.043395,0.063330,0.031900,1.130547,2.165352,calls/second,milliseconds
1609311131,67,0.048007,0.006311,0.000048,0.010348,0.001884,0.005281,0.036135,0.036135,0.048007,0.048007,0.111664,0.131186,0.522684,1.598018,calls/second,milliseconds
1609311431,72,0.048007,0.006264,0.000048,0.004402,0.004409,0.008314,0.010165,0.010165,0.022034,0.048007,0.079999,0.010931,0.201881,1.149612,calls/second,milliseconds
1609311731,77,0.048007,0.004399,0.000048,0.000847,0.004014,0.004409,0.005487,0.005487,0.005487,0.010165,0.064166,0.010121,0.083865,0.828314,calls/second,milliseconds
1609312031,82,0.048007,0.009551,0.000048,0.002679,0.011675,0.011675,0.011675,0.011675,0.011675,0.011675,0.054666,0.010115,0.040449,0.598095,calls/second,milliseconds
1609312331,87,0.048007,0.005588,0.000048,0.000832,0.005067,0.006644,0.006644,0.006644,0.006762,0.011675,0.048333,0.010115,0.024477,0.433135,calls/second,milliseconds
1609312485,100,0.048007,0.006140,0.000048,0.006287,0.004630,0.007337,0.019028,0.019028,0.019028,0.019028,0.051184,0.027049,0.035132,0.375402,calls/second,milliseconds
1609312485,100,0.048007,0.006140,0.000048,0.006287,0.004630,0.007337,0.019028,0.019028,0.019028,0.019028,0.051183,0.027049,0.035132,0.375402,calls/second,milliseconds
