t,count,max,mean,min,stddev,p50,p75,p95,p98,p99,p999,mean_rate,m1_rate,m5_rate,m15_rate,rate_unit,duration_unit
1607886285,21,3.447030,0.514051,0.005900,0.519629,0.610517,1.195172,1.195172,1.195172,1.195172,3.447030,0.070004,0.017934,0.325913,0.591589,calls/second,milliseconds
1607886585,67,3.447030,0.183072,0.003815,0.360961,0.053417,0.092127,0.624263,1.288258,1.796634,3.292459,0.111661,0.037413,0.193021,0.463379,calls/second,milliseconds
1607886806,74,3.447030,0.622308,0.003815,0.667334,0.131069,1.323598,1.517014,1.517014,1.517014,1.517014,0.090147,0.013298,0.099910,0.365869,calls/second,milliseconds
1607886806,74,3.447030,0.622308,0.003815,0.667334,0.131069,1.323598,1.517014,1.517014,1.517014,1.517014,0.090145,0.013298,0.099910,0.365869,calls/second,milliseconds
