t,count,max,mean,min,stddev,p50,p75,p95,p98,p99,p999,mean_rate,m1_rate,m5_rate,m15_rate,rate_unit,duration_unit
1609993848,64,8.231556,0.518884,0.021539,1.207598,0.221409,0.405219,1.290521,5.526852,8.231556,8.231556,0.910355,1.616063,2.559012,2.840229,calls/second,milliseconds
1609993848,64,8.231556,0.518884,0.021539,1.207598,0.221409,0.405219,1.290521,5.526852,8.231556,8.231556,0.910087,1.616063,2.559012,2.840229,calls/second,milliseconds
