t,count,max,mean,min,stddev,p50,p75,p95,p98,p99,p999,mean_rate,m1_rate,m5_rate,m15_rate,rate_unit,duration_unit
1609417275,64,10.600911,0.403159,0.024399,0.672261,0.225003,0.391868,1.262698,1.860175,2.173613,10.600911,0.321907,0.394291,1.714049,2.475662,calls/second,milliseconds
1609417275,64,10.600911,0.403159,0.024399,0.672261,0.225003,0.391868,1.262698,1.860175,2.173613,10.600911,0.321880,0.394291,1.714049,2.475662,calls/second,milliseconds
