t,count,max,mean,min,stddev,p50,p75,p95,p98,p99,p999
1609286298,0,0,0.000000,0,0.000000,0.000000,0.000000,0.000000,0.000000,0.000000,0.000000
1609286598,0,0,0.000000,0,0.000000,0.000000,0.000000,0.000000,0.000000,0.000000,0.000000
1609286803,0,0,0.000000,0,0.000000,0.000000,0.000000,0.000000,0.000000,0.000000,0.000000
1609286803,0,0,0.000000,0,0.000000,0.000000,0.000000,0.000000,0.000000,0.000000,0.000000
