t,count,max,mean,min,stddev,p50,p75,p95,p98,p99,p999,mean_rate,m1_rate,m5_rate,m15_rate,rate_unit,duration_unit
1608510102,19,2.764281,0.702923,0.014314,0.341025,0.684552,0.807421,0.828143,1.840509,2.661046,2.764281,0.063210,0.028535,0.323262,0.589325,calls/second,milliseconds
1608510392,77,2.764281,0.218275,0.006180,0.193253,0.196894,0.265391,0.737878,0.737878,0.737878,1.082012,0.130335,0.054810,0.217144,0.475202,calls/second,milliseconds
1608510392,77,2.764281,0.218275,0.006180,0.193253,0.196894,0.265391,0.737878,0.737878,0.737878,1.082012,0.130334,0.054810,0.217144,0.475202,calls/second,milliseconds
