t,count,max,mean,min,stddev,p50,p75,p95,p98,p99,p999,mean_rate,m1_rate,m5_rate,m15_rate,rate_unit,duration_unit
1607902317,5,32.832955,6.582000,0.004712,13.125485,0.027090,0.040411,32.832955,32.832955,32.832955,32.832955,0.016666,0.000752,0.006500,0.004059,calls/second,milliseconds
1607902617,17,32.832955,1.671973,0.004712,3.030426,0.183280,1.522384,9.510784,9.510784,9.510784,9.510784,0.028333,0.125512,0.038127,0.015735,calls/second,milliseconds
1607902917,27,32.832955,1.610412,0.004712,3.028046,0.173789,0.305758,9.822927,9.822927,9.822927,9.822927,0.029999,0.004081,0.029019,0.019783,calls/second,milliseconds
1607903217,27,32.832955,1.610412,0.004712,3.028046,0.173789,0.305758,9.822927,9.822927,9.822927,9.822927,0.022500,0.000027,0.010676,0.014175,calls/second,milliseconds
1607903311,28,32.832955,1.456194,0.004712,0.097199,1.456035,1.456035,1.456035,1.456035,1.456035,1.456035,0.021634,0.000006,0.007909,0.012826,calls/second,milliseconds
1607903311,28,32.832955,1.456194,0.004712,0.097199,1.456035,1.456035,1.456035,1.456035,1.456035,1.456035,0.021634,0.000006,0.007909,0.012826,calls/second,milliseconds
