t,count,max,mean,min,stddev,p50,p75,p95,p98,p99,p999,mean_rate,m1_rate,m5_rate,m15_rate,rate_unit,duration_unit
1609419912,62,0.443509,0.034848,0.002360,0.067214,0.017445,0.030383,0.078051,0.425179,0.425179,0.443509,0.206645,0.347142,1.251211,2.210452,calls/second,milliseconds
1609419983,67,0.443509,0.057359,0.002360,0.093014,0.020468,0.036743,0.300621,0.300621,0.425179,0.443509,0.180493,0.115655,0.993666,2.046098,calls/second,milliseconds
1609419983,67,0.443509,0.057359,0.002360,0.093014,0.020468,0.036743,0.300621,0.300621,0.425179,0.443509,0.180488,0.115655,0.993666,2.046098,calls/second,milliseconds
