t,count,max,mean,min,stddev,p50,p75,p95,p98,p99,p999,mean_rate,m1_rate,m5_rate,m15_rate,rate_unit,duration_unit
1607870021,36,12.267857,0.254396,0.007344,0.466051,0.133630,0.327259,0.811192,0.959009,1.222022,2.567845,0.119958,0.243274,1.184332,2.183940,calls/second,milliseconds
1607870321,68,12.267857,0.695110,0.007344,0.401134,0.821468,0.990042,1.105566,1.105566,1.105566,1.222022,0.113313,0.023768,0.481579,1.591540,calls/second,milliseconds
1607870621,73,12.267857,2.134662,0.007344,1.116645,3.061562,3.061562,3.061562,3.061562,3.061562,3.061562,0.081101,0.018165,0.187947,1.145151,calls/second,milliseconds
1607870921,78,12.267857,0.948743,0.007344,0.175995,0.920890,0.979239,0.994322,1.020732,1.020732,3.061562,0.064994,0.018127,0.079926,0.825300,calls/second,milliseconds
1607871221,83,12.267857,0.851869,0.007344,0.101184,0.803095,0.965282,0.990958,1.135898,1.135898,1.135898,0.055329,0.018127,0.040187,0.596116,calls/second,milliseconds
1607871397,90,12.267857,0.403202,0.007344,0.195212,0.334224,0.407360,0.965282,0.988204,0.988204,1.135898,0.053687,0.031336,0.037723,0.496865,calls/second,milliseconds
1607871397,90,12.267857,0.403202,0.007344,0.195212,0.334224,0.407360,0.965282,0.988204,0.988204,1.135898,0.053686,0.031336,0.037723,0.496865,calls/second,milliseconds
