t,count,max,mean,min,stddev,p50,p75,p95,p98,p99,p999,mean_rate,m1_rate,m5_rate,m15_rate,rate_unit,duration_unit
1609312795,5,18.649899,3.870210,0.006011,7.391827,0.105421,0.500222,18.649899,18.649899,18.649899,18.649899,0.016666,0.000752,0.006500,0.004059,calls/second,milliseconds
1609313095,27,18.649899,1.625836,0.005880,2.959549,0.227083,0.550942,9.553427,9.553427,9.553427,9.553427,0.044999,0.089722,0.055990,0.024886,calls/second,milliseconds
1609313395,27,18.649899,1.625836,0.005880,2.959549,0.227083,0.550942,9.553427,9.553427,9.553427,9.553427,0.030000,0.000605,0.020598,0.017832,calls/second,milliseconds
1609313695,27,18.649899,1.625836,0.005880,2.959549,0.227083,0.550942,9.553427,9.553427,9.553427,9.553427,0.022500,0.000004,0.007577,0.012777,calls/second,milliseconds
1609313995,27,18.649899,1.625836,0.005880,2.959549,0.227083,0.550942,9.553427,9.553427,9.553427,9.553427,0.018000,0.000000,0.002788,0.009155,calls/second,milliseconds
1609314295,27,18.649899,1.625836,0.005880,2.959549,0.227083,0.550942,9.553427,9.553427,9.553427,9.553427,0.015000,0.000000,0.001025,0.006560,calls/second,milliseconds
1609314595,27,18.649899,1.625836,0.005880,2.959549,0.227083,0.550942,9.553427,9.553427,9.553427,9.553427,0.012857,0.000000,0.000377,0.004700,calls/second,milliseconds
1609314600,28,18.649899,1.313611,0.005880,0.000092,1.313611,1.313611,1.313611,1.313611,1.313611,1.313611,0.013305,0.000000,0.000377,0.004700,calls/second,milliseconds
1609314600,28,18.649899,1.313611,0.005880,0.000092,1.313611,1.313611,1.313611,1.313611,1.313611,1.313611,0.013305,0.000000,0.000377,0.004700,calls/second,milliseconds
