t,count,max,mean,min,stddev,p50,p75,p95,p98,p99,p999,mean_rate,m1_rate,m5_rate,m15_rate,rate_unit,duration_unit
1607877016,27,42.328942,1.808674,0.003006,4.902899,0.109950,0.923064,16.524632,16.524632,16.524632,42.328942,0.089994,0.036003,0.052489,0.024992,calls/second,milliseconds
1607877316,27,42.328942,1.808674,0.003006,4.902899,0.109950,0.923064,16.524632,16.524632,16.524632,42.328942,0.044999,0.000243,0.019310,0.017907,calls/second,milliseconds
1607877363,28,42.328942,1.821855,0.003006,0.598290,1.822054,1.822054,1.822054,1.822054,1.822054,6.405775,0.043256,0.000115,0.016620,0.017034,calls/second,milliseconds
1607877363,28,42.328942,1.821855,0.003006,0.598290,1.822054,1.822054,1.822054,1.822054,1.822054,6.405775,0.043255,0.000115,0.016620,0.017034,calls/second,milliseconds
