t,count,max,mean,min,stddev,p50,p75,p95,p98,p99,p999,mean_rate,m1_rate,m5_rate,m15_rate,rate_unit,duration_unit
1608504339,65,1.260063,0.244844,0.000650,0.248671,0.123304,0.419090,0.716125,0.755421,0.755421,1.260063,0.387394,0.390454,0.619835,0.728197,calls/second,milliseconds
1608504339,65,1.260063,0.244844,0.000650,0.248671,0.123304,0.419090,0.716125,0.755421,0.755421,1.260063,0.387379,0.390454,0.619835,0.728197,calls/second,milliseconds
