t,count,max,mean,min,stddev,p50,p75,p95,p98,p99,p999,mean_rate,m1_rate,m5_rate,m15_rate,rate_unit,duration_unit
1607725537,63,6.522482,0.437795,0.003666,0.987691,0.099573,0.450771,1.692977,3.153723,6.522482,6.522482,0.210002,0.060688,0.409543,0.632727,calls/second,milliseconds
1607725753,71,6.522482,0.710179,0.003666,0.823486,0.171704,1.287074,2.098436,2.098436,2.098436,3.153723,0.137680,0.019346,0.206100,0.499446,calls/second,milliseconds
1607725753,71,6.522482,0.710179,0.003666,0.823486,0.171704,1.287074,2.098436,2.098436,2.098436,3.153723,0.137676,0.019346,0.206100,0.499446,calls/second,milliseconds
