t,count,max,mean,min,stddev,p50,p75,p95,p98,p99,p999,mean_rate,m1_rate,m5_rate,m15_rate,rate_unit,duration_unit
1609285644,62,7.941402,0.471422,0.015939,1.330567,0.182040,0.325080,1.363427,7.941402,7.941402,7.941402,0.206610,0.196481,0.430252,0.632664,calls/second,milliseconds
1609285944,67,7.941402,0.543756,0.015939,0.533179,0.617126,0.617126,0.767742,0.855182,0.855182,7.941402,0.111651,0.014225,0.168370,0.457982,calls/second,milliseconds
1609285992,72,7.941402,0.211393,0.015939,0.244934,0.166967,0.244008,0.617126,0.617126,0.767742,0.855182,0.111096,0.017261,0.147958,0.436724,calls/second,milliseconds
1609285992,72,7.941402,0.211393,0.015939,0.244934,0.166967,0.244008,0.617126,0.617126,0.767742,0.855182,0.111095,0.017261,0.147958,0.436724,calls/second,milliseconds
