t,count,max,mean,min,stddev,p50,p75,p95,p98,p99,p999,mean_rate,m1_rate,m5_rate,m15_rate,rate_unit,duration_unit
1609400836,7,25.111527,2.871706,0.003437,2.075383,3.192209,3.192209,3.192209,3.192209,3.192209,25.111527,0.023332,0.029137,0.012842,0.006234,calls/second,milliseconds
1609401136,27,25.111527,2.571255,0.003437,5.452673,0.142624,0.390723,20.014300,20.014300,20.014300,20.014300,0.044972,0.004388,0.032221,0.020999,calls/second,milliseconds
1609401436,27,25.111527,2.571255,0.003437,5.452673,0.142624,0.390723,20.014300,20.014300,20.014300,20.014300,0.029999,0.000030,0.011853,0.015046,calls/second,milliseconds
1609401736,27,25.111527,2.571255,0.003437,5.452673,0.142624,0.390723,20.014300,20.014300,20.014300,20.014300,0.022500,0.000000,0.004361,0.010781,calls/second,milliseconds
1609401757,28,25.111527,2.043479,0.003437,0.033240,2.043460,2.043460,2.043460,2.043460,2.043460,2.043460,0.022932,0.000000,0.004079,0.010544,calls/second,milliseconds
1609401757,28,25.111527,2.043479,0.003437,0.033240,2.043460,2.043460,2.043460,2.043460,2.043460,2.043460,0.022932,0.000000,0.004079,0.010544,calls/second,milliseconds
