t,count,max,mean,min,stddev,p50,p75,p95,p98,p99,p999,mean_rate,m1_rate,m5_rate,m15_rate,rate_unit,duration_unit
1608915733,19,0.762290,0.011423,0.000197,0.074978,0.002681,0.002681,0.002681,0.194176,0.194176,0.762290,0.063331,0.022576,0.322636,0.589238,calls/second,milliseconds
1608916033,67,0.762290,0.004147,0.000047,0.007645,0.002377,0.003807,0.021797,0.039725,0.039725,0.039725,0.111664,0.101761,0.221088,0.468075,calls/second,milliseconds
1608916161,73,0.762290,0.005345,0.000047,0.007630,0.002339,0.003141,0.020256,0.020256,0.021797,0.039725,0.100297,0.024877,0.151101,0.409440,calls/second,milliseconds
1608916161,73,0.762290,0.005345,0.000047,0.007630,0.002339,0.003141,0.020256,0.020256,0.021797,0.039725,0.100296,0.024877,0.151101,0.409440,calls/second,milliseconds
