t,count,max,mean,min,stddev,p50,p75,p95,p98,p99,p999,mean_rate,m1_rate,m5_rate,m15_rate,rate_unit,duration_unit
1608498969,72,0.848192,0.084634,0.005933,0.070690,0.087316,0.098435,0.151242,0.213913,0.433565,0.848192,0.239959,0.054177,1.205581,2.209543,calls/second,milliseconds
1608499269,77,0.848192,0.123135,0.005933,0.016594,0.133016,0.133016,0.133016,0.133016,0.133016,0.151242,0.128324,0.021635,0.454658,1.588023,calls/second,milliseconds
1608499569,82,0.848192,0.099502,0.005933,0.003431,0.100261,0.100261,0.100261,0.104214,0.104214,0.133016,0.091106,0.021415,0.178409,1.142685,calls/second,milliseconds
1608499869,87,0.848192,0.103688,0.005933,0.004290,0.105630,0.105630,0.109252,0.109252,0.109252,0.109252,0.072497,0.021414,0.076783,0.823586,calls/second,milliseconds
1608500169,92,0.848192,0.125177,0.005933,0.012987,0.133401,0.133401,0.133401,0.133401,0.133401,0.133401,0.061331,0.021414,0.039397,0.594941,calls/second,milliseconds
1608500469,97,0.848192,0.104017,0.005933,0.009218,0.099827,0.105554,0.112861,0.133401,0.164558,0.164558,0.053887,0.021414,0.025643,0.431110,calls/second,milliseconds
1608500769,102,0.848192,0.155942,0.005933,0.048871,0.192530,0.192530,0.192530,0.192530,0.192530,0.192530,0.048570,0.021414,0.020583,0.313720,calls/second,milliseconds
1608501069,107,0.848192,0.157066,0.005933,0.035392,0.182224,0.182224,0.182224,0.182224,0.182224,0.192530,0.044582,0.021414,0.018722,0.229607,calls/second,milliseconds
1608501369,112,0.848192,0.173978,0.005933,0.029608,0.189416,0.189416,0.189416,0.189416,0.189416,0.189416,0.041481,0.021414,0.018037,0.169337,calls/second,milliseconds
1608501669,117,0.848192,0.104374,0.005933,0.010506,0.101988,0.108881,0.108881,0.146822,0.146822,0.189416,0.038999,0.021414,0.017785,0.126152,calls/second,milliseconds
1608501969,122,0.848192,0.107802,0.005933,0.012184,0.114081,0.114081,0.114081,0.114081,0.114081,0.114081,0.036969,0.021414,0.017693,0.095208,calls/second,milliseconds
1608502269,127,0.848192,0.093329,0.005933,0.030044,0.107278,0.107278,0.117813,0.117813,0.184577,0.184577,0.035277,0.021414,0.017658,0.073036,calls/second,milliseconds
1608502526,132,0.848192,0.147850,0.005933,0.054943,0.112536,0.225936,0.225936,0.225936,0.225936,0.225936,0.034225,0.016677,0.016787,0.058927,calls/second,milliseconds
1608502526,132,0.848192,0.147850,0.005933,0.054943,0.112536,0.225936,0.225936,0.225936,0.225936,0.225936,0.034225,0.016677,0.016787,0.058927,calls/second,milliseconds
