t,count,max,mean,min,stddev,p50,p75,p95,p98,p99,p999,mean_rate,m1_rate,m5_rate,m15_rate,rate_unit,duration_unit
1609993968,64,17.668493,0.765739,0.029554,2.250822,0.250674,0.529278,2.801732,8.476131,17.668493,17.668493,0.537164,0.527043,0.708284,0.765569,calls/second,milliseconds
1609993968,64,17.668493,0.765739,0.029554,2.250822,0.250674,0.529278,2.801732,8.476131,17.668493,17.668493,0.537098,0.527043,0.708284,0.765569,calls/second,milliseconds
