t,count,max,mean,min,stddev,p50,p75,p95,p98,p99,p999,mean_rate,m1_rate,m5_rate,m15_rate,rate_unit,duration_unit
1607881915,63,0.310545,0.036777,0.002657,0.060292,0.014320,0.026790,0.177320,0.310545,0.310545,0.310545,0.209968,0.140216,0.424269,0.632507,calls/second,milliseconds
1607881974,68,0.310545,0.054906,0.002657,0.060042,0.018066,0.087657,0.158549,0.196693,0.310545,0.310545,0.189477,0.065764,0.356191,0.596083,calls/second,milliseconds
1607881974,68,0.310545,0.054906,0.002657,0.060042,0.018066,0.087657,0.158549,0.196693,0.310545,0.310545,0.189468,0.065764,0.356191,0.596083,calls/second,milliseconds
