t,count,max,mean,min,stddev,p50,p75,p95,p98,p99,p999,mean_rate,m1_rate,m5_rate,m15_rate,rate_unit,duration_unit
1607879500,71,3.884637,0.420367,0.002458,0.640558,0.178241,0.381386,2.173817,2.173817,2.173817,3.884637,0.236560,0.084178,1.208790,2.209397,calls/second,milliseconds
1607879503,72,3.884637,0.374296,0.002458,0.582714,0.179503,0.381386,2.173817,2.173817,2.173817,3.884637,0.237292,0.084178,1.208790,2.209397,calls/second,milliseconds
1607879503,72,3.884637,0.374296,0.002458,0.582714,0.179503,0.381386,2.173817,2.173817,2.173817,3.884637,0.237284,0.084178,1.208790,2.209397,calls/second,milliseconds
