t,count,max,mean,min,stddev,p50,p75,p95,p98,p99,p999,mean_rate,m1_rate,m5_rate,m15_rate,rate_unit,duration_unit
1608505547,66,0.097600,0.018000,0.002868,0.022965,0.009740,0.014534,0.085570,0.097600,0.097600,0.097600,0.240491,0.413879,1.374562,2.284423,calls/second,milliseconds
1608505547,66,0.097600,0.018000,0.002868,0.022965,0.009740,0.014534,0.085570,0.097600,0.097600,0.097600,0.240484,0.413879,1.374562,2.284423,calls/second,milliseconds
