t,count,max,mean,min,stddev,p50,p75,p95,p98,p99,p999,mean_rate,m1_rate,m5_rate,m15_rate,rate_unit,duration_unit
1608432099,27,23.563181,0.978374,0.002458,1.921977,0.103448,0.267195,5.635547,5.635547,5.635547,23.563181,0.089997,0.118527,0.064575,0.026667,calls/second,milliseconds
1608432197,28,23.563181,1.030552,0.002458,1.554830,1.128765,1.128765,4.261517,5.635547,5.635547,23.563181,0.070392,0.024332,0.047047,0.023995,calls/second,milliseconds
1608432197,28,23.563181,1.030552,0.002458,1.554830,1.128765,1.128765,4.261517,5.635547,5.635547,23.563181,0.070391,0.024332,0.047047,0.023995,calls/second,milliseconds
