t,count,max,mean,min,stddev,p50,p75,p95,p98,p99,p999,mean_rate,m1_rate,m5_rate,m15_rate,rate_unit,duration_unit
1609997576,59,8.126343,0.440381,0.023331,0.844663,0.174048,0.298768,1.493710,4.356219,4.356219,4.533023,0.196603,0.485522,0.445964,0.632546,calls/second,milliseconds
1609997770,74,8.404308,0.797740,0.023331,1.508870,0.282300,1.297939,1.511491,8.404308,8.404308,8.404308,0.150048,0.039736,0.258322,0.522376,calls/second,milliseconds
1609997770,74,8.404308,0.797740,0.023331,1.508870,0.282300,1.297939,1.511491,8.404308,8.404308,8.404308,0.150043,0.039736,0.258322,0.522376,calls/second,milliseconds
