t,count,max,mean,min,stddev,p50,p75,p95,p98,p99,p999,mean_rate,m1_rate,m5_rate,m15_rate,rate_unit,duration_unit
1610010270,19,3.280150,0.849667,0.011973,0.457105,1.001386,1.001386,1.283894,1.324571,3.280150,3.280150,0.063306,0.031900,1.130547,2.165352,calls/second,milliseconds
1610010570,68,3.280150,0.245071,0.011761,0.218339,0.174074,0.299730,0.697729,0.806251,0.953084,1.026915,0.113309,0.341282,0.546260,1.601843,calls/second,milliseconds
1610010750,75,3.280150,0.343914,0.011761,0.331072,0.253750,0.666623,1.098732,1.098732,1.098732,1.098732,0.096098,0.074576,0.316561,1.317732,calls/second,milliseconds
1610010750,75,3.280150,0.343914,0.011761,0.331072,0.253750,0.666623,1.098732,1.098732,1.098732,1.098732,0.096097,0.074576,0.316561,1.317732,calls/second,milliseconds
