t,count,max,mean,min,stddev,p50,p75,p95,p98,p99,p999,mean_rate,m1_rate,m5_rate,m15_rate,rate_unit,duration_unit
1608504719,65,2.752519,0.275058,0.025635,0.282058,0.176054,0.385349,0.902376,1.072638,1.072638,2.752519,0.298910,0.275212,0.537612,0.690590,calls/second,milliseconds
1608504719,65,2.752519,0.275058,0.025635,0.282058,0.176054,0.385349,0.902376,1.072638,1.072638,2.752519,0.298891,0.275212,0.537612,0.690590,calls/second,milliseconds
