t,count,max,mean,min,stddev,p50,p75,p95,p98,p99,p999,mean_rate,m1_rate,m5_rate,m15_rate,rate_unit,duration_unit
1610003551,19,5.325144,0.984071,0.026133,0.664315,0.725567,1.730717,1.730717,2.260182,2.260182,5.325144,0.063306,0.041311,1.131739,2.165524,calls/second,milliseconds
1610003811,71,7.962019,0.478911,0.026133,0.758627,0.229070,0.517921,2.295126,2.295126,2.295126,7.962019,0.126840,0.117584,0.589464,1.677598,calls/second,milliseconds
1610003811,71,7.962019,0.478911,0.026133,0.758627,0.229070,0.517921,2.295126,2.295126,2.295126,7.962019,0.126838,0.117584,0.589464,1.677598,calls/second,milliseconds
