t,count,max,mean,min,stddev,p50,p75,p95,p98,p99,p999,mean_rate,m1_rate,m5_rate,m15_rate,rate_unit,duration_unit
1609413397,63,7.168984,1.208636,0.009692,2.415349,0.145017,0.342820,7.168984,7.168984,7.168984,7.168984,0.209941,0.101631,0.415272,0.631191,calls/second,milliseconds
1609413697,68,7.168984,1.121484,0.009692,0.704741,1.458283,1.458283,1.483828,1.634014,1.634014,7.168984,0.113318,0.025812,0.164298,0.457139,calls/second,milliseconds
1609413736,72,7.168984,0.382484,0.009692,0.478003,0.263900,0.375199,1.458283,1.458283,1.483828,7.168984,0.112692,0.014404,0.146206,0.439702,calls/second,milliseconds
1609413736,72,7.168984,0.382484,0.009692,0.478003,0.263900,0.375199,1.458283,1.458283,1.483828,7.168984,0.112691,0.014404,0.146206,0.439702,calls/second,milliseconds
