t,count,max,mean,min,stddev,p50,p75,p95,p98,p99,p999,mean_rate,m1_rate,m5_rate,m15_rate,rate_unit,duration_unit
1607723805,64,18.924279,1.027821,0.023206,2.833679,0.288703,0.517310,5.110375,17.092281,17.092281,18.924279,0.648306,0.939119,2.344550,2.761194,calls/second,milliseconds
1607723805,64,18.924279,1.027821,0.023206,2.833679,0.288703,0.517310,5.110375,17.092281,17.092281,18.924279,0.648169,0.939119,2.344550,2.761194,calls/second,milliseconds
