t,count,max,mean,min,stddev,p50,p75,p95,p98,p99,p999,mean_rate,m1_rate,m5_rate,m15_rate,rate_unit,duration_unit
1609548588,19,5.572884,3.312819,0.014233,2.373212,5.572884,5.572884,5.572884,5.572884,5.572884,5.572884,0.063317,0.023885,0.322788,0.589259,calls/second,milliseconds
1609548888,72,5.572884,0.227446,0.012091,0.323706,0.148904,0.274283,0.802055,1.330744,1.818867,1.818867,0.119983,0.283013,0.253006,0.475787,calls/second,milliseconds
1609549188,77,10.764763,2.880564,0.012091,4.113467,0.677536,1.745807,10.764763,10.764763,10.764763,10.764763,0.085548,0.018472,0.103682,0.345653,calls/second,milliseconds
1609549359,84,10.764763,0.804132,0.012091,0.853699,0.785919,1.235765,1.630404,1.630404,1.630404,10.764763,0.078427,0.019807,0.066657,0.289222,calls/second,milliseconds
1609549359,84,10.764763,0.804132,0.012091,0.853699,0.785919,1.235765,1.630404,1.630404,1.630404,10.764763,0.078426,0.019807,0.066657,0.289222,calls/second,milliseconds
