t,count,max,mean,min,stddev,p50,p75,p95,p98,p99,p999,mean_rate,m1_rate,m5_rate,m15_rate,rate_unit,duration_unit
1607892494,19,0.216063,0.074989,0.002454,0.053923,0.051743,0.098790,0.193900,0.216063,0.216063,0.216063,0.063327,0.028678,0.323502,0.589375,calls/second,milliseconds
1607892794,73,0.216063,0.024279,0.001777,0.034411,0.013591,0.024826,0.061596,0.195534,0.195534,0.195534,0.121663,0.168185,0.241460,0.474914,calls/second,milliseconds
1607893094,78,0.216063,0.077090,0.001777,0.021812,0.089653,0.089653,0.089653,0.089653,0.096114,0.195534,0.086665,0.022403,0.099978,0.345107,calls/second,milliseconds
1607893192,83,0.216063,0.047022,0.001777,0.032504,0.073147,0.073353,0.075646,0.089653,0.089653,0.096114,0.083107,0.012153,0.075687,0.311590,calls/second,milliseconds
1607893192,83,0.216063,0.047022,0.001777,0.032504,0.073147,0.073353,0.075646,0.089653,0.089653,0.096114,0.083106,0.012153,0.075687,0.311590,calls/second,milliseconds
