t,count,max,mean,min,stddev,p50,p75,p95,p98,p99,p999,mean_rate,m1_rate,m5_rate,m15_rate,rate_unit,duration_unit
1609496947,19,6.704544,1.173867,0.014414,0.909746,0.949870,1.137252,3.241901,3.241901,3.241901,6.704544,0.063314,0.026854,0.323102,0.589303,calls/second,milliseconds
1609497249,70,6.704544,0.515093,0.014414,0.724837,0.176040,0.595869,2.660019,3.282783,3.282783,3.282783,0.116352,0.346480,0.252068,0.473636,calls/second,milliseconds
1609497547,77,6.704544,2.563793,0.008644,1.188999,2.915742,3.541840,3.541840,3.541840,3.541840,3.541840,0.085547,0.022255,0.107406,0.346560,calls/second,milliseconds
1609497765,84,6.704544,0.959110,0.008644,0.851607,1.095973,1.583143,2.252987,2.252987,2.252987,3.541840,0.075186,0.011065,0.059420,0.275863,calls/second,milliseconds
1609497765,84,6.704544,0.959110,0.008644,0.851607,1.095973,1.583143,2.252987,2.252987,2.252987,3.541840,0.075185,0.011065,0.059420,0.275863,calls/second,milliseconds
