t,count,max,mean,min,stddev,p50,p75,p95,p98,p99,p999,mean_rate,m1_rate,m5_rate,m15_rate,rate_unit,duration_unit
1609139462,32,1.173762,0.211743,0.001750,0.238893,0.095447,0.335312,0.927722,0.927722,0.927722,1.173762,0.106670,0.192117,0.368688,0.606635,calls/second,milliseconds
1609139637,69,1.173762,0.317655,0.001750,0.369541,0.173431,0.597064,1.131982,1.131982,1.131982,1.131982,0.145213,0.058679,0.269038,0.527684,calls/second,milliseconds
1609139637,69,1.173762,0.317655,0.001750,0.369541,0.173431,0.597064,1.131982,1.131982,1.131982,1.131982,0.145211,0.058679,0.269038,0.527684,calls/second,milliseconds
