t,count,max,mean,min,stddev,p50,p75,p95,p98,p99,p999,mean_rate,m1_rate,m5_rate,m15_rate,rate_unit,duration_unit
1607890904,19,0.192232,0.059014,0.000409,0.045008,0.062750,0.062750,0.192232,0.192232,0.192232,0.192232,0.063325,0.019388,0.322433,0.589223,calls/second,milliseconds
1607891204,68,0.192232,0.013139,0.000113,0.025387,0.002350,0.015914,0.062210,0.106640,0.152979,0.152979,0.113327,0.063621,0.212637,0.467385,calls/second,milliseconds
1607891443,76,0.192232,0.030299,0.000113,0.026975,0.035548,0.049527,0.057820,0.103028,0.103028,0.103028,0.090546,0.014017,0.105939,0.363824,calls/second,milliseconds
1607891443,76,0.192232,0.030299,0.000113,0.026975,0.035548,0.049527,0.057820,0.103028,0.103028,0.103028,0.090546,0.014017,0.105939,0.363824,calls/second,milliseconds
