t,count,max,mean,min,stddev,p50,p75,p95,p98,p99,p999,mean_rate,m1_rate,m5_rate,m15_rate,rate_unit,duration_unit
1609407469,63,4.629088,0.369919,0.004371,0.764529,0.185128,0.370511,1.445851,4.629088,4.629088,4.629088,0.210009,0.265428,1.265312,2.222587,calls/second,milliseconds
1609407769,73,4.629088,0.117227,0.002618,0.330351,0.046457,0.053780,0.565676,0.608361,0.738975,4.629088,0.121669,0.016447,0.482027,1.601252,calls/second,milliseconds
1609408069,78,4.629088,0.057995,0.002618,0.041598,0.066703,0.066703,0.066703,0.072715,0.072715,0.345556,0.086668,0.014133,0.187586,1.152032,calls/second,milliseconds
1609408323,86,4.629088,0.530465,0.002618,0.609307,0.271799,1.059935,1.824353,1.824353,1.824353,1.824353,0.074531,0.031844,0.097072,0.874738,calls/second,milliseconds
1609408323,86,4.629088,0.530465,0.002618,0.609307,0.271799,1.059935,1.824353,1.824353,1.824353,1.824353,0.074531,0.031844,0.097072,0.874738,calls/second,milliseconds
