t,count,max,mean,min,stddev,p50,p75,p95,p98,p99,p999,mean_rate,m1_rate,m5_rate,m15_rate,rate_unit,duration_unit
1609686607,19,3.207605,0.145957,0.004894,0.451111,0.050285,0.066484,0.545449,2.984222,2.984222,3.207605,0.063336,0.025960,0.328213,0.592542,calls/second,milliseconds
1609686907,72,3.207605,0.293220,0.004355,0.457524,0.051140,0.443743,1.742354,1.923779,1.923779,1.923779,0.120003,0.118926,0.234044,0.475229,calls/second,milliseconds
1609687207,77,3.207605,0.099401,0.004355,0.271883,0.027087,0.046856,0.569049,1.275318,1.275318,1.923779,0.085557,0.018806,0.096884,0.345280,calls/second,milliseconds
1609687218,81,3.821593,1.052942,0.004355,1.442873,0.172603,1.092464,3.821593,3.821593,3.821593,3.821593,0.088886,0.014646,0.092159,0.339573,calls/second,milliseconds
1609687218,81,3.821593,1.052942,0.004355,1.442873,0.172603,1.092464,3.821593,3.821593,3.821593,3.821593,0.088884,0.014646,0.092159,0.339573,calls/second,milliseconds
