t,count,max,mean,min,stddev,p50,p75,p95,p98,p99,p999,mean_rate,m1_rate,m5_rate,m15_rate,rate_unit,duration_unit
1607899252,5,29.718333,5.958090,0.004172,11.880129,0.025994,0.037638,29.718333,29.718333,29.718333,29.718333,0.016665,0.007324,0.374062,0.720523,calls/second,milliseconds
1607899552,22,29.718333,1.665078,0.002024,3.084140,0.126452,0.468310,9.143884,9.143884,9.143884,9.143884,0.036666,0.147263,0.185846,0.534147,calls/second,milliseconds
1607899836,28,29.718333,1.088109,0.002024,1.325818,0.960454,0.960454,0.960454,6.667332,9.143884,9.143884,0.031691,0.002826,0.080484,0.395572,calls/second,milliseconds
1607899836,28,29.718333,1.088109,0.002024,1.325818,0.960454,0.960454,0.960454,6.667332,9.143884,9.143884,0.031690,0.002826,0.080484,0.395572,calls/second,milliseconds
