t,count,max,mean,min,stddev,p50,p75,p95,p98,p99,p999,mean_rate,m1_rate,m5_rate,m15_rate,rate_unit,duration_unit
1607880466,65,0.163182,0.021955,0.000617,0.035714,0.006474,0.023065,0.131426,0.131426,0.163182,0.163182,0.356358,0.285291,0.587981,0.715968,calls/second,milliseconds
1607880466,65,0.163182,0.021955,0.000617,0.035714,0.006474,0.023065,0.131426,0.131426,0.163182,0.163182,0.356323,0.285291,0.587981,0.715968,calls/second,milliseconds
