t,count,max,mean,min,stddev,p50,p75,p95,p98,p99,p999,mean_rate,m1_rate,m5_rate,m15_rate,rate_unit,duration_unit
1609643113,19,6.278603,3.896135,0.016282,2.606996,6.278603,6.278603,6.278603,6.278603,6.278603,6.278603,0.063314,0.028678,0.323502,0.589375,calls/second,milliseconds
1609643413,72,6.278603,0.373472,0.005703,0.459752,0.232893,0.584979,1.299535,1.526214,1.526214,2.474454,0.119982,0.167721,0.240418,0.474137,calls/second,milliseconds
1609643713,77,6.278603,1.879100,0.005703,0.563466,2.148568,2.148568,2.148568,2.148568,2.148568,2.148568,0.085547,0.022400,0.099595,0.344551,calls/second,milliseconds
1609643771,82,6.278603,0.728601,0.005703,0.776997,0.368639,1.878085,2.148568,2.148568,2.148568,2.148568,0.085586,0.023669,0.086163,0.325227,calls/second,milliseconds
1609643771,82,6.278603,0.728601,0.005703,0.776997,0.368639,1.878085,2.148568,2.148568,2.148568,2.148568,0.085586,0.023669,0.086163,0.325227,calls/second,milliseconds
