t,count,max,mean,min,stddev,p50,p75,p95,p98,p99,p999,mean_rate,m1_rate,m5_rate,m15_rate,rate_unit,duration_unit
1609286298,66,0.095121,0.014277,0.000835,0.013300,0.010976,0.016880,0.047453,0.071984,0.071984,0.071984,0.219972,0.283975,1.254687,2.213664,calls/second,milliseconds
1609286598,71,0.095121,0.037110,0.000835,0.016982,0.038685,0.038685,0.077889,0.077889,0.077889,0.077889,0.118327,0.013783,0.471495,1.590792,calls/second,milliseconds
1609286803,79,0.095121,0.025443,0.000835,0.017293,0.020049,0.024470,0.063014,0.063014,0.063014,0.063014,0.098069,0.069447,0.257703,1.274051,calls/second,milliseconds
1609286803,79,0.095121,0.025443,0.000835,0.017293,0.020049,0.024470,0.063014,0.063014,0.063014,0.063014,0.098068,0.069447,0.257703,1.274051,calls/second,milliseconds
