t,count,max,mean,min,stddev,p50,p75,p95,p98,p99,p999,mean_rate,m1_rate,m5_rate,m15_rate,rate_unit,duration_unit
1609418106,63,0.110960,0.019600,0.000584,0.031403,0.007063,0.013740,0.108496,0.110960,0.110960,0.110960,0.209982,0.127073,0.421868,0.632161,calls/second,milliseconds
1609418145,68,0.110960,0.025564,0.000584,0.030380,0.009433,0.040140,0.100293,0.108496,0.110960,0.110960,0.200555,0.083365,0.378557,0.609138,calls/second,milliseconds
1609418145,68,0.110960,0.025564,0.000584,0.030380,0.009433,0.040140,0.100293,0.108496,0.110960,0.110960,0.200546,0.083365,0.378557,0.609138,calls/second,milliseconds
