t,count,max,mean,min,stddev,p50,p75,p95,p98,p99,p999,mean_rate,m1_rate,m5_rate,m15_rate,rate_unit,duration_unit
1609413397,63,5.299863,0.948614,0.003917,1.770522,0.205191,0.434060,5.299863,5.299863,5.299863,5.299863,0.210002,0.092977,0.418857,0.633588,calls/second,milliseconds
1609413697,68,5.299863,0.115797,0.003917,0.425127,0.076411,0.076411,0.150230,0.271265,0.629658,5.299863,0.113334,0.010674,0.163686,0.458567,calls/second,milliseconds
1609413736,72,5.299863,0.732001,0.003917,0.808548,0.204422,1.105455,2.097640,2.097640,2.097640,5.299863,0.112708,0.014404,0.146195,0.439699,calls/second,milliseconds
1609413736,72,5.299863,0.732001,0.003917,0.808548,0.204422,1.105455,2.097640,2.097640,2.097640,5.299863,0.112706,0.014404,0.146195,0.439699,calls/second,milliseconds
