t,count,max,mean,min,stddev,p50,p75,p95,p98,p99,p999,mean_rate,m1_rate,m5_rate,m15_rate,rate_unit,duration_unit
1609426815,19,5.108159,0.886827,0.020634,0.682902,0.764824,1.258894,1.509611,1.509611,5.108159,5.108159,0.063311,0.018450,0.322290,0.589202,calls/second,milliseconds
1609427115,68,5.108159,0.470119,0.020634,0.494092,0.241709,0.676572,1.493194,1.493194,1.493194,1.493194,0.113314,0.050114,0.208105,0.466645,calls/second,milliseconds
1609427390,77,5.108159,0.553485,0.020634,0.565724,0.340480,0.625746,1.680374,1.680374,1.680374,1.680374,0.087988,0.017077,0.093817,0.348521,calls/second,milliseconds
1609427390,77,5.108159,0.553485,0.020634,0.565724,0.340480,0.625746,1.680374,1.680374,1.680374,1.680374,0.087987,0.017077,0.093817,0.348521,calls/second,milliseconds
