t,count,max,mean,min,stddev,p50,p75,p95,p98,p99,p999,mean_rate,m1_rate,m5_rate,m15_rate,rate_unit,duration_unit
1609287829,62,0.081321,0.006848,0.000411,0.008521,0.003176,0.007610,0.025473,0.036999,0.036999,0.036999,0.206646,0.426645,1.256832,2.211147,calls/second,milliseconds
1609288129,67,0.081321,0.022978,0.000411,0.009810,0.024314,0.029999,0.029999,0.029999,0.031791,0.036999,0.111660,0.018115,0.472793,1.589066,calls/second,milliseconds
1609288429,72,0.081321,0.038501,0.000411,0.010912,0.047324,0.047324,0.047324,0.047324,0.047324,0.047324,0.079998,0.015362,0.184362,1.143326,calls/second,milliseconds
1609288517,78,0.081321,0.012118,0.000411,0.011181,0.005381,0.022359,0.023478,0.047324,0.047324,0.047324,0.078970,0.010120,0.141626,1.041330,calls/second,milliseconds
1609288517,78,0.081321,0.012118,0.000411,0.011181,0.005381,0.022359,0.023478,0.047324,0.047324,0.047324,0.078969,0.010120,0.141626,1.041330,calls/second,milliseconds
