t,count,max,mean,min,stddev,p50,p75,p95,p98,p99,p999,mean_rate,m1_rate,m5_rate,m15_rate,rate_unit,duration_unit
1609415435,28,24.413554,2.098722,0.002666,3.191390,0.502904,2.882935,6.542015,8.457529,24.413554,24.413554,0.114588,0.029379,0.051528,0.024890,calls/second,milliseconds
1609415435,28,24.413554,2.098722,0.002666,3.191390,0.502904,2.882935,6.542015,8.457529,24.413554,24.413554,0.114583,0.029379,0.051528,0.024890,calls/second,milliseconds
