t,count,max,mean,min,stddev,p50,p75,p95,p98,p99,p999,mean_rate,m1_rate,m5_rate,m15_rate,rate_unit,duration_unit
1609933114,63,4.241959,0.369567,0.012237,0.517653,0.150186,0.513528,1.607991,2.429706,2.429706,2.744696,0.209789,0.230381,0.435810,0.634065,calls/second,milliseconds
1609933255,69,4.241959,0.783059,0.012237,0.936966,0.350003,1.607991,2.727150,2.727150,2.727150,2.744696,0.156453,0.034547,0.278642,0.544784,calls/second,milliseconds
1609933255,69,4.241959,0.783059,0.012237,0.936966,0.350003,1.607991,2.727150,2.727150,2.727150,2.744696,0.156449,0.034547,0.278642,0.544784,calls/second,milliseconds
