t,count,max,mean,min,stddev,p50,p75,p95,p98,p99,p999,mean_rate,m1_rate,m5_rate,m15_rate,rate_unit,duration_unit
1607751178,19,6.250856,1.192284,0.026816,1.068548,0.874411,1.036007,3.491577,4.998894,6.250856,6.250856,0.063305,0.035829,1.131123,2.165437,calls/second,milliseconds
1607751478,67,6.250856,0.886453,0.026816,1.152634,0.330688,1.282965,3.446395,3.446395,3.446395,6.104226,0.111642,0.053162,0.504443,1.595250,calls/second,milliseconds
1607751778,72,6.250856,1.551851,0.026816,0.368675,1.509197,1.730000,1.942700,1.942700,1.942700,3.446395,0.079987,0.014380,0.195832,1.147731,calls/second,milliseconds
1607752078,77,7.050445,4.599884,0.026816,2.971154,7.050445,7.050445,7.050445,7.050445,7.050445,7.050445,0.064160,0.014119,0.082301,0.827069,calls/second,milliseconds
1607752378,82,7.115074,2.069685,0.026816,1.128207,1.776640,2.108569,2.108569,7.115074,7.115074,7.115074,0.054662,0.014117,0.040535,0.597306,calls/second,milliseconds
1607752678,87,7.115074,2.022245,0.026816,0.327190,2.256039,2.256039,2.256039,2.256039,2.256039,2.256039,0.048330,0.014117,0.025170,0.432673,calls/second,milliseconds
1607752739,98,7.115074,0.567474,0.008105,0.715500,0.168574,1.308288,1.776760,2.256039,2.256039,2.256039,0.052675,0.107412,0.050538,0.415482,calls/second,milliseconds
1607752739,98,7.115074,0.567474,0.008105,0.715500,0.168574,1.308288,1.776760,2.256039,2.256039,2.256039,0.052675,0.107412,0.050538,0.415482,calls/second,milliseconds
