t,count,max,mean,min,stddev,p50,p75,p95,p98,p99,p999,mean_rate,m1_rate,m5_rate,m15_rate,rate_unit,duration_unit
1609281947,66,9.107822,0.382542,0.020762,0.650460,0.211580,0.468292,1.125153,1.626254,1.626254,9.107822,0.274220,0.099474,0.478992,0.670021,calls/second,milliseconds
1609281947,66,9.107822,0.382542,0.020762,0.650460,0.211580,0.468292,1.125153,1.626254,1.626254,9.107822,0.274199,0.099474,0.478992,0.670021,calls/second,milliseconds
