t,count,max,mean,min,stddev,p50,p75,p95,p98,p99,p999,mean_rate,m1_rate,m5_rate,m15_rate,rate_unit,duration_unit
1609425272,19,3.008539,0.323054,0.005434,0.386826,0.386698,0.386698,0.386698,1.304771,2.625414,3.008539,0.063336,0.031014,0.328695,0.592608,calls/second,milliseconds
1609425572,67,4.755995,0.314592,0.002617,0.737945,0.057210,0.367996,1.186577,4.755995,4.755995,4.755995,0.111668,0.042835,0.200691,0.466766,calls/second,milliseconds
1609425808,75,4.755995,0.532947,0.002617,0.620069,0.088774,1.159132,1.520600,1.520600,1.520600,1.520600,0.089740,0.023633,0.100053,0.361508,calls/second,milliseconds
1609425808,75,4.755995,0.532947,0.002617,0.620069,0.088774,1.159132,1.520600,1.520600,1.520600,1.520600,0.089738,0.023633,0.100053,0.361508,calls/second,milliseconds
