t,count,max,mean,min,stddev,p50,p75,p95,p98,p99,p999,mean_rate,m1_rate,m5_rate,m15_rate,rate_unit,duration_unit
1610145868,5,15.615801,3.135617,0.002726,6.240101,0.025014,0.029166,15.615801,15.615801,15.615801,15.615801,0.016666,0.000692,0.006392,0.004036,calls/second,milliseconds
1610146168,27,15.615801,1.748004,0.002726,3.354564,0.102696,0.311836,9.081970,10.292976,10.292976,10.292976,0.044999,0.134440,0.060446,0.025463,calls/second,milliseconds
1610146395,28,15.615801,0.932252,0.002726,1.663257,0.690867,0.690867,1.483832,9.000159,9.081970,10.292976,0.033870,0.003162,0.028553,0.019831,calls/second,milliseconds
1610146395,28,15.615801,0.932252,0.002726,1.663257,0.690867,0.690867,1.483832,9.000159,9.081970,10.292976,0.033869,0.003162,0.028553,0.019831,calls/second,milliseconds
