t,count,max,mean,min,stddev,p50,p75,p95,p98,p99,p999,mean_rate,m1_rate,m5_rate,m15_rate,rate_unit,duration_unit
1609427701,19,0.521397,0.088770,0.001034,0.047716,0.080042,0.081566,0.130516,0.130516,0.168200,0.521397,0.063328,0.044819,1.132063,2.165569,calls/second,milliseconds
1609428001,67,0.521397,0.043086,0.001034,0.042128,0.020773,0.106310,0.108446,0.108446,0.108446,0.108446,0.111617,0.065193,0.506821,1.595656,calls/second,milliseconds
1609428134,73,0.646725,0.076965,0.001034,0.142308,0.033510,0.061913,0.646725,0.646725,0.646725,0.646725,0.099646,0.024504,0.334313,1.383154,calls/second,milliseconds
1609428134,73,0.646725,0.076965,0.001034,0.142308,0.033510,0.061913,0.646725,0.646725,0.646725,0.646725,0.099646,0.024504,0.334313,1.383154,calls/second,milliseconds
