t,count,max,mean,min,stddev,p50,p75,p95,p98,p99,p999,mean_rate,m1_rate,m5_rate,m15_rate,rate_unit,duration_unit
1608513699,19,3.226198,0.582362,0.012217,0.331280,0.600919,0.647633,0.688370,0.688370,3.226198,3.226198,0.063321,0.025451,0.323184,0.589331,calls/second,milliseconds
1608513999,68,3.226198,0.243164,0.012217,0.258062,0.132421,0.272068,0.927532,0.927532,0.927532,0.927532,0.113322,0.121865,0.226809,0.469598,calls/second,milliseconds
1608514131,74,3.226198,0.288162,0.012217,0.252755,0.210956,0.595758,0.652580,0.724223,0.927532,0.927532,0.100985,0.027228,0.152491,0.408512,calls/second,milliseconds
1608514131,74,3.226198,0.288162,0.012217,0.252755,0.210956,0.595758,0.652580,0.724223,0.927532,0.927532,0.100984,0.027228,0.152491,0.408512,calls/second,milliseconds
