t,count,max,mean,min,stddev,p50,p75,p95,p98,p99,p999,mean_rate,m1_rate,m5_rate,m15_rate,rate_unit,duration_unit
1610007484,19,2.219174,0.135498,0.001174,0.298713,0.027480,0.193770,0.657489,0.900188,2.219174,2.219174,0.063336,0.022180,0.327999,0.592527,calls/second,milliseconds
1610007784,68,2.219174,0.308517,0.001174,0.337671,0.185276,0.492981,0.804872,1.434924,1.434924,1.434924,0.113335,0.199051,0.239099,0.473341,calls/second,milliseconds
1610008084,73,2.219174,0.193954,0.001174,0.244359,0.051363,0.482399,0.563693,0.690172,0.804872,1.434924,0.081112,0.015363,0.098218,0.343848,calls/second,milliseconds
1610008113,78,2.219174,0.572213,0.001174,0.656508,0.091659,1.156391,1.657651,1.657651,1.657651,1.657651,0.083933,0.024031,0.092122,0.333678,calls/second,milliseconds
1610008113,78,2.219174,0.572213,0.001174,0.656508,0.091659,1.156391,1.657651,1.657651,1.657651,1.657651,0.083932,0.024031,0.092122,0.333678,calls/second,milliseconds
