t,count,max,mean,min,stddev,p50,p75,p95,p98,p99,p999,mean_rate,m1_rate,m5_rate,m15_rate,rate_unit,duration_unit
1607896126,19,4.419102,2.661610,0.022773,1.939803,4.419102,4.419102,4.419102,4.419102,4.419102,4.419102,0.063311,0.032347,0.323591,0.589370,calls/second,milliseconds
1607896426,68,4.419102,0.468604,0.012238,0.724410,0.229296,0.391923,2.872678,2.872678,2.872678,2.872678,0.113315,0.217320,0.238753,0.471250,calls/second,milliseconds
1607896726,73,4.419102,2.295379,0.012238,0.773924,2.665356,2.665356,2.665356,3.517548,3.517548,3.517548,0.081102,0.026591,0.099360,0.342535,calls/second,milliseconds
1607896933,80,4.419102,0.781962,0.012238,0.612029,0.868616,1.201761,1.519584,1.592769,2.425424,2.665356,0.072230,0.016720,0.057740,0.275790,calls/second,milliseconds
1607896933,80,4.419102,0.781962,0.012238,0.612029,0.868616,1.201761,1.519584,1.592769,2.425424,2.665356,0.072229,0.016720,0.057740,0.275790,calls/second,milliseconds
