t,count,max,mean,min,stddev,p50,p75,p95,p98,p99,p999,mean_rate,m1_rate,m5_rate,m15_rate,rate_unit,duration_unit
1609426815,19,2.464183,0.157885,0.009873,0.353026,0.053004,0.066232,0.774192,1.017608,2.464183,2.464183,0.063335,0.020010,0.327640,0.592471,calls/second,milliseconds
1609427115,68,2.464183,0.299401,0.007509,0.364735,0.118167,0.368909,1.223788,1.303544,1.303544,1.569041,0.113336,0.054041,0.211280,0.469182,calls/second,milliseconds
1609427390,77,2.464183,0.574456,0.007509,0.584531,0.111234,1.199611,1.401154,1.401154,1.401154,1.401154,0.088000,0.081037,0.106913,0.352907,calls/second,milliseconds
1609427390,77,2.464183,0.574456,0.007509,0.584531,0.111234,1.199611,1.401154,1.401154,1.401154,1.401154,0.087998,0.081037,0.106913,0.352907,calls/second,milliseconds
