t,count,max,mean,min,stddev,p50,p75,p95,p98,p99,p999,mean_rate,m1_rate,m5_rate,m15_rate,rate_unit,duration_unit
1608509078,19,2.777265,0.710132,0.015668,0.478791,0.752541,0.752541,0.752541,2.777265,2.777265,2.777265,0.063313,0.021515,0.322726,0.589266,calls/second,milliseconds
1608509327,71,2.777265,0.177993,0.015468,0.198549,0.110175,0.175855,0.674335,0.674335,0.725244,0.786998,0.129405,0.043700,0.228111,0.492042,calls/second,milliseconds
1608509327,71,2.777265,0.177993,0.015468,0.198549,0.110175,0.175855,0.674335,0.674335,0.725244,0.786998,0.129404,0.043700,0.228111,0.492042,calls/second,milliseconds
