t,count,max,mean,min,stddev,p50,p75,p95,p98,p99,p999,mean_rate,m1_rate,m5_rate,m15_rate,rate_unit,duration_unit
1607879934,28,44.344385,3.111649,0.009946,7.465526,0.311057,3.128230,14.374284,44.344385,44.344385,44.344385,0.357333,0.273056,0.081182,0.028981,calls/second,milliseconds
1607879934,28,44.344385,3.111649,0.009946,7.465526,0.311057,3.128230,14.374284,44.344385,44.344385,44.344385,0.357235,0.273056,0.081182,0.028981,calls/second,milliseconds
