t,count,max,mean,min,stddev,p50,p75,p95,p98,p99,p999,mean_rate,m1_rate,m5_rate,m15_rate,rate_unit,duration_unit
1609993096,28,18.379778,1.476956,0.004537,3.650468,0.115085,0.502327,7.070939,18.379778,18.379778,18.379778,0.093327,0.039674,2.021193,3.891628,calls/second,milliseconds
1609993396,28,18.379778,1.476956,0.004537,3.650468,0.115085,0.502327,7.070939,18.379778,18.379778,18.379778,0.046665,0.000267,0.743555,2.788473,calls/second,milliseconds
1609993560,28,18.379778,1.476956,0.004537,3.650468,0.115085,0.502327,7.070939,18.379778,18.379778,18.379778,0.036622,0.000019,0.436204,2.334310,calls/second,milliseconds
1609993560,28,18.379778,1.476956,0.004537,3.650468,0.115085,0.502327,7.070939,18.379778,18.379778,18.379778,0.036622,0.000019,0.436204,2.334310,calls/second,milliseconds
