t,count,max,mean,min,stddev,p50,p75,p95,p98,p99,p999,mean_rate,m1_rate,m5_rate,m15_rate,rate_unit,duration_unit
1609432081,5,33.721962,6.762914,0.006797,13.479533,0.026656,0.049747,33.721962,33.721962,33.721962,33.721962,0.016666,0.000752,0.006500,0.004059,calls/second,milliseconds
1609432383,27,33.721962,2.594617,0.006797,4.801851,0.159235,1.028773,14.759859,14.759859,14.759859,14.759859,0.044848,0.090145,0.055573,0.024815,calls/second,milliseconds
1609432681,27,33.721962,2.594617,0.006797,4.801851,0.159235,1.028773,14.759859,14.759859,14.759859,14.759859,0.029999,0.000607,0.020444,0.017781,calls/second,milliseconds
1609432895,28,33.721962,1.739269,0.006797,0.252311,1.736974,1.736974,1.736974,1.736974,1.736974,1.736974,0.025131,0.000018,0.010152,0.014081,calls/second,milliseconds
1609432895,28,33.721962,1.739269,0.006797,0.252311,1.736974,1.736974,1.736974,1.736974,1.736974,1.736974,0.025130,0.000018,0.010152,0.014081,calls/second,milliseconds
