t,count,max,mean,min,stddev,p50,p75,p95,p98,p99,p999,mean_rate,m1_rate,m5_rate,m15_rate,rate_unit,duration_unit
1607723704,28,45.031011,2.983167,0.016024,8.255457,0.259330,3.392354,9.078010,45.031011,45.031011,45.031011,0.974216,0.425367,0.088981,0.029886,calls/second,milliseconds
1607723704,28,45.031011,2.983167,0.016024,8.255457,0.259330,3.392354,9.078010,45.031011,45.031011,45.031011,0.973451,0.425367,0.088981,0.029886,calls/second,milliseconds
