t,count,max,mean,min,stddev,p50,p75,p95,p98,p99,p999,mean_rate,m1_rate,m5_rate,m15_rate,rate_unit,duration_unit
1609283213,63,3.120046,0.204341,0.001359,0.270070,0.067757,0.352032,0.615840,0.769891,0.769891,3.120046,0.210011,0.087753,1.235224,2.218270,calls/second,milliseconds
1609283227,67,3.120046,0.391514,0.001359,0.326664,0.372728,0.698611,0.824802,0.824802,0.824802,3.120046,0.212930,0.068342,1.174981,2.181606,calls/second,milliseconds
1609283227,67,3.120046,0.391514,0.001359,0.326664,0.372728,0.698611,0.824802,0.824802,0.824802,3.120046,0.212922,0.068342,1.174981,2.181606,calls/second,milliseconds
