t,count,max,mean,min,stddev,p50,p75,p95,p98,p99,p999,mean_rate,m1_rate,m5_rate,m15_rate,rate_unit,duration_unit
1609284468,63,1.670274,0.312194,0.008118,0.360118,0.192840,0.450156,1.297270,1.297270,1.297270,1.670274,0.209998,0.138708,0.423630,0.632415,calls/second,milliseconds
1609284742,71,2.717837,0.436694,0.008118,0.465258,0.063539,0.791967,1.022845,1.022845,1.022845,2.717837,0.123843,0.013272,0.180879,0.472330,calls/second,milliseconds
1609284742,71,2.717837,0.436694,0.008118,0.465258,0.063539,0.791967,1.022845,1.022845,1.022845,2.717837,0.123841,0.013272,0.180879,0.472330,calls/second,milliseconds
