t,count,max,mean,min,stddev,p50,p75,p95,p98,p99,p999,mean_rate,m1_rate,m5_rate,m15_rate,rate_unit,duration_unit
1609418738,68,1.003395,0.058276,0.001808,0.171530,0.016753,0.022043,0.208040,1.003395,1.003395,1.003395,0.226436,0.256319,0.447693,0.639015,calls/second,milliseconds
1609418819,74,1.003395,0.047090,0.001808,0.122086,0.016020,0.033506,0.088323,0.263710,1.003395,1.003395,0.194222,0.087690,0.348814,0.586798,calls/second,milliseconds
1609418819,74,1.003395,0.047090,0.001808,0.122086,0.016020,0.033506,0.088323,0.263710,1.003395,1.003395,0.193988,0.087690,0.348814,0.586798,calls/second,milliseconds
