t,count,max,mean,min,stddev,p50,p75,p95,p98,p99,p999,mean_rate,m1_rate,m5_rate,m15_rate,rate_unit,duration_unit
1607884094,63,0.193402,0.014197,0.000632,0.029962,0.005443,0.009661,0.067506,0.162399,0.193402,0.193402,0.209978,0.489194,0.455589,0.636537,calls/second,milliseconds
1607884294,70,0.193402,0.014906,0.000632,0.027946,0.008010,0.009000,0.055221,0.134771,0.134771,0.193402,0.140004,0.033548,0.245283,0.515551,calls/second,milliseconds
1607884294,70,0.193402,0.014906,0.000632,0.027946,0.008010,0.009000,0.055221,0.134771,0.134771,0.193402,0.140001,0.033548,0.245283,0.515551,calls/second,milliseconds
