t,count,max,mean,min,stddev,p50,p75,p95,p98,p99,p999,mean_rate,m1_rate,m5_rate,m15_rate,rate_unit,duration_unit
1607888543,19,5.132121,1.006261,0.018826,0.718370,0.736762,1.401472,1.616100,3.098868,3.098868,5.132121,0.063307,0.037033,1.131273,2.165459,calls/second,milliseconds
1607888843,68,5.132121,0.680831,0.018826,0.619510,0.287425,1.370258,1.486508,1.949645,1.949645,2.293789,0.113309,0.037265,0.497595,1.594666,calls/second,milliseconds
1607888923,73,5.132121,0.773309,0.018826,1.197261,0.362333,1.004321,4.461035,4.461035,4.461035,4.461035,0.107371,0.018230,0.390373,1.468217,calls/second,milliseconds
1607888923,73,5.132121,0.773309,0.018826,1.197261,0.362333,1.004321,4.461035,4.461035,4.461035,4.461035,0.107370,0.018230,0.390373,1.468217,calls/second,milliseconds
