t,count,max,mean,min,stddev,p50,p75,p95,p98,p99,p999,mean_rate,m1_rate,m5_rate,m15_rate,rate_unit,duration_unit
1607879500,71,3.889318,0.427579,0.004025,0.642516,0.183790,0.395322,2.184553,2.184553,2.184553,3.889318,0.236560,0.084178,1.208790,2.209397,calls/second,milliseconds
1607879503,72,3.889318,0.382931,0.004025,0.583990,0.189577,0.395322,2.184553,2.184553,2.184553,3.889318,0.237292,0.084178,1.208790,2.209397,calls/second,milliseconds
1607879503,72,3.889318,0.382931,0.004025,0.583990,0.189577,0.395322,2.184553,2.184553,2.184553,3.889318,0.237284,0.084178,1.208790,2.209397,calls/second,milliseconds
