t,count,max,mean,min,stddev,p50,p75,p95,p98,p99,p999,mean_rate,m1_rate,m5_rate,m15_rate,rate_unit,duration_unit
1609835652,32,6.125129,0.452601,0.011202,0.675684,0.185813,0.661846,2.209978,2.209978,2.979138,6.125129,0.106632,0.206455,0.364205,0.603468,calls/second,milliseconds
1609835952,67,6.125129,1.952336,0.011202,1.698522,2.212647,4.146402,4.146402,4.146402,4.146402,4.146402,0.111649,0.019523,0.185324,0.461876,calls/second,milliseconds
1609836000,72,6.125129,0.998096,0.011202,1.076409,0.770088,2.212647,2.324059,4.146402,4.146402,4.146402,0.111016,0.018921,0.162501,0.440422,calls/second,milliseconds
1609836000,72,6.125129,0.998096,0.011202,1.076409,0.770088,2.212647,2.324059,4.146402,4.146402,4.146402,0.111013,0.018921,0.162501,0.440422,calls/second,milliseconds
