t,count,max,mean,min,stddev,p50,p75,p95,p98,p99,p999,mean_rate,m1_rate,m5_rate,m15_rate,rate_unit,duration_unit
1607900148,19,0.360474,0.198452,0.000200,0.161526,0.112211,0.360474,0.360474,0.360474,0.360474,0.360474,0.063327,0.021515,0.322726,0.589266,calls/second,milliseconds
1607900448,49,0.360474,0.012977,0.000200,0.019956,0.004817,0.007486,0.056610,0.060043,0.060043,0.071608,0.081663,0.268202,0.202883,0.453563,calls/second,milliseconds
1607900748,73,0.360474,0.130349,0.000200,0.133936,0.051246,0.300373,0.300373,0.300373,0.300373,0.300373,0.081109,0.020216,0.111603,0.345501,calls/second,milliseconds
1607901048,78,0.360474,0.044063,0.000200,0.026644,0.053349,0.053349,0.053349,0.058363,0.058363,0.300373,0.064998,0.014158,0.051315,0.252247,calls/second,milliseconds
1607901102,83,0.360474,0.017129,0.000200,0.016457,0.014940,0.016020,0.053349,0.053349,0.053349,0.058363,0.066173,0.016695,0.046478,0.239693,calls/second,milliseconds
1607901102,83,0.360474,0.017129,0.000200,0.016457,0.014940,0.016020,0.053349,0.053349,0.053349,0.058363,0.066172,0.016695,0.046478,0.239693,calls/second,milliseconds
