t,count,max,mean,min,stddev,p50,p75,p95,p98,p99,p999,mean_rate,m1_rate,m5_rate,m15_rate,rate_unit,duration_unit
1609406406,55,0.129717,0.003760,0.000090,0.005742,0.001774,0.003543,0.010980,0.021384,0.031346,0.031346,0.183321,0.415945,0.433191,0.628207,calls/second,milliseconds
1609406706,68,0.129717,0.009452,0.000090,0.005521,0.008746,0.014220,0.014220,0.014220,0.014220,0.031346,0.113329,0.026939,0.180758,0.461396,calls/second,milliseconds
1609407006,73,0.129717,0.018933,0.000090,0.011840,0.013183,0.013237,0.039543,0.039543,0.039543,0.039543,0.081109,0.023300,0.077834,0.335448,calls/second,milliseconds
1609407163,79,0.129717,0.015256,0.000090,0.006359,0.017824,0.020413,0.022890,0.022890,0.022890,0.039543,0.074743,0.012990,0.051690,0.284429,calls/second,milliseconds
1609407163,79,0.129717,0.015256,0.000090,0.006359,0.017824,0.020413,0.022890,0.022890,0.022890,0.039543,0.074742,0.012990,0.051690,0.284429,calls/second,milliseconds
