t,count,max,mean,min,stddev,p50,p75,p95,p98,p99,p999,mean_rate,m1_rate,m5_rate,m15_rate,rate_unit,duration_unit
1609411379,63,4.282503,0.577815,0.009962,0.893941,0.122824,0.639771,2.714055,2.714055,3.555931,4.282503,0.209921,0.115858,1.224619,2.207501,calls/second,milliseconds
1609411679,68,9.639300,2.765528,0.009962,2.968059,0.875921,5.657050,9.639300,9.639300,9.639300,9.639300,0.113313,0.017345,0.461118,1.586480,calls/second,milliseconds
1609411819,74,9.639300,0.657771,0.009962,0.840347,0.398123,0.875921,1.536201,1.536201,5.657050,9.639300,0.100014,0.039829,0.308109,1.370745,calls/second,milliseconds
1609411819,74,9.639300,0.657771,0.009962,0.840347,0.398123,0.875921,1.536201,1.536201,5.657050,9.639300,0.100013,0.039829,0.308109,1.370745,calls/second,milliseconds
