t,count,max,mean,min,stddev,p50,p75,p95,p98,p99,p999,mean_rate,m1_rate,m5_rate,m15_rate,rate_unit,duration_unit
1608521845,19,1.127640,0.058618,0.000683,0.147415,0.019625,0.024234,0.135729,0.535770,1.044513,1.127640,0.063341,0.029188,0.328532,0.592586,calls/second,milliseconds
1608522145,37,1.455384,0.345027,0.000683,0.429839,0.229297,0.482856,1.455384,1.455384,1.455384,1.455384,0.061670,0.170607,0.172012,0.443483,calls/second,milliseconds
1608522445,73,64.012992,1.699141,0.000683,9.820706,0.021803,0.130078,0.905283,64.012992,64.012992,64.012992,0.081114,0.035199,0.122517,0.349240,calls/second,milliseconds
1608522666,80,64.012992,0.615574,0.000683,1.484176,0.131720,1.066808,1.505781,1.505781,1.505781,1.505781,0.071375,0.010439,0.064723,0.274918,calls/second,milliseconds
1608522666,80,64.012992,0.615574,0.000683,1.484176,0.131720,1.066808,1.505781,1.505781,1.505781,1.505781,0.071374,0.010439,0.064723,0.274918,calls/second,milliseconds
