t,count,max,mean,min,stddev,p50,p75,p95,p98,p99,p999,mean_rate,m1_rate,m5_rate,m15_rate,rate_unit,duration_unit
1608511210,19,0.181879,0.065985,0.002213,0.024855,0.071666,0.075115,0.081872,0.081872,0.081872,0.181879,0.063329,0.028535,0.323262,0.589325,calls/second,milliseconds
1608511510,68,0.181879,0.026426,0.002213,0.024282,0.016970,0.041263,0.067748,0.081872,0.132953,0.132953,0.113330,0.058137,0.209196,0.466843,calls/second,milliseconds
1608511552,72,0.181879,0.031221,0.002213,0.036603,0.011873,0.041263,0.106256,0.106256,0.106256,0.132953,0.112182,0.029848,0.183083,0.446548,calls/second,milliseconds
1608511552,72,0.181879,0.031221,0.002213,0.036603,0.011873,0.041263,0.106256,0.106256,0.106256,0.132953,0.112179,0.029848,0.183083,0.446548,calls/second,milliseconds
