t,count,max,mean,min,stddev,p50,p75,p95,p98,p99,p999,mean_rate,m1_rate,m5_rate,m15_rate,rate_unit,duration_unit
1608602910,19,1.916365,0.046324,0.001034,0.213652,0.004150,0.004183,0.250155,0.407219,1.916365,1.916365,0.063335,0.027663,0.328616,0.592614,calls/second,milliseconds
1608603210,37,1.916365,0.185094,0.001034,0.219597,0.069838,0.490410,0.607298,0.607298,0.607298,0.607298,0.061659,0.143664,0.168319,0.440936,calls/second,milliseconds
1608603510,75,1.916365,0.102903,0.000670,0.185097,0.006714,0.111066,0.607298,0.644010,0.789075,0.789075,0.083334,0.030203,0.122161,0.350328,calls/second,milliseconds
1608603579,80,1.916365,0.195741,0.000670,0.213413,0.063659,0.330830,0.548560,0.548560,0.548560,0.789075,0.082505,0.019947,0.099779,0.325191,calls/second,milliseconds
1608603579,80,1.916365,0.195741,0.000670,0.213413,0.063659,0.330830,0.548560,0.548560,0.548560,0.789075,0.082505,0.019947,0.099779,0.325191,calls/second,milliseconds
