t,count,max,mean,min,stddev,p50,p75,p95,p98,p99,p999,mean_rate,m1_rate,m5_rate,m15_rate,rate_unit,duration_unit
1609105209,24,2.745705,0.258953,0.003038,0.225525,0.286119,0.446593,0.481919,0.481919,0.481919,2.745705,0.080001,0.056676,0.334914,0.594786,calls/second,milliseconds
1609105422,70,2.745705,0.249177,0.002516,0.286720,0.098123,0.603892,0.740924,0.740924,0.740924,0.740924,0.136366,0.067565,0.250768,0.510048,calls/second,milliseconds
1609105422,70,2.745705,0.249177,0.002516,0.286720,0.098123,0.603892,0.740924,0.740924,0.740924,0.740924,0.136364,0.067565,0.250768,0.510048,calls/second,milliseconds
