t,count,max,mean,min,stddev,p50,p75,p95,p98,p99,p999,mean_rate,m1_rate,m5_rate,m15_rate,rate_unit,duration_unit
1607884601,55,0.119268,0.011534,0.000897,0.016890,0.006356,0.009520,0.053220,0.083433,0.083433,0.083433,0.183316,0.440858,1.241231,2.204293,calls/second,milliseconds
1607884712,69,0.119268,0.015711,0.000897,0.018896,0.006716,0.015290,0.053405,0.053405,0.067435,0.083433,0.167921,0.113782,0.885210,1.960779,calls/second,milliseconds
1607884712,69,0.119268,0.015711,0.000897,0.018896,0.006716,0.015290,0.053405,0.053405,0.067435,0.083433,0.167915,0.113782,0.885210,1.960779,calls/second,milliseconds
