t,count,max,mean,min,stddev,p50,p75,p95,p98,p99,p999,mean_rate,m1_rate,m5_rate,m15_rate,rate_unit,duration_unit
1608504915,65,0.075804,0.005991,0.000400,0.009977,0.002528,0.005920,0.023701,0.038336,0.057887,0.075804,0.338605,0.570566,1.755555,2.491722,calls/second,milliseconds
1608504915,65,0.075804,0.005991,0.000400,0.009977,0.002528,0.005920,0.023701,0.038336,0.057887,0.075804,0.338583,0.570566,1.755555,2.491722,calls/second,milliseconds
