t,count,max,mean,min,stddev,p50,p75,p95,p98,p99,p999,mean_rate,m1_rate,m5_rate,m15_rate,rate_unit,duration_unit
1607874656,63,0.083990,0.018564,0.001670,0.023155,0.008930,0.018507,0.077957,0.077957,0.083990,0.083990,0.209981,0.105359,1.222233,2.207141,calls/second,milliseconds
1607874956,73,0.422140,0.152805,0.001401,0.187724,0.057233,0.422140,0.422140,0.422140,0.422140,0.422140,0.121662,0.024687,0.470789,1.590992,calls/second,milliseconds
1607875256,81,0.422140,0.036383,0.001401,0.031402,0.038044,0.061074,0.064003,0.064003,0.096271,0.422140,0.089998,0.051550,0.192885,1.147949,calls/second,milliseconds
1607875299,83,0.422140,0.051356,0.001401,0.028326,0.060077,0.077766,0.077766,0.077766,0.077766,0.096271,0.087988,0.038920,0.171953,1.099136,calls/second,milliseconds
1607875299,83,0.422140,0.051356,0.001401,0.028326,0.060077,0.077766,0.077766,0.077766,0.077766,0.096271,0.087988,0.038920,0.171953,1.099136,calls/second,milliseconds
