t,count,max,mean,min,stddev,p50,p75,p95,p98,p99,p999,mean_rate,m1_rate,m5_rate,m15_rate,rate_unit,duration_unit
1608384171,55,1.236250,0.100399,0.005077,0.099932,0.077445,0.111228,0.324282,0.339895,0.512114,0.814590,0.183240,0.414926,0.432046,0.628004,calls/second,milliseconds
1608384375,75,1.236250,0.183833,0.005077,0.118111,0.157882,0.209516,0.402825,0.418417,0.418417,0.512114,0.148735,0.048681,0.253393,0.517733,calls/second,milliseconds
1608384375,75,1.236250,0.183833,0.005077,0.118111,0.157882,0.209516,0.402825,0.418417,0.418417,0.512114,0.148733,0.048681,0.253393,0.517733,calls/second,milliseconds
