t,count,max,mean,min,stddev,p50,p75,p95,p98,p99,p999,mean_rate,m1_rate,m5_rate,m15_rate,rate_unit,duration_unit
1607733160,63,0.358818,0.040631,0.003254,0.075715,0.017180,0.023481,0.254786,0.358818,0.358818,0.358818,0.209978,0.467331,0.454220,0.636377,calls/second,milliseconds
1607733460,68,0.358818,0.102856,0.003254,0.071268,0.099129,0.145187,0.266895,0.266895,0.337420,0.358818,0.113326,0.015018,0.177020,0.460617,calls/second,milliseconds
1607733760,73,6.134349,1.656553,0.003254,2.523459,0.181572,0.729019,6.134349,6.134349,6.134349,6.134349,0.081108,0.011970,0.075044,0.334679,calls/second,milliseconds
1607733893,80,6.134349,0.129175,0.003254,0.467741,0.020815,0.115037,0.201210,1.306154,1.306154,6.134349,0.077418,0.010118,0.053659,0.291683,calls/second,milliseconds
1607733893,80,6.134349,0.129175,0.003254,0.467741,0.020815,0.115037,0.201210,1.306154,1.306154,6.134349,0.077418,0.010118,0.053659,0.291683,calls/second,milliseconds
