t,count,max,mean,min,stddev,p50,p75,p95,p98,p99,p999,mean_rate,m1_rate,m5_rate,m15_rate,rate_unit,duration_unit
1609433210,19,4.191745,1.106381,0.021913,0.534919,1.297891,1.297891,1.588307,1.668264,4.191745,4.191745,0.063306,0.033701,1.130830,2.165395,calls/second,milliseconds
1609433510,68,4.191745,0.290868,0.021913,0.267910,0.215260,0.379079,0.783616,1.368018,1.368018,1.368018,0.113307,0.170019,0.530100,1.599735,calls/second,milliseconds
1609433716,76,4.191745,0.287077,0.021913,0.313016,0.167037,0.375912,1.121704,1.169299,1.169299,1.368018,0.094216,0.074575,0.287294,1.281172,calls/second,milliseconds
1609433716,76,4.191745,0.287077,0.021913,0.313016,0.167037,0.375912,1.121704,1.169299,1.169299,1.368018,0.094215,0.074575,0.287294,1.281172,calls/second,milliseconds
