t,count,max,mean,min,stddev,p50,p75,p95,p98,p99,p999,mean_rate,m1_rate,m5_rate,m15_rate,rate_unit,duration_unit
1610002281,19,4.233964,1.321111,0.020251,1.000058,1.099831,1.250682,4.233964,4.233964,4.233964,4.233964,0.063309,0.035829,1.131123,2.165437,calls/second,milliseconds
1610002477,70,4.233964,0.325724,0.013863,0.367904,0.209772,0.389632,1.194521,1.347834,1.514426,1.514426,0.140993,0.144052,0.699658,1.789847,calls/second,milliseconds
1610002477,70,4.233964,0.325724,0.013863,0.367904,0.209772,0.389632,1.194521,1.347834,1.514426,1.514426,0.140990,0.144052,0.699658,1.789847,calls/second,milliseconds
