t,count,max,mean,min,stddev,p50,p75,p95,p98,p99,p999,mean_rate,m1_rate,m5_rate,m15_rate,rate_unit,duration_unit
1609431293,19,0.132094,0.057491,0.001906,0.026352,0.048425,0.087140,0.090873,0.090873,0.090873,0.132094,0.063328,0.038342,1.131426,2.165481,calls/second,milliseconds
1609431593,67,0.237346,0.034741,0.001906,0.049752,0.014951,0.031813,0.167839,0.167839,0.189766,0.237346,0.111632,0.132615,0.522977,1.598108,calls/second,milliseconds
1609431770,74,0.673921,0.057437,0.001906,0.107125,0.018973,0.047806,0.256943,0.673921,0.673921,0.673921,0.095322,0.072374,0.309454,1.322079,calls/second,milliseconds
1609431770,74,0.673921,0.057437,0.001906,0.107125,0.018973,0.047806,0.256943,0.673921,0.673921,0.673921,0.095321,0.072374,0.309454,1.322079,calls/second,milliseconds
