t,count,max,mean,min,stddev,p50,p75,p95,p98,p99,p999,mean_rate,m1_rate,m5_rate,m15_rate,rate_unit,duration_unit
1609312795,19,1.828493,0.061412,0.000939,0.239321,0.003234,0.003234,0.356686,0.564455,1.828493,1.828493,0.063335,0.020916,0.327607,0.592456,calls/second,milliseconds
1609313095,68,1.828493,0.258182,0.000773,0.271244,0.123677,0.406976,0.787826,1.075793,1.075793,1.075793,0.113335,0.197520,0.238634,0.473246,calls/second,milliseconds
1609313395,73,1.828493,0.039873,0.000773,0.138504,0.000899,0.003583,0.371667,0.510245,0.690573,1.075793,0.081111,0.013094,0.096259,0.341850,calls/second,milliseconds
1609313695,78,1.828493,0.003013,0.000773,0.016361,0.002970,0.002970,0.003568,0.009569,0.009569,0.097077,0.065001,0.012997,0.046096,0.250969,calls/second,milliseconds
1609313995,83,1.828493,0.001652,0.000773,0.002172,0.001244,0.001244,0.005603,0.005603,0.005603,0.005603,0.055333,0.012988,0.027046,0.184486,calls/second,milliseconds
1609314295,88,1.828493,0.003105,0.000773,0.002627,0.001367,0.003714,0.007632,0.007632,0.007632,0.007632,0.048889,0.012988,0.020038,0.136848,calls/second,milliseconds
1609314595,98,1.828493,0.001273,0.000773,0.000542,0.001386,0.001386,0.001386,0.001982,0.004099,0.007632,0.046667,0.013740,0.023960,0.106773,calls/second,milliseconds
1609314600,102,1.828493,0.446491,0.000773,0.482233,0.075716,0.870130,1.145872,1.145872,1.145872,1.145872,0.048469,0.012641,0.023564,0.106182,calls/second,milliseconds
1609314600,102,1.828493,0.446491,0.000773,0.482233,0.075716,0.870130,1.145872,1.145872,1.145872,1.145872,0.048468,0.012641,0.023564,0.106182,calls/second,milliseconds
