t,count,max,mean,min,stddev,p50,p75,p95,p98,p99,p999,mean_rate,m1_rate,m5_rate,m15_rate,rate_unit,duration_unit
1610145868,19,4.555841,0.996766,0.008703,1.151740,0.564122,1.058714,4.555841,4.555841,4.555841,4.555841,0.063320,0.025175,0.322707,0.589232,calls/second,milliseconds
1610146168,67,4.555841,0.327923,0.008703,0.314913,0.243531,0.443013,0.983048,1.330552,1.330552,1.330552,0.111655,0.267808,0.242003,0.470949,calls/second,milliseconds
1610146395,75,4.555841,0.331261,0.008703,0.215891,0.323693,0.505703,0.591479,0.704028,0.722831,1.330552,0.090718,0.029147,0.124190,0.370775,calls/second,milliseconds
1610146395,75,4.555841,0.331261,0.008703,0.215891,0.323693,0.505703,0.591479,0.704028,0.722831,1.330552,0.090717,0.029147,0.124190,0.370775,calls/second,milliseconds
