t,count,max,mean,min,stddev,p50,p75,p95,p98,p99,p999,mean_rate,m1_rate,m5_rate,m15_rate,rate_unit,duration_unit
1607883723,68,0.149313,0.011234,0.000673,0.022125,0.004930,0.007900,0.057411,0.071335,0.149313,0.149313,0.226644,0.446395,1.272211,2.217268,calls/second,milliseconds
1607883789,73,0.149313,0.012138,0.000673,0.019478,0.004986,0.013399,0.030624,0.060014,0.149313,0.149313,0.199673,0.210521,1.037392,2.067186,calls/second,milliseconds
1607883789,73,0.149313,0.012138,0.000673,0.019478,0.004986,0.013399,0.030624,0.060014,0.149313,0.149313,0.199667,0.210521,1.037392,2.067186,calls/second,milliseconds
