t,count,max,mean,min,stddev,p50,p75,p95,p98,p99,p999,mean_rate,m1_rate,m5_rate,m15_rate,rate_unit,duration_unit
1609294283,21,0.122883,0.045780,0.002630,0.027747,0.057769,0.070609,0.073498,0.075173,0.075173,0.122883,0.069997,0.062487,0.330277,0.591613,calls/second,milliseconds
1609294583,68,0.122883,0.028560,0.001576,0.019243,0.028550,0.028550,0.080052,0.080052,0.080052,0.080052,0.113330,0.034491,0.193016,0.463946,calls/second,milliseconds
1609294883,73,0.165747,0.118576,0.001576,0.057587,0.165747,0.165747,0.165747,0.165747,0.165747,0.165747,0.081110,0.023350,0.082344,0.337275,calls/second,milliseconds
1609295073,80,0.165747,0.017112,0.001576,0.023401,0.005602,0.024756,0.071218,0.071218,0.165747,0.165747,0.073432,0.021417,0.052403,0.277687,calls/second,milliseconds
1609295073,80,0.165747,0.017112,0.001576,0.023401,0.005602,0.024756,0.071218,0.071218,0.165747,0.165747,0.073432,0.021417,0.052403,0.277687,calls/second,milliseconds
