t,count,max,mean,min,stddev,p50,p75,p95,p98,p99,p999,mean_rate,m1_rate,m5_rate,m15_rate,rate_unit,duration_unit
1608508127,19,1.554751,0.034873,0.003125,0.156359,0.005856,0.006084,0.191902,0.383099,0.418284,1.554751,0.063334,0.017777,0.325668,0.591539,calls/second,milliseconds
1608508348,73,1.554751,0.240299,0.002363,0.259372,0.048714,0.451002,0.699747,0.699747,0.861157,0.861157,0.140183,0.062707,0.252003,0.507826,calls/second,milliseconds
1608508348,73,1.554751,0.240299,0.002363,0.259372,0.048714,0.451002,0.699747,0.699747,0.861157,0.861157,0.140181,0.062707,0.252003,0.507826,calls/second,milliseconds
