t,count,max,mean,min,stddev,p50,p75,p95,p98,p99,p999,mean_rate,m1_rate,m5_rate,m15_rate,rate_unit,duration_unit
1607735650,38,10.609778,0.529284,0.026994,0.562735,0.319434,0.991675,1.486338,1.486338,1.525832,1.771993,0.126626,0.259941,0.382397,0.609963,calls/second,milliseconds
1607735950,68,10.609778,0.839493,0.026994,0.976018,0.261816,1.481435,2.359666,2.813072,4.683582,4.683582,0.113314,0.022300,0.184030,0.462136,calls/second,milliseconds
1607736250,73,10.609778,0.762245,0.026994,0.533858,0.334319,1.376808,1.474728,1.474728,1.474728,2.359666,0.081102,0.016715,0.078307,0.335872,calls/second,milliseconds
1607736475,81,10.609778,1.542379,0.026994,2.482139,0.362913,1.310611,6.230413,9.290470,9.290470,9.290470,0.072014,0.023276,0.047487,0.267034,calls/second,milliseconds
1607736475,81,10.609778,1.542379,0.026994,2.482139,0.362913,1.310611,6.230413,9.290470,9.290470,9.290470,0.072013,0.023276,0.047487,0.267034,calls/second,milliseconds
