t,count,max,mean,min,stddev,p50,p75,p95,p98,p99,p999,mean_rate,m1_rate,m5_rate,m15_rate,rate_unit,duration_unit
1608515073,5,32.681761,6.543124,0.002530,13.069320,0.006507,0.019769,32.681761,32.681761,32.681761,32.681761,0.016666,0.000692,0.006392,0.004036,calls/second,milliseconds
1608515373,27,32.681761,1.677393,0.002530,3.117332,0.217677,0.385038,8.653972,11.626056,11.626056,11.626056,0.044999,0.105807,0.057883,0.025132,calls/second,milliseconds
1608515566,28,32.681761,1.568052,0.002530,1.651300,1.525505,1.525505,4.561642,8.653972,8.653972,11.626056,0.035300,0.004459,0.030726,0.020349,calls/second,milliseconds
1608515566,28,32.681761,1.568052,0.002530,1.651300,1.525505,1.525505,4.561642,8.653972,8.653972,11.626056,0.035300,0.004459,0.030726,0.020349,calls/second,milliseconds
