t,count,max,mean,min,stddev,p50,p75,p95,p98,p99,p999,mean_rate,m1_rate,m5_rate,m15_rate,rate_unit,duration_unit
1608505851,63,1.869772,0.210563,0.019816,0.192140,0.157674,0.284063,0.579339,0.798733,1.037491,1.094396,0.209774,0.392062,0.449930,0.635869,calls/second,milliseconds
1608505919,68,1.869772,0.220386,0.019816,0.206629,0.158695,0.310427,0.596887,0.652269,1.037491,1.094396,0.184916,0.139649,0.365081,0.592613,calls/second,milliseconds
1608505919,68,1.869772,0.220386,0.019816,0.206629,0.158695,0.310427,0.596887,0.652269,1.037491,1.094396,0.184913,0.139649,0.365081,0.592613,calls/second,milliseconds
