t,count,max,mean,min,stddev,p50,p75,p95,p98,p99,p999,mean_rate,m1_rate,m5_rate,m15_rate,rate_unit,duration_unit
1607880466,65,4.744458,0.552171,0.006601,0.778839,0.228910,0.610389,1.862567,3.807290,3.807290,4.744458,0.356442,0.285291,0.587981,0.715968,calls/second,milliseconds
1607880466,65,4.744458,0.552171,0.006601,0.778839,0.228910,0.610389,1.862567,3.807290,3.807290,4.744458,0.356409,0.285291,0.587981,0.715968,calls/second,milliseconds
