t,count,max,mean,min,stddev,p50,p75,p95,p98,p99,p999,mean_rate,m1_rate,m5_rate,m15_rate,rate_unit,duration_unit
1609412857,63,3.723058,0.666471,0.008374,0.925719,0.193272,0.885325,2.607599,2.607599,2.607599,3.723058,0.209912,0.081522,1.213652,2.205781,calls/second,milliseconds
1609413094,71,3.723058,0.883600,0.008374,0.572175,0.801686,1.478002,1.790463,1.790463,1.790463,2.607599,0.132008,0.051742,0.573181,1.706075,calls/second,milliseconds
1609413094,71,3.723058,0.883600,0.008374,0.572175,0.801686,1.478002,1.790463,1.790463,1.790463,2.607599,0.132006,0.051742,0.573181,1.706075,calls/second,milliseconds
