t,count,max,mean,min,stddev,p50,p75,p95,p98,p99,p999,mean_rate,m1_rate,m5_rate,m15_rate,rate_unit,duration_unit
1607724777,27,33.123160,2.274147,0.006509,5.122839,0.219817,1.297323,16.936478,16.936478,33.123160,33.123160,0.089990,0.019203,0.410959,0.739964,calls/second,milliseconds
1607725077,27,33.123160,2.274147,0.006509,5.122839,0.219817,1.297323,16.936478,16.936478,33.123160,33.123160,0.044998,0.000129,0.151183,0.530208,calls/second,milliseconds
1607725235,28,33.123160,2.962498,0.006509,0.174199,2.963281,2.963281,2.963281,2.963281,2.963281,2.963281,0.036926,0.016001,0.093488,0.447433,calls/second,milliseconds
1607725235,28,33.123160,2.962498,0.006509,0.174199,2.963281,2.963281,2.963281,2.963281,2.963281,2.963281,0.036925,0.016001,0.093488,0.447433,calls/second,milliseconds
