t,count,max,mean,min,stddev,p50,p75,p95,p98,p99,p999,mean_rate,m1_rate,m5_rate,m15_rate,rate_unit,duration_unit
1607879934,64,0.277451,0.035189,0.006078,0.044489,0.018806,0.037432,0.118850,0.236092,0.236092,0.277451,0.816707,0.809494,0.801516,0.800199,calls/second,milliseconds
1607879934,64,0.277451,0.035189,0.006078,0.044489,0.018806,0.037432,0.118850,0.236092,0.236092,0.277451,0.816488,0.809494,0.801516,0.800199,calls/second,milliseconds
