t,count,max,mean,min,stddev,p50,p75,p95,p98,p99,p999,mean_rate,m1_rate,m5_rate,m15_rate,rate_unit,duration_unit
1607877016,63,5.232654,0.266735,0.006236,0.424156,0.118412,0.275329,0.881039,1.173982,1.173982,5.232654,0.209941,0.089210,0.414075,0.631027,calls/second,milliseconds
1607877316,68,5.232654,2.196592,0.006236,1.572307,3.593023,3.593023,3.593023,3.593023,3.593023,3.593023,0.113318,0.012470,0.162252,0.456783,calls/second,milliseconds
1607877363,73,5.232654,0.576580,0.006236,0.715543,0.313686,0.617502,0.945084,3.593023,3.593023,3.593023,0.112764,0.015590,0.142642,0.435577,calls/second,milliseconds
1607877363,73,5.232654,0.576580,0.006236,0.715543,0.313686,0.617502,0.945084,3.593023,3.593023,3.593023,0.112762,0.015590,0.142642,0.435577,calls/second,milliseconds
