t,count,max,mean,min,stddev,p50,p75,p95,p98,p99,p999,mean_rate,m1_rate,m5_rate,m15_rate,rate_unit,duration_unit
1608108392,19,3.858743,0.926611,0.008583,0.615955,0.857165,0.971366,2.139017,2.139017,3.858743,3.858743,0.063313,0.018306,0.322050,0.589152,calls/second,milliseconds
1608108692,72,3.858743,0.302783,0.008176,0.435526,0.154796,0.334206,1.212249,1.477590,2.462229,2.462229,0.119981,0.133912,0.234716,0.473220,calls/second,milliseconds
1608108992,77,3.858743,1.695688,0.008176,0.626388,1.946828,1.946828,2.146692,2.146692,2.146692,2.462229,0.085546,0.011822,0.096105,0.343684,calls/second,milliseconds
1608109038,82,3.858743,0.593579,0.008176,0.518292,0.610712,0.968604,1.946828,1.946828,2.146692,2.146692,0.086717,0.014508,0.085660,0.327988,calls/second,milliseconds
1608109038,82,3.858743,0.593579,0.008176,0.518292,0.610712,0.968604,1.946828,1.946828,2.146692,2.146692,0.086716,0.014508,0.085660,0.327988,calls/second,milliseconds
