t,count,max,mean,min,stddev,p50,p75,p95,p98,p99,p999,mean_rate,m1_rate,m5_rate,m15_rate,rate_unit,duration_unit
1607879196,67,0.089413,0.018877,0.001217,0.019139,0.015016,0.015930,0.070394,0.070394,0.073120,0.089413,0.267283,0.085291,0.466103,0.663698,calls/second,milliseconds
1607879196,67,0.089413,0.018877,0.001217,0.019139,0.015016,0.015930,0.070394,0.070394,0.073120,0.089413,0.267268,0.085291,0.466103,0.663698,calls/second,milliseconds
