t,count,max,mean,min,stddev,p50,p75,p95,p98,p99,p999,mean_rate,m1_rate,m5_rate,m15_rate,rate_unit,duration_unit
1607885558,32,2.764025,0.395078,0.012642,0.467899,0.100939,0.755832,1.697777,1.697777,1.697777,2.764025,0.106672,0.194955,1.190578,2.191614,calls/second,milliseconds
1607885858,68,2.764025,0.699467,0.006092,0.640097,0.373244,1.489580,1.489580,1.489580,1.489580,1.697777,0.113327,0.020318,0.481814,1.591608,calls/second,milliseconds
1607885978,74,2.764025,0.314316,0.006092,0.266383,0.185837,0.459593,0.607189,0.915288,1.489580,1.489580,0.102864,0.016256,0.333837,1.402767,calls/second,milliseconds
1607885978,74,2.764025,0.314316,0.006092,0.266383,0.185837,0.459593,0.607189,0.915288,1.489580,1.489580,0.102862,0.016256,0.333837,1.402767,calls/second,milliseconds
