t,count,max,mean,min,stddev,p50,p75,p95,p98,p99,p999,mean_rate,m1_rate,m5_rate,m15_rate,rate_unit,duration_unit
1609289922,5,26.202908,5.251809,0.001926,10.475554,0.023902,0.026362,26.202908,26.202908,26.202908,26.202908,0.016666,0.007324,0.374062,0.720523,calls/second,milliseconds
1609290222,27,26.202908,1.227117,0.001618,2.364896,0.160733,0.449128,7.432411,9.201544,9.201544,9.201544,0.044999,0.006461,0.169830,0.534847,calls/second,milliseconds
1609290522,27,26.202908,1.227117,0.001618,2.364896,0.160733,0.449128,7.432411,9.201544,9.201544,9.201544,0.029999,0.000044,0.062477,0.383235,calls/second,milliseconds
1609290822,27,26.202908,1.227117,0.001618,2.364896,0.160733,0.449128,7.432411,9.201544,9.201544,9.201544,0.022500,0.000000,0.022984,0.274600,calls/second,milliseconds
1609291122,27,26.202908,1.227117,0.001618,2.364896,0.160733,0.449128,7.432411,9.201544,9.201544,9.201544,0.018000,0.000000,0.008455,0.196759,calls/second,milliseconds
1609291422,27,26.202908,1.227117,0.001618,2.364896,0.160733,0.449128,7.432411,9.201544,9.201544,9.201544,0.015000,0.000000,0.003111,0.140984,calls/second,milliseconds
1609291537,28,26.202908,1.200730,0.001618,0.000095,1.200730,1.200730,1.200730,1.200730,1.200730,1.200730,0.014628,0.000000,0.002156,0.124764,calls/second,milliseconds
1609291537,28,26.202908,1.200730,0.001618,0.000095,1.200730,1.200730,1.200730,1.200730,1.200730,1.200730,0.014628,0.000000,0.002156,0.124764,calls/second,milliseconds
