t,count,max,mean,min,stddev,p50,p75,p95,p98,p99,p999,mean_rate,m1_rate,m5_rate,m15_rate,rate_unit,duration_unit
1609436097,19,6.862698,0.180635,0.006330,0.655107,0.130620,0.130620,0.331126,0.559776,0.656975,6.862698,0.063337,0.031014,0.328695,0.592608,calls/second,milliseconds
1609436397,60,6.862698,0.374935,0.003278,0.556997,0.081246,0.508549,1.527039,2.140897,2.140897,2.752862,0.100002,0.326557,0.231735,0.466277,calls/second,milliseconds
1609436697,73,6.862698,0.219558,0.003278,0.304886,0.095446,0.282560,0.525638,1.521277,1.955997,2.752862,0.081111,0.027172,0.109011,0.346398,calls/second,milliseconds
1609436997,78,6.862698,0.130569,0.003278,0.043344,0.133294,0.133294,0.148425,0.148425,0.148425,0.449726,0.065000,0.023301,0.051440,0.253048,calls/second,milliseconds
1609437074,83,6.862698,0.617089,0.003278,0.572978,0.460713,1.086601,1.505098,1.505098,1.505098,1.505098,0.065023,0.016684,0.042441,0.232603,calls/second,milliseconds
1609437074,83,6.862698,0.617089,0.003278,0.572978,0.460713,1.086601,1.505098,1.505098,1.505098,1.505098,0.065022,0.016684,0.042441,0.232603,calls/second,milliseconds
