t,count,max,mean,min,stddev,p50,p75,p95,p98,p99,p999,mean_rate,m1_rate,m5_rate,m15_rate,rate_unit,duration_unit
1607850981,21,0.163231,0.039443,0.002057,0.019306,0.045520,0.054836,0.060157,0.060157,0.060157,0.163231,0.069992,0.076801,1.138674,2.167785,calls/second,milliseconds
1607851281,67,0.163231,0.041256,0.001041,0.034804,0.033614,0.089236,0.089236,0.089236,0.089236,0.089236,0.111660,0.042312,0.495229,1.593642,calls/second,milliseconds
1607851581,72,1.102485,0.079774,0.001041,0.207580,0.032609,0.034440,0.082023,1.102485,1.102485,1.102485,0.079997,0.023403,0.193522,1.146738,calls/second,milliseconds
1607851881,77,1.102485,0.073554,0.001041,0.077540,0.027678,0.067036,0.204474,0.204474,0.204474,0.204474,0.064165,0.023276,0.082530,0.826517,calls/second,milliseconds
1607852181,82,1.102485,0.038720,0.001041,0.011282,0.034274,0.038432,0.055463,0.055463,0.056076,0.204474,0.054665,0.023275,0.041698,0.597068,calls/second,milliseconds
1607852481,87,1.205008,0.110206,0.001041,0.223210,0.066103,0.068607,0.068607,1.205008,1.205008,1.205008,0.048332,0.023275,0.026677,0.432661,calls/second,milliseconds
1607852624,99,1.337321,0.123162,0.001041,0.323357,0.038700,0.094130,1.337321,1.337321,1.337321,1.337321,0.050947,0.044861,0.043321,0.381296,calls/second,milliseconds
1607852624,99,1.337321,0.123162,0.001041,0.323357,0.038700,0.094130,1.337321,1.337321,1.337321,1.337321,0.050946,0.044861,0.043321,0.381296,calls/second,milliseconds
