t,count,max,mean,min,stddev,p50,p75,p95,p98,p99,p999,mean_rate,m1_rate,m5_rate,m15_rate,rate_unit,duration_unit
1610010270,5,31.750736,6.366257,0.005366,12.692247,0.027374,0.042000,31.750736,31.750736,31.750736,31.750736,0.016666,0.007324,0.374062,0.720523,calls/second,milliseconds
1610010570,27,31.750736,2.062110,0.005366,4.319561,0.188078,0.391223,15.997162,15.997162,15.997162,15.997162,0.044999,0.172158,0.198417,0.539190,calls/second,milliseconds
1610010750,28,31.750736,1.792865,0.005366,2.843084,1.589520,1.589520,4.661715,15.997162,15.997162,15.997162,0.035882,0.024562,0.112199,0.442559,calls/second,milliseconds
1610010750,28,31.750736,1.792865,0.005366,2.843084,1.589520,1.589520,4.661715,15.997162,15.997162,15.997162,0.035881,0.024562,0.112199,0.442559,calls/second,milliseconds
