t,count,max,mean,min,stddev,p50,p75,p95,p98,p99,p999,mean_rate,m1_rate,m5_rate,m15_rate,rate_unit,duration_unit
1610004121,19,0.314652,0.183732,0.000191,0.139442,0.314652,0.314652,0.314652,0.314652,0.314652,0.314652,0.063328,0.028535,0.323262,0.589325,calls/second,milliseconds
1610004421,68,0.336536,0.031449,0.000117,0.055989,0.004022,0.051654,0.091273,0.325286,0.325286,0.336536,0.113282,0.087161,0.218476,0.468323,calls/second,milliseconds
1610004721,73,0.363955,0.087583,0.000117,0.094395,0.064423,0.064423,0.363955,0.363955,0.363955,0.363955,0.081109,0.021857,0.091523,0.340385,calls/second,milliseconds
1610004739,77,0.363955,0.023951,0.000117,0.054494,0.009566,0.010147,0.064423,0.325286,0.363955,0.363955,0.083863,0.017022,0.087059,0.334759,calls/second,milliseconds
1610004739,77,0.363955,0.023951,0.000117,0.054494,0.009566,0.010147,0.064423,0.325286,0.363955,0.363955,0.083862,0.017022,0.087059,0.334759,calls/second,milliseconds
