t,count,max,mean,min,stddev,p50,p75,p95,p98,p99,p999,mean_rate,m1_rate,m5_rate,m15_rate,rate_unit,duration_unit
1609998424,17,27.349383,2.946170,0.004304,6.203318,0.232432,1.659538,22.520286,22.520286,22.520286,27.349383,0.056662,0.131432,0.043085,0.016998,calls/second,milliseconds
1609998647,28,27.349383,2.061994,0.004304,2.863263,2.180983,2.180983,7.906382,8.599094,22.520286,22.520286,0.053554,0.008205,0.037112,0.022087,calls/second,milliseconds
1609998647,28,27.349383,2.061994,0.004304,2.863263,2.180983,2.180983,7.906382,8.599094,22.520286,22.520286,0.053553,0.008205,0.037112,0.022087,calls/second,milliseconds
