t,count,max,mean,min,stddev,p50,p75,p95,p98,p99,p999,mean_rate,m1_rate,m5_rate,m15_rate,rate_unit,duration_unit
1607899252,19,4.388532,0.182326,0.001157,0.379940,0.059634,0.383193,0.383193,0.712739,0.953695,4.388532,0.063335,0.033491,1.147896,2.176541,calls/second,milliseconds
1607899552,59,4.388532,0.230133,0.001143,0.270042,0.073990,0.387140,0.797819,0.797819,0.846081,0.877465,0.098337,0.192422,0.505642,1.592185,calls/second,milliseconds
1607899836,76,4.388532,0.493738,0.001143,0.464443,0.206393,1.066188,1.092202,1.092202,1.092202,1.092202,0.086021,0.018252,0.229221,1.178777,calls/second,milliseconds
1607899836,76,4.388532,0.493738,0.001143,0.464443,0.206393,1.066188,1.092202,1.092202,1.092202,1.092202,0.086020,0.018252,0.229221,1.178777,calls/second,milliseconds
