t,count,max,mean,min,stddev,p50,p75,p95,p98,p99,p999,mean_rate,m1_rate,m5_rate,m15_rate,rate_unit,duration_unit
1609389242,19,0.735076,0.096681,0.001714,0.198608,0.024150,0.070853,0.735076,0.735076,0.735076,0.735076,0.063328,0.038342,1.131426,2.165481,calls/second,milliseconds
1609389542,68,0.735076,0.037037,0.000774,0.039347,0.013280,0.069076,0.106400,0.106400,0.106400,0.178567,0.113328,0.037966,0.497779,1.594711,calls/second,milliseconds
1609389842,73,1.224177,0.738082,0.000774,0.574344,1.224177,1.224177,1.224177,1.224177,1.224177,1.224177,0.081108,0.016821,0.193729,1.147397,calls/second,milliseconds
1609390142,78,1.224177,0.074456,0.000774,0.095512,0.059733,0.070050,0.070050,0.156143,0.156143,1.224177,0.064998,0.016678,0.081875,0.826883,calls/second,milliseconds
1609390442,83,1.224177,0.066699,0.000774,0.011017,0.069800,0.069800,0.069800,0.069800,0.069800,0.070050,0.055332,0.016677,0.040726,0.597224,calls/second,milliseconds
1609390742,91,1.224177,0.048524,0.000774,0.052473,0.037037,0.068793,0.198813,0.198813,0.198813,0.198813,0.050555,0.045774,0.034562,0.435882,calls/second,milliseconds
1609390785,99,1.224177,0.025762,0.000774,0.032587,0.013912,0.037037,0.068793,0.198813,0.198813,0.198813,0.053730,0.096409,0.051445,0.424465,calls/second,milliseconds
1609390785,99,1.224177,0.025762,0.000774,0.032587,0.013912,0.037037,0.068793,0.198813,0.198813,0.198813,0.053730,0.096409,0.051445,0.424465,calls/second,milliseconds
