t,count,max,mean,min,stddev,p50,p75,p95,p98,p99,p999,mean_rate,m1_rate,m5_rate,m15_rate,rate_unit,duration_unit
1607755683,19,5.035106,2.123554,0.022006,1.278650,1.845595,3.302858,3.964095,3.964095,5.035106,5.035106,0.063307,0.032763,1.130687,2.165374,calls/second,milliseconds
1607755983,68,5.035106,0.551127,0.021865,0.764099,0.229503,0.738424,1.477574,3.302858,4.581946,4.581946,0.113309,0.062868,0.509830,1.596721,calls/second,milliseconds
1607756283,73,5.035106,1.290420,0.021865,0.981932,0.942096,0.976604,3.808961,3.808961,3.808961,4.581946,0.081099,0.011344,0.197314,1.148708,calls/second,milliseconds
1607756583,78,5.035106,1.042675,0.021865,0.142883,1.112674,1.112674,1.112674,1.112674,1.112674,3.808961,0.064993,0.010997,0.082346,0.827692,calls/second,milliseconds
1607756883,83,5.035106,0.995928,0.021865,0.118138,0.910177,1.150678,1.160562,1.160562,1.160562,1.160562,0.055329,0.010994,0.040051,0.597674,calls/second,milliseconds
1607757183,88,12.319991,8.466347,0.021865,4.897048,12.319991,12.319991,12.319991,12.319991,12.319991,12.319991,0.048885,0.010994,0.024492,0.432859,calls/second,milliseconds
1607757466,102,12.319991,0.948094,0.012470,0.930601,0.669636,1.917507,1.965744,2.799124,2.799124,12.319991,0.048970,0.016325,0.026917,0.325969,calls/second,milliseconds
1607757466,102,12.319991,0.948094,0.012470,0.930601,0.669636,1.917507,1.965744,2.799124,2.799124,12.319991,0.048970,0.016325,0.026917,0.325969,calls/second,milliseconds
