t,count,max,mean,min,stddev,p50,p75,p95,p98,p99,p999,mean_rate,m1_rate,m5_rate,m15_rate,rate_unit,duration_unit
1609997576,59,7.797493,0.221869,0.003184,0.386655,0.041967,0.251683,1.168078,1.299372,1.534506,1.534506,0.196679,0.440811,0.436653,0.630499,calls/second,milliseconds
1609997770,74,7.797493,0.788687,0.003184,1.009726,0.154017,2.148685,2.524396,2.524396,2.524396,2.524396,0.150083,0.039736,0.258322,0.522376,calls/second,milliseconds
1609997770,74,7.797493,0.788687,0.003184,1.009726,0.154017,2.148685,2.524396,2.524396,2.524396,2.524396,0.150078,0.039736,0.258322,0.522376,calls/second,milliseconds
