t,count,max,mean,min,stddev,p50,p75,p95,p98,p99,p999,mean_rate,m1_rate,m5_rate,m15_rate,rate_unit,duration_unit
1609321358,19,2.333971,0.477983,0.007107,0.262631,0.489890,0.577258,0.691664,0.693075,2.333971,2.333971,0.063315,0.033701,1.130830,2.165395,calls/second,milliseconds
1609321658,59,2.333971,0.178771,0.007107,0.171991,0.144066,0.207887,0.550444,0.572286,0.827243,0.827243,0.098319,0.226540,0.519286,1.592259,calls/second,milliseconds
1609321958,72,2.333971,0.520136,0.007107,0.242439,0.582227,0.582227,0.867201,0.867201,0.867201,0.867201,0.079992,0.014599,0.211356,1.152030,calls/second,milliseconds
1609322258,77,2.333971,0.635994,0.007107,0.081583,0.692861,0.692861,0.692861,0.692861,0.692861,0.867201,0.064162,0.011968,0.087675,0.830098,calls/second,milliseconds
1609322558,82,2.333971,0.687366,0.007107,0.173839,0.829769,0.829769,0.829769,0.829769,0.829769,0.829769,0.054664,0.011950,0.042176,0.599424,calls/second,milliseconds
1609322858,87,2.333971,0.572331,0.007107,0.036034,0.592332,0.592332,0.592332,0.592332,0.592332,0.829769,0.048331,0.011950,0.025438,0.434139,calls/second,milliseconds
1609323104,101,2.333971,0.397828,0.006096,0.342818,0.336906,0.543812,0.997628,0.997628,0.997628,0.997628,0.049362,0.061044,0.038873,0.342954,calls/second,milliseconds
1609323104,101,2.333971,0.397828,0.006096,0.342818,0.336906,0.543812,0.997628,0.997628,0.997628,0.997628,0.049361,0.061044,0.038873,0.342954,calls/second,milliseconds
