t,count,max,mean,min,stddev,p50,p75,p95,p98,p99,p999,mean_rate,m1_rate,m5_rate,m15_rate,rate_unit,duration_unit
1607868703,46,0.051029,0.006379,0.000196,0.008548,0.002177,0.007248,0.028817,0.030253,0.030253,0.030253,0.153311,0.318329,0.404786,0.618334,calls/second,milliseconds
1607869003,67,35.479404,0.814844,0.000196,5.298989,0.001673,0.008530,0.027084,35.479404,35.479404,35.479404,0.111630,0.017209,0.181213,0.460982,calls/second,milliseconds
1607869303,72,35.479404,0.059215,0.000196,0.743173,0.067093,0.067093,0.067093,0.067093,0.067093,0.067093,0.079998,0.011036,0.076422,0.334915,calls/second,milliseconds
1607869603,77,35.479404,0.004473,0.000196,0.078928,0.001649,0.005600,0.011208,0.011208,0.011208,0.067093,0.064165,0.010995,0.037872,0.244584,calls/second,milliseconds
1607869712,83,35.479404,0.004942,0.000196,0.014201,0.004750,0.007290,0.009060,0.010031,0.010031,0.011208,0.063442,0.014117,0.032038,0.219714,calls/second,milliseconds
1607869712,83,35.479404,0.004942,0.000196,0.014201,0.004750,0.007290,0.009060,0.010031,0.010031,0.011208,0.063441,0.014117,0.032038,0.219714,calls/second,milliseconds
