t,count,max,mean,min,stddev,p50,p75,p95,p98,p99,p999,mean_rate,m1_rate,m5_rate,m15_rate,rate_unit,duration_unit
1607882948,62,0.342389,0.026834,0.002637,0.042196,0.017883,0.026380,0.076647,0.087091,0.342389,0.342389,0.206638,0.250817,1.242844,2.209386,calls/second,milliseconds
1607882977,67,1.256284,0.121135,0.002637,0.311517,0.016950,0.029644,1.256284,1.256284,1.256284,1.256284,0.203670,0.181340,1.146778,2.149967,calls/second,milliseconds
1607882977,67,1.256284,0.121135,0.002637,0.311517,0.016950,0.029644,1.256284,1.256284,1.256284,1.256284,0.203661,0.181340,1.146778,2.149967,calls/second,milliseconds
