t,count,max,mean,min,stddev,p50,p75,p95,p98,p99,p999,mean_rate,m1_rate,m5_rate,m15_rate,rate_unit,duration_unit
1609413397,63,7.186027,1.216160,0.013492,2.419293,0.153906,0.352527,7.186027,7.186027,7.186027,7.186027,0.209940,0.101631,0.415272,0.631191,calls/second,milliseconds
1609413697,68,7.186027,1.137829,0.013492,0.696810,1.465483,1.465483,1.495821,1.651554,1.651554,7.186027,0.113317,0.025812,0.164298,0.457139,calls/second,milliseconds
1609413736,72,7.186027,0.388569,0.013492,0.479834,0.265771,0.382925,1.465483,1.465483,1.495821,7.186027,0.112692,0.014404,0.146206,0.439702,calls/second,milliseconds
1609413736,72,7.186027,0.388569,0.013492,0.479834,0.265771,0.382925,1.465483,1.465483,1.495821,7.186027,0.112691,0.014404,0.146206,0.439702,calls/second,milliseconds
