t,count,max,mean,min,stddev,p50,p75,p95,p98,p99,p999,mean_rate,m1_rate,m5_rate,m15_rate,rate_unit,duration_unit
1609418433,67,4.338040,0.517287,0.019536,0.784967,0.206143,0.388488,1.962674,3.827836,3.952310,3.952310,0.237381,0.206165,1.316354,2.258129,calls/second,milliseconds
1609418433,67,4.338040,0.517287,0.019536,0.784967,0.206143,0.388488,1.962674,3.827836,3.952310,3.952310,0.237372,0.206165,1.316354,2.258129,calls/second,milliseconds
