t,count,max,mean,min,stddev,p50,p75,p95,p98,p99,p999,mean_rate,m1_rate,m5_rate,m15_rate,rate_unit,duration_unit
1609996178,62,4.930098,0.350665,0.005754,0.423557,0.259324,0.463144,1.030528,1.758130,1.758130,4.930098,0.206670,0.175889,0.432656,0.635519,calls/second,milliseconds
1609996232,67,4.930098,0.505355,0.005754,0.566041,0.123910,1.030528,1.586367,1.586367,1.758130,2.053525,0.189424,0.077883,0.363027,0.598898,calls/second,milliseconds
1609996232,67,4.930098,0.505355,0.005754,0.566041,0.123910,1.030528,1.586367,1.586367,1.758130,2.053525,0.189418,0.077883,0.363027,0.598898,calls/second,milliseconds
