t,count,max,mean,min,stddev,p50,p75,p95,p98,p99,p999,mean_rate,m1_rate,m5_rate,m15_rate,rate_unit,duration_unit
1607895332,19,4.412663,1.365274,0.021949,0.645253,1.312395,1.676321,2.138517,2.138517,2.138517,4.412663,0.063308,0.037033,1.131273,2.165459,calls/second,milliseconds
1607895632,68,4.412663,0.399619,0.021252,0.467965,0.271991,0.392376,1.826359,1.826359,2.167459,2.167459,0.113311,0.195253,0.533422,1.600220,calls/second,milliseconds
1607895814,75,4.412663,0.425467,0.021252,0.611693,0.158817,0.648970,1.826359,2.958678,2.958678,2.958678,0.095867,0.024301,0.300193,1.313162,calls/second,milliseconds
1607895814,75,4.412663,0.425467,0.021252,0.611693,0.158817,0.648970,1.826359,2.958678,2.958678,2.958678,0.095866,0.024301,0.300193,1.313162,calls/second,milliseconds
