t,count,max,mean,min,stddev,p50,p75,p95,p98,p99,p999,mean_rate,m1_rate,m5_rate,m15_rate,rate_unit,duration_unit
1608504047,65,2.028563,0.278288,0.006848,0.288925,0.160444,0.460544,0.776901,1.145515,1.145515,2.028563,0.528063,0.567979,0.707246,0.764050,calls/second,milliseconds
1608504047,65,2.028563,0.278288,0.006848,0.288925,0.160444,0.460544,0.776901,1.145515,1.145515,2.028563,0.528006,0.567979,0.707246,0.764050,calls/second,milliseconds
