t,count,max,mean,min,stddev,p50,p75,p95,p98,p99,p999,mean_rate,m1_rate,m5_rate,m15_rate,rate_unit,duration_unit
1608505547,66,2.642687,0.212792,0.025497,0.192087,0.160083,0.270148,0.607239,0.607239,0.970135,1.001559,0.240433,0.415476,1.374700,2.284441,calls/second,milliseconds
1608505547,66,2.642687,0.212792,0.025497,0.192087,0.160083,0.270148,0.607239,0.607239,0.970135,1.001559,0.240425,0.415476,1.374700,2.284441,calls/second,milliseconds
