t,count,max,mean,min,stddev,p50,p75,p95,p98,p99,p999,mean_rate,m1_rate,m5_rate,m15_rate,rate_unit,duration_unit
1609993661,68,11.247605,0.459181,0.028052,1.335670,0.195691,0.386405,1.275077,1.608347,11.247605,11.247605,2.302160,0.749127,0.784768,0.794607,calls/second,milliseconds
1609993661,68,11.247605,0.459181,0.028052,1.335670,0.195691,0.386405,1.275077,1.608347,11.247605,11.247605,2.301190,0.749127,0.784768,0.794607,calls/second,milliseconds
