t,count,max,mean,min,stddev,p50,p75,p95,p98,p99,p999,mean_rate,m1_rate,m5_rate,m15_rate,rate_unit,duration_unit
1609308660,19,1.404142,0.725491,0.008022,0.374359,0.771261,1.042845,1.042845,1.042845,1.404142,1.404142,0.063314,0.017311,0.321673,0.589082,calls/second,milliseconds
1609308960,68,1.404142,0.190774,0.008022,0.155741,0.144784,0.257525,0.529839,0.529839,0.581008,0.617067,0.113315,0.094815,0.220418,0.468531,calls/second,milliseconds
1609309260,73,1.404142,0.597855,0.008022,0.160171,0.696975,0.696975,0.696975,0.696975,0.729623,0.729623,0.081104,0.010686,0.090684,0.340299,calls/second,milliseconds
1609309560,78,1.404142,0.528295,0.008022,0.211501,0.658811,0.658811,0.709533,0.709533,0.709533,0.709533,0.064996,0.010119,0.042957,0.248416,calls/second,milliseconds
1609309860,83,1.404142,0.258007,0.008022,0.104298,0.227026,0.227026,0.549828,0.549828,0.549828,0.709533,0.055331,0.010115,0.025400,0.182579,calls/second,milliseconds
1609310160,88,1.404142,0.256797,0.008022,0.096830,0.244921,0.244921,0.514015,0.514015,0.514015,0.549828,0.048887,0.010115,0.018941,0.135405,calls/second,milliseconds
1609310460,98,1.404142,0.479476,0.008022,0.252741,0.668354,0.668354,0.764901,0.764901,0.908223,0.908223,0.046665,0.010900,0.023128,0.105676,calls/second,milliseconds
1609310521,103,1.404142,0.197266,0.008022,0.152404,0.211460,0.349435,0.349435,0.668354,0.668354,0.908223,0.047660,0.010404,0.021687,0.099903,calls/second,milliseconds
1609310521,103,1.404142,0.197266,0.008022,0.152404,0.211460,0.349435,0.349435,0.668354,0.668354,0.908223,0.047659,0.010404,0.021687,0.099903,calls/second,milliseconds
