t,count,max,mean,min,stddev,p50,p75,p95,p98,p99,p999,mean_rate,m1_rate,m5_rate,m15_rate,rate_unit,duration_unit
1607879934,64,8.861599,0.439484,0.031162,0.957701,0.228952,0.383182,1.798917,1.826320,8.861599,8.861599,0.815778,0.809494,0.801516,0.800199,calls/second,milliseconds
1607879934,64,8.861599,0.439484,0.031162,0.957701,0.228952,0.383182,1.798917,1.826320,8.861599,8.861599,0.815558,0.809494,0.801516,0.800199,calls/second,milliseconds
