t,count,max,mean,min,stddev,p50,p75,p95,p98,p99,p999,mean_rate,m1_rate,m5_rate,m15_rate,rate_unit,duration_unit
1607867180,62,3.034891,0.288489,0.000808,0.405736,0.150257,0.393886,0.857468,2.257976,2.257976,2.257976,0.206675,0.418476,1.275510,2.223185,calls/second,milliseconds
1607867480,67,3.034891,0.056831,0.000808,0.191310,0.006789,0.011597,0.366281,0.629346,0.857468,2.257976,0.111668,0.025938,0.480571,1.597825,calls/second,milliseconds
1607867780,72,3.034891,0.011285,0.000808,0.022520,0.011819,0.011819,0.011819,0.011819,0.011819,0.248348,0.080001,0.023293,0.188129,1.149734,calls/second,milliseconds
1607868080,77,3.034891,0.010723,0.000808,0.002589,0.011546,0.011546,0.011546,0.011546,0.011546,0.011819,0.064168,0.023275,0.080546,0.828664,calls/second,milliseconds
1607868380,85,3.034891,0.421578,0.000808,0.543486,0.011546,0.999528,1.349827,1.349827,1.349827,1.349827,0.056667,0.045936,0.049504,0.601769,calls/second,milliseconds
1607868399,86,3.034891,0.380245,0.000808,0.451608,0.293103,0.293103,1.349827,1.349827,1.349827,1.349827,0.056642,0.032915,0.046311,0.588544,calls/second,milliseconds
1607868399,86,3.034891,0.380245,0.000808,0.451608,0.293103,0.293103,1.349827,1.349827,1.349827,1.349827,0.056642,0.032915,0.046311,0.588544,calls/second,milliseconds
