t,count,max,mean,min,stddev,p50,p75,p95,p98,p99,p999,mean_rate,m1_rate,m5_rate,m15_rate,rate_unit,duration_unit
1607890070,19,4.154299,1.012331,0.020755,0.578875,0.784777,1.690865,1.832281,1.832281,1.832281,4.154299,0.063309,0.046805,1.132229,2.165591,calls/second,milliseconds
1607890370,67,4.171049,1.315600,0.013456,1.631454,0.322796,1.209318,4.171049,4.171049,4.171049,4.171049,0.111606,0.055208,0.502277,1.594903,calls/second,milliseconds
1607890595,74,4.171049,0.481305,0.013456,0.542744,0.251400,0.734701,1.337937,1.516441,1.516441,4.171049,0.089673,0.060626,0.254258,1.248398,calls/second,milliseconds
1607890595,74,4.171049,0.481305,0.013456,0.542744,0.251400,0.734701,1.337937,1.516441,1.516441,4.171049,0.089672,0.060626,0.254258,1.248398,calls/second,milliseconds
