t,count,max,mean,min,stddev,p50,p75,p95,p98,p99,p999,mean_rate,m1_rate,m5_rate,m15_rate,rate_unit,duration_unit
1609063060,19,0.067685,0.002534,0.000206,0.006729,0.001683,0.001683,0.003435,0.007029,0.067685,0.067685,0.063329,0.020407,0.322578,0.589244,calls/second,milliseconds
1609063324,72,0.067685,0.002727,0.000044,0.001499,0.003561,0.003960,0.004664,0.004664,0.004664,0.005595,0.127502,0.058499,0.225039,0.485835,calls/second,milliseconds
1609063324,72,0.067685,0.002727,0.000044,0.001499,0.003561,0.003960,0.004664,0.004664,0.004664,0.005595,0.127500,0.058499,0.225039,0.485835,calls/second,milliseconds
