t,count,max,mean,min,stddev,p50,p75,p95,p98,p99,p999,mean_rate,m1_rate,m5_rate,m15_rate,rate_unit,duration_unit
1608013759,19,0.086837,0.022110,0.000246,0.015886,0.029436,0.029436,0.052023,0.052023,0.086837,0.086837,0.063329,0.020407,0.322578,0.589244,calls/second,milliseconds
1608014059,59,0.086837,0.016436,0.000125,0.020981,0.005440,0.025471,0.065604,0.065604,0.072713,0.072713,0.098331,0.275454,0.225796,0.463384,calls/second,milliseconds
1608014359,77,0.086837,0.011281,0.000125,0.011027,0.015390,0.015390,0.029120,0.054510,0.060308,0.072713,0.085554,0.016868,0.110316,0.347295,calls/second,milliseconds
1608014570,85,0.086837,0.015048,0.000125,0.016886,0.008190,0.014070,0.049456,0.049456,0.049456,0.049456,0.076516,0.021531,0.064494,0.278996,calls/second,milliseconds
1608014570,85,0.086837,0.015048,0.000125,0.016886,0.008190,0.014070,0.049456,0.049456,0.049456,0.049456,0.076515,0.021531,0.064494,0.278996,calls/second,milliseconds
