t,count,max,mean,min,stddev,p50,p75,p95,p98,p99,p999,mean_rate,m1_rate,m5_rate,m15_rate,rate_unit,duration_unit
1609393614,21,6.996858,1.236315,0.007650,1.207041,0.835112,1.976416,3.295027,3.295027,3.295027,6.996858,0.069971,0.066458,1.137775,2.167663,calls/second,milliseconds
1609393914,68,8.228684,2.869047,0.007650,3.548188,0.943704,8.228684,8.228684,8.228684,8.228684,8.228684,0.113309,0.026958,0.489530,1.593172,calls/second,milliseconds
1609394214,73,8.228684,0.855192,0.007650,0.606392,0.843928,0.843928,0.894219,0.896671,0.943704,8.228684,0.081100,0.015422,0.190519,1.146268,calls/second,milliseconds
1609394514,78,8.228684,0.959502,0.007650,0.404698,0.699116,1.268144,1.930691,1.930691,1.930691,1.930691,0.064993,0.015344,0.080519,0.826047,calls/second,milliseconds
1609394814,83,8.655711,1.952310,0.007650,1.297456,1.446391,1.899280,6.355795,6.355795,8.655711,8.655711,0.055329,0.015344,0.040052,0.596599,calls/second,milliseconds
1609394973,90,8.655711,0.640300,0.007650,0.767499,0.357393,0.857419,1.446391,3.778976,3.778976,6.355795,0.054241,0.042457,0.040239,0.508437,calls/second,milliseconds
1609394973,90,8.655711,0.640300,0.007650,0.767499,0.357393,0.857419,1.446391,3.778976,3.778976,6.355795,0.054241,0.042457,0.040239,0.508437,calls/second,milliseconds
