t,count,max,mean,min,stddev,p50,p75,p95,p98,p99,p999,mean_rate,m1_rate,m5_rate,m15_rate,rate_unit,duration_unit
1609993586,62,0.084580,0.008216,0.001240,0.010381,0.005660,0.008943,0.021832,0.040263,0.084580,0.084580,2.400592,1.422681,0.926313,0.842184,calls/second,milliseconds
1609993586,62,0.084580,0.008216,0.001240,0.010381,0.005660,0.008943,0.021832,0.040263,0.084580,0.084580,2.400126,1.422681,0.926313,0.842184,calls/second,milliseconds
