t,count,max,mean,min,stddev,p50,p75,p95,p98,p99,p999,mean_rate,m1_rate,m5_rate,m15_rate,rate_unit,duration_unit
1607850981,21,5.472523,0.980728,0.013373,0.563108,1.086965,1.181735,1.398729,2.391166,2.391166,5.472523,0.069972,0.076801,1.138674,2.167785,calls/second,milliseconds
1607851281,67,5.472523,0.932773,0.010603,0.828510,0.605475,2.111556,2.111556,2.111556,2.111556,2.191809,0.111644,0.042312,0.495229,1.593642,calls/second,milliseconds
1607851581,72,5.472523,0.620444,0.010603,0.147206,0.586389,0.610995,0.798015,0.876672,0.959548,2.111556,0.079990,0.023403,0.193522,1.146738,calls/second,milliseconds
1607851881,77,6.932600,1.215390,0.010603,1.369302,0.548173,2.201875,2.201875,6.932600,6.932600,6.932600,0.064160,0.023276,0.082530,0.826517,calls/second,milliseconds
1607852181,82,6.932600,0.812596,0.010603,0.451353,0.507352,1.113920,1.556724,1.556724,2.794486,2.794486,0.054662,0.023275,0.041698,0.597068,calls/second,milliseconds
1607852481,87,6.932600,1.005285,0.010603,0.567111,0.926578,0.926578,0.985585,3.765228,3.765228,3.765228,0.048330,0.023275,0.026677,0.432661,calls/second,milliseconds
1607852624,99,6.932600,0.532811,0.006140,1.037391,0.267927,0.344036,4.363829,4.363829,4.363829,4.363829,0.050944,0.044861,0.043321,0.381296,calls/second,milliseconds
1607852624,99,6.932600,0.532811,0.006140,1.037391,0.267927,0.344036,4.363829,4.363829,4.363829,4.363829,0.050944,0.044861,0.043321,0.381296,calls/second,milliseconds
