t,count,max,mean,min,stddev,p50,p75,p95,p98,p99,p999,mean_rate,m1_rate,m5_rate,m15_rate,rate_unit,duration_unit
1608507002,62,2.240986,0.217036,0.014430,0.164240,0.166817,0.286562,0.489324,0.593437,0.706367,0.967897,0.206600,0.377741,1.253730,2.210766,calls/second,milliseconds
1608507019,67,2.240986,0.226178,0.014430,0.183302,0.165969,0.285572,0.706367,0.712521,0.712521,0.967897,0.211530,0.310176,1.195890,2.175334,calls/second,milliseconds
1608507019,67,2.240986,0.226178,0.014430,0.183302,0.165969,0.285572,0.706367,0.712521,0.712521,0.967897,0.211524,0.310176,1.195890,2.175334,calls/second,milliseconds
