t,count,max,mean,min,stddev,p50,p75,p95,p98,p99,p999,mean_rate,m1_rate,m5_rate,m15_rate,rate_unit,duration_unit
1607889231,5,39.612643,8.214775,0.006623,15.704696,0.146922,1.183894,39.612643,39.612643,39.612643,39.612643,0.016665,0.000752,0.006500,0.004059,calls/second,milliseconds
1607889531,27,39.612643,2.002700,0.003653,3.741410,0.163929,0.652559,11.160351,12.082797,12.082797,12.082797,0.044975,0.014719,0.040090,0.022465,calls/second,milliseconds
1607889759,28,39.612643,1.887704,0.003653,0.734943,1.883093,1.883093,1.883093,1.883093,1.883093,11.160351,0.033818,0.000346,0.018937,0.017496,calls/second,milliseconds
1607889759,28,39.612643,1.887704,0.003653,0.734943,1.883093,1.883093,1.883093,1.883093,1.883093,11.160351,0.033784,0.000346,0.018937,0.017496,calls/second,milliseconds
