t,count,max,mean,min,stddev,p50,p75,p95,p98,p99,p999,mean_rate,m1_rate,m5_rate,m15_rate,rate_unit,duration_unit
1609989600,70,0.199878,0.012697,0.001080,0.021839,0.006568,0.009850,0.066496,0.084393,0.098169,0.199878,0.512181,0.456964,0.684884,0.756426,calls/second,milliseconds
1609989600,70,0.199878,0.012697,0.001080,0.021839,0.006568,0.009850,0.066496,0.084393,0.098169,0.199878,0.512153,0.456964,0.684884,0.756426,calls/second,milliseconds
