t,count,max,mean,min,stddev,p50,p75,p95,p98,p99,p999,mean_rate,m1_rate,m5_rate,m15_rate,rate_unit,duration_unit
1609305035,19,0.125199,0.046264,0.004375,0.017503,0.046900,0.053160,0.061855,0.061855,0.061855,0.125199,0.063329,0.022576,0.322636,0.589238,calls/second,milliseconds
1609305335,68,0.125199,0.021670,0.000937,0.022527,0.011847,0.025115,0.063599,0.063599,0.063599,0.113697,0.113303,0.074248,0.215491,0.467837,calls/second,milliseconds
1609305635,73,0.125199,0.036581,0.000937,0.021455,0.020393,0.064936,0.064936,0.066561,0.066561,0.066561,0.081110,0.015741,0.089705,0.339931,calls/second,milliseconds
1609305935,78,0.125199,0.027165,0.000937,0.012588,0.020070,0.047589,0.047589,0.052584,0.052584,0.064936,0.064999,0.015346,0.043431,0.248281,calls/second,milliseconds
1609306235,83,0.125199,0.028235,0.000937,0.009853,0.036167,0.036167,0.036167,0.036167,0.036167,0.047589,0.055333,0.015344,0.026408,0.182612,calls/second,milliseconds
1609306535,88,0.125199,0.017770,0.000937,0.001951,0.017669,0.017669,0.020613,0.020613,0.020613,0.036167,0.048888,0.015344,0.020146,0.135558,calls/second,milliseconds
1609306750,101,0.125199,0.010448,0.000937,0.011536,0.005467,0.015400,0.022193,0.022193,0.022193,0.104179,0.050137,0.028398,0.028675,0.115829,calls/second,milliseconds
1609306750,101,0.125199,0.010448,0.000937,0.011536,0.005467,0.015400,0.022193,0.022193,0.022193,0.104179,0.050137,0.028398,0.028675,0.115829,calls/second,milliseconds
