t,count,max,mean,min,stddev,p50,p75,p95,p98,p99,p999,mean_rate,m1_rate,m5_rate,m15_rate,rate_unit,duration_unit
1609430279,19,5.766917,0.826556,0.017416,0.650003,0.630959,1.084532,1.440764,1.518331,5.766917,5.766917,0.063319,0.025451,0.323184,0.589331,calls/second,milliseconds
1609430579,73,5.766917,0.511014,0.011352,1.102105,0.180540,0.300164,4.449798,4.449798,4.449798,4.449798,0.121651,0.142657,0.238039,0.474422,calls/second,milliseconds
1609430879,78,5.766917,2.642625,0.011352,1.315451,3.774153,3.774153,3.774153,3.774153,3.774153,4.449798,0.086660,0.018966,0.098354,0.344701,calls/second,milliseconds
1609430981,84,5.766917,0.726351,0.011352,0.661132,0.469296,1.184351,1.244838,3.774153,3.774153,3.774153,0.083868,0.025456,0.076486,0.310597,calls/second,milliseconds
1609430981,84,5.766917,0.726351,0.011352,0.661132,0.469296,1.184351,1.244838,3.774153,3.774153,3.774153,0.083867,0.025456,0.076486,0.310597,calls/second,milliseconds
