t,count,max,mean,min,stddev,p50,p75,p95,p98,p99,p999,mean_rate,m1_rate,m5_rate,m15_rate,rate_unit,duration_unit
1609999338,32,4.711039,0.728726,0.005250,1.215817,0.137782,0.710896,4.285148,4.285148,4.285148,4.711039,0.106672,0.206136,0.369516,0.606738,calls/second,milliseconds
1609999609,71,4.711039,0.442902,0.002091,0.529961,0.083660,0.976374,1.222174,1.222174,1.289808,4.285148,0.124326,0.030507,0.203167,0.477217,calls/second,milliseconds
1609999609,71,4.711039,0.442902,0.002091,0.529961,0.083660,0.976374,1.222174,1.222174,1.289808,4.285148,0.124324,0.030507,0.203167,0.477217,calls/second,milliseconds
