t,count,max,mean,min,stddev,p50,p75,p95,p98,p99,p999,mean_rate,m1_rate,m5_rate,m15_rate,rate_unit,duration_unit
1609417072,66,4.557130,0.592896,0.035882,0.816972,0.275207,0.466299,2.485019,2.676044,2.676044,4.557130,0.278820,0.167966,0.500862,0.675804,calls/second,milliseconds
1609417072,66,4.557130,0.592896,0.035882,0.816972,0.275207,0.466299,2.485019,2.676044,2.676044,4.557130,0.278802,0.167966,0.500862,0.675804,calls/second,milliseconds
