t,count,max,mean,min,stddev,p50,p75,p95,p98,p99,p999,mean_rate,m1_rate,m5_rate,m15_rate,rate_unit,duration_unit
1609727701,19,5.067402,1.024877,0.012493,0.745592,1.078168,1.078168,2.340436,2.340436,5.067402,5.067402,0.063314,0.018450,0.322290,0.589202,calls/second,milliseconds
1609728001,72,5.067402,0.326539,0.003126,0.399629,0.158234,0.492185,1.046212,1.290321,1.290321,2.084041,0.119982,0.063731,0.218764,0.470815,calls/second,milliseconds
1609728265,81,5.067402,0.533498,0.003126,0.576342,0.500839,0.653299,0.931826,3.650916,3.650916,3.650916,0.093763,0.022106,0.103107,0.357502,calls/second,milliseconds
1609728265,81,5.067402,0.533498,0.003126,0.576342,0.500839,0.653299,0.931826,3.650916,3.650916,3.650916,0.093762,0.022106,0.103107,0.357502,calls/second,milliseconds
