t,count,max,mean,min,stddev,p50,p75,p95,p98,p99,p999,mean_rate,m1_rate,m5_rate,m15_rate,rate_unit,duration_unit
1609420288,62,9.699416,0.565966,0.005470,0.791843,0.282272,0.613709,2.560661,2.909158,3.533197,3.533197,0.206669,0.468660,0.456843,0.638587,calls/second,milliseconds
1609420468,69,9.699416,1.038775,0.005470,1.228692,0.146664,1.920321,3.380234,3.380234,3.380234,3.533197,0.143914,0.035675,0.257922,0.525810,calls/second,milliseconds
1609420468,69,9.699416,1.038775,0.005470,1.228692,0.146664,1.920321,3.380234,3.380234,3.380234,3.533197,0.143909,0.035675,0.257922,0.525810,calls/second,milliseconds
