t,count,max,mean,min,stddev,p50,p75,p95,p98,p99,p999,mean_rate,m1_rate,m5_rate,m15_rate,rate_unit,duration_unit
1609421320,44,3.526959,0.439003,0.003460,0.543150,0.213613,0.674965,1.687981,1.868879,1.868879,1.868879,0.146669,0.177391,0.368947,0.606723,calls/second,milliseconds
1609421620,67,18.768610,0.732635,0.003460,3.176478,0.111339,0.111339,1.477066,18.768610,18.768610,18.768610,0.111668,0.030886,0.186167,0.463935,calls/second,milliseconds
1609421737,73,18.768610,0.301197,0.003460,0.851620,0.070199,0.455215,0.852784,0.852784,0.852784,18.768610,0.101780,0.026054,0.130804,0.408168,calls/second,milliseconds
1609421737,73,18.768610,0.301197,0.003460,0.851620,0.070199,0.455215,0.852784,0.852784,0.852784,18.768610,0.101779,0.026054,0.130804,0.408168,calls/second,milliseconds
