t,count,max,mean,min,stddev,p50,p75,p95,p98,p99,p999,mean_rate,m1_rate,m5_rate,m15_rate,rate_unit,duration_unit
1608320135,24,2.887867,0.209582,0.009499,0.185287,0.186105,0.228316,0.500143,0.500143,0.702114,2.887867,0.079986,0.105407,0.339737,0.594863,calls/second,milliseconds
1608320435,68,2.887867,0.299941,0.009499,0.194646,0.351526,0.378315,0.604179,0.662438,1.199626,1.199626,0.113324,0.033855,0.192165,0.463758,calls/second,milliseconds
1608320445,72,2.887867,0.191332,0.009499,0.152746,0.145631,0.256841,0.378315,0.604179,0.604179,1.199626,0.118037,0.031148,0.188989,0.461189,calls/second,milliseconds
1608320445,72,2.887867,0.191332,0.009499,0.152746,0.145631,0.256841,0.378315,0.604179,0.604179,1.199626,0.118035,0.031148,0.188989,0.461189,calls/second,milliseconds
