t,count,max,mean,min,stddev,p50,p75,p95,p98,p99,p999,mean_rate,m1_rate,m5_rate,m15_rate,rate_unit,duration_unit
1608504170,64,2.016252,0.265764,0.003066,0.275307,0.200318,0.431157,0.748099,0.858060,0.858060,2.016252,0.538433,1.032932,2.220092,2.703827,calls/second,milliseconds
1608504170,64,2.016252,0.265764,0.003066,0.275307,0.200318,0.431157,0.748099,0.858060,0.858060,2.016252,0.538381,1.032932,2.220092,2.703827,calls/second,milliseconds
