t,count,max,mean,min,stddev,p50,p75,p95,p98,p99,p999,mean_rate,m1_rate,m5_rate,m15_rate,rate_unit,duration_unit
1609414906,64,2.487950,0.306596,0.007564,0.474772,0.195363,0.205077,1.651134,1.651134,2.487950,2.487950,0.213248,0.047875,1.198624,2.203765,calls/second,milliseconds
1609415190,73,2.487950,0.480643,0.007564,0.555123,0.477652,0.503616,2.426298,2.426298,2.426298,2.426298,0.125011,0.048641,0.491078,1.622520,calls/second,milliseconds
1609415190,73,2.487950,0.480643,0.007564,0.555123,0.477652,0.503616,2.426298,2.426298,2.426298,2.426298,0.125009,0.048641,0.491078,1.622520,calls/second,milliseconds
