t,count,max,mean,min,stddev,p50,p75,p95,p98,p99,p999,mean_rate,m1_rate,m5_rate,m15_rate,rate_unit,duration_unit
1607731992,63,2.238936,0.378084,0.007594,0.434658,0.212451,0.628496,1.211111,1.312955,2.238936,2.238936,0.210005,0.368763,1.274217,2.223722,calls/second,milliseconds
1607732292,68,3.788351,1.322668,0.007594,1.276575,0.978502,0.978502,3.788351,3.788351,3.788351,3.788351,0.113335,0.019050,0.479364,1.598103,calls/second,milliseconds
1607732592,73,3.788351,0.170317,0.007594,0.201517,0.137740,0.189723,0.189723,0.189723,0.476332,3.788351,0.081112,0.016693,0.186954,1.149828,calls/second,milliseconds
1607732855,81,3.788351,0.778914,0.007594,0.709834,0.254744,1.213164,1.906440,1.906440,1.906440,1.906440,0.069636,0.010994,0.085788,0.860363,calls/second,milliseconds
1607732855,81,3.788351,0.778914,0.007594,0.709834,0.254744,1.213164,1.906440,1.906440,1.906440,1.906440,0.069635,0.010994,0.085788,0.860363,calls/second,milliseconds
