t,count,max,mean,min,stddev,p50,p75,p95,p98,p99,p999,mean_rate,m1_rate,m5_rate,m15_rate,rate_unit,duration_unit
1609995310,68,0.550479,0.041048,0.004124,0.084970,0.015302,0.027397,0.194050,0.267048,0.550479,0.550479,0.311181,0.449395,1.627425,2.427075,calls/second,milliseconds
1609995310,68,0.550479,0.041048,0.004124,0.084970,0.015302,0.027397,0.194050,0.267048,0.550479,0.550479,0.310886,0.449395,1.627425,2.427075,calls/second,milliseconds
