t,count,max,mean,min,stddev,p50,p75,p95,p98,p99,p999,mean_rate,m1_rate,m5_rate,m15_rate,rate_unit,duration_unit
1609964333,66,0.226098,0.031034,0.001595,0.035347,0.015714,0.035105,0.084500,0.154640,0.154640,0.226098,0.220815,0.086935,0.416119,0.633122,calls/second,milliseconds
1609964334,66,0.226098,0.031034,0.001595,0.035347,0.015714,0.035105,0.084500,0.154640,0.154640,0.226098,0.220800,0.086935,0.416119,0.633122,calls/second,milliseconds
