t,count,max,mean,min,stddev,p50,p75,p95,p98,p99,p999,mean_rate,m1_rate,m5_rate,m15_rate,rate_unit,duration_unit
1609416832,64,0.370729,0.037419,0.003560,0.058049,0.017556,0.033146,0.161835,0.257921,0.257921,0.370729,0.385348,0.509356,1.884556,2.558382,calls/second,milliseconds
1609416832,64,0.370729,0.037419,0.003560,0.058049,0.017556,0.033146,0.161835,0.257921,0.257921,0.370729,0.385316,0.509356,1.884556,2.558382,calls/second,milliseconds
