t,count,max,mean,min,stddev,p50,p75,p95,p98,p99,p999,mean_rate,m1_rate,m5_rate,m15_rate,rate_unit,duration_unit
1608507002,27,14.679441,1.878005,0.001730,3.572877,0.217983,0.392833,12.844078,12.844078,12.844078,12.844078,0.089995,0.187501,0.437208,0.743769,calls/second,milliseconds
1608507019,28,14.679441,1.762374,0.001730,3.409728,0.230841,0.707604,12.844078,12.844078,12.844078,12.844078,0.088423,0.146026,0.415885,0.731475,calls/second,milliseconds
1608507019,28,14.679441,1.762374,0.001730,3.409728,0.230841,0.707604,12.844078,12.844078,12.844078,12.844078,0.088421,0.146026,0.415885,0.731475,calls/second,milliseconds
