t,count,max,mean,min,stddev,p50,p75,p95,p98,p99,p999,mean_rate,m1_rate,m5_rate,m15_rate,rate_unit,duration_unit
1609281153,62,8.500153,0.602568,0.020839,1.439516,0.228001,0.400572,1.552232,7.127079,8.500153,8.500153,2.047629,1.308930,0.911002,0.837519,calls/second,milliseconds
1609281153,62,8.500153,0.602568,0.020839,1.439516,0.228001,0.400572,1.552232,7.127079,8.500153,8.500153,2.046858,1.308930,0.911002,0.837519,calls/second,milliseconds
