t,count,max,mean,min,stddev,p50,p75,p95,p98,p99,p999,mean_rate,m1_rate,m5_rate,m15_rate,rate_unit,duration_unit
1607865990,32,3.911267,0.181913,0.001017,0.256199,0.121350,0.227351,0.668591,0.668591,0.668591,3.911267,0.106506,0.184921,0.364113,0.603524,calls/second,milliseconds
1607866289,68,3.911267,0.100124,0.001017,0.333187,0.006230,0.013887,0.446467,0.668591,1.121511,3.431871,0.113336,0.026493,0.188741,0.465064,calls/second,milliseconds
1607866589,73,3.911267,0.008280,0.001017,0.044656,0.005898,0.007841,0.010511,0.010511,0.010511,0.429525,0.081112,0.019748,0.080399,0.338023,calls/second,milliseconds
1607866872,82,3.911267,0.428786,0.001017,0.518656,0.197363,0.679473,1.411981,1.411981,1.411981,1.411981,0.069358,0.025298,0.042621,0.251145,calls/second,milliseconds
1607866872,82,3.911267,0.428786,0.001017,0.518656,0.197363,0.679473,1.411981,1.411981,1.411981,1.411981,0.069357,0.025298,0.042621,0.251145,calls/second,milliseconds
