t,count,max,mean,min,stddev,p50,p75,p95,p98,p99,p999,mean_rate,m1_rate,m5_rate,m15_rate,rate_unit,duration_unit
1609996506,67,3.737528,0.356736,0.006384,0.393985,0.239791,0.541420,1.328491,1.501661,1.501661,1.501661,0.249728,0.373429,1.393871,2.297366,calls/second,milliseconds
1609996506,67,3.737528,0.356736,0.006384,0.393985,0.239791,0.541420,1.328491,1.501661,1.501661,1.501661,0.249714,0.373429,1.393871,2.297366,calls/second,milliseconds
