t,count,max,mean,min,stddev,p50,p75,p95,p98,p99,p999,mean_rate,m1_rate,m5_rate,m15_rate,rate_unit,duration_unit
1608503766,64,8.945969,0.462449,0.005452,1.053366,0.322996,0.538158,0.887604,4.275186,8.945969,8.945969,1.593959,2.388490,2.826029,2.938501,calls/second,milliseconds
1608503766,64,8.945969,0.462449,0.005452,1.053366,0.322996,0.538158,0.887604,4.275186,8.945969,8.945969,1.593420,2.388490,2.826029,2.938501,calls/second,milliseconds
