t,count,max,mean,min,stddev,p50,p75,p95,p98,p99,p999,mean_rate,m1_rate,m5_rate,m15_rate,rate_unit,duration_unit
1610009086,5,35.137773,7.043351,0.003704,14.047219,0.018017,0.047873,35.137773,35.137773,35.137773,35.137773,0.016666,0.000752,0.006500,0.004059,calls/second,milliseconds
1610009386,27,35.137773,2.231441,0.003704,4.263965,0.177814,0.382231,11.903839,14.436184,14.436184,14.436184,0.044999,0.130439,0.059983,0.025412,calls/second,milliseconds
1610009686,27,35.137773,2.231441,0.003704,4.263965,0.177814,0.382231,11.903839,14.436184,14.436184,14.436184,0.029999,0.000879,0.022067,0.018208,calls/second,milliseconds
1610009957,28,35.137773,1.861466,0.003704,0.172320,1.860865,1.860865,1.860865,1.860865,1.860865,1.860865,0.023917,0.000010,0.008972,0.013489,calls/second,milliseconds
1610009957,28,35.137773,1.861466,0.003704,0.172320,1.860865,1.860865,1.860865,1.860865,1.860865,1.860865,0.023917,0.000010,0.008972,0.013489,calls/second,milliseconds
