t,count,max,mean,min,stddev,p50,p75,p95,p98,p99,p999,mean_rate,m1_rate,m5_rate,m15_rate,rate_unit,duration_unit
1609994804,28,26.738938,1.883014,0.007413,3.698040,0.187027,1.345583,11.364537,11.364537,11.364537,26.738938,0.165495,0.293093,0.652896,0.860755,calls/second,milliseconds
1609994804,28,26.738938,1.883014,0.007413,3.698040,0.187027,1.345583,11.364537,11.364537,11.364537,26.738938,0.165246,0.293093,0.652896,0.860755,calls/second,milliseconds
