t,count,max,mean,min,stddev,p50,p75,p95,p98,p99,p999,mean_rate,m1_rate,m5_rate,m15_rate,rate_unit,duration_unit
1607889231,19,3.860716,0.182887,0.002931,0.478817,0.051758,0.084757,0.651125,1.028538,3.860716,3.860716,0.063336,0.022024,0.327755,0.592477,calls/second,milliseconds
1607889531,68,4.023949,0.402913,0.002931,0.518401,0.189427,0.605069,1.246524,1.598434,1.784127,4.023949,0.113276,0.041252,0.203529,0.465858,calls/second,milliseconds
1607889759,76,4.023949,0.643595,0.002931,0.638484,0.165383,1.276228,1.560198,1.560198,1.560198,1.560198,0.091795,0.017342,0.105379,0.366722,calls/second,milliseconds
1607889759,76,4.023949,0.643595,0.002931,0.638484,0.165383,1.276228,1.560198,1.560198,1.560198,1.560198,0.091703,0.017342,0.105379,0.366722,calls/second,milliseconds
