t,count,max,mean,min,stddev,p50,p75,p95,p98,p99,p999,mean_rate,m1_rate,m5_rate,m15_rate,rate_unit,duration_unit
1608384171,55,0.073116,0.001995,0.000150,0.002394,0.001363,0.002760,0.004872,0.010049,0.010049,0.010049,0.183272,0.414926,0.432046,0.628004,calls/second,milliseconds
1608384375,75,0.073116,0.003413,0.000150,0.002672,0.002180,0.006103,0.008380,0.008380,0.008380,0.010049,0.148750,0.048681,0.253393,0.517733,calls/second,milliseconds
1608384375,75,0.073116,0.003413,0.000150,0.002672,0.002180,0.006103,0.008380,0.008380,0.008380,0.010049,0.148748,0.048681,0.253393,0.517733,calls/second,milliseconds
