t,count,max,mean,min,stddev,p50,p75,p95,p98,p99,p999,mean_rate,m1_rate,m5_rate,m15_rate,rate_unit,duration_unit
1609496947,19,0.115397,0.033801,0.001686,0.013115,0.040877,0.040877,0.040877,0.040877,0.047473,0.115397,0.063328,0.026854,0.323102,0.589303,calls/second,milliseconds
1609497249,70,0.192136,0.022069,0.001275,0.030310,0.013110,0.026243,0.072353,0.192136,0.192136,0.192136,0.116366,0.346480,0.252068,0.473636,calls/second,milliseconds
1609497547,77,1.709487,0.192650,0.001275,0.410007,0.055594,0.055634,1.143408,1.709487,1.709487,1.709487,0.085553,0.022255,0.107406,0.346560,calls/second,milliseconds
1609497765,84,1.709487,0.098854,0.001275,0.151582,0.017960,0.070508,0.374160,0.374160,0.374160,1.143408,0.075191,0.011065,0.059420,0.275863,calls/second,milliseconds
1609497765,84,1.709487,0.098854,0.001275,0.151582,0.017960,0.070508,0.374160,0.374160,0.374160,1.143408,0.075190,0.011065,0.059420,0.275863,calls/second,milliseconds
