t,count,max,mean,min,stddev,p50,p75,p95,p98,p99,p999,mean_rate,m1_rate,m5_rate,m15_rate,rate_unit,duration_unit
1609993631,67,47.683727,2.105852,0.004062,6.270364,0.535388,1.103487,7.269567,18.071661,47.683727,47.683727,9.470826,5.600000,5.600000,5.600000,calls/second,milliseconds
1609993631,67,47.683727,2.105852,0.004062,6.270364,0.535388,1.103487,7.269567,18.071661,47.683727,47.683727,9.447471,5.600000,5.600000,5.600000,calls/second,milliseconds
