t,count,max,mean,min,stddev,p50,p75,p95,p98,p99,p999,mean_rate,m1_rate,m5_rate,m15_rate,rate_unit,duration_unit
1607733160,63,0.281243,0.022169,0.001360,0.054540,0.006100,0.010267,0.129884,0.281243,0.281243,0.281243,0.209978,0.467331,0.454220,0.636377,calls/second,milliseconds
1607733460,68,0.281243,0.058615,0.001360,0.064046,0.045469,0.072876,0.255349,0.255349,0.255349,0.281243,0.113326,0.015018,0.177020,0.460617,calls/second,milliseconds
1607733760,73,0.483382,0.125689,0.001360,0.119239,0.092612,0.092612,0.483382,0.483382,0.483382,0.483382,0.081108,0.011970,0.075044,0.334679,calls/second,milliseconds
1607733893,80,0.483382,0.040850,0.001360,0.069982,0.008653,0.059933,0.084390,0.389803,0.389803,0.483382,0.077418,0.010118,0.053659,0.291683,calls/second,milliseconds
1607733893,80,0.483382,0.040850,0.001360,0.069982,0.008653,0.059933,0.084390,0.389803,0.389803,0.483382,0.077418,0.010118,0.053659,0.291683,calls/second,milliseconds
