t,count,max,mean,min,stddev,p50,p75,p95,p98,p99,p999,mean_rate,m1_rate,m5_rate,m15_rate,rate_unit,duration_unit
1609422680,24,0.228453,0.047645,0.002857,0.039742,0.029934,0.074785,0.098992,0.204628,0.204628,0.228453,0.079993,0.107291,0.339902,0.594885,calls/second,milliseconds
1609422980,67,1.832140,0.978577,0.002857,0.819601,1.412325,1.832140,1.832140,1.832140,1.832140,1.832140,0.111661,0.034806,0.190033,0.462776,calls/second,milliseconds
1609423123,73,1.832140,0.089269,0.002857,0.292593,0.019634,0.021783,0.121340,1.832140,1.832140,1.832140,0.098292,0.019049,0.124792,0.398206,calls/second,milliseconds
1609423123,73,1.832140,0.089269,0.002857,0.292593,0.019634,0.021783,0.121340,1.832140,1.832140,1.832140,0.098291,0.019049,0.124792,0.398206,calls/second,milliseconds
