t,count,max,mean,min,stddev,p50,p75,p95,p98,p99,p999,mean_rate,m1_rate,m5_rate,m15_rate,rate_unit,duration_unit
1610000965,21,2.716364,0.830089,0.004964,0.600545,0.960188,1.474754,1.474754,1.474754,1.474754,2.716364,0.070003,0.064098,1.156049,2.179619,calls/second,milliseconds
1610001243,72,2.716364,0.516633,0.001996,0.581969,0.141230,1.052691,1.617254,1.617254,1.617254,1.617254,0.124421,0.038400,0.534511,1.638487,calls/second,milliseconds
1610001243,72,2.716364,0.516633,0.001996,0.581969,0.141230,1.052691,1.617254,1.617254,1.617254,1.617254,0.124419,0.038400,0.534511,1.638487,calls/second,milliseconds
