t,count,max,mean,min,stddev,p50,p75,p95,p98,p99,p999,mean_rate,m1_rate,m5_rate,m15_rate,rate_unit,duration_unit
1608506508,68,1.746391,0.178944,0.012340,0.172666,0.155787,0.209637,0.501301,0.752639,0.846012,0.846012,0.226603,0.353840,0.458068,0.640361,calls/second,milliseconds
1608506696,75,1.753530,0.303404,0.012340,0.292404,0.209637,0.574082,0.658520,0.776038,1.753530,1.753530,0.153721,0.026655,0.254203,0.524325,calls/second,milliseconds
1608506696,75,1.753530,0.303404,0.012340,0.292404,0.209637,0.574082,0.658520,0.776038,1.753530,1.753530,0.153717,0.026655,0.254203,0.524325,calls/second,milliseconds
