t,count,max,mean,min,stddev,p50,p75,p95,p98,p99,p999,mean_rate,m1_rate,m5_rate,m15_rate,rate_unit,duration_unit
1609431293,19,257.348012,10.178278,0.028203,47.525124,1.259555,1.259555,1.259555,257.348012,257.348012,257.348012,0.063302,0.038342,1.131426,2.165481,calls/second,milliseconds
1609431593,67,257.348012,0.426390,0.025286,1.944894,0.264227,0.441652,1.942614,1.942614,1.942614,1.942614,0.111610,0.132615,0.522977,1.598108,calls/second,milliseconds
1609431770,74,257.348012,0.533423,0.025286,0.926335,0.308047,0.624183,1.222235,4.123356,4.123356,4.123356,0.095308,0.024400,0.299537,1.318755,calls/second,milliseconds
1609431770,74,257.348012,0.533423,0.025286,0.926335,0.308047,0.624183,1.222235,4.123356,4.123356,4.123356,0.095307,0.024400,0.299537,1.318755,calls/second,milliseconds
