t,count,max,mean,min,stddev,p50,p75,p95,p98,p99,p999,mean_rate,m1_rate,m5_rate,m15_rate,rate_unit,duration_unit
1610205134,19,0.159942,0.026546,0.001495,0.020954,0.016307,0.039993,0.054553,0.054553,0.054553,0.159942,0.063329,0.025307,0.322944,0.589281,calls/second,milliseconds
1610205434,67,0.159942,0.015259,0.001495,0.015225,0.010101,0.020468,0.053100,0.065753,0.065753,0.065753,0.111664,0.125067,0.225194,0.468683,calls/second,milliseconds
1610205589,73,0.159942,0.014013,0.001495,0.008322,0.011550,0.018254,0.026923,0.027313,0.050456,0.065753,0.096636,0.018192,0.139335,0.396551,calls/second,milliseconds
1610205589,73,0.159942,0.014013,0.001495,0.008322,0.011550,0.018254,0.026923,0.027313,0.050456,0.065753,0.096636,0.018192,0.139335,0.396551,calls/second,milliseconds
