t,count,max,mean,min,stddev,p50,p75,p95,p98,p99,p999,mean_rate,m1_rate,m5_rate,m15_rate,rate_unit,duration_unit
1607755683,5,23.805865,4.777287,0.005603,9.514298,0.018009,0.044377,23.805865,23.805865,23.805865,23.805865,0.016665,0.007324,0.374062,0.720523,calls/second,milliseconds
1607755983,27,23.805865,2.463802,0.005603,4.476419,0.169212,0.967745,13.405106,13.704293,13.704293,13.704293,0.044998,0.027213,0.180009,0.536608,calls/second,milliseconds
1607756283,27,23.805865,2.463802,0.005603,4.476419,0.169212,0.967745,13.405106,13.704293,13.704293,13.704293,0.029999,0.000183,0.066222,0.384496,calls/second,milliseconds
1607756583,27,23.805865,2.463802,0.005603,4.476419,0.169212,0.967745,13.405106,13.704293,13.704293,13.704293,0.022500,0.000001,0.024362,0.275504,calls/second,milliseconds
1607756883,27,23.805865,2.463802,0.005603,4.476419,0.169212,0.967745,13.405106,13.704293,13.704293,13.704293,0.018000,0.000000,0.008962,0.197407,calls/second,milliseconds
1607757183,27,23.805865,2.463802,0.005603,4.476419,0.169212,0.967745,13.405106,13.704293,13.704293,13.704293,0.015000,0.000000,0.003297,0.141448,calls/second,milliseconds
1607757466,28,23.805865,1.161608,0.005603,0.000101,1.161608,1.161608,1.161608,1.161608,1.161608,1.161608,0.013444,0.000000,0.001297,0.103630,calls/second,milliseconds
1607757466,28,23.805865,1.161608,0.005603,0.000101,1.161608,1.161608,1.161608,1.161608,1.161608,1.161608,0.013443,0.000000,0.001297,0.103630,calls/second,milliseconds
