t,count,max,mean,min,stddev,p50,p75,p95,p98,p99,p999,mean_rate,m1_rate,m5_rate,m15_rate,rate_unit,duration_unit
1610145868,19,4.545743,0.987975,0.007720,1.150369,0.557445,1.041204,4.545743,4.545743,4.545743,4.545743,0.063320,0.025175,0.322707,0.589232,calls/second,milliseconds
1610146168,67,4.545743,0.322143,0.007720,0.313200,0.230263,0.436617,0.969688,1.319096,1.319096,1.319096,0.111655,0.267808,0.242003,0.470949,calls/second,milliseconds
1610146395,75,4.545743,0.325653,0.007720,0.213955,0.320933,0.496896,0.583733,0.693714,0.714053,1.319096,0.090718,0.029147,0.124190,0.370775,calls/second,milliseconds
1610146395,75,4.545743,0.325653,0.007720,0.213955,0.320933,0.496896,0.583733,0.693714,0.714053,1.319096,0.090717,0.029147,0.124190,0.370775,calls/second,milliseconds
