t,count,max,mean,min,stddev,p50,p75,p95,p98,p99,p999,mean_rate,m1_rate,m5_rate,m15_rate,rate_unit,duration_unit
1609992793,68,0.100183,0.015758,0.001470,0.022611,0.006934,0.013918,0.069846,0.095019,0.095019,0.100183,0.861980,0.828051,0.812314,0.804348,calls/second,milliseconds
1609992793,68,0.100183,0.015758,0.001470,0.022611,0.006934,0.013918,0.069846,0.095019,0.095019,0.100183,0.861682,0.828051,0.812314,0.804348,calls/second,milliseconds
