t,count,max,mean,min,stddev,p50,p75,p95,p98,p99,p999,mean_rate,m1_rate,m5_rate,m15_rate,rate_unit,duration_unit
1608504499,63,0.089436,0.015896,0.002017,0.018109,0.010402,0.017649,0.076722,0.080105,0.086850,0.089436,0.405630,0.744919,1.962290,2.590058,calls/second,milliseconds
1608504499,63,0.089436,0.015896,0.002017,0.018109,0.010402,0.017649,0.076722,0.080105,0.086850,0.089436,0.405596,0.744919,1.962290,2.590058,calls/second,milliseconds
