t,count,max,mean,min,stddev,p50,p75,p95,p98,p99,p999,mean_rate,m1_rate,m5_rate,m15_rate,rate_unit,duration_unit
1608510102,19,2.787569,0.719261,0.018050,0.342651,0.705837,0.824367,0.833820,1.844034,2.670057,2.787569,0.063210,0.028535,0.323262,0.589325,calls/second,milliseconds
1608510392,77,2.787569,0.227225,0.008734,0.201101,0.201690,0.273641,0.781384,0.781384,0.781384,1.099932,0.130335,0.054810,0.217144,0.475202,calls/second,milliseconds
1608510392,77,2.787569,0.227225,0.008734,0.201101,0.201690,0.273641,0.781384,0.781384,0.781384,1.099932,0.130334,0.054810,0.217144,0.475202,calls/second,milliseconds
