t,count,max,mean,min,stddev,p50,p75,p95,p98,p99,p999,mean_rate,m1_rate,m5_rate,m15_rate,rate_unit,duration_unit
1607880466,65,10.446954,0.690339,0.021754,1.055139,0.309229,0.541654,3.228151,3.228151,3.228151,10.446954,0.356160,0.285291,0.587981,0.715968,calls/second,milliseconds
1607880466,65,10.446954,0.690339,0.021754,1.055139,0.309229,0.541654,3.228151,3.228151,3.228151,10.446954,0.356125,0.285291,0.587981,0.715968,calls/second,milliseconds
