t,count,max,mean,min,stddev,p50,p75,p95,p98,p99,p999,mean_rate,m1_rate,m5_rate,m15_rate,rate_unit,duration_unit
1609285644,62,0.700477,0.045923,0.001230,0.131509,0.010440,0.022920,0.097925,0.624339,0.700477,0.700477,0.206654,0.196481,0.430252,0.632664,calls/second,milliseconds
1609285944,67,0.799925,0.036224,0.001230,0.105104,0.016440,0.016980,0.064102,0.624339,0.799925,0.799925,0.111663,0.014225,0.168370,0.457982,calls/second,milliseconds
1609285992,72,0.799925,0.014896,0.001230,0.035757,0.006319,0.016053,0.043788,0.043788,0.064102,0.799925,0.111107,0.017261,0.147958,0.436724,calls/second,milliseconds
1609285992,72,0.799925,0.014896,0.001230,0.035757,0.006319,0.016053,0.043788,0.043788,0.064102,0.799925,0.111106,0.017261,0.147958,0.436724,calls/second,milliseconds
