t,count,max,mean,min,stddev,p50,p75,p95,p98,p99,p999,mean_rate,m1_rate,m5_rate,m15_rate,rate_unit,duration_unit
1610000965,21,0.240388,0.050165,0.001103,0.061403,0.028138,0.077320,0.240388,0.240388,0.240388,0.240388,0.069993,0.058973,1.136941,2.167544,calls/second,milliseconds
1610001243,72,0.240388,0.027084,0.001103,0.027642,0.008380,0.068516,0.070903,0.070903,0.070903,0.077320,0.124411,0.038400,0.534511,1.638487,calls/second,milliseconds
1610001243,72,0.240388,0.027084,0.001103,0.027642,0.008380,0.068516,0.070903,0.070903,0.070903,0.077320,0.124409,0.038400,0.534511,1.638487,calls/second,milliseconds
