t,count,max,mean,min,stddev,p50,p75,p95,p98,p99,p999,mean_rate,m1_rate,m5_rate,m15_rate,rate_unit,duration_unit
1607888543,19,1.997577,0.158869,0.012237,0.231843,0.141764,0.141764,0.378474,0.910316,0.951592,1.997577,0.063338,0.040252,1.150286,2.177523,calls/second,milliseconds
1607888843,68,4.804778,0.468106,0.011075,0.759813,0.110606,0.512789,1.549488,1.987553,4.804778,4.804778,0.113336,0.040503,0.505958,1.603550,calls/second,milliseconds
1607888923,73,4.804778,0.395577,0.011075,0.374417,0.486481,0.528910,0.666492,1.153292,1.549488,4.804778,0.107394,0.018230,0.390373,1.468217,calls/second,milliseconds
1607888923,73,4.804778,0.395577,0.011075,0.374417,0.486481,0.528910,0.666492,1.153292,1.549488,4.804778,0.107393,0.018230,0.390373,1.468217,calls/second,milliseconds
