t,count,max,mean,min,stddev,p50,p75,p95,p98,p99,p999,mean_rate,m1_rate,m5_rate,m15_rate,rate_unit,duration_unit
1608502603,63,7.759618,0.181261,0.009688,0.792103,0.076314,0.110026,0.286159,0.498226,7.759618,7.759618,0.827473,0.812867,0.799243,0.799212,calls/second,milliseconds
1608502603,63,7.759618,0.181261,0.009688,0.792103,0.076314,0.110026,0.286159,0.498226,7.759618,7.759618,0.827250,0.812867,0.799243,0.799212,calls/second,milliseconds
