t,count,max,mean,min,stddev,p50,p75,p95,p98,p99,p999,mean_rate,m1_rate,m5_rate,m15_rate,rate_unit,duration_unit
1609933114,27,29.884962,1.928078,0.004604,3.443642,0.263941,1.011326,9.216455,9.216455,9.216455,29.884962,0.089930,0.104314,0.063031,0.026463,calls/second,milliseconds
1609933255,28,29.884962,2.122072,0.004604,2.348653,2.288950,2.288950,8.905901,9.216455,9.216455,9.216455,0.063498,0.010116,0.039526,0.022651,calls/second,milliseconds
1609933255,28,29.884962,2.122072,0.004604,2.348653,2.288950,2.288950,8.905901,9.216455,9.216455,9.216455,0.063496,0.010116,0.039526,0.022651,calls/second,milliseconds
