t,count,max,mean,min,stddev,p50,p75,p95,p98,p99,p999,mean_rate,m1_rate,m5_rate,m15_rate,rate_unit,duration_unit
1608522979,19,0.222660,0.006542,0.000070,0.018173,0.002148,0.009095,0.011519,0.011519,0.011519,0.222660,0.063330,0.044819,1.132063,2.165569,calls/second,milliseconds
1608523279,29,0.222660,0.019758,0.000070,0.047144,0.001555,0.004813,0.146175,0.146175,0.146175,0.146175,0.048332,0.068162,0.442510,1.561870,calls/second,milliseconds
1608523579,73,0.222660,0.004336,0.000070,0.007577,0.002679,0.004226,0.018267,0.019328,0.019328,0.146175,0.081102,0.049626,0.237967,1.158025,calls/second,milliseconds
1608523779,80,0.222660,0.005385,0.000070,0.006460,0.001984,0.006034,0.017705,0.017705,0.017705,0.019328,0.072758,0.019148,0.131927,0.935486,calls/second,milliseconds
1608523779,80,0.222660,0.005385,0.000070,0.006460,0.001984,0.006034,0.017705,0.017705,0.017705,0.019328,0.072758,0.019148,0.131927,0.935486,calls/second,milliseconds
