t,count,max,mean,min,stddev,p50,p75,p95,p98,p99,p999,mean_rate,m1_rate,m5_rate,m15_rate,rate_unit,duration_unit
1609429481,19,3.532114,0.094102,0.002994,0.355579,0.030940,0.030940,0.362143,0.976355,1.198368,3.532114,0.063337,0.041674,1.150441,2.177545,calls/second,milliseconds
1609429781,68,3.532114,0.367954,0.001734,0.469174,0.194619,0.633299,0.953458,2.519027,2.519027,2.519027,0.113322,0.087043,0.515800,1.597679,calls/second,milliseconds
1609429970,75,3.532114,0.846792,0.001734,1.169334,0.201923,0.872095,3.202338,3.202338,3.202338,3.202338,0.095120,0.018567,0.285843,1.303834,calls/second,milliseconds
1609429970,75,3.532114,0.846792,0.001734,1.169334,0.201923,0.872095,3.202338,3.202338,3.202338,3.202338,0.095118,0.018567,0.285843,1.303834,calls/second,milliseconds
