t,count,max,mean,min,stddev,p50,p75,p95,p98,p99,p999,mean_rate,m1_rate,m5_rate,m15_rate,rate_unit,duration_unit
1609416048,63,0.388395,0.036901,0.002691,0.061752,0.018277,0.031189,0.166268,0.222850,0.388395,0.388395,1.487394,2.277038,2.810653,2.933824,calls/second,milliseconds
1609416048,63,0.388395,0.036901,0.002691,0.061752,0.018277,0.031189,0.166268,0.222850,0.388395,0.388395,1.486780,2.277038,2.810653,2.933824,calls/second,milliseconds
