t,count,max,mean,min,stddev,p50,p75,p95,p98,p99,p999,mean_rate,m1_rate,m5_rate,m15_rate,rate_unit,duration_unit
1609993775,62,0.573942,0.036126,0.007106,0.058858,0.021672,0.034964,0.107963,0.193929,0.193929,0.573942,0.844776,0.869465,0.809630,0.802590,calls/second,milliseconds
1609993775,62,0.573942,0.036126,0.007106,0.058858,0.021672,0.034964,0.107963,0.193929,0.193929,0.573942,0.844530,0.869465,0.809630,0.802590,calls/second,milliseconds
