t,count,max,mean,min,stddev,p50,p75,p95,p98,p99,p999,mean_rate,m1_rate,m5_rate,m15_rate,rate_unit,duration_unit
1608468472,66,1.602121,0.151728,0.006202,0.152021,0.093408,0.192568,0.591237,0.591237,0.591237,1.602121,0.223656,0.121776,0.423727,0.634266,calls/second,milliseconds
1608468472,66,1.602121,0.151728,0.006202,0.152021,0.093408,0.192568,0.591237,0.591237,0.591237,1.602121,0.223644,0.121776,0.423727,0.634266,calls/second,milliseconds
