t,count,max,mean,min,stddev,p50,p75,p95,p98,p99,p999,mean_rate,m1_rate,m5_rate,m15_rate,rate_unit,duration_unit
1609993586,62,5.164401,0.306590,0.002270,0.765018,0.136714,0.299466,0.679122,3.515027,5.164401,5.164401,2.405449,1.422681,0.926313,0.842184,calls/second,milliseconds
1609993586,62,5.164401,0.306590,0.002270,0.765018,0.136714,0.299466,0.679122,3.515027,5.164401,5.164401,2.404970,1.422681,0.926313,0.842184,calls/second,milliseconds
