t,count,max,mean,min,stddev,p50,p75,p95,p98,p99,p999,mean_rate,m1_rate,m5_rate,m15_rate,rate_unit,duration_unit
1610007484,19,2.223987,0.150648,0.004314,0.295663,0.047869,0.201994,0.664426,0.904481,2.223987,2.223987,0.063335,0.022180,0.327999,0.592527,calls/second,milliseconds
1610007784,68,2.223987,0.317727,0.004314,0.334674,0.187395,0.497989,0.811986,1.441744,1.441744,1.441744,0.113335,0.199051,0.239099,0.473341,calls/second,milliseconds
1610008084,73,2.223987,0.228004,0.004314,0.236957,0.093170,0.489956,0.589596,0.694427,0.811986,1.441744,0.081112,0.015363,0.098218,0.343848,calls/second,milliseconds
1610008113,78,2.223987,0.592516,0.004314,0.648699,0.166530,1.164538,1.666757,1.666757,1.666757,1.666757,0.083933,0.024031,0.092122,0.333678,calls/second,milliseconds
1610008113,78,2.223987,0.592516,0.004314,0.648699,0.166530,1.164538,1.666757,1.666757,1.666757,1.666757,0.083932,0.024031,0.092122,0.333678,calls/second,milliseconds
