t,count,max,mean,min,stddev,p50,p75,p95,p98,p99,p999,mean_rate,m1_rate,m5_rate,m15_rate,rate_unit,duration_unit
1609992793,68,5.967948,0.419014,0.002646,0.847941,0.163960,0.392354,1.587182,3.529722,5.967948,5.967948,0.862592,0.828051,0.812314,0.804348,calls/second,milliseconds
1609992793,68,5.967948,0.419014,0.002646,0.847941,0.163960,0.392354,1.587182,3.529722,5.967948,5.967948,0.862293,0.828051,0.812314,0.804348,calls/second,milliseconds
