t,count,max,mean,min,stddev,p50,p75,p95,p98,p99,p999,mean_rate,m1_rate,m5_rate,m15_rate,rate_unit,duration_unit
1609496947,19,6.100450,0.110567,0.002752,0.612363,0.017874,0.017874,0.248666,0.783302,1.213043,6.100450,0.063336,0.029188,0.328532,0.592586,calls/second,milliseconds
1609497249,70,6.100450,0.438698,0.002752,0.599502,0.167306,0.719572,1.448748,2.965861,2.965861,2.965861,0.116373,0.346480,0.252068,0.473636,calls/second,milliseconds
1609497547,77,6.100450,0.314946,0.002752,0.619788,0.041168,0.047477,1.840427,1.866210,1.866210,2.965861,0.085557,0.024189,0.109211,0.348491,calls/second,milliseconds
1609497765,84,6.100450,1.265972,0.002752,1.681534,0.139097,1.105147,4.411230,4.411230,4.411230,4.411230,0.075193,0.011065,0.059420,0.275863,calls/second,milliseconds
1609497765,84,6.100450,1.265972,0.002752,1.681534,0.139097,1.105147,4.411230,4.411230,4.411230,4.411230,0.075192,0.011065,0.059420,0.275863,calls/second,milliseconds
