t,count,max,mean,min,stddev,p50,p75,p95,p98,p99,p999,mean_rate,m1_rate,m5_rate,m15_rate,rate_unit,duration_unit
1609417550,67,7.384450,0.495105,0.046093,0.515022,0.327864,0.747521,1.215758,1.217975,1.492020,7.384450,0.246652,0.144113,0.456076,0.652162,calls/second,milliseconds
1609417550,67,7.384450,0.495105,0.046093,0.515022,0.327864,0.747521,1.215758,1.217975,1.492020,7.384450,0.246635,0.144113,0.456076,0.652162,calls/second,milliseconds
