t,count,max,mean,min,stddev,p50,p75,p95,p98,p99,p999,mean_rate,m1_rate,m5_rate,m15_rate,rate_unit,duration_unit
1609430279,19,0.128727,0.072730,0.002147,0.027643,0.086493,0.086493,0.101650,0.101650,0.101650,0.128727,0.063330,0.025451,0.323184,0.589331,calls/second,milliseconds
1609430579,73,0.360177,0.039203,0.002147,0.089524,0.011453,0.019346,0.360177,0.360177,0.360177,0.360177,0.121661,0.142657,0.238039,0.474422,calls/second,milliseconds
1609430879,78,0.497577,0.334187,0.002147,0.187512,0.497577,0.497577,0.497577,0.497577,0.497577,0.497577,0.086665,0.018966,0.098354,0.344701,calls/second,milliseconds
1609430981,84,0.497577,0.067544,0.002147,0.089564,0.030372,0.076502,0.160957,0.497577,0.497577,0.497577,0.083872,0.025456,0.076486,0.310597,calls/second,milliseconds
1609430981,84,0.497577,0.067544,0.002147,0.089564,0.030372,0.076502,0.160957,0.497577,0.497577,0.497577,0.083871,0.025456,0.076486,0.310597,calls/second,milliseconds
