t,count,max,mean,min,stddev,p50,p75,p95,p98,p99,p999,mean_rate,m1_rate,m5_rate,m15_rate,rate_unit,duration_unit
1607885019,44,4.610127,0.315618,0.003530,0.386357,0.076383,0.511742,1.260664,1.282546,1.282546,1.951187,0.146624,0.327392,0.400935,0.616464,calls/second,milliseconds
1607885250,71,4.610127,0.641039,0.003530,0.882823,0.065825,1.132572,2.483742,2.483742,2.483742,2.483742,0.133490,0.035739,0.227041,0.498075,calls/second,milliseconds
1607885250,71,4.610127,0.641039,0.003530,0.882823,0.065825,1.132572,2.483742,2.483742,2.483742,2.483742,0.133488,0.035739,0.227041,0.498075,calls/second,milliseconds
