t,count,max,mean,min,stddev,p50,p75,p95,p98,p99,p999,mean_rate,m1_rate,m5_rate,m15_rate,rate_unit,duration_unit
1609417072,66,4.545448,0.578521,0.027644,0.810373,0.264033,0.456256,2.453749,2.643256,2.643256,4.545448,0.278821,0.167966,0.500862,0.675804,calls/second,milliseconds
1609417072,66,4.545448,0.578521,0.027644,0.810373,0.264033,0.456256,2.453749,2.643256,2.643256,4.545448,0.278802,0.167966,0.500862,0.675804,calls/second,milliseconds
