t,count,max,mean,min,stddev,p50,p75,p95,p98,p99,p999,mean_rate,m1_rate,m5_rate,m15_rate,rate_unit,duration_unit
1607881915,63,5.836493,0.418977,0.025860,0.487373,0.238473,0.412035,1.596488,1.604019,1.612266,5.836493,0.209925,0.140216,0.424269,0.632507,calls/second,milliseconds
1607881974,68,8.340908,0.953222,0.025860,2.012530,0.302653,1.075793,8.340908,8.340908,8.340908,8.340908,0.189444,0.065764,0.356191,0.596083,calls/second,milliseconds
1607881974,68,8.340908,0.953222,0.025860,2.012530,0.302653,1.075793,8.340908,8.340908,8.340908,8.340908,0.189435,0.065764,0.356191,0.596083,calls/second,milliseconds
