t,count,max,mean,min,stddev,p50,p75,p95,p98,p99,p999,mean_rate,m1_rate,m5_rate,m15_rate,rate_unit,duration_unit
1610010270,19,3.243801,0.166511,0.001486,0.415964,0.057463,0.085503,0.977319,1.485691,3.243801,3.243801,0.063337,0.034673,1.149547,2.177416,calls/second,milliseconds
1610010570,68,3.243801,0.288659,0.001357,0.345021,0.164745,0.383250,0.918478,1.354171,1.354171,1.361304,0.113337,0.284037,0.538634,1.605196,calls/second,milliseconds
1610010750,75,3.243801,0.456779,0.001357,0.472603,0.107700,1.039661,1.132216,1.132216,1.201468,1.361304,0.096116,0.074576,0.316561,1.317732,calls/second,milliseconds
1610010750,75,3.243801,0.456779,0.001357,0.472603,0.107700,1.039661,1.132216,1.132216,1.201468,1.361304,0.096115,0.074576,0.316561,1.317732,calls/second,milliseconds
