t,count,max,mean,min,stddev,p50,p75,p95,p98,p99,p999,mean_rate,m1_rate,m5_rate,m15_rate,rate_unit,duration_unit
1608241454,19,0.031425,0.003003,0.000236,0.003226,0.002876,0.002876,0.005274,0.007541,0.031425,0.031425,0.063331,0.019388,0.322433,0.589223,calls/second,milliseconds
1608241754,73,0.031425,0.001929,0.000057,0.001471,0.001843,0.002576,0.005016,0.006328,0.006328,0.007532,0.121665,0.049614,0.214605,0.470739,calls/second,milliseconds
1608241872,79,0.031425,0.002268,0.000057,0.001432,0.002441,0.002764,0.004506,0.004506,0.004506,0.006328,0.110037,0.018528,0.151533,0.416324,calls/second,milliseconds
1608241872,79,0.031425,0.002268,0.000057,0.001432,0.002441,0.002764,0.004506,0.004506,0.004506,0.006328,0.110036,0.018528,0.151533,0.416324,calls/second,milliseconds
