t,count,max,mean,min,stddev,p50,p75,p95,p98,p99,p999,mean_rate,m1_rate,m5_rate,m15_rate,rate_unit,duration_unit
1609427701,5,31.190589,6.253490,0.005017,12.468555,0.021871,0.039675,31.190589,31.190589,31.190589,31.190589,0.016666,0.007324,0.374062,0.720523,calls/second,milliseconds
1609428001,27,31.190589,1.993288,0.005017,3.726118,0.208631,0.669383,11.602934,13.649227,13.649227,13.649227,0.044980,0.022534,0.178404,0.536348,calls/second,milliseconds
1609428134,28,31.190589,1.099059,0.005017,1.703044,0.882510,0.882510,0.882510,8.926448,11.602934,13.649227,0.038221,0.002581,0.115667,0.464211,calls/second,milliseconds
1609428134,28,31.190589,1.099059,0.005017,1.703044,0.882510,0.882510,0.882510,8.926448,11.602934,13.649227,0.038220,0.002581,0.115667,0.464211,calls/second,milliseconds
