t,count,max,mean,min,stddev,p50,p75,p95,p98,p99,p999,mean_rate,m1_rate,m5_rate,m15_rate,rate_unit,duration_unit
1609994395,64,3.805420,0.481284,0.004170,0.610666,0.293363,0.734599,1.317418,2.979239,3.456557,3.805420,0.454031,0.785241,2.049162,2.630544,calls/second,milliseconds
1609994396,64,3.805420,0.481284,0.004170,0.610666,0.293363,0.734599,1.317418,2.979239,3.456557,3.805420,0.453985,0.785241,2.049162,2.630544,calls/second,milliseconds
