t,count,max,mean,min,stddev,p50,p75,p95,p98,p99,p999,mean_rate,m1_rate,m5_rate,m15_rate,rate_unit,duration_unit
1609430279,19,4.989822,0.188012,0.006480,0.538949,0.092123,0.092123,0.362228,1.232501,4.989822,4.989822,0.063337,0.027663,0.328616,0.592614,calls/second,milliseconds
1609430579,73,4.989822,0.223676,0.002602,0.253948,0.116513,0.368023,0.744449,0.755169,1.151821,1.348865,0.121669,0.155055,0.242040,0.477065,calls/second,milliseconds
1609430879,78,4.989822,0.142088,0.002602,0.088806,0.137133,0.137133,0.255141,0.454604,0.562439,1.151821,0.086668,0.020614,0.100007,0.346621,calls/second,milliseconds
1609430981,84,4.989822,0.894335,0.002602,1.000542,0.152474,2.093999,2.361302,2.361302,2.361302,2.361302,0.083875,0.025456,0.076486,0.310597,calls/second,milliseconds
1609430981,84,4.989822,0.894335,0.002602,1.000542,0.152474,2.093999,2.361302,2.361302,2.361302,2.361302,0.083874,0.025456,0.076486,0.310597,calls/second,milliseconds
