t,count,max,mean,min,stddev,p50,p75,p95,p98,p99,p999,mean_rate,m1_rate,m5_rate,m15_rate,rate_unit,duration_unit
1607726057,62,3.663056,0.346891,0.005036,0.569007,0.093641,0.502663,1.124375,1.393919,3.663056,3.663056,0.206663,0.073737,1.210578,2.204681,calls/second,milliseconds
1607726342,71,3.663056,0.678992,0.005036,0.715932,0.286306,1.276304,1.843436,1.843436,1.843436,1.843436,0.121392,0.020262,0.487014,1.620010,calls/second,milliseconds
1607726342,71,3.663056,0.678992,0.005036,0.715932,0.286306,1.276304,1.843436,1.843436,1.843436,1.843436,0.121389,0.020262,0.487014,1.620010,calls/second,milliseconds
