t,count,max,mean,min,stddev,p50,p75,p95,p98,p99,p999,mean_rate,m1_rate,m5_rate,m15_rate,rate_unit,duration_unit
1608515073,19,1.565007,0.056493,0.001600,0.162628,0.023316,0.033156,0.194687,0.473919,0.637372,1.565007,0.063335,0.029044,0.328291,0.592536,calls/second,milliseconds
1608515373,68,1.565007,0.255013,0.000774,0.276505,0.101657,0.450222,0.745326,1.095207,1.095207,1.095207,0.113335,0.241565,0.244033,0.474011,calls/second,milliseconds
1608515566,75,2.157907,0.812559,0.000774,0.780098,1.014660,1.274124,2.157907,2.157907,2.157907,2.157907,0.094557,0.025213,0.134966,0.384702,calls/second,milliseconds
1608515566,75,2.157907,0.812559,0.000774,0.780098,1.014660,1.274124,2.157907,2.157907,2.157907,2.157907,0.094555,0.025213,0.134966,0.384702,calls/second,milliseconds
