t,count,max,mean,min,stddev,p50,p75,p95,p98,p99,p999,mean_rate,m1_rate,m5_rate,m15_rate,rate_unit,duration_unit
1607865990,32,3.916379,0.187528,0.003460,0.256312,0.124246,0.229767,0.681858,0.681858,0.681858,3.916379,0.106505,0.184921,0.364113,0.603524,calls/second,milliseconds
1607866289,68,3.916379,0.233057,0.003460,0.505024,0.037610,0.124246,1.586407,1.586407,1.779106,3.442898,0.113335,0.026493,0.188741,0.465064,calls/second,milliseconds
1607866589,73,3.916379,0.042285,0.003460,0.073034,0.024458,0.061411,0.075581,0.075581,0.075581,1.586407,0.081112,0.019748,0.080399,0.338023,calls/second,milliseconds
1607866872,82,3.916379,0.446999,0.003460,0.515295,0.199936,0.682439,1.419445,1.419445,1.419445,1.419445,0.069358,0.025298,0.042621,0.251145,calls/second,milliseconds
1607866872,82,3.916379,0.446999,0.003460,0.515295,0.199936,0.682439,1.419445,1.419445,1.419445,1.419445,0.069357,0.025298,0.042621,0.251145,calls/second,milliseconds
