t,count,max,mean,min,stddev,p50,p75,p95,p98,p99,p999,mean_rate,m1_rate,m5_rate,m15_rate,rate_unit,duration_unit
1609866487,32,4.688734,0.547740,0.006326,0.757928,0.132663,0.886622,2.554495,2.554495,2.554495,4.688734,0.106672,0.174269,0.366402,0.605708,calls/second,milliseconds
1609866787,68,258.014866,3.791551,0.003772,25.211968,0.967789,1.033785,1.326350,28.798343,51.571543,258.014866,0.113336,0.016525,0.185543,0.463926,calls/second,milliseconds
1609866798,72,258.014866,1.820343,0.003772,14.261034,0.967789,1.518915,1.725854,1.725854,2.554495,258.014866,0.117932,0.026406,0.179691,0.457354,calls/second,milliseconds
1609866798,72,258.014866,1.820343,0.003772,14.261034,0.967789,1.518915,1.725854,1.725854,2.554495,258.014866,0.117930,0.026406,0.179691,0.457354,calls/second,milliseconds
