t,count,max,mean,min,stddev,p50,p75,p95,p98,p99,p999,mean_rate,m1_rate,m5_rate,m15_rate,rate_unit,duration_unit
1609993586,28,21.517516,1.341918,0.002794,3.966989,0.127245,0.493928,3.679542,21.517516,21.517516,21.517516,1.084322,0.425367,0.088981,0.029886,calls/second,milliseconds
1609993586,28,21.517516,1.341918,0.002794,3.966989,0.127245,0.493928,3.679542,21.517516,21.517516,21.517516,1.084080,0.425367,0.088981,0.029886,calls/second,milliseconds
