t,count,max,mean,min,stddev,p50,p75,p95,p98,p99,p999,mean_rate,m1_rate,m5_rate,m15_rate,rate_unit,duration_unit
1609281073,62,3.662451,0.210515,0.000422,0.509432,0.091434,0.204987,0.563554,1.740664,3.662451,3.662451,2.588262,0.798943,0.797346,0.798965,calls/second,milliseconds
1609281073,62,3.662451,0.210515,0.000422,0.509432,0.091434,0.204987,0.563554,1.740664,3.662451,3.662451,2.587877,0.798943,0.797346,0.798965,calls/second,milliseconds
