t,count,max,mean,min,stddev,p50,p75,p95,p98,p99,p999,mean_rate,m1_rate,m5_rate,m15_rate,rate_unit,duration_unit
1609280155,72,7.927310,0.135107,0.003620,0.572007,0.079447,0.099608,0.145779,0.631714,1.319459,7.927310,0.239943,0.098767,3.775466,7.224147,calls/second,milliseconds
1609280455,77,7.927310,0.071698,0.003620,0.082046,0.054693,0.092342,0.125099,0.125099,0.125099,0.145779,0.128319,0.021935,1.400066,5.181144,calls/second,milliseconds
1609280755,82,7.927310,0.148908,0.003620,0.056964,0.193886,0.193886,0.193886,0.193886,0.193886,0.193886,0.091104,0.021417,0.526205,3.717268,calls/second,milliseconds
1609281049,88,7.927310,0.095950,0.003620,0.022134,0.099754,0.109349,0.109349,0.109349,0.109349,0.193886,0.073707,0.025298,0.211669,2.698169,calls/second,milliseconds
1609281049,88,7.927310,0.095950,0.003620,0.022134,0.099754,0.109349,0.109349,0.109349,0.109349,0.193886,0.073707,0.025298,0.211669,2.698169,calls/second,milliseconds
