t,count,max,mean,min,stddev,p50,p75,p95,p98,p99,p999,mean_rate,m1_rate,m5_rate,m15_rate,rate_unit,duration_unit
1607865990,32,0.234548,0.017815,0.001860,0.027124,0.007534,0.025310,0.062475,0.062475,0.217879,0.217879,0.106491,0.184921,0.364113,0.603524,calls/second,milliseconds
1607866289,68,2.914077,0.221195,0.001860,0.715019,0.031740,0.031813,2.914077,2.914077,2.914077,2.914077,0.113328,0.024374,0.185621,0.462488,calls/second,milliseconds
1607866589,73,2.914077,0.048503,0.001860,0.099978,0.039564,0.039564,0.138629,0.138629,0.138629,2.914077,0.081109,0.018169,0.079070,0.336150,calls/second,milliseconds
1607866872,82,2.914077,0.021038,0.001860,0.012084,0.015886,0.031547,0.041099,0.059203,0.059203,0.059203,0.069355,0.025298,0.042621,0.251145,calls/second,milliseconds
1607866872,82,2.914077,0.021038,0.001860,0.012084,0.015886,0.031547,0.041099,0.059203,0.059203,0.059203,0.069355,0.025298,0.042621,0.251145,calls/second,milliseconds
