t,count,max,mean,min,stddev,p50,p75,p95,p98,p99,p999,mean_rate,m1_rate,m5_rate,m15_rate,rate_unit,duration_unit
1607788800,19,2.271141,0.088960,0.001093,0.286057,0.014383,0.040300,0.333759,0.921597,2.271141,2.271141,0.063336,0.035611,1.149690,2.177437,calls/second,milliseconds
1607789100,49,2.271141,0.268973,0.001093,0.311463,0.138609,0.484773,0.815432,1.249818,1.249818,1.249818,0.081669,0.259751,0.506321,1.591428,calls/second,milliseconds
1607789400,72,2.271141,0.183962,0.001093,0.359290,0.021177,0.138609,0.928472,1.937557,1.937557,1.937557,0.080001,0.018432,0.222068,1.160040,calls/second,milliseconds
1607789700,77,2.271141,0.014919,0.001093,0.055318,0.010777,0.010777,0.015200,0.049568,0.049568,0.926750,0.064167,0.011993,0.091616,0.835838,calls/second,milliseconds
1607790000,82,2.271141,0.014959,0.001093,0.007571,0.013703,0.014306,0.028636,0.028636,0.028636,0.028636,0.054667,0.011950,0.043626,0.603536,calls/second,milliseconds
1607790300,87,2.271141,0.046762,0.001093,0.021955,0.061650,0.061650,0.061650,0.061650,0.061650,0.061650,0.047953,0.009306,0.024704,0.429861,calls/second,milliseconds
1607790600,98,2.271141,0.012024,0.000591,0.005930,0.014280,0.014280,0.014280,0.014280,0.014280,0.061650,0.046667,0.012864,0.027297,0.322693,calls/second,milliseconds
1607790900,103,2.271141,0.013435,0.000591,0.000728,0.013633,0.013633,0.013633,0.013633,0.013633,0.014280,0.042917,0.011956,0.019964,0.235852,calls/second,milliseconds
1607791200,108,2.271141,0.013270,0.000591,0.000680,0.013163,0.013343,0.014070,0.014070,0.014070,0.014070,0.040000,0.011950,0.017266,0.173628,calls/second,milliseconds
1607791500,113,2.271141,0.032279,0.000591,0.033776,0.012791,0.015833,0.092154,0.092154,0.092154,0.092154,0.037667,0.011950,0.016274,0.129043,calls/second,milliseconds
1607791579,119,2.899329,0.961525,0.000591,1.035702,0.853829,1.340489,2.899329,2.899329,2.899329,2.899329,0.038651,0.023275,0.018377,0.120200,calls/second,milliseconds
1607791579,119,2.899329,0.961525,0.000591,1.035702,0.853829,1.340489,2.899329,2.899329,2.899329,2.899329,0.038651,0.023275,0.018377,0.120200,calls/second,milliseconds
