t,count,max,mean,min,stddev,p50,p75,p95,p98,p99,p999,mean_rate,m1_rate,m5_rate,m15_rate,rate_unit,duration_unit
1608498969,72,0.036490,0.018742,0.000431,0.013592,0.024489,0.033153,0.033153,0.035126,0.035126,0.036490,0.239989,0.054177,1.205581,2.209543,calls/second,milliseconds
1608499269,77,0.037533,0.019592,0.000431,0.009975,0.014558,0.034209,0.034209,0.037533,0.037533,0.037533,0.128332,0.021635,0.454658,1.588023,calls/second,milliseconds
1608499569,82,0.037533,0.034313,0.000431,0.002875,0.034933,0.034933,0.036377,0.036377,0.036377,0.036377,0.091110,0.021415,0.178409,1.142685,calls/second,milliseconds
1608499869,87,0.045995,0.036126,0.000431,0.003347,0.034950,0.035877,0.045995,0.045995,0.045995,0.045995,0.072500,0.021414,0.076783,0.823586,calls/second,milliseconds
1608500169,92,0.045995,0.007330,0.000431,0.004645,0.006104,0.006767,0.024030,0.024030,0.034950,0.045995,0.061333,0.021414,0.039397,0.594941,calls/second,milliseconds
1608500469,97,0.045995,0.033155,0.000431,0.003063,0.033160,0.033750,0.033750,0.038536,0.038536,0.038536,0.053889,0.021414,0.025643,0.431110,calls/second,milliseconds
1608500769,102,0.067590,0.017244,0.000431,0.013318,0.010710,0.026671,0.047520,0.067590,0.067590,0.067590,0.048571,0.021414,0.020583,0.313720,calls/second,milliseconds
1608501069,107,0.067590,0.026505,0.000431,0.011113,0.033094,0.033094,0.035333,0.035333,0.035333,0.035333,0.044583,0.021414,0.018722,0.229607,calls/second,milliseconds
1608501369,112,0.067590,0.042559,0.000431,0.009512,0.037356,0.046789,0.057813,0.057813,0.057813,0.057813,0.041481,0.021414,0.018037,0.169337,calls/second,milliseconds
1608501669,117,0.067590,0.032146,0.000431,0.004205,0.034571,0.034571,0.034571,0.037356,0.044622,0.057813,0.039000,0.021414,0.017785,0.126152,calls/second,milliseconds
1608501969,122,0.067590,0.015516,0.000431,0.010769,0.006908,0.027087,0.028622,0.037632,0.037632,0.037632,0.036970,0.021414,0.017693,0.095208,calls/second,milliseconds
1608502269,127,0.067590,0.019916,0.000431,0.008198,0.026575,0.026575,0.026575,0.026575,0.026575,0.028622,0.035278,0.021414,0.017658,0.073036,calls/second,milliseconds
1608502526,132,0.199636,0.032990,0.000431,0.029815,0.019063,0.053520,0.053520,0.199636,0.199636,0.199636,0.034226,0.016677,0.016787,0.058927,calls/second,milliseconds
1608502526,132,0.199636,0.032990,0.000431,0.029815,0.019063,0.053520,0.053520,0.199636,0.199636,0.199636,0.034226,0.016677,0.016787,0.058927,calls/second,milliseconds
