t,count,max,mean,min,stddev,p50,p75,p95,p98,p99,p999,mean_rate,m1_rate,m5_rate,m15_rate,rate_unit,duration_unit
1607880466,28,40.098989,2.443545,0.006894,5.129858,0.310683,2.828392,11.069532,11.503134,40.098989,40.098989,0.153511,0.110535,0.066856,0.027137,calls/second,milliseconds
1607880466,28,40.098989,2.443545,0.006894,5.129858,0.310683,2.828392,11.069532,11.503134,40.098989,40.098989,0.153496,0.110535,0.066856,0.027137,calls/second,milliseconds
