t,count,max,mean,min,stddev,p50,p75,p95,p98,p99,p999,mean_rate,m1_rate,m5_rate,m15_rate,rate_unit,duration_unit
1609416048,63,4.973820,0.552668,0.009680,0.732254,0.291373,0.733809,1.901885,2.342573,4.973820,4.973820,1.488804,2.277038,2.810653,2.933824,calls/second,milliseconds
1609416048,63,4.973820,0.552668,0.009680,0.732254,0.291373,0.733809,1.901885,2.342573,4.973820,4.973820,1.488188,2.277038,2.810653,2.933824,calls/second,milliseconds
