t,count,max,mean,min,stddev,p50,p75,p95,p98,p99,p999,mean_rate,m1_rate,m5_rate,m15_rate,rate_unit,duration_unit
1609997265,62,0.078701,0.009395,0.000254,0.012845,0.005537,0.008590,0.055760,0.061395,0.061395,0.061395,0.206649,0.324633,1.249645,2.210259,calls/second,milliseconds
1609997271,66,0.078701,0.011305,0.000254,0.015036,0.005537,0.008737,0.052317,0.059653,0.061395,0.061395,0.215799,0.346650,1.238907,2.201338,calls/second,milliseconds
1609997271,66,0.078701,0.011305,0.000254,0.015036,0.005537,0.008737,0.052317,0.059653,0.061395,0.061395,0.215789,0.346650,1.238907,2.201338,calls/second,milliseconds
