t,count,max,mean,min,stddev,p50,p75,p95,p98,p99,p999,mean_rate,m1_rate,m5_rate,m15_rate,rate_unit,duration_unit
1607723675,64,19.384762,0.406340,0.016724,2.365492,0.048198,0.082437,0.311687,4.116376,19.384762,19.384762,5.974524,3.647751,3.292560,3.231025,calls/second,milliseconds
1607723675,64,19.384762,0.406340,0.016724,2.365492,0.048198,0.082437,0.311687,4.116376,19.384762,19.384762,5.963881,3.647751,3.292560,3.231025,calls/second,milliseconds
