t,count,max,mean,min,stddev,p50,p75,p95,p98,p99,p999,mean_rate,m1_rate,m5_rate,m15_rate,rate_unit,duration_unit
1609285644,62,1.939322,0.243689,0.003780,0.269267,0.152699,0.352103,0.702104,0.990054,0.990054,1.939322,0.206672,0.213556,0.437483,0.636189,calls/second,milliseconds
1609285944,67,1.939322,0.071042,0.003780,0.126217,0.057761,0.057761,0.311485,0.607734,0.702104,0.990054,0.111668,0.015461,0.171199,0.460533,calls/second,milliseconds
1609285992,72,1.939322,0.304444,0.003780,0.321933,0.057264,0.688393,0.718605,0.718605,0.718605,0.718605,0.111112,0.017261,0.147958,0.436724,calls/second,milliseconds
1609285992,72,1.939322,0.304444,0.003780,0.321933,0.057264,0.688393,0.718605,0.718605,0.718605,0.718605,0.111110,0.017261,0.147958,0.436724,calls/second,milliseconds
