t,count,max,mean,min,stddev,p50,p75,p95,p98,p99,p999,mean_rate,m1_rate,m5_rate,m15_rate,rate_unit,duration_unit
1608602910,5,46.069807,9.388845,0.005082,18.343254,0.018985,0.836154,46.069807,46.069807,46.069807,46.069807,0.016666,0.000817,0.006609,0.004082,calls/second,milliseconds
1608603210,12,46.069807,1.552014,0.005082,2.319551,0.698062,1.774176,6.704807,6.704807,6.704807,6.704807,0.019997,0.070733,0.023446,0.010433,calls/second,milliseconds
1608603510,27,46.069807,1.229362,0.005082,2.182486,0.149887,0.554141,6.166344,6.166344,6.704807,6.704807,0.030000,0.005036,0.030822,0.020182,calls/second,milliseconds
1608603579,28,46.069807,0.895102,0.005082,0.823979,0.841248,0.841248,0.841248,5.131958,6.166344,6.704807,0.028876,0.001705,0.024818,0.018776,calls/second,milliseconds
1608603579,28,46.069807,0.895102,0.005082,0.823979,0.841248,0.841248,0.841248,5.131958,6.166344,6.704807,0.028876,0.001705,0.024818,0.018776,calls/second,milliseconds
