t,count,max,mean,min,stddev,p50,p75,p95,p98,p99,p999,mean_rate,m1_rate,m5_rate,m15_rate,rate_unit,duration_unit
1608514442,19,3.854074,0.083468,0.000901,0.386408,0.021689,0.022888,0.269528,0.652237,0.698435,3.854074,0.063337,0.040252,1.150286,2.177523,calls/second,milliseconds
1608514742,73,3.854074,0.161954,0.000328,0.207192,0.034339,0.315961,0.607189,0.810373,0.810373,0.810373,0.121671,0.198876,0.551518,1.613736,calls/second,milliseconds
1608514763,77,3.854074,0.221531,0.000328,0.254066,0.088858,0.343306,0.670016,0.805096,0.810373,0.810373,0.123989,0.179080,0.517338,1.572851,calls/second,milliseconds
1608514763,77,3.854074,0.221531,0.000328,0.254066,0.088858,0.343306,0.670016,0.805096,0.810373,0.810373,0.123987,0.179080,0.517338,1.572851,calls/second,milliseconds
