t,count,max,mean,min,stddev,p50,p75,p95,p98,p99,p999,mean_rate,m1_rate,m5_rate,m15_rate,rate_unit,duration_unit
1608504499,63,1.554177,0.272576,0.003596,0.259611,0.166704,0.470040,0.743758,0.766361,0.926334,1.554177,0.405699,0.744919,1.962290,2.590058,calls/second,milliseconds
1608504499,63,1.554177,0.272576,0.003596,0.259611,0.166704,0.470040,0.743758,0.766361,0.926334,1.554177,0.405665,0.744919,1.962290,2.590058,calls/second,milliseconds
