t,count,max,mean,min,stddev,p50,p75,p95,p98,p99,p999,mean_rate,m1_rate,m5_rate,m15_rate,rate_unit,duration_unit
1609414906,27,13.629035,1.639353,0.002126,3.124379,0.150708,1.284455,9.255548,9.255548,13.629035,13.629035,0.089993,0.014264,0.407217,0.739284,calls/second,milliseconds
1609415190,28,13.629035,1.687237,0.002126,0.381042,1.687960,1.687960,1.687960,1.687960,1.687960,8.777334,0.047957,0.010676,0.163176,0.542701,calls/second,milliseconds
1609415190,28,13.629035,1.687237,0.002126,0.381042,1.687960,1.687960,1.687960,1.687960,1.687960,8.777334,0.047956,0.010676,0.163176,0.542701,calls/second,milliseconds
