t,count,max,mean,min,stddev,p50,p75,p95,p98,p99,p999,mean_rate,m1_rate,m5_rate,m15_rate,rate_unit,duration_unit
1609403784,44,3.254721,0.447025,0.006010,0.682987,0.183853,0.391109,2.091030,3.254721,3.254721,3.254721,0.146673,0.222351,0.378488,0.609993,calls/second,milliseconds
1609404084,68,3.254721,0.489190,0.004966,0.609443,0.064649,1.275644,1.541808,1.541808,1.687440,3.254721,0.113336,0.023868,0.186525,0.464588,calls/second,milliseconds
1609404384,73,3.254721,0.388536,0.004966,0.611065,0.033297,0.072184,1.462125,1.462125,1.462125,1.541808,0.081112,0.018165,0.079403,0.337655,calls/second,milliseconds
1609404646,81,3.254721,0.647256,0.004966,0.704738,0.178209,0.965744,1.854811,1.854811,1.854811,1.854811,0.069720,0.011950,0.041469,0.255360,calls/second,milliseconds
1609404646,81,3.254721,0.647256,0.004966,0.704738,0.178209,0.965744,1.854811,1.854811,1.854811,1.854811,0.069719,0.011950,0.041469,0.255360,calls/second,milliseconds
