t,count,max,mean,min,stddev,p50,p75,p95,p98,p99,p999,mean_rate,m1_rate,m5_rate,m15_rate,rate_unit,duration_unit
1607882948,62,4.469085,0.467320,0.023883,0.437321,0.281216,0.702159,1.033608,2.156612,2.156612,2.156612,0.206578,0.250817,1.242844,2.209386,calls/second,milliseconds
1607882977,67,4.469085,0.899916,0.023883,1.183880,0.351216,1.021419,3.805172,3.805172,3.805172,3.805172,0.203616,0.181340,1.146778,2.149967,calls/second,milliseconds
1607882977,67,4.469085,0.899916,0.023883,1.183880,0.351216,1.021419,3.805172,3.805172,3.805172,3.805172,0.203608,0.181340,1.146778,2.149967,calls/second,milliseconds
