t,count,max,mean,min,stddev,p50,p75,p95,p98,p99,p999,mean_rate,m1_rate,m5_rate,m15_rate,rate_unit,duration_unit
1608515877,19,2.500799,0.590566,0.012851,0.324855,0.626301,0.626301,0.714578,1.144995,2.500799,2.500799,0.063319,0.031900,1.130547,2.165352,calls/second,milliseconds
1608516177,68,2.500799,0.194109,0.012851,0.160008,0.160752,0.225684,0.534966,0.535059,0.750189,0.791823,0.113321,0.247710,0.539258,1.600963,calls/second,milliseconds
1608516370,76,2.500799,0.244215,0.012851,0.171241,0.163535,0.347646,0.577537,0.577537,0.577537,0.750189,0.095787,0.033288,0.296125,1.300274,calls/second,milliseconds
1608516370,76,2.500799,0.244215,0.012851,0.171241,0.163535,0.347646,0.577537,0.577537,0.577537,0.750189,0.095786,0.033288,0.296125,1.300274,calls/second,milliseconds
