t,count,max,mean,min,stddev,p50,p75,p95,p98,p99,p999,mean_rate,m1_rate,m5_rate,m15_rate,rate_unit,duration_unit
1607884601,55,4.647631,0.306994,0.024470,0.437479,0.204779,0.346946,0.952996,1.464754,3.272178,3.272178,0.183247,0.440858,1.241231,2.204293,calls/second,milliseconds
1607884712,69,4.647631,0.604119,0.024470,0.876140,0.239049,0.461909,2.655000,3.418917,3.418917,3.418917,0.167874,0.113782,0.885210,1.960779,calls/second,milliseconds
1607884712,69,4.647631,0.604119,0.024470,0.876140,0.239049,0.461909,2.655000,3.418917,3.418917,3.418917,0.167869,0.113782,0.885210,1.960779,calls/second,milliseconds
