t,count,max,mean,min,stddev,p50,p75,p95,p98,p99,p999,mean_rate,m1_rate,m5_rate,m15_rate,rate_unit,duration_unit
1608511210,19,2.215710,0.071467,0.004617,0.216270,0.039449,0.039449,0.183731,0.349839,0.399412,2.215710,0.063335,0.031014,0.328695,0.592608,calls/second,milliseconds
1608511510,68,2.215710,0.189580,0.004617,0.225449,0.049369,0.343107,0.671227,0.718044,0.757890,0.963067,0.113336,0.063138,0.212662,0.469434,calls/second,milliseconds
1608511552,72,2.215710,0.468944,0.004617,0.522379,0.066800,1.175061,1.227447,1.227447,1.227447,1.227447,0.112187,0.029824,0.183040,0.446539,calls/second,milliseconds
1608511552,72,2.215710,0.468944,0.004617,0.522379,0.066800,1.175061,1.227447,1.227447,1.227447,1.227447,0.112185,0.029824,0.183040,0.446539,calls/second,milliseconds
