t,count,max,mean,min,stddev,p50,p75,p95,p98,p99,p999,mean_rate,m1_rate,m5_rate,m15_rate,rate_unit,duration_unit
1608915733,5,28.644818,5.893147,0.006639,11.378100,0.096212,0.640987,28.644818,28.644818,28.644818,28.644818,0.016666,0.000752,0.006500,0.004059,calls/second,milliseconds
1608916033,27,28.644818,1.030730,0.001314,1.941487,0.116025,0.316213,4.751583,7.581853,7.581853,7.581853,0.044999,0.046194,0.049824,0.024021,calls/second,milliseconds
1608916161,28,28.644818,1.025677,0.001314,1.119976,1.023156,1.023156,4.144858,4.751583,4.751583,7.581853,0.038470,0.005752,0.032846,0.020906,calls/second,milliseconds
1608916161,28,28.644818,1.025677,0.001314,1.119976,1.023156,1.023156,4.144858,4.751583,4.751583,7.581853,0.038470,0.005752,0.032846,0.020906,calls/second,milliseconds
