t,count,max,mean,min,stddev,p50,p75,p95,p98,p99,p999,mean_rate,m1_rate,m5_rate,m15_rate,rate_unit,duration_unit
1609312795,19,0.059256,0.004304,0.000205,0.005973,0.004230,0.004230,0.004230,0.007386,0.059256,0.059256,0.063330,0.019244,0.322193,0.589173,calls/second,milliseconds
1609313095,68,0.059256,0.005628,0.000113,0.008490,0.002393,0.006126,0.021542,0.045085,0.045085,0.045085,0.113331,0.181727,0.234690,0.470624,calls/second,milliseconds
1609313395,73,0.059256,0.003925,0.000113,0.004588,0.001142,0.006117,0.009271,0.009530,0.021542,0.045085,0.081109,0.013094,0.096259,0.341850,calls/second,milliseconds
1609313695,78,0.059256,0.003234,0.000113,0.001631,0.004444,0.004444,0.004444,0.004444,0.004444,0.009271,0.064999,0.011957,0.045334,0.249579,calls/second,milliseconds
1609313995,83,0.059256,0.001824,0.000113,0.002264,0.000794,0.001616,0.008538,0.008538,0.008538,0.008538,0.055333,0.011950,0.026599,0.183463,calls/second,milliseconds
1609314295,88,0.059256,0.001818,0.000113,0.001303,0.000817,0.003478,0.003478,0.004251,0.004251,0.008538,0.048888,0.011950,0.019707,0.136090,calls/second,milliseconds
1609314595,98,0.059256,0.001346,0.000113,0.000533,0.001191,0.001191,0.002217,0.002217,0.004313,0.004313,0.046666,0.012641,0.023564,0.106182,calls/second,milliseconds
1609314600,102,0.059256,0.004872,0.000113,0.006320,0.001191,0.004231,0.016916,0.016916,0.016916,0.016916,0.048468,0.012641,0.023564,0.106182,calls/second,milliseconds
1609314600,102,0.059256,0.004872,0.000113,0.006320,0.001191,0.004231,0.016916,0.016916,0.016916,0.016916,0.048468,0.012641,0.023564,0.106182,calls/second,milliseconds
