t,count,max,mean,min,stddev,p50,p75,p95,p98,p99,p999,mean_rate,m1_rate,m5_rate,m15_rate,rate_unit,duration_unit
1608738308,19,0.170149,0.013124,0.001391,0.017318,0.007894,0.019300,0.020144,0.022267,0.170149,0.170149,0.063328,0.020131,0.322101,0.589145,calls/second,milliseconds
1608738608,60,0.170149,0.012342,0.001391,0.012516,0.008243,0.012631,0.038691,0.051351,0.070267,0.070267,0.099996,0.264447,0.227326,0.464233,calls/second,milliseconds
1608738870,77,0.170149,0.013924,0.001391,0.007198,0.013933,0.015594,0.023538,0.026456,0.035093,0.051351,0.089396,0.030422,0.118388,0.359302,calls/second,milliseconds
1608738870,77,0.170149,0.013924,0.001391,0.007198,0.013933,0.015594,0.023538,0.026456,0.035093,0.051351,0.089395,0.030422,0.118388,0.359302,calls/second,milliseconds
