t,count,max,mean,min,stddev,p50,p75,p95,p98,p99,p999,mean_rate,m1_rate,m5_rate,m15_rate,rate_unit,duration_unit
1608503842,65,0.116208,0.004819,0.000727,0.010332,0.003200,0.004258,0.015471,0.019202,0.024150,0.116208,0.864192,0.883671,0.808161,0.801702,calls/second,milliseconds
1608503842,65,0.116208,0.004819,0.000727,0.010332,0.003200,0.004258,0.015471,0.019202,0.024150,0.116208,0.864047,0.883671,0.808161,0.801702,calls/second,milliseconds
