t,count,max,mean,min,stddev,p50,p75,p95,p98,p99,p999,mean_rate,m1_rate,m5_rate,m15_rate,rate_unit,duration_unit
1609402065,54,0.195559,0.004584,0.000170,0.006345,0.002684,0.005163,0.017703,0.020217,0.020217,0.020217,0.179982,0.459271,1.239896,2.203415,calls/second,milliseconds
1609402365,67,0.195559,0.028663,0.000170,0.026611,0.011630,0.060127,0.060127,0.060127,0.060127,0.060127,0.111661,0.018319,0.476790,1.589995,calls/second,milliseconds
1609402665,72,0.195559,0.019825,0.000170,0.005759,0.019933,0.019933,0.024910,0.024910,0.024910,0.060127,0.079997,0.014145,0.185660,1.143965,calls/second,milliseconds
1609402965,77,0.195559,0.014556,0.000170,0.008917,0.013480,0.013480,0.015913,0.057010,0.057010,0.057010,0.064165,0.014117,0.078559,0.824371,calls/second,milliseconds
1609403265,82,0.195559,0.013798,0.000170,0.001920,0.012852,0.014756,0.016327,0.016327,0.016327,0.016327,0.054665,0.014117,0.039158,0.595372,calls/second,milliseconds
1609403479,90,0.195559,0.009802,0.000170,0.009925,0.006367,0.007294,0.039650,0.039650,0.039650,0.039650,0.052514,0.037019,0.037045,0.478527,calls/second,milliseconds
1609403479,90,0.195559,0.009802,0.000170,0.009925,0.006367,0.007294,0.039650,0.039650,0.039650,0.039650,0.052514,0.037019,0.037045,0.478527,calls/second,milliseconds
