t,count,max,mean,min,stddev,p50,p75,p95,p98,p99,p999,mean_rate,m1_rate,m5_rate,m15_rate,rate_unit,duration_unit
1607890070,19,4.146651,0.997713,0.015354,0.577619,0.768110,1.678799,1.816160,1.816160,1.816160,4.146651,0.063309,0.046805,1.132229,2.165591,calls/second,milliseconds
1607890370,67,4.146651,1.302072,0.010715,1.620963,0.315879,1.189729,4.139940,4.139940,4.139940,4.139940,0.111606,0.055208,0.502277,1.594903,calls/second,milliseconds
1607890595,74,4.146651,0.470650,0.010715,0.533848,0.249065,0.719082,1.302221,1.497897,1.497897,4.139940,0.089673,0.060626,0.254258,1.248398,calls/second,milliseconds
1607890595,74,4.146651,0.470650,0.010715,0.533848,0.249065,0.719082,1.302221,1.497897,1.497897,4.139940,0.089672,0.060626,0.254258,1.248398,calls/second,milliseconds
