t,count,max,mean,min,stddev,p50,p75,p95,p98,p99,p999,mean_rate,m1_rate,m5_rate,m15_rate,rate_unit,duration_unit
1609419912,62,5.084516,0.478365,0.003560,0.828172,0.172161,0.511882,1.706128,3.793709,3.858263,3.858263,0.206675,0.377310,1.272239,2.222766,calls/second,milliseconds
1609419983,67,5.084516,0.615055,0.003560,0.806574,0.259427,0.705708,1.716547,3.793709,3.858263,3.858263,0.180515,0.115655,0.993666,2.046098,calls/second,milliseconds
1609419983,67,5.084516,0.615055,0.003560,0.806574,0.259427,0.705708,1.716547,3.793709,3.858263,3.858263,0.180508,0.115655,0.993666,2.046098,calls/second,milliseconds
