t,count,max,mean,min,stddev,p50,p75,p95,p98,p99,p999,mean_rate,m1_rate,m5_rate,m15_rate,rate_unit,duration_unit
1609285046,63,2.997594,0.260585,0.028772,0.288817,0.166116,0.275151,0.839424,0.839424,1.633340,2.997594,0.209929,0.163432,1.234008,2.208863,calls/second,milliseconds
1609285341,72,2.997594,0.398171,0.028772,0.321298,0.288636,0.754137,0.842840,0.842840,0.876730,0.876730,0.121164,0.015323,0.479612,1.605087,calls/second,milliseconds
1609285341,72,2.997594,0.398171,0.028772,0.321298,0.288636,0.754137,0.842840,0.842840,0.876730,0.876730,0.121163,0.015323,0.479612,1.605087,calls/second,milliseconds
