t,count,max,mean,min,stddev,p50,p75,p95,p98,p99,p999,mean_rate,m1_rate,m5_rate,m15_rate,rate_unit,duration_unit
1607900148,19,11.017535,1.553810,0.016023,1.601576,1.969649,1.969649,1.969649,9.157315,11.017535,11.017535,0.063315,0.021515,0.322726,0.589266,calls/second,milliseconds
1607900448,49,11.017535,0.328981,0.016023,0.355773,0.257133,0.444967,0.865551,1.000141,1.000141,3.858803,0.081655,0.268202,0.202883,0.453563,calls/second,milliseconds
1607900748,73,11.017535,0.898516,0.014387,0.617346,1.155461,1.567277,1.567277,1.567277,1.567277,1.567277,0.081103,0.020241,0.111628,0.345506,calls/second,milliseconds
1607901048,78,11.017535,0.961413,0.014387,0.336474,1.200673,1.200673,1.200673,1.200673,1.200673,1.567277,0.064995,0.014158,0.051324,0.252250,calls/second,milliseconds
1607901102,83,11.017535,0.403820,0.014387,0.285506,0.483099,0.524316,1.179204,1.200673,1.200673,1.200673,0.066170,0.016695,0.046486,0.239696,calls/second,milliseconds
1607901102,83,11.017535,0.403820,0.014387,0.285506,0.483099,0.524316,1.179204,1.200673,1.200673,1.200673,0.066169,0.016695,0.046486,0.239696,calls/second,milliseconds
