t,count,max,mean,min,stddev,p50,p75,p95,p98,p99,p999,mean_rate,m1_rate,m5_rate,m15_rate,rate_unit,duration_unit
1607902317,19,3.609346,0.149661,0.003980,0.411943,0.057177,0.063143,0.321648,1.057392,3.609346,3.609346,0.063336,0.023229,0.327905,0.592499,calls/second,milliseconds
1607902617,49,3.609346,0.277825,0.003980,0.312180,0.102869,0.401535,0.784092,1.322134,1.322134,1.322134,0.081669,0.102579,0.166908,0.442808,calls/second,milliseconds
1607902917,73,3.609346,0.158542,0.003980,0.190060,0.078540,0.112550,0.645156,0.746738,0.752302,1.322134,0.081112,0.023689,0.115216,0.347750,calls/second,milliseconds
1607903217,78,3.609346,0.088865,0.003980,0.030286,0.081277,0.103745,0.106376,0.106376,0.106376,0.645156,0.065001,0.015400,0.052816,0.253884,calls/second,milliseconds
1607903311,84,3.609346,0.531489,0.003980,0.590544,0.117673,1.149848,1.449961,1.449961,1.449961,1.449961,0.064905,0.023286,0.044393,0.230584,calls/second,milliseconds
1607903311,84,3.609346,0.531489,0.003980,0.590544,0.117673,1.149848,1.449961,1.449961,1.449961,1.449961,0.064904,0.023286,0.044393,0.230584,calls/second,milliseconds
