t,count,max,mean,min,stddev,p50,p75,p95,p98,p99,p999,mean_rate,m1_rate,m5_rate,m15_rate,rate_unit,duration_unit
1607879638,68,11.603720,0.261653,0.004316,1.081430,0.095360,0.178833,0.898152,0.898152,0.898152,11.603720,0.504900,0.392077,0.683075,0.757570,calls/second,milliseconds
1607879638,68,11.603720,0.261653,0.004316,1.081430,0.095360,0.178833,0.898152,0.898152,0.898152,11.603720,0.504788,0.392077,0.683075,0.757570,calls/second,milliseconds
