t,count,max,mean,min,stddev,p50,p75,p95,p98,p99,p999,mean_rate,m1_rate,m5_rate,m15_rate,rate_unit,duration_unit
1610005784,19,4.484419,0.191686,0.004880,0.555274,0.098657,0.098657,0.560962,1.368603,4.484419,4.484419,0.063336,0.023555,0.328398,0.592599,calls/second,milliseconds
1610006084,73,4.484419,0.282609,0.004004,0.383425,0.069357,0.480853,1.226852,1.506301,1.506301,1.582186,0.121663,0.176003,0.242260,0.475006,calls/second,milliseconds
1610006384,78,4.484419,0.308816,0.004004,0.206401,0.445219,0.445219,0.445219,0.770412,0.876841,1.506301,0.086668,0.016529,0.101051,0.346964,calls/second,milliseconds
1610006534,85,4.484419,0.644114,0.004004,0.703385,0.157359,1.405097,1.729490,1.729490,1.729490,1.729490,0.080929,0.023364,0.068370,0.295168,calls/second,milliseconds
1610006534,85,4.484419,0.644114,0.004004,0.703385,0.157359,1.405097,1.729490,1.729490,1.729490,1.729490,0.080928,0.023364,0.068370,0.295168,calls/second,milliseconds
