t,count,max,mean,min,stddev,p50,p75,p95,p98,p99,p999,mean_rate,m1_rate,m5_rate,m15_rate,rate_unit,duration_unit
1609267927,70,0.088215,0.002822,0.000028,0.010465,0.000861,0.002246,0.004553,0.010756,0.081623,0.088215,0.393180,0.409825,0.617934,0.725974,calls/second,milliseconds
1609267927,70,0.088215,0.002822,0.000028,0.010465,0.000861,0.002246,0.004553,0.010756,0.081623,0.088215,0.393168,0.409825,0.617934,0.725974,calls/second,milliseconds
