t,count,max,mean,min,stddev,p50,p75,p95,p98,p99,p999,mean_rate,m1_rate,m5_rate,m15_rate,rate_unit,duration_unit
1608509078,19,1.289737,0.053690,0.004161,0.166997,0.011989,0.012811,0.273645,0.486816,1.289737,1.289737,0.063334,0.023385,0.328150,0.592549,calls/second,milliseconds
1608509327,71,1.289737,0.247478,0.004161,0.231962,0.102416,0.507348,0.519512,0.637854,0.705145,1.084367,0.129428,0.043700,0.228111,0.492042,calls/second,milliseconds
1608509327,71,1.289737,0.247478,0.004161,0.231962,0.102416,0.507348,0.519512,0.637854,0.705145,1.084367,0.129427,0.043700,0.228111,0.492042,calls/second,milliseconds
