t,count,max,mean,min,stddev,p50,p75,p95,p98,p99,p999,mean_rate,m1_rate,m5_rate,m15_rate,rate_unit,duration_unit
1608498666,70,3.256577,0.099082,0.004635,0.260330,0.065522,0.090719,0.231498,0.654082,0.661422,3.256577,0.536745,0.532753,0.698666,0.760909,calls/second,milliseconds
1608498666,70,3.256577,0.099082,0.004635,0.260330,0.065522,0.090719,0.231498,0.654082,0.661422,3.256577,0.536708,0.532753,0.698666,0.760909,calls/second,milliseconds
