t,count,max,mean,min,stddev,p50,p75,p95,p98,p99,p999,mean_rate,m1_rate,m5_rate,m15_rate,rate_unit,duration_unit
1610000965,21,2.723631,0.845154,0.011776,0.604868,0.965702,1.501761,1.501761,1.501761,1.501761,2.723631,0.070003,0.064098,1.156049,2.179619,calls/second,milliseconds
1610001243,72,2.723631,0.536263,0.004908,0.581047,0.156633,1.061915,1.643974,1.643974,1.643974,1.643974,0.124421,0.038400,0.534511,1.638487,calls/second,milliseconds
1610001243,72,2.723631,0.536263,0.004908,0.581047,0.156633,1.061915,1.643974,1.643974,1.643974,1.643974,0.124419,0.038400,0.534511,1.638487,calls/second,milliseconds
