t,count,max,mean,min,stddev,p50,p75,p95,p98,p99,p999,mean_rate,m1_rate,m5_rate,m15_rate,rate_unit,duration_unit
1607875603,63,5.075838,0.324405,0.010802,0.506153,0.126307,0.282402,1.469371,2.232319,2.232319,5.075838,0.209926,0.152582,0.426652,0.632875,calls/second,milliseconds
1607875903,68,5.210683,2.076896,0.010802,1.526168,3.172469,3.172469,3.172469,5.210683,5.210683,5.210683,0.113312,0.017593,0.167562,0.458212,calls/second,milliseconds
1607876066,75,5.210683,1.205969,0.010802,1.160186,0.403606,2.336102,3.002259,3.002259,3.172469,3.172469,0.098322,0.023339,0.106392,0.386679,calls/second,milliseconds
1607876066,75,5.210683,1.205969,0.010802,1.160186,0.403606,2.336102,3.002259,3.002259,3.172469,3.172469,0.098319,0.023339,0.106392,0.386679,calls/second,milliseconds
