t,count,max,mean,min,stddev,p50,p75,p95,p98,p99,p999,mean_rate,m1_rate,m5_rate,m15_rate,rate_unit,duration_unit
1609998424,46,6.424296,0.417729,0.032870,0.371584,0.353304,0.564355,1.045045,1.345781,1.410684,1.976846,0.153291,0.328833,0.405378,0.618392,calls/second,milliseconds
1609998647,71,6.424296,0.560651,0.018734,0.512443,0.592385,0.718381,1.512543,1.679510,1.679510,1.679510,0.135782,0.034664,0.232151,0.503162,calls/second,milliseconds
1609998647,71,6.424296,0.560651,0.018734,0.512443,0.592385,0.718381,1.512543,1.679510,1.679510,1.679510,0.135779,0.034664,0.232151,0.503162,calls/second,milliseconds
