t,count,max,mean,min,stddev,p50,p75,p95,p98,p99,p999,mean_rate,m1_rate,m5_rate,m15_rate,rate_unit,duration_unit
1610006846,19,0.382879,0.219100,0.000274,0.173586,0.382879,0.382879,0.382879,0.382879,0.382879,0.382879,0.063329,0.038342,1.131426,2.165481,calls/second,milliseconds
1610007146,68,0.382879,0.014814,0.000120,0.027235,0.003321,0.014415,0.073721,0.073721,0.073721,0.233436,0.113329,0.145314,0.527161,1.599363,calls/second,milliseconds
1610007172,72,0.382879,0.014421,0.000120,0.022466,0.008270,0.015120,0.052709,0.073721,0.073721,0.233436,0.114925,0.095797,0.485012,1.555548,calls/second,milliseconds
1610007172,72,0.382879,0.014421,0.000120,0.022466,0.008270,0.015120,0.052709,0.073721,0.073721,0.233436,0.114923,0.095797,0.485012,1.555548,calls/second,milliseconds
