t,count,max,mean,min,stddev,p50,p75,p95,p98,p99,p999,mean_rate,m1_rate,m5_rate,m15_rate,rate_unit,duration_unit
1607876371,63,4.793528,0.287816,0.005806,0.618233,0.061554,0.381351,0.777273,1.560031,4.793528,4.793528,0.210010,0.091937,1.236324,2.218442,calls/second,milliseconds
1607876671,71,4.793528,0.803268,0.005806,0.608416,0.672803,1.463181,1.554887,1.554887,1.554887,1.554887,0.118338,0.017184,0.465424,1.594320,calls/second,milliseconds
1607876713,73,4.793528,0.506059,0.005806,0.552672,0.252119,0.672803,1.554887,1.554887,1.554887,1.554887,0.113768,0.046284,0.412471,1.520839,calls/second,milliseconds
1607876713,73,4.793528,0.506059,0.005806,0.552672,0.252119,0.672803,1.554887,1.554887,1.554887,1.554887,0.113766,0.046284,0.412471,1.520839,calls/second,milliseconds
