t,count,max,mean,min,stddev,p50,p75,p95,p98,p99,p999,mean_rate,m1_rate,m5_rate,m15_rate,rate_unit,duration_unit
1608510700,5,19.080628,3.822553,0.002182,7.629039,0.007596,0.017993,19.080628,19.080628,19.080628,19.080628,0.016666,0.007324,0.374062,0.720523,calls/second,milliseconds
1608510902,28,19.080628,1.692629,0.002182,3.148220,0.223587,0.726060,8.177912,10.904098,10.904098,10.904098,0.055881,0.076325,0.244583,0.598797,calls/second,milliseconds
1608510902,28,19.080628,1.692629,0.002182,3.148220,0.223587,0.726060,8.177912,10.904098,10.904098,10.904098,0.055880,0.076325,0.244583,0.598797,calls/second,milliseconds
