t,count,max,mean,min,stddev,p50,p75,p95,p98,p99,p999,mean_rate,m1_rate,m5_rate,m15_rate,rate_unit,duration_unit
1608504915,28,21.450077,1.377814,0.002364,2.484479,0.236950,1.260692,6.884507,6.884507,6.884507,21.450077,0.145862,0.257921,0.605332,0.837744,calls/second,milliseconds
1608504915,28,21.450077,1.377814,0.002364,2.484479,0.236950,1.260692,6.884507,6.884507,6.884507,21.450077,0.145852,0.257921,0.605332,0.837744,calls/second,milliseconds
