t,count,max,mean,min,stddev,p50,p75,p95,p98,p99,p999,mean_rate,m1_rate,m5_rate,m15_rate,rate_unit,duration_unit
1609416832,64,0.122032,0.012094,0.001007,0.016889,0.005715,0.011970,0.053360,0.065797,0.086260,0.122032,0.385351,0.509356,1.884556,2.558382,calls/second,milliseconds
1609416832,64,0.122032,0.012094,0.001007,0.016889,0.005715,0.011970,0.053360,0.065797,0.086260,0.122032,0.385319,0.509356,1.884556,2.558382,calls/second,milliseconds
