t,count,max,mean,min,stddev,p50,p75,p95,p98,p99,p999,mean_rate,m1_rate,m5_rate,m15_rate,rate_unit,duration_unit
1608503842,65,4.234804,0.311826,0.012377,0.590449,0.191583,0.305641,0.715047,3.220907,4.234804,4.234804,0.863153,0.883671,0.808161,0.801702,calls/second,milliseconds
1608503842,65,4.234804,0.311826,0.012377,0.590449,0.191583,0.305641,0.715047,3.220907,4.234804,4.234804,0.863007,0.883671,0.808161,0.801702,calls/second,milliseconds
