t,count,max,mean,min,stddev,p50,p75,p95,p98,p99,p999,mean_rate,m1_rate,m5_rate,m15_rate,rate_unit,duration_unit
1610002281,19,4.248678,1.334806,0.027717,1.000701,1.108858,1.263636,4.248678,4.248678,4.248678,4.248678,0.063309,0.035829,1.131123,2.165437,calls/second,milliseconds
1610002477,70,4.248678,0.338983,0.018080,0.394635,0.217806,0.397521,1.364880,1.521220,1.521220,2.050736,0.140993,0.144052,0.699658,1.789847,calls/second,milliseconds
1610002477,70,4.248678,0.338983,0.018080,0.394635,0.217806,0.397521,1.364880,1.521220,1.521220,2.050736,0.140990,0.144052,0.699658,1.789847,calls/second,milliseconds
