t,count,max,mean,min,stddev,p50,p75,p95,p98,p99,p999,mean_rate,m1_rate,m5_rate,m15_rate,rate_unit,duration_unit
1609139462,32,2.071126,0.140569,0.004806,0.197729,0.057277,0.148358,0.695065,0.695065,0.695065,2.071126,0.106644,0.176757,0.362594,0.603274,calls/second,milliseconds
1609139637,69,2.071126,0.136454,0.004806,0.102797,0.115511,0.187346,0.281178,0.417214,0.465054,0.695065,0.145190,0.058679,0.269038,0.527684,calls/second,milliseconds
1609139637,69,2.071126,0.136454,0.004806,0.102797,0.115511,0.187346,0.281178,0.417214,0.465054,0.695065,0.145188,0.058679,0.269038,0.527684,calls/second,milliseconds
