t,count,max,mean,min,stddev,p50,p75,p95,p98,p99,p999,mean_rate,m1_rate,m5_rate,m15_rate,rate_unit,duration_unit
1607879196,67,2.659629,0.356078,0.001342,0.437077,0.202273,0.563482,1.302838,1.302838,1.302838,2.659629,0.267337,0.085291,0.466103,0.663698,calls/second,milliseconds
1607879196,67,2.659629,0.356078,0.001342,0.437077,0.202273,0.563482,1.302838,1.302838,1.302838,2.659629,0.267322,0.085291,0.466103,0.663698,calls/second,milliseconds
