t,count,max,mean,min,stddev,p50,p75,p95,p98,p99,p999,mean_rate,m1_rate,m5_rate,m15_rate,rate_unit,duration_unit
1607735650,38,10.619448,0.540948,0.030193,0.566680,0.335409,1.020481,1.510204,1.510204,1.559917,1.791724,0.126626,0.259941,0.382397,0.609963,calls/second,milliseconds
1607735950,68,10.619448,0.858236,0.030193,0.989937,0.271035,1.537248,2.401409,2.851205,4.725557,4.725557,0.113314,0.022300,0.184030,0.462136,calls/second,milliseconds
1607736250,73,10.619448,0.790782,0.030193,0.545904,0.353117,1.424787,1.515182,1.515182,1.515182,2.401409,0.081102,0.016715,0.078307,0.335872,calls/second,milliseconds
1607736475,81,10.619448,1.557007,0.030193,2.489181,0.369296,1.352804,6.258572,9.315254,9.315254,9.315254,0.072014,0.023276,0.047487,0.267034,calls/second,milliseconds
1607736475,81,10.619448,1.557007,0.030193,2.489181,0.369296,1.352804,6.258572,9.315254,9.315254,9.315254,0.072013,0.023276,0.047487,0.267034,calls/second,milliseconds
