t,count,max,mean,min,stddev,p50,p75,p95,p98,p99,p999,mean_rate,m1_rate,m5_rate,m15_rate,rate_unit,duration_unit
1609389242,19,4.983975,1.593856,0.014666,1.817251,0.632261,1.237095,4.983975,4.983975,4.983975,4.983975,0.063308,0.038342,1.131426,2.165481,calls/second,milliseconds
1609389542,68,4.983975,0.731506,0.014666,0.945915,0.380862,0.817943,3.394821,3.394821,3.394821,4.172920,0.113310,0.038342,0.497934,1.594736,calls/second,milliseconds
1609389842,73,10.078367,3.212650,0.014666,3.621554,1.023503,8.892332,8.892332,10.078367,10.078367,10.078367,0.081100,0.016823,0.193786,1.147415,calls/second,milliseconds
1609390142,78,10.078367,0.896714,0.014666,0.501031,0.836559,0.853996,0.897548,1.847206,1.847206,8.892332,0.064993,0.016678,0.081896,0.826896,calls/second,milliseconds
1609390442,83,10.078367,0.799961,0.014666,0.080945,0.827816,0.827816,0.827816,0.836559,0.874869,0.874869,0.055329,0.016677,0.040734,0.597233,calls/second,milliseconds
1609390742,91,10.078367,1.161890,0.014666,2.554092,0.210027,0.922761,9.285950,9.285950,9.285950,9.285950,0.050552,0.045774,0.034564,0.435888,calls/second,milliseconds
1609390785,99,10.078367,0.350117,0.009695,1.296866,0.083732,0.258773,0.922761,9.285950,9.285950,9.285950,0.053727,0.096409,0.051448,0.424472,calls/second,milliseconds
1609390785,99,10.078367,0.350117,0.009695,1.296866,0.083732,0.258773,0.922761,9.285950,9.285950,9.285950,0.053727,0.096409,0.051448,0.424472,calls/second,milliseconds
