t,count,max,mean,min,stddev,p50,p75,p95,p98,p99,p999,mean_rate,m1_rate,m5_rate,m15_rate,rate_unit,duration_unit
1607868703,46,3.714682,0.240029,0.008220,0.326438,0.134963,0.302105,0.647463,0.704396,0.704396,3.584254,0.153282,0.319607,0.404841,0.618340,calls/second,milliseconds
1607869003,67,62.059248,1.775379,0.008220,9.219089,0.388693,0.479306,0.765246,62.059248,62.059248,62.059248,0.111620,0.017218,0.181233,0.460986,calls/second,milliseconds
1607869303,72,62.059248,2.377782,0.008220,1.826247,3.460811,3.460811,3.460811,3.460811,3.460811,3.460811,0.079993,0.011036,0.076430,0.334918,calls/second,milliseconds
1607869603,77,64.057233,1.571260,0.008220,8.030534,0.319336,0.900750,0.900750,3.460811,64.057233,64.057233,0.064162,0.010995,0.037875,0.244586,calls/second,milliseconds
1607869712,83,64.057233,0.477360,0.008220,1.458602,0.448050,0.642998,0.999917,0.999917,0.999917,0.999917,0.063439,0.014117,0.032040,0.219716,calls/second,milliseconds
1607869712,83,64.057233,0.477360,0.008220,1.458602,0.448050,0.642998,0.999917,0.999917,0.999917,0.999917,0.063438,0.014117,0.032040,0.219716,calls/second,milliseconds
