t,count,max,mean,min,stddev,p50,p75,p95,p98,p99,p999,mean_rate,m1_rate,m5_rate,m15_rate,rate_unit,duration_unit
1609989600,70,4.350358,0.195383,0.003206,0.407817,0.091774,0.188646,0.749752,1.168176,1.515585,4.350358,0.511970,0.456964,0.684884,0.756426,calls/second,milliseconds
1609989600,70,4.350358,0.195383,0.003206,0.407817,0.091774,0.188646,0.749752,1.168176,1.515585,4.350358,0.511941,0.456964,0.684884,0.756426,calls/second,milliseconds
