t,count,max,mean,min,stddev,p50,p75,p95,p98,p99,p999,mean_rate,m1_rate,m5_rate,m15_rate,rate_unit,duration_unit
1609282250,62,6.018496,1.000046,0.018178,1.682988,0.234824,0.699044,4.882311,4.882311,4.882311,6.018496,0.206578,0.057765,1.203881,2.203560,calls/second,milliseconds
1609282515,71,10.495009,1.066863,0.018178,2.467098,0.172415,0.329367,10.495009,10.495009,10.495009,10.495009,0.125595,0.068240,0.518570,1.649646,calls/second,milliseconds
1609282515,71,10.495009,1.066863,0.018178,2.467098,0.172415,0.329367,10.495009,10.495009,10.495009,10.495009,0.125593,0.068240,0.518570,1.649646,calls/second,milliseconds
