t,count,max,mean,min,stddev,p50,p75,p95,p98,p99,p999,mean_rate,m1_rate,m5_rate,m15_rate,rate_unit,duration_unit
1607893504,19,2.789862,0.183976,0.001220,0.294246,0.080486,0.276636,0.276636,1.078815,1.080488,2.789862,0.063335,0.041674,1.150441,2.177545,calls/second,milliseconds
1607893804,68,2.789862,0.417733,0.001220,0.460844,0.169596,0.772666,1.413380,1.503204,1.503204,1.514261,0.113297,0.125344,0.523484,1.598826,calls/second,milliseconds
1607893976,75,2.789862,0.440570,0.001220,0.536170,0.177838,0.461046,1.531948,1.531948,1.531948,1.531948,0.097184,0.026093,0.304859,1.326697,calls/second,milliseconds
1607893976,75,2.789862,0.440570,0.001220,0.536170,0.177838,0.461046,1.531948,1.531948,1.531948,1.531948,0.097183,0.026093,0.304859,1.326697,calls/second,milliseconds
