t,count,max,mean,min,stddev,p50,p75,p95,p98,p99,p999,mean_rate,m1_rate,m5_rate,m15_rate,rate_unit,duration_unit
1609434028,19,0.061520,0.040199,0.000312,0.016139,0.050703,0.050703,0.050703,0.061520,0.061520,0.061520,0.063329,0.032478,0.323810,0.589415,calls/second,milliseconds
1609434328,68,0.237894,0.008615,0.000312,0.020138,0.003000,0.007784,0.029611,0.056793,0.056793,0.237894,0.113329,0.290921,0.245829,0.472204,calls/second,milliseconds
1609434628,73,0.237894,0.058714,0.000312,0.022609,0.075279,0.075279,0.075279,0.075279,0.075279,0.075279,0.081109,0.027087,0.101963,0.343219,calls/second,milliseconds
1609434919,81,0.237894,0.013888,0.000312,0.018797,0.009989,0.012373,0.064868,0.064868,0.064868,0.075279,0.068001,0.011009,0.047282,0.252479,calls/second,milliseconds
1609434919,81,0.237894,0.013888,0.000312,0.018797,0.009989,0.012373,0.064868,0.064868,0.064868,0.075279,0.068000,0.011009,0.047282,0.252479,calls/second,milliseconds
