t,count,max,mean,min,stddev,p50,p75,p95,p98,p99,p999,mean_rate,m1_rate,m5_rate,m15_rate,rate_unit,duration_unit
1608505851,63,0.173606,0.015821,0.003347,0.019046,0.009427,0.015250,0.060696,0.098724,0.104500,0.104500,0.209806,0.392062,0.449930,0.635869,calls/second,milliseconds
1608505919,68,0.173606,0.020118,0.003347,0.023665,0.009597,0.021361,0.079572,0.098724,0.104500,0.104500,0.184939,0.139649,0.365081,0.592613,calls/second,milliseconds
1608505919,68,0.173606,0.020118,0.003347,0.023665,0.009597,0.021361,0.079572,0.098724,0.104500,0.104500,0.184936,0.139649,0.365081,0.592613,calls/second,milliseconds
