t,count,max,mean,min,stddev,p50,p75,p95,p98,p99,p999,mean_rate,m1_rate,m5_rate,m15_rate,rate_unit,duration_unit
1609284468,63,2.367065,0.341066,0.024989,0.395934,0.207825,0.311293,1.332952,1.332952,1.617368,2.367065,0.209951,0.139139,0.423706,0.632425,calls/second,milliseconds
1609284742,71,8.838729,0.458477,0.024989,0.794131,0.267253,0.937267,1.037824,2.120384,2.120384,8.838729,0.123828,0.013277,0.180909,0.472338,calls/second,milliseconds
1609284742,71,8.838729,0.458477,0.024989,0.794131,0.267253,0.937267,1.037824,2.120384,2.120384,8.838729,0.123826,0.013277,0.180909,0.472338,calls/second,milliseconds
