t,count,max,mean,min,stddev,p50,p75,p95,p98,p99,p999,mean_rate,m1_rate,m5_rate,m15_rate,rate_unit,duration_unit
1609294283,21,1.601957,0.577008,0.010983,0.391071,0.456860,1.098253,1.098253,1.098253,1.098253,1.601957,0.069987,0.062487,0.330277,0.591613,calls/second,milliseconds
1609294583,68,1.601957,0.502454,0.010983,0.274285,0.666727,0.722243,0.722243,0.722243,0.938156,1.106957,0.113322,0.034491,0.193016,0.463946,calls/second,milliseconds
1609294883,73,1.601957,0.619180,0.010983,0.085282,0.679218,0.679218,0.679218,0.679218,0.679218,0.722243,0.081106,0.023350,0.082344,0.337275,calls/second,milliseconds
1609295073,80,1.601957,0.246458,0.010983,0.245465,0.137280,0.247484,0.786304,0.786304,0.786304,0.786304,0.073430,0.021417,0.052403,0.277687,calls/second,milliseconds
1609295073,80,1.601957,0.246458,0.010983,0.245465,0.137280,0.247484,0.786304,0.786304,0.786304,0.786304,0.073429,0.021417,0.052403,0.277687,calls/second,milliseconds
