t,count,max,mean,min,stddev,p50,p75,p95,p98,p99,p999,mean_rate,m1_rate,m5_rate,m15_rate,rate_unit,duration_unit
1609279853,28,29.787649,1.399114,0.002921,4.584501,0.100740,0.389806,5.431714,29.787649,29.787649,29.787649,0.403746,0.322577,0.083933,0.029304,calls/second,milliseconds
1609279853,28,29.787649,1.399114,0.002921,4.584501,0.100740,0.389806,5.431714,29.787649,29.787649,29.787649,0.403689,0.322577,0.083933,0.029304,calls/second,milliseconds
