t,count,max,mean,min,stddev,p50,p75,p95,p98,p99,p999,mean_rate,m1_rate,m5_rate,m15_rate,rate_unit,duration_unit
1608511861,19,2.960219,0.648650,0.011651,0.302890,0.711613,0.711613,0.711613,0.776100,0.776100,2.960219,0.063315,0.037033,1.131273,2.165459,calls/second,milliseconds
1608512095,71,2.960219,0.221299,0.011651,0.219582,0.145611,0.261742,0.670827,0.772746,0.772746,1.302101,0.132985,0.159184,0.638420,1.724526,calls/second,milliseconds
1608512095,71,2.960219,0.221299,0.011651,0.219582,0.145611,0.261742,0.670827,0.772746,0.772746,1.302101,0.132983,0.159184,0.638420,1.724526,calls/second,milliseconds
