t,count,max,mean,min,stddev,p50,p75,p95,p98,p99,p999,mean_rate,m1_rate,m5_rate,m15_rate,rate_unit,duration_unit
1609298483,19,0.076304,0.022561,0.000378,0.010464,0.020695,0.024882,0.040399,0.043873,0.043873,0.076304,0.063329,0.032491,0.323832,0.589419,calls/second,milliseconds
1609298783,67,0.076304,0.015492,0.000378,0.011597,0.020695,0.027821,0.027821,0.027821,0.040392,0.040392,0.111664,0.046667,0.200263,0.464720,calls/second,milliseconds
1609299083,72,0.076304,0.019284,0.000378,0.010556,0.027076,0.027076,0.027076,0.029538,0.029538,0.029538,0.079999,0.025442,0.085200,0.337857,calls/second,milliseconds
1609299383,77,0.076304,0.021305,0.000378,0.011771,0.029615,0.029615,0.029615,0.029615,0.029615,0.029615,0.064166,0.025299,0.042871,0.246955,calls/second,milliseconds
1609299683,82,0.076304,0.025273,0.000378,0.012127,0.032622,0.032622,0.036773,0.036773,0.036773,0.036773,0.054666,0.025298,0.027299,0.181821,calls/second,milliseconds
1609299847,88,0.076304,0.015824,0.000378,0.021069,0.005030,0.006030,0.056280,0.056280,0.056280,0.056280,0.052864,0.012988,0.021277,0.154259,calls/second,milliseconds
1609299847,88,0.076304,0.015824,0.000378,0.021069,0.005030,0.006030,0.056280,0.056280,0.056280,0.056280,0.052863,0.012988,0.021277,0.154259,calls/second,milliseconds
