t,count,max,mean,min,stddev,p50,p75,p95,p98,p99,p999,mean_rate,m1_rate,m5_rate,m15_rate,rate_unit,duration_unit
1609281073,62,1.655954,0.082060,0.005576,0.205874,0.045715,0.072914,0.185321,0.353394,1.655954,1.655954,2.581537,0.798943,0.797346,0.798965,calls/second,milliseconds
1609281073,62,1.655954,0.082060,0.005576,0.205874,0.045715,0.072914,0.185321,0.353394,1.655954,1.655954,2.581156,0.798943,0.797346,0.798965,calls/second,milliseconds
