t,count,max,mean,min,stddev,p50,p75,p95,p98,p99,p999,mean_rate,m1_rate,m5_rate,m15_rate,rate_unit,duration_unit
1609426118,19,0.365796,0.076900,0.000714,0.091560,0.075616,0.075616,0.365796,0.365796,0.365796,0.365796,0.063328,0.031900,1.130547,2.165352,calls/second,milliseconds
1609426418,73,0.365796,0.022326,0.000669,0.034769,0.004403,0.019680,0.102489,0.102489,0.102489,0.102489,0.121658,0.044352,0.509639,1.599692,calls/second,milliseconds
1609426506,79,0.365796,0.021159,0.000669,0.027465,0.008570,0.022049,0.094340,0.094340,0.102489,0.102489,0.114712,0.026430,0.389520,1.457623,calls/second,milliseconds
1609426506,79,0.365796,0.021159,0.000669,0.027465,0.008570,0.022049,0.094340,0.094340,0.102489,0.102489,0.114710,0.026430,0.389520,1.457623,calls/second,milliseconds
