t,count,max,mean,min,stddev,p50,p75,p95,p98,p99,p999,mean_rate,m1_rate,m5_rate,m15_rate,rate_unit,duration_unit
1608504499,63,6.812990,0.230044,0.022270,0.403960,0.180536,0.249277,0.645711,0.740758,1.207271,6.812990,0.405445,0.696946,1.952373,2.586734,calls/second,milliseconds
1608504499,63,6.812990,0.230044,0.022270,0.403960,0.180536,0.249277,0.645711,0.740758,1.207271,6.812990,0.405411,0.696946,1.952373,2.586734,calls/second,milliseconds
