t,count,max,mean,min,stddev,p50,p75,p95,p98,p99,p999,mean_rate,m1_rate,m5_rate,m15_rate,rate_unit,duration_unit
1608513699,19,4.890141,0.109154,0.003453,0.520792,0.020763,0.030784,0.484784,0.697399,4.890141,4.890141,0.063335,0.027663,0.328616,0.592614,calls/second,milliseconds
1608513999,68,4.890141,0.185758,0.001285,0.202928,0.072238,0.341984,0.576105,0.682257,0.682257,0.682257,0.113335,0.132455,0.230621,0.472214,calls/second,milliseconds
1608514131,74,4.890141,0.246455,0.001285,0.251580,0.076083,0.532836,0.607770,0.607770,0.607770,0.682257,0.100994,0.027228,0.152491,0.408512,calls/second,milliseconds
1608514131,74,4.890141,0.246455,0.001285,0.251580,0.076083,0.532836,0.607770,0.607770,0.607770,0.682257,0.100993,0.027228,0.152491,0.408512,calls/second,milliseconds
