t,count,max,mean,min,stddev,p50,p75,p95,p98,p99,p999,mean_rate,m1_rate,m5_rate,m15_rate,rate_unit,duration_unit
1609286298,66,2.474044,0.291057,0.001220,0.362904,0.172319,0.425254,0.794837,1.918211,1.918211,1.918211,0.219993,0.282734,1.254522,2.213642,calls/second,milliseconds
1609286598,71,2.474044,0.062439,0.001220,0.194107,0.007878,0.008266,0.425254,0.682342,0.794837,1.918211,0.118332,0.013774,0.471435,1.590776,calls/second,milliseconds
1609286803,79,2.474044,0.614750,0.001220,0.684258,0.170012,1.489908,1.521371,1.521371,1.521371,1.521371,0.098072,0.069447,0.257672,1.274038,calls/second,milliseconds
1609286803,79,2.474044,0.614750,0.001220,0.684258,0.170012,1.489908,1.521371,1.521371,1.521371,1.521371,0.098071,0.069447,0.257672,1.274038,calls/second,milliseconds
