t,count,max,mean,min,stddev,p50,p75,p95,p98,p99,p999,mean_rate,m1_rate,m5_rate,m15_rate,rate_unit,duration_unit
1610010270,19,3.283101,0.857914,0.016033,0.458461,1.012626,1.012626,1.290211,1.331485,3.283101,3.283101,0.063306,0.031900,1.130547,2.165352,calls/second,milliseconds
1610010570,68,3.283101,0.249351,0.014578,0.219599,0.180591,0.304203,0.705705,0.812192,0.970538,1.036998,0.113309,0.341282,0.546260,1.601843,calls/second,milliseconds
1610010750,75,3.283101,0.352128,0.014578,0.335911,0.267155,0.678199,1.122272,1.122272,1.122272,1.122272,0.096098,0.074576,0.316561,1.317732,calls/second,milliseconds
1610010750,75,3.283101,0.352128,0.014578,0.335911,0.267155,0.678199,1.122272,1.122272,1.122272,1.122272,0.096097,0.074576,0.316561,1.317732,calls/second,milliseconds
