t,count,max,mean,min,stddev,p50,p75,p95,p98,p99,p999,mean_rate,m1_rate,m5_rate,m15_rate,rate_unit,duration_unit
1607744698,19,1.189109,0.308779,0.011274,0.379046,0.059517,0.343571,0.962357,1.025552,1.189109,1.189109,0.063337,0.020053,0.327706,0.592484,calls/second,milliseconds
1607744998,68,3.585230,0.368098,0.007310,0.612401,0.163168,0.425852,0.990642,3.585230,3.585230,3.585230,0.113336,0.032368,0.200904,0.467410,calls/second,milliseconds
1607745297,73,3.585230,0.149588,0.007310,0.132464,0.164747,0.164747,0.250203,0.250203,0.367550,1.709684,0.081113,0.012087,0.083830,0.339547,calls/second,milliseconds
1607745597,78,3.585230,0.151706,0.007310,0.058510,0.182926,0.182926,0.182926,0.284671,0.284671,0.284671,0.065001,0.011951,0.040761,0.247929,calls/second,milliseconds
1607745897,83,3.585230,0.071270,0.007310,0.037215,0.064547,0.078274,0.078274,0.231198,0.231198,0.231198,0.055334,0.011950,0.024917,0.182281,calls/second,milliseconds
1607746197,88,3.585230,0.062386,0.007310,0.055401,0.025632,0.141853,0.165485,0.165485,0.170836,0.170836,0.048889,0.011950,0.019088,0.135243,calls/second,milliseconds
1607746497,98,3.585230,0.139049,0.007310,0.050824,0.172985,0.172985,0.172985,0.172985,0.172985,0.172985,0.046667,0.012641,0.023336,0.105575,calls/second,milliseconds
1607746720,106,3.585230,0.297876,0.007310,0.309908,0.049901,0.481070,0.769024,0.769024,0.769024,1.480654,0.045650,0.015360,0.020110,0.086111,calls/second,milliseconds
1607746720,106,3.585230,0.297876,0.007310,0.309908,0.049901,0.481070,0.769024,0.769024,0.769024,1.480654,0.045650,0.015360,0.020110,0.086111,calls/second,milliseconds
