t,count,max,mean,min,stddev,p50,p75,p95,p98,p99,p999,mean_rate,m1_rate,m5_rate,m15_rate,rate_unit,duration_unit
1608513112,19,2.969837,0.090003,0.000857,0.337664,0.035831,0.035831,0.246932,0.495852,2.969837,2.969837,0.063336,0.034673,1.149547,2.177416,calls/second,milliseconds
1608513389,72,2.969837,0.264288,0.000857,0.263946,0.115957,0.533634,0.690686,0.729317,0.758865,0.758865,0.124732,0.125985,0.560686,1.642669,calls/second,milliseconds
1608513389,72,2.969837,0.264288,0.000857,0.263946,0.115957,0.533634,0.690686,0.729317,0.758865,0.758865,0.124730,0.125985,0.560686,1.642669,calls/second,milliseconds
