t,count,max,mean,min,stddev,p50,p75,p95,p98,p99,p999,mean_rate,m1_rate,m5_rate,m15_rate,rate_unit,duration_unit
1609412857,27,19.942478,1.619594,0.002230,3.556680,0.109719,1.180921,7.599513,14.462527,14.462527,19.942478,0.089992,0.027704,0.415128,0.740669,calls/second,milliseconds
1609413094,28,19.942478,2.157031,0.002230,0.984510,2.200466,2.200466,2.200466,2.200466,4.787899,14.462527,0.052069,0.010251,0.192655,0.571532,calls/second,milliseconds
1609413094,28,19.942478,2.157031,0.002230,0.984510,2.200466,2.200466,2.200466,2.200466,4.787899,14.462527,0.052068,0.010251,0.192655,0.571532,calls/second,milliseconds
