t,count,max,mean,min,stddev,p50,p75,p95,p98,p99,p999,mean_rate,m1_rate,m5_rate,m15_rate,rate_unit,duration_unit
1609416347,65,8.577549,0.461857,0.030079,0.831670,0.242726,0.429485,1.992660,2.034800,2.527255,8.577549,0.490666,0.442031,0.680621,0.755170,calls/second,milliseconds
1609416347,65,8.577549,0.461857,0.030079,0.831670,0.242726,0.429485,1.992660,2.034800,2.527255,8.577549,0.490615,0.442031,0.680621,0.755170,calls/second,milliseconds
