t,count,max,mean,min,stddev,p50,p75,p95,p98,p99,p999,mean_rate,m1_rate,m5_rate,m15_rate,rate_unit,duration_unit
1610311047,19,0.134745,0.007298,0.000164,0.013426,0.003074,0.007311,0.013254,0.035597,0.035597,0.134745,0.063330,0.022576,0.322636,0.589238,calls/second,milliseconds
1610311347,67,0.134745,0.006829,0.000133,0.010469,0.003368,0.008230,0.018583,0.048347,0.055140,0.055140,0.111664,0.075903,0.214472,0.467052,calls/second,milliseconds
1610311475,73,0.134745,0.005038,0.000133,0.004751,0.003550,0.006348,0.009191,0.012810,0.018583,0.055140,0.100270,0.021657,0.146739,0.408549,calls/second,milliseconds
1610311475,73,0.134745,0.005038,0.000133,0.004751,0.003550,0.006348,0.009191,0.012810,0.018583,0.055140,0.100269,0.021657,0.146739,0.408549,calls/second,milliseconds
