t,count,max,mean,min,stddev,p50,p75,p95,p98,p99,p999,mean_rate,m1_rate,m5_rate,m15_rate,rate_unit,duration_unit
1607875603,63,0.110733,0.004384,0.000144,0.006892,0.001925,0.007612,0.016185,0.024090,0.037068,0.110733,0.209976,0.151077,0.426354,0.632832,calls/second,milliseconds
1607875903,68,0.110733,0.011436,0.000144,0.007654,0.017970,0.017970,0.017970,0.017970,0.017970,0.037068,0.113326,0.017583,0.167453,0.458181,calls/second,milliseconds
1607876066,75,0.110733,0.012803,0.000144,0.007721,0.012783,0.016560,0.025614,0.025614,0.025614,0.025614,0.098331,0.023338,0.106328,0.386653,calls/second,milliseconds
1607876066,75,0.110733,0.012803,0.000144,0.007721,0.012783,0.016560,0.025614,0.025614,0.025614,0.025614,0.098329,0.023338,0.106328,0.386653,calls/second,milliseconds
