t,count,max,mean,min,stddev,p50,p75,p95,p98,p99,p999,mean_rate,m1_rate,m5_rate,m15_rate,rate_unit,duration_unit
1608504339,65,1.264734,0.255780,0.002213,0.248777,0.128909,0.425659,0.720119,0.770759,0.770759,1.264734,0.387392,0.390454,0.619835,0.728197,calls/second,milliseconds
1608504339,65,1.264734,0.255780,0.002213,0.248777,0.128909,0.425659,0.720119,0.770759,0.770759,1.264734,0.387378,0.390454,0.619835,0.728197,calls/second,milliseconds
