t,count,max,mean,min,stddev,p50,p75,p95,p98,p99,p999,mean_rate,m1_rate,m5_rate,m15_rate,rate_unit,duration_unit
1609994630,65,7.161103,0.734922,0.034077,1.184428,0.291184,0.668138,3.804945,5.745572,5.745572,7.161103,0.279909,0.203874,0.510561,0.679088,calls/second,milliseconds
1609994630,65,7.161103,0.734922,0.034077,1.184428,0.291184,0.668138,3.804945,5.745572,5.745572,7.161103,0.279893,0.203874,0.510561,0.679088,calls/second,milliseconds
