t,count,max,mean,min,stddev,p50,p75,p95,p98,p99,p999,mean_rate,m1_rate,m5_rate,m15_rate,rate_unit,duration_unit
1607735650,38,9.793990,0.420780,0.008851,0.611700,0.145676,0.661345,1.433541,2.122490,2.122490,2.122490,0.126670,0.178246,0.368656,0.606676,calls/second,milliseconds
1607735950,68,9.793990,0.244123,0.008851,0.363266,0.061193,0.229446,1.176455,1.176455,1.176455,2.122490,0.113334,0.024238,0.187123,0.464711,calls/second,milliseconds
1607736250,73,9.793990,0.123732,0.008851,0.183412,0.031707,0.183930,0.186977,0.917976,0.917976,1.176455,0.081112,0.018168,0.079623,0.337743,calls/second,milliseconds
1607736475,81,9.793990,0.549234,0.008851,0.589728,0.114270,1.083990,1.518878,1.518878,1.518878,1.518878,0.072021,0.023276,0.047487,0.267034,calls/second,milliseconds
1607736475,81,9.793990,0.549234,0.008851,0.589728,0.114270,1.083990,1.518878,1.518878,1.518878,1.518878,0.072020,0.023276,0.047487,0.267034,calls/second,milliseconds
