t,count,max,mean,min,stddev,p50,p75,p95,p98,p99,p999,mean_rate,m1_rate,m5_rate,m15_rate,rate_unit,duration_unit
1610406764,19,5.392611,1.240009,0.008184,0.903178,1.246461,1.246461,3.364778,3.364778,5.392611,5.392611,0.063318,0.020263,0.322338,0.589195,calls/second,milliseconds
1610407042,71,8.088122,0.315797,0.008184,0.693303,0.202203,0.444288,0.472936,0.756066,1.517515,8.088122,0.122682,0.046776,0.213197,0.477040,calls/second,milliseconds
1610407042,71,8.088122,0.315797,0.008184,0.693303,0.202203,0.444288,0.472936,0.756066,1.517515,8.088122,0.122681,0.046776,0.213197,0.477040,calls/second,milliseconds
