t,count,max,mean,min,stddev,p50,p75,p95,p98,p99,p999,mean_rate,m1_rate,m5_rate,m15_rate,rate_unit,duration_unit
1609287829,62,1.581816,0.296135,0.004121,0.291396,0.209298,0.477115,0.808310,1.220826,1.220826,1.220826,0.206676,0.463723,1.277954,2.223465,calls/second,milliseconds
1609288129,67,1.581816,0.103275,0.004121,0.170433,0.059979,0.059979,0.512937,0.759862,0.808310,1.220826,0.111668,0.019689,0.480739,1.597919,calls/second,milliseconds
1609288429,72,1.581816,0.057050,0.004121,0.027094,0.070093,0.070093,0.070093,0.070093,0.070093,0.396832,0.080001,0.016697,0.187460,1.149696,calls/second,milliseconds
1609288517,78,1.581816,0.334035,0.004121,0.330227,0.227699,0.771044,0.777099,0.777099,0.777099,0.777099,0.078973,0.010120,0.141626,1.041330,calls/second,milliseconds
1609288517,78,1.581816,0.334035,0.004121,0.330227,0.227699,0.771044,0.777099,0.777099,0.777099,0.777099,0.078973,0.010120,0.141626,1.041330,calls/second,milliseconds
