t,count,max,mean,min,stddev,p50,p75,p95,p98,p99,p999,mean_rate,m1_rate,m5_rate,m15_rate,rate_unit,duration_unit
1609281270,65,2.543044,0.350732,0.002619,0.389038,0.233268,0.524989,1.074059,1.098048,1.406815,2.543044,0.563707,0.734900,2.206456,2.704930,calls/second,milliseconds
1609281271,65,2.543044,0.350732,0.002619,0.389038,0.233268,0.524989,1.074059,1.098048,1.406815,2.543044,0.563652,0.734900,2.206456,2.704930,calls/second,milliseconds
