t,count,max,mean,min,stddev,p50,p75,p95,p98,p99,p999,mean_rate,m1_rate,m5_rate,m15_rate,rate_unit,duration_unit
1609548588,19,5.563444,3.303491,0.012289,2.372459,5.563444,5.563444,5.563444,5.563444,5.563444,5.563444,0.063317,0.023885,0.322788,0.589259,calls/second,milliseconds
1609548888,72,5.563444,0.211337,0.009434,0.278024,0.142424,0.271037,0.795513,1.241898,1.241898,1.298214,0.119983,0.283013,0.253006,0.475787,calls/second,milliseconds
1609549188,77,9.860308,2.685843,0.009434,3.764489,0.666657,1.737174,9.860308,9.860308,9.860308,9.860308,0.085548,0.018472,0.103682,0.345653,calls/second,milliseconds
1609549359,84,9.860308,0.634098,0.009434,0.709527,0.782357,0.784406,1.218301,1.218301,1.218301,9.860308,0.078427,0.019807,0.066657,0.289222,calls/second,milliseconds
1609549359,84,9.860308,0.634098,0.009434,0.709527,0.782357,0.784406,1.218301,1.218301,1.218301,9.860308,0.078426,0.019807,0.066657,0.289222,calls/second,milliseconds
