t,count,max,mean,min,stddev,p50,p75,p95,p98,p99,p999,mean_rate,m1_rate,m5_rate,m15_rate,rate_unit,duration_unit
1609418106,63,7.935783,0.570141,0.043594,0.987004,0.248115,0.366209,3.778645,3.778645,3.778645,7.935783,0.209936,0.127073,0.421868,0.632161,calls/second,milliseconds
1609418145,68,7.935783,0.970152,0.043594,1.326062,0.256503,1.023047,4.499793,4.499793,4.499793,4.499793,0.200516,0.083365,0.378557,0.609138,calls/second,milliseconds
1609418145,68,7.935783,0.970152,0.043594,1.326062,0.256503,1.023047,4.499793,4.499793,4.499793,4.499793,0.200508,0.083365,0.378557,0.609138,calls/second,milliseconds
