t,count,max,mean,min,stddev,p50,p75,p95,p98,p99,p999,mean_rate,m1_rate,m5_rate,m15_rate,rate_unit,duration_unit
1607724229,66,7.336094,0.878244,0.017811,1.013298,0.491259,1.228889,2.381106,4.339347,4.339347,7.336094,0.223985,0.067359,1.237684,2.226897,calls/second,milliseconds
1607724229,66,7.336094,0.878244,0.017811,1.013298,0.491259,1.228889,2.381106,4.339347,4.339347,7.336094,0.223969,0.067359,1.237684,2.226897,calls/second,milliseconds
