t,count,max,mean,min,stddev,p50,p75,p95,p98,p99,p999,mean_rate,m1_rate,m5_rate,m15_rate,rate_unit,duration_unit
1609279853,62,10.971151,0.207826,0.007855,1.131140,0.057243,0.100783,0.322966,0.337153,10.971151,10.971151,0.893500,0.937804,0.822711,0.806997,calls/second,milliseconds
1609279853,62,10.971151,0.207826,0.007855,1.131140,0.057243,0.100783,0.322966,0.337153,10.971151,10.971151,0.893375,0.937804,0.822711,0.806997,calls/second,milliseconds
