t,count,max,mean,min,stddev,p50,p75,p95,p98,p99,p999,mean_rate,m1_rate,m5_rate,m15_rate,rate_unit,duration_unit
1609321358,19,0.080401,0.006156,0.000886,0.008681,0.005392,0.005392,0.005392,0.022766,0.080401,0.080401,0.063330,0.033701,1.130830,2.165395,calls/second,milliseconds
1609321658,59,0.080401,0.006180,0.000202,0.010975,0.002579,0.006556,0.024058,0.052240,0.052240,0.052240,0.098331,0.226540,0.519286,1.592259,calls/second,milliseconds
1609321958,72,0.080401,0.007950,0.000202,0.005101,0.009471,0.009471,0.009528,0.020351,0.020351,0.052240,0.079998,0.014599,0.211356,1.152030,calls/second,milliseconds
1609322258,77,0.080401,0.008486,0.000202,0.000992,0.008382,0.008382,0.009778,0.010104,0.010104,0.010104,0.064166,0.011968,0.087675,0.830098,calls/second,milliseconds
1609322558,82,0.080401,0.005999,0.000202,0.002048,0.007586,0.007586,0.007586,0.007586,0.008279,0.009778,0.054666,0.011950,0.042176,0.599424,calls/second,milliseconds
1609322858,87,0.080401,0.004473,0.000202,0.000933,0.004126,0.004362,0.007112,0.007112,0.007112,0.007586,0.048333,0.011950,0.025438,0.434139,calls/second,milliseconds
1609323104,101,0.080401,0.016328,0.000202,0.017831,0.010680,0.011857,0.051330,0.051330,0.051330,0.051330,0.049363,0.061044,0.038873,0.342954,calls/second,milliseconds
1609323104,101,0.080401,0.016328,0.000202,0.017831,0.010680,0.011857,0.051330,0.051330,0.051330,0.051330,0.049363,0.061044,0.038873,0.342954,calls/second,milliseconds
