t,count,max,mean,min,stddev,p50,p75,p95,p98,p99,p999,mean_rate,m1_rate,m5_rate,m15_rate,rate_unit,duration_unit
1607878083,64,0.110985,0.006241,0.000204,0.015895,0.001810,0.006491,0.013390,0.101099,0.110985,0.110985,0.213316,0.056884,0.404707,0.630149,calls/second,milliseconds
1607878294,72,0.110985,0.005510,0.000204,0.004639,0.005603,0.006420,0.008837,0.023580,0.023580,0.023580,0.140996,0.021059,0.210524,0.502963,calls/second,milliseconds
1607878294,72,0.110985,0.005510,0.000204,0.004639,0.005603,0.006420,0.008837,0.023580,0.023580,0.023580,0.140993,0.021059,0.210524,0.502963,calls/second,milliseconds
