t,count,max,mean,min,stddev,p50,p75,p95,p98,p99,p999,mean_rate,m1_rate,m5_rate,m15_rate,rate_unit,duration_unit
1608198612,19,1.906557,0.526243,0.006771,0.258926,0.514172,0.514172,0.782466,1.284169,1.284169,1.906557,0.063320,0.030505,0.323666,0.589397,calls/second,milliseconds
1608198912,72,1.906557,0.232599,0.006771,0.213675,0.145198,0.497338,0.570783,0.570783,0.730422,0.730422,0.119989,0.091848,0.225504,0.471928,calls/second,milliseconds
1608199097,79,1.906557,0.261753,0.006771,0.206226,0.258316,0.298259,0.648752,0.648752,0.648752,0.730422,0.100688,0.026689,0.131851,0.389479,calls/second,milliseconds
1608199097,79,1.906557,0.261753,0.006771,0.206226,0.258316,0.298259,0.648752,0.648752,0.648752,0.730422,0.100687,0.026689,0.131851,0.389479,calls/second,milliseconds
