t,count,max,mean,min,stddev,p50,p75,p95,p98,p99,p999,mean_rate,m1_rate,m5_rate,m15_rate,rate_unit,duration_unit
1607846082,19,2.883529,0.094280,0.003948,0.294187,0.030679,0.055704,0.246064,0.916610,0.971227,2.883529,0.063336,0.044902,1.150759,2.177589,calls/second,milliseconds
1607846382,67,2.883529,0.261266,0.003948,0.383986,0.058517,0.386373,0.924407,1.892783,1.892783,2.470305,0.111669,0.056985,0.511108,1.603847,calls/second,milliseconds
1607846682,72,2.883529,1.110386,0.003948,0.886005,1.861400,1.861400,1.861400,1.861400,1.861400,1.861400,0.080000,0.019922,0.195884,1.147629,calls/second,milliseconds
1607846982,77,2.883529,0.184223,0.003948,0.354585,0.090797,0.169164,0.169164,1.767617,1.767617,1.861400,0.064167,0.021416,0.084422,0.831710,calls/second,milliseconds
1607847282,82,2.883529,0.073978,0.003948,0.180250,0.053070,0.053070,0.054360,0.090797,1.442612,1.442612,0.054667,0.021414,0.042207,0.600762,calls/second,milliseconds
1607847582,87,2.883529,0.065148,0.003948,0.029462,0.072069,0.072069,0.072069,0.152910,0.152910,0.152910,0.048334,0.021414,0.026677,0.435281,calls/second,milliseconds
1607847882,98,2.883529,0.402332,0.002757,0.653503,0.051680,0.058757,1.608158,1.608158,1.608158,1.608158,0.046667,0.022316,0.028763,0.321580,calls/second,milliseconds
1607847993,104,2.883529,0.404276,0.002757,0.503543,0.314002,0.314002,1.593624,1.593624,1.608158,1.608158,0.047027,0.039645,0.033503,0.288231,calls/second,milliseconds
1607847993,104,2.883529,0.404276,0.002757,0.503543,0.314002,0.314002,1.593624,1.593624,1.608158,1.608158,0.047027,0.039645,0.033503,0.288231,calls/second,milliseconds
