t,count,max,mean,min,stddev,p50,p75,p95,p98,p99,p999,mean_rate,m1_rate,m5_rate,m15_rate,rate_unit,duration_unit
1609310831,5,14.621327,2.938015,0.001924,5.841666,0.020048,0.035069,14.621327,14.621327,14.621327,14.621327,0.016666,0.007324,0.374062,0.720523,calls/second,milliseconds
1609311131,27,14.621327,1.626713,0.001924,2.831843,0.193442,0.376331,7.170956,8.388758,8.388758,8.388758,0.044999,0.065288,0.187813,0.537779,calls/second,milliseconds
1609311431,27,14.621327,1.626713,0.001924,2.831843,0.193442,0.376331,7.170956,8.388758,8.388758,8.388758,0.030000,0.000440,0.069092,0.385335,calls/second,milliseconds
1609311731,27,14.621327,1.626713,0.001924,2.831843,0.193442,0.376331,7.170956,8.388758,8.388758,8.388758,0.022500,0.000003,0.025418,0.276105,calls/second,milliseconds
1609312031,27,14.621327,1.626713,0.001924,2.831843,0.193442,0.376331,7.170956,8.388758,8.388758,8.388758,0.018000,0.000000,0.009351,0.197838,calls/second,milliseconds
1609312331,27,14.621327,1.626713,0.001924,2.831843,0.193442,0.376331,7.170956,8.388758,8.388758,8.388758,0.015000,0.000000,0.003440,0.141757,calls/second,milliseconds
1609312485,28,14.621327,0.946160,0.001924,0.000247,0.946160,0.946160,0.946160,0.946160,0.946160,0.946160,0.014331,0.000000,0.002086,0.119995,calls/second,milliseconds
1609312485,28,14.621327,0.946160,0.001924,0.000247,0.946160,0.946160,0.946160,0.946160,0.946160,0.946160,0.014331,0.000000,0.002086,0.119995,calls/second,milliseconds
