t,count,max,mean,min,stddev,p50,p75,p95,p98,p99,p999,mean_rate,m1_rate,m5_rate,m15_rate,rate_unit,duration_unit
1610000337,19,2.928924,0.182441,0.012526,0.376080,0.115070,0.165533,0.211640,0.992051,2.895128,2.928924,0.063336,0.017934,0.325913,0.591589,calls/second,milliseconds
1610000637,68,2.928924,0.233851,0.010397,0.303457,0.165255,0.165255,0.833982,1.124648,1.725137,1.879240,0.113336,0.023262,0.194211,0.465665,calls/second,milliseconds
1610000656,72,2.928924,0.530314,0.010397,0.570124,0.165255,1.021658,1.519225,1.519225,1.519225,1.879240,0.116301,0.029122,0.184830,0.456520,calls/second,milliseconds
1610000656,72,2.928924,0.530314,0.010397,0.570124,0.165255,1.021658,1.519225,1.519225,1.519225,1.879240,0.116299,0.029122,0.184830,0.456520,calls/second,milliseconds
