t,count,max,mean,min,stddev,p50,p75,p95,p98,p99,p999,mean_rate,m1_rate,m5_rate,m15_rate,rate_unit,duration_unit
1608507758,46,8.310149,0.191137,0.002522,0.283105,0.072416,0.371520,0.601018,0.642612,0.642612,2.137796,0.153337,0.358477,1.228652,2.204721,calls/second,milliseconds
1608507822,67,8.310149,0.296886,0.001910,0.341372,0.161576,0.379274,1.164675,1.164675,1.164675,1.164675,0.184377,0.258141,1.042775,2.071056,calls/second,milliseconds
1608507822,67,8.310149,0.296886,0.001910,0.341372,0.161576,0.379274,1.164675,1.164675,1.164675,1.164675,0.184373,0.258141,1.042775,2.071056,calls/second,milliseconds
