t,count,max,mean,min,stddev,p50,p75,p95,p98,p99,p999,mean_rate,m1_rate,m5_rate,m15_rate,rate_unit,duration_unit
1609240236,71,0.719531,0.176628,0.001229,0.189445,0.065371,0.340487,0.511712,0.528119,0.675734,0.719531,0.254006,0.224008,0.470873,0.654321,calls/second,milliseconds
1609240236,71,0.719531,0.176628,0.001229,0.189445,0.065371,0.340487,0.511712,0.528119,0.675734,0.719531,0.253998,0.224008,0.470873,0.654321,calls/second,milliseconds
