t,count,max,mean,min,stddev,p50,p75,p95,p98,p99,p999,mean_rate,m1_rate,m5_rate,m15_rate,rate_unit,duration_unit
1607887115,21,0.325839,0.138751,0.003270,0.135598,0.107347,0.325839,0.325839,0.325839,0.325839,0.325839,0.069994,0.064146,1.137477,2.167620,calls/second,milliseconds
1607887415,68,0.526326,0.108756,0.003270,0.150859,0.022987,0.194190,0.526326,0.526326,0.526326,0.526326,0.113328,0.029976,0.493451,1.593900,calls/second,milliseconds
1607887442,73,0.526326,0.061209,0.003270,0.093902,0.023640,0.032690,0.194190,0.526326,0.526326,0.526326,0.116395,0.034474,0.457248,1.551336,calls/second,milliseconds
1607887442,73,0.526326,0.061209,0.003270,0.093902,0.023640,0.032690,0.194190,0.526326,0.526326,0.526326,0.116394,0.034474,0.457248,1.551336,calls/second,milliseconds
