t,count,max,mean,min,stddev,p50,p75,p95,p98,p99,p999,mean_rate,m1_rate,m5_rate,m15_rate,rate_unit,duration_unit
1607751178,19,4.971461,0.192771,0.007278,0.630605,0.079067,0.079067,0.561099,3.651006,4.971461,4.971461,0.063337,0.037738,1.149983,2.177480,calls/second,milliseconds
1607751478,67,4.971461,0.366111,0.003239,0.405678,0.189689,0.543928,1.374874,1.577014,1.577014,1.589601,0.111669,0.056555,0.512693,1.604095,calls/second,milliseconds
1607751778,72,4.971461,0.096935,0.003239,0.108018,0.077037,0.084035,0.141530,0.189689,0.569162,1.577014,0.080000,0.014403,0.198867,1.154069,calls/second,milliseconds
1607752078,77,4.971461,0.141620,0.003239,0.065189,0.193390,0.193390,0.193390,0.193390,0.193390,0.193390,0.064167,0.014119,0.083417,0.831611,calls/second,milliseconds
1607752378,82,4.971461,0.107966,0.003239,0.030176,0.088437,0.151132,0.151132,0.168870,0.168870,0.193390,0.054667,0.014117,0.040946,0.600560,calls/second,milliseconds
1607752678,87,4.971461,0.080014,0.003239,0.011493,0.078997,0.078997,0.107163,0.107163,0.107163,0.151132,0.048334,0.014117,0.025321,0.435004,calls/second,milliseconds
1607752739,98,4.971461,0.777397,0.001981,1.454879,0.108443,1.436060,4.414906,4.414906,4.414906,4.414906,0.052679,0.106284,0.050270,0.415403,calls/second,milliseconds
1607752739,98,4.971461,0.777397,0.001981,1.454879,0.108443,1.436060,4.414906,4.414906,4.414906,4.414906,0.052679,0.106284,0.050270,0.415403,calls/second,milliseconds
