t,count,max,mean,min,stddev,p50,p75,p95,p98,p99,p999,mean_rate,m1_rate,m5_rate,m15_rate,rate_unit,duration_unit
1609996178,27,32.191888,1.586814,0.005577,3.162529,0.232248,0.945823,5.617825,11.337270,11.337270,32.191888,0.089992,0.075477,0.059624,0.026007,calls/second,milliseconds
1609996232,28,32.191888,2.043301,0.005577,2.743342,0.945823,3.124464,5.617825,11.337270,11.337270,32.191888,0.079155,0.032802,0.050471,0.024602,calls/second,milliseconds
1609996232,28,32.191888,2.043301,0.005577,2.743342,0.945823,3.124464,5.617825,11.337270,11.337270,32.191888,0.079152,0.032802,0.050471,0.024602,calls/second,milliseconds
