t,count,max,mean,min,stddev,p50,p75,p95,p98,p99,p999,mean_rate,m1_rate,m5_rate,m15_rate,rate_unit,duration_unit
1608507002,62,2.246191,0.224548,0.016670,0.168062,0.174319,0.293289,0.497612,0.612682,0.725958,0.991855,0.206599,0.377741,1.253730,2.210766,calls/second,milliseconds
1608507019,67,2.246191,0.235050,0.016670,0.190865,0.172364,0.293289,0.725958,0.760138,0.760138,0.991855,0.211530,0.310176,1.195890,2.175334,calls/second,milliseconds
1608507019,67,2.246191,0.235050,0.016670,0.190865,0.172364,0.293289,0.725958,0.760138,0.760138,0.991855,0.211524,0.310176,1.195890,2.175334,calls/second,milliseconds
