t,count,max,mean,min,stddev,p50,p75,p95,p98,p99,p999,mean_rate,m1_rate,m5_rate,m15_rate,rate_unit,duration_unit
1609407469,63,4.618522,0.361326,0.000803,0.765168,0.183828,0.366958,1.436837,4.618522,4.618522,4.618522,0.210010,0.265428,1.265312,2.222587,calls/second,milliseconds
1609407769,73,4.618522,0.061849,0.000357,0.322378,0.009195,0.010715,0.274676,0.546599,0.732157,4.618522,0.121669,0.016447,0.482027,1.601252,calls/second,milliseconds
1609408069,78,4.618522,0.012086,0.000357,0.038296,0.013300,0.013300,0.013300,0.013300,0.013300,0.222679,0.086668,0.014133,0.187586,1.152032,calls/second,milliseconds
1609408323,86,4.618522,0.509805,0.000357,0.615251,0.251759,1.056255,1.808590,1.808590,1.808590,1.808590,0.074531,0.031844,0.097072,0.874738,calls/second,milliseconds
1609408323,86,4.618522,0.509805,0.000357,0.615251,0.251759,1.056255,1.808590,1.808590,1.808590,1.808590,0.074531,0.031844,0.097072,0.874738,calls/second,milliseconds
