t,count,max,mean,min,stddev,p50,p75,p95,p98,p99,p999,mean_rate,m1_rate,m5_rate,m15_rate,rate_unit,duration_unit
1609410521,62,5.008657,0.277029,0.007263,0.357411,0.142671,0.274735,0.879232,1.435260,1.435260,5.008657,0.206580,0.187652,0.427439,0.631613,calls/second,milliseconds
1609410821,67,5.008657,0.475602,0.007263,0.383386,0.207246,0.834484,1.370641,1.370641,1.740688,1.740688,0.111645,0.011311,0.166843,0.457152,calls/second,milliseconds
1609411073,75,9.324348,1.339119,0.007263,2.261311,0.338165,2.275816,9.324348,9.324348,9.324348,9.324348,0.087994,0.023293,0.083847,0.351120,calls/second,milliseconds
1609411073,75,9.324348,1.339119,0.007263,2.261311,0.338165,2.275816,9.324348,9.324348,9.324348,9.324348,0.087993,0.023293,0.083847,0.351120,calls/second,milliseconds
