t,count,max,mean,min,stddev,p50,p75,p95,p98,p99,p999,mean_rate,m1_rate,m5_rate,m15_rate,rate_unit,duration_unit
1609994630,65,4.333256,0.604211,0.014430,0.799369,0.204330,0.857408,3.157592,3.157592,3.157592,4.333256,0.280080,0.203874,0.510561,0.679088,calls/second,milliseconds
1609994630,65,4.333256,0.604211,0.014430,0.799369,0.204330,0.857408,3.157592,3.157592,3.157592,4.333256,0.280064,0.203874,0.510561,0.679088,calls/second,milliseconds
