t,count,max,mean,min,stddev,p50,p75,p95,p98,p99,p999,mean_rate,m1_rate,m5_rate,m15_rate,rate_unit,duration_unit
1609866487,32,0.173036,0.029348,0.002734,0.042428,0.015003,0.030090,0.173036,0.173036,0.173036,0.173036,0.106658,0.176327,0.363651,0.603460,calls/second,milliseconds
1609866787,68,0.173036,0.060571,0.001996,0.032247,0.073251,0.073251,0.095589,0.101243,0.101243,0.173036,0.113328,0.031195,0.185782,0.462464,calls/second,milliseconds
1609866798,72,0.173036,0.028059,0.001996,0.028749,0.014306,0.017929,0.095589,0.095589,0.101243,0.173036,0.117924,0.026406,0.179691,0.457354,calls/second,milliseconds
1609866798,72,0.173036,0.028059,0.001996,0.028749,0.014306,0.017929,0.095589,0.095589,0.101243,0.173036,0.117922,0.026406,0.179691,0.457354,calls/second,milliseconds
