t,count,max,mean,min,stddev,p50,p75,p95,p98,p99,p999,mean_rate,m1_rate,m5_rate,m15_rate,rate_unit,duration_unit
1607723675,64,60.839636,2.622197,0.030730,8.581972,0.308543,0.623695,12.322960,33.901159,60.839636,60.839636,5.573117,3.479734,3.099171,3.033241,calls/second,milliseconds
1607723675,64,60.839636,2.622197,0.030730,8.581972,0.308543,0.623695,12.322960,33.901159,60.839636,60.839636,5.563791,3.479734,3.099171,3.033241,calls/second,milliseconds
