t,count,max,mean,min,stddev,p50,p75,p95,p98,p99,p999,mean_rate,m1_rate,m5_rate,m15_rate,rate_unit,duration_unit
1607879638,28,67.694619,2.598644,0.003037,9.956042,0.143698,1.989267,10.421750,67.694619,67.694619,67.694619,0.208054,0.128584,0.069831,0.027562,calls/second,milliseconds
1607879638,28,67.694619,2.598644,0.003037,9.956042,0.143698,1.989267,10.421750,67.694619,67.694619,67.694619,0.208008,0.128584,0.069831,0.027562,calls/second,milliseconds
