t,count,max,mean,min,stddev,p50,p75,p95,p98,p99,p999,mean_rate,m1_rate,m5_rate,m15_rate,rate_unit,duration_unit
1609412122,63,4.937330,0.575249,0.008727,0.944049,0.104054,0.513866,2.604290,2.978657,2.978657,4.937330,0.209943,0.134999,0.422425,0.632237,calls/second,milliseconds
1609412422,68,4.988622,0.839344,0.008727,0.601455,0.644825,1.097141,1.097141,2.604290,4.988622,4.988622,0.113318,0.026037,0.166929,0.457888,calls/second,milliseconds
1609412552,74,4.988622,0.511943,0.008727,0.496250,0.265300,0.644825,1.448113,1.448113,1.448113,2.604290,0.101452,0.023367,0.115959,0.400644,calls/second,milliseconds
1609412552,74,4.988622,0.511943,0.008727,0.496250,0.265300,0.644825,1.448113,1.448113,1.448113,2.604290,0.101449,0.023367,0.115959,0.400644,calls/second,milliseconds
