t,count,max,mean,min,stddev,p50,p75,p95,p98,p99,p999,mean_rate,m1_rate,m5_rate,m15_rate,rate_unit,duration_unit
1608503724,62,6.568857,0.638857,0.006535,1.064540,0.319646,0.741218,2.594787,4.540638,6.568857,6.568857,2.408823,1.422681,0.926313,0.842184,calls/second,milliseconds
1608503724,62,6.568857,0.638857,0.006535,1.064540,0.319646,0.741218,2.594787,4.540638,6.568857,6.568857,2.407882,1.422681,0.926313,0.842184,calls/second,milliseconds
