t,count,max,mean,min,stddev,p50,p75,p95,p98,p99,p999,mean_rate,m1_rate,m5_rate,m15_rate,rate_unit,duration_unit
1608521050,5,21.836233,4.377996,0.001865,8.729123,0.017035,0.026876,21.836233,21.836233,21.836233,21.836233,0.016666,0.007324,0.374062,0.720523,calls/second,milliseconds
1608521350,12,21.836233,1.298584,0.001865,2.343520,0.136282,1.292149,6.555984,6.555984,6.555984,6.555984,0.020000,0.059407,0.157890,0.523698,calls/second,milliseconds
1608521532,28,21.836233,0.996602,0.001865,1.638804,0.229145,0.859218,5.935923,5.935923,6.555984,6.555984,0.035842,0.047114,0.121857,0.444213,calls/second,milliseconds
1608521532,28,21.836233,0.996602,0.001865,1.638804,0.229145,0.859218,5.935923,5.935923,6.555984,6.555984,0.035842,0.047114,0.121857,0.444213,calls/second,milliseconds
