t,count,max,mean,min,stddev,p50,p75,p95,p98,p99,p999,mean_rate,m1_rate,m5_rate,m15_rate,rate_unit,duration_unit
1607876371,63,5.080068,0.338141,0.009934,0.458097,0.114633,0.462303,1.218639,1.218639,1.218639,5.080068,0.209912,0.084586,1.215889,2.206152,calls/second,milliseconds
1607876671,71,5.080068,0.681614,0.009934,0.800493,0.462303,0.896038,2.377799,2.377799,2.795048,2.795048,0.118310,0.063784,0.467648,1.588811,calls/second,milliseconds
1607876713,73,5.080068,0.450642,0.009934,0.636938,0.213505,0.479000,2.377799,2.377799,2.377799,2.795048,0.113743,0.046284,0.412471,1.520839,calls/second,milliseconds
1607876713,73,5.080068,0.450642,0.009934,0.636938,0.213505,0.479000,2.377799,2.377799,2.377799,2.795048,0.113741,0.046284,0.412471,1.520839,calls/second,milliseconds
