t,count,max,mean,min,stddev,p50,p75,p95,p98,p99,p999,mean_rate,m1_rate,m5_rate,m15_rate,rate_unit,duration_unit
1609415886,69,2.276628,0.157137,0.006421,0.303553,0.078467,0.130184,0.613670,1.004337,2.276628,2.276628,1.889044,7.188302,10.528846,11.230750,calls/second,milliseconds
1609415886,69,2.276628,0.157137,0.006421,0.303553,0.078467,0.130184,0.613670,1.004337,2.276628,2.276628,1.888611,7.188302,10.528846,11.230750,calls/second,milliseconds
