t,count,max,mean,min,stddev,p50,p75,p95,p98,p99,p999,mean_rate,m1_rate,m5_rate,m15_rate,rate_unit,duration_unit
1607850981,21,1.694259,0.617449,0.001231,0.669286,0.565413,1.641011,1.641011,1.641011,1.641011,1.694259,0.070002,0.048714,1.151089,2.177633,calls/second,milliseconds
1607851281,67,5.826990,0.374363,0.001231,0.967555,0.033553,0.356920,1.476605,5.219001,5.219001,5.826990,0.111668,0.045989,0.503552,1.602520,calls/second,milliseconds
1607851581,72,5.826990,0.016137,0.001231,0.155810,0.006266,0.010165,0.011232,0.011232,0.033553,1.476605,0.080001,0.025437,0.196774,1.153126,calls/second,milliseconds
1607851881,77,5.826990,0.017443,0.001231,0.024058,0.007360,0.012575,0.048346,0.048346,0.048346,0.048346,0.064167,0.025299,0.083917,0.831121,calls/second,milliseconds
1607852181,82,5.826990,0.007092,0.001231,0.003167,0.005723,0.008694,0.009467,0.009990,0.009990,0.048346,0.054666,0.023275,0.041698,0.597068,calls/second,milliseconds
1607852481,87,5.826990,0.011421,0.001231,0.002161,0.013130,0.013130,0.013130,0.013130,0.013130,0.013130,0.048334,0.025298,0.027125,0.435072,calls/second,milliseconds
1607852624,99,5.826990,0.242893,0.000533,0.279804,0.144691,0.386683,0.820717,0.820717,0.820717,0.820717,0.050948,0.044861,0.043321,0.381296,calls/second,milliseconds
1607852624,99,5.826990,0.242893,0.000533,0.279804,0.144691,0.386683,0.820717,0.820717,0.820717,0.820717,0.050947,0.044861,0.043321,0.381296,calls/second,milliseconds
