t,count,max,mean,min,stddev,p50,p75,p95,p98,p99,p999,mean_rate,m1_rate,m5_rate,m15_rate,rate_unit,duration_unit
1609998424,46,0.233469,0.037798,0.002303,0.049170,0.017333,0.030777,0.137366,0.233469,0.233469,0.233469,0.153320,0.328833,0.405378,0.618392,calls/second,milliseconds
1609998647,71,0.250367,0.039297,0.002303,0.047278,0.014643,0.032426,0.155012,0.155012,0.155012,0.250367,0.135796,0.034436,0.232010,0.503137,calls/second,milliseconds
1609998647,71,0.250367,0.039297,0.002303,0.047278,0.014643,0.032426,0.155012,0.155012,0.155012,0.250367,0.135793,0.034436,0.232010,0.503137,calls/second,milliseconds
