t,count,max,mean,min,stddev,p50,p75,p95,p98,p99,p999,mean_rate,m1_rate,m5_rate,m15_rate,rate_unit,duration_unit
1607751178,5,23.915113,4.797188,0.006391,9.558969,0.017713,0.038678,23.915113,23.915113,23.915113,23.915113,0.016665,0.007324,0.374062,0.720523,calls/second,milliseconds
1607751478,27,23.915113,2.329567,0.006391,4.288229,0.265284,0.541055,11.551717,14.094568,14.094568,14.094568,0.044998,0.020949,0.177917,0.536271,calls/second,milliseconds
1607751778,27,23.915113,2.329567,0.006391,4.288229,0.265284,0.541055,11.551717,14.094568,14.094568,14.094568,0.029999,0.000141,0.065452,0.384255,calls/second,milliseconds
1607752078,27,23.915113,2.329567,0.006391,4.288229,0.265284,0.541055,11.551717,14.094568,14.094568,14.094568,0.022500,0.000001,0.024078,0.275331,calls/second,milliseconds
1607752378,27,23.915113,2.329567,0.006391,4.288229,0.265284,0.541055,11.551717,14.094568,14.094568,14.094568,0.018000,0.000000,0.008858,0.197283,calls/second,milliseconds
1607752678,27,23.915113,2.329567,0.006391,4.288229,0.265284,0.541055,11.551717,14.094568,14.094568,14.094568,0.015000,0.000000,0.003259,0.141359,calls/second,milliseconds
1607752739,28,23.915113,2.524559,0.006391,0.000439,2.524559,2.524559,2.524559,2.524559,2.524559,2.524559,0.015051,0.015991,0.005974,0.133351,calls/second,milliseconds
1607752739,28,23.915113,2.524559,0.006391,0.000439,2.524559,2.524559,2.524559,2.524559,2.524559,2.524559,0.015051,0.015991,0.005974,0.133351,calls/second,milliseconds
