t,count,max,mean,min,stddev,p50,p75,p95,p98,p99,p999,mean_rate,m1_rate,m5_rate,m15_rate,rate_unit,duration_unit
1609994630,65,0.831890,0.082811,0.005900,0.194457,0.016320,0.047242,0.831890,0.831890,0.831890,0.831890,0.280022,0.203874,0.510561,0.679088,calls/second,milliseconds
1609994630,65,0.831890,0.082811,0.005900,0.194457,0.016320,0.047242,0.831890,0.831890,0.831890,0.831890,0.280006,0.203874,0.510561,0.679088,calls/second,milliseconds
