t,count,max,mean,min,stddev,p50,p75,p95,p98,p99,p999,mean_rate,m1_rate,m5_rate,m15_rate,rate_unit,duration_unit
1609407469,27,17.706175,2.118238,0.002668,4.499270,0.165152,0.273797,15.865525,15.865525,15.865525,17.706175,0.089993,0.114522,0.431016,0.742983,calls/second,milliseconds
1609407769,27,17.706175,2.118238,0.002668,4.499270,0.165152,0.273797,15.865525,15.865525,15.865525,17.706175,0.044998,0.000772,0.158562,0.532371,calls/second,milliseconds
1609408069,27,17.706175,2.118238,0.002668,4.499270,0.165152,0.273797,15.865525,15.865525,15.865525,17.706175,0.029999,0.000005,0.058332,0.381460,calls/second,milliseconds
1609408323,28,17.706175,1.997736,0.002668,0.031076,1.997730,1.997730,1.997730,1.997730,1.997730,1.997730,0.024265,0.006950,0.028149,0.289991,calls/second,milliseconds
1609408323,28,17.706175,1.997736,0.002668,0.031076,1.997730,1.997730,1.997730,1.997730,1.997730,1.997730,0.024265,0.006950,0.028149,0.289991,calls/second,milliseconds
