t,count,max,mean,min,stddev,p50,p75,p95,p98,p99,p999,mean_rate,m1_rate,m5_rate,m15_rate,rate_unit,duration_unit
1609291842,12,30.757277,2.805435,0.003238,5.219858,0.339000,2.507269,14.526441,14.526441,14.526441,30.757277,0.039998,0.097376,0.029050,0.011758,calls/second,milliseconds
1609292142,27,30.757277,1.948925,0.001417,3.457662,0.241686,2.507269,8.327545,14.526441,14.526441,14.526441,0.044999,0.003583,0.031103,0.020786,calls/second,milliseconds
1609292442,27,30.757277,1.948925,0.001417,3.457662,0.241686,2.507269,8.327545,14.526441,14.526441,14.526441,0.030000,0.000024,0.011442,0.014894,calls/second,milliseconds
1609292450,28,30.757277,1.501621,0.001417,0.201737,1.500118,1.500118,1.500118,1.500118,1.500118,1.500118,0.030836,0.000022,0.011253,0.014811,calls/second,milliseconds
1609292450,28,30.757277,1.501621,0.001417,0.201737,1.500118,1.500118,1.500118,1.500118,1.500118,1.500118,0.030836,0.000022,0.011253,0.014811,calls/second,milliseconds
