t,count,max,mean,min,stddev,p50,p75,p95,p98,p99,p999,mean_rate,m1_rate,m5_rate,m15_rate,rate_unit,duration_unit
1608503724,62,7.794234,0.367484,0.023311,0.953016,0.210290,0.349191,0.673102,0.897389,7.794234,7.794234,2.394653,1.422681,0.926313,0.842184,calls/second,milliseconds
1608503724,62,7.794234,0.367484,0.023311,0.953016,0.210290,0.349191,0.673102,0.897389,7.794234,7.794234,2.393711,1.422681,0.926313,0.842184,calls/second,milliseconds
