t,count,max,mean,min,stddev,p50,p75,p95,p98,p99,p999,mean_rate,m1_rate,m5_rate,m15_rate,rate_unit,duration_unit
1607868703,46,3.273004,0.320403,0.001252,0.392613,0.135480,0.546484,1.178071,1.412641,1.412641,1.412641,0.153327,0.318329,0.404786,0.618334,calls/second,milliseconds
1607869003,67,11.298248,0.440217,0.001252,1.695823,0.013197,0.252801,1.412641,11.298248,11.298248,11.298248,0.111636,0.017209,0.181213,0.460982,calls/second,milliseconds
1607869303,72,11.298248,0.043884,0.001252,0.242517,0.052313,0.052313,0.052313,0.052313,0.052313,1.412641,0.080001,0.011995,0.077707,0.336781,calls/second,milliseconds
1607869603,77,11.298248,0.005690,0.001252,0.026508,0.001420,0.012090,0.014020,0.014020,0.014020,0.052313,0.064167,0.011950,0.038509,0.245947,calls/second,milliseconds
1607869712,83,11.298248,0.657405,0.001252,0.719638,0.203789,1.183981,1.798157,1.798157,1.798157,1.798157,0.063443,0.014117,0.032038,0.219714,calls/second,milliseconds
1607869712,83,11.298248,0.657405,0.001252,0.719638,0.203789,1.183981,1.798157,1.798157,1.798157,1.798157,0.063442,0.014117,0.032038,0.219714,calls/second,milliseconds
