t,count,max,mean,min,stddev,p50,p75,p95,p98,p99,p999,mean_rate,m1_rate,m5_rate,m15_rate,rate_unit,duration_unit
1607865990,32,0.218782,0.007121,0.000243,0.011492,0.001577,0.013794,0.022170,0.022170,0.059304,0.059304,0.106491,0.184921,0.364113,0.603524,calls/second,milliseconds
1607866289,68,0.218782,0.004433,0.000183,0.005882,0.001400,0.007100,0.011867,0.021316,0.026837,0.026837,0.113329,0.024374,0.185621,0.462488,calls/second,milliseconds
1607866589,73,0.218782,0.007425,0.000183,0.002556,0.009364,0.009364,0.009364,0.009364,0.009364,0.011867,0.081109,0.018169,0.079070,0.336150,calls/second,milliseconds
1607866872,82,0.218782,0.008371,0.000183,0.002321,0.008232,0.009087,0.011779,0.014122,0.014122,0.014122,0.069355,0.025298,0.042621,0.251145,calls/second,milliseconds
1607866872,82,0.218782,0.008371,0.000183,0.002321,0.008232,0.009087,0.011779,0.014122,0.014122,0.014122,0.069355,0.025298,0.042621,0.251145,calls/second,milliseconds
