t,count,max,mean,min,stddev,p50,p75,p95,p98,p99,p999,mean_rate,m1_rate,m5_rate,m15_rate,rate_unit,duration_unit
1608513112,19,2.857726,0.746019,0.010373,0.412487,0.994335,0.994335,0.994335,0.994335,2.857726,2.857726,0.063316,0.031900,1.130547,2.165352,calls/second,milliseconds
1608513389,72,2.857726,0.250622,0.010373,0.251936,0.166076,0.302613,0.842948,1.066858,1.066858,1.066858,0.124710,0.125985,0.560686,1.642669,calls/second,milliseconds
1608513389,72,2.857726,0.250622,0.010373,0.251936,0.166076,0.302613,0.842948,1.066858,1.066858,1.066858,0.124709,0.125985,0.560686,1.642669,calls/second,milliseconds
