t,count,max,mean,min,stddev,p50,p75,p95,p98,p99,p999,mean_rate,m1_rate,m5_rate,m15_rate,rate_unit,duration_unit
1609280155,28,19.544828,1.191631,0.000752,3.544431,0.136131,0.573067,2.872922,19.544828,19.544828,19.544828,0.093330,0.032987,1.653417,3.175119,calls/second,milliseconds
1609280455,28,19.544828,1.191631,0.000752,3.544431,0.136131,0.573067,2.872922,19.544828,19.544828,19.544828,0.046666,0.000222,0.608258,2.275072,calls/second,milliseconds
1609280755,28,19.544828,1.191631,0.000752,3.544431,0.136131,0.573067,2.872922,19.544828,19.544828,19.544828,0.031111,0.000001,0.223766,1.630160,calls/second,milliseconds
1609281049,28,19.544828,1.191631,0.000752,3.544431,0.136131,0.573067,2.872922,19.544828,19.544828,19.544828,0.023454,0.000000,0.085109,1.181112,calls/second,milliseconds
1609281049,28,19.544828,1.191631,0.000752,3.544431,0.136131,0.573067,2.872922,19.544828,19.544828,19.544828,0.023453,0.000000,0.085109,1.181112,calls/second,milliseconds
