t,count,max,mean,min,stddev,p50,p75,p95,p98,p99,p999,mean_rate,m1_rate,m5_rate,m15_rate,rate_unit,duration_unit
1609063060,19,0.075578,0.018637,0.000690,0.009024,0.020255,0.020328,0.028019,0.028019,0.075578,0.075578,0.063329,0.020407,0.322578,0.589244,calls/second,milliseconds
1609063324,72,0.075578,0.009493,0.000573,0.008141,0.007112,0.008521,0.026667,0.026667,0.026667,0.027665,0.127502,0.058499,0.225039,0.485835,calls/second,milliseconds
1609063324,72,0.075578,0.009493,0.000573,0.008141,0.007112,0.008521,0.026667,0.026667,0.026667,0.027665,0.127500,0.058499,0.225039,0.485835,calls/second,milliseconds
