t,count,max,mean,min,stddev,p50,p75,p95,p98,p99,p999,mean_rate,m1_rate,m5_rate,m15_rate,rate_unit,duration_unit
1608504719,65,0.079796,0.006092,0.000963,0.007809,0.003876,0.006314,0.021498,0.037180,0.042450,0.079796,0.299034,0.274701,0.537567,0.690585,calls/second,milliseconds
1608504719,65,0.079796,0.006092,0.000963,0.007809,0.003876,0.006314,0.021498,0.037180,0.042450,0.079796,0.299015,0.274701,0.537567,0.690585,calls/second,milliseconds
