t,count,max,mean,min,stddev,p50,p75,p95,p98,p99,p999,mean_rate,m1_rate,m5_rate,m15_rate,rate_unit,duration_unit
1607867180,62,2.787267,0.183378,0.011740,0.187422,0.148486,0.248406,0.578752,0.755675,0.859176,1.412708,0.206584,0.385620,1.254475,2.210874,calls/second,milliseconds
1607867480,67,9.105724,2.919465,0.011740,2.243513,3.453978,3.453978,9.105724,9.105724,9.105724,9.105724,0.111643,0.023868,0.472645,1.588977,calls/second,milliseconds
1607867780,72,9.105724,1.295763,0.011740,0.584040,1.153670,1.555504,1.555504,3.453978,4.728519,9.105724,0.079989,0.021430,0.185026,1.143368,calls/second,milliseconds
1607868080,77,9.105724,1.263172,0.011740,0.226557,1.100003,1.452041,1.590937,1.590937,1.590937,1.590937,0.064160,0.021414,0.079217,0.824075,calls/second,milliseconds
1607868380,85,9.105724,0.650792,0.011740,0.538207,0.897662,0.957590,1.590937,1.627237,1.627237,1.627237,0.056662,0.042263,0.048687,0.598436,calls/second,milliseconds
1607868399,86,9.105724,0.502196,0.011740,0.492978,0.188913,0.957590,1.404189,1.627237,1.627237,1.627237,0.056637,0.032915,0.046312,0.588545,calls/second,milliseconds
1607868399,86,9.105724,0.502196,0.011740,0.492978,0.188913,0.957590,1.404189,1.627237,1.627237,1.627237,0.056637,0.032915,0.046312,0.588545,calls/second,milliseconds
