t,count,max,mean,min,stddev,p50,p75,p95,p98,p99,p999,mean_rate,m1_rate,m5_rate,m15_rate,rate_unit,duration_unit
1609993586,62,5.156604,0.302917,0.000732,0.764282,0.134852,0.297560,0.673895,3.507824,5.156604,5.156604,2.405508,1.422681,0.926313,0.842184,calls/second,milliseconds
1609993586,62,5.156604,0.302917,0.000732,0.764282,0.134852,0.297560,0.673895,3.507824,5.156604,5.156604,2.404994,1.422681,0.926313,0.842184,calls/second,milliseconds
