t,count,max,mean,min,stddev,p50,p75,p95,p98,p99,p999,mean_rate,m1_rate,m5_rate,m15_rate,rate_unit,duration_unit
1609321358,19,0.149908,0.039052,0.003191,0.028185,0.034624,0.034624,0.080376,0.149908,0.149908,0.149908,0.063330,0.033701,1.130830,2.165395,calls/second,milliseconds
1609321658,59,0.149908,0.012518,0.000999,0.012656,0.008413,0.013187,0.041357,0.058833,0.058833,0.058833,0.098331,0.226540,0.519286,1.592259,calls/second,milliseconds
1609321958,72,0.149908,0.035724,0.000999,0.017098,0.042286,0.042286,0.057882,0.057882,0.057882,0.058833,0.079998,0.014599,0.211356,1.152030,calls/second,milliseconds
1609322258,77,0.149908,0.039507,0.000999,0.003506,0.040793,0.040793,0.043154,0.043154,0.043154,0.057882,0.064166,0.011968,0.087675,0.830098,calls/second,milliseconds
1609322558,82,0.149908,0.016055,0.000999,0.005146,0.017003,0.017003,0.025173,0.034803,0.034858,0.043154,0.054666,0.011950,0.042176,0.599424,calls/second,milliseconds
1609322858,87,0.149908,0.018417,0.000999,0.008617,0.011877,0.026848,0.030867,0.030867,0.030867,0.030867,0.048333,0.011950,0.025438,0.434139,calls/second,milliseconds
1609323104,101,0.149908,0.041085,0.000999,0.023111,0.052927,0.055816,0.066714,0.066714,0.066714,0.066714,0.049363,0.061044,0.038873,0.342954,calls/second,milliseconds
1609323104,101,0.149908,0.041085,0.000999,0.023111,0.052927,0.055816,0.066714,0.066714,0.066714,0.066714,0.049363,0.061044,0.038873,0.342954,calls/second,milliseconds
