t,count,max,mean,min,stddev,p50,p75,p95,p98,p99,p999,mean_rate,m1_rate,m5_rate,m15_rate,rate_unit,duration_unit
1610012200,19,4.444262,0.110297,0.001571,0.407195,0.033684,0.033684,0.184530,1.104775,1.521763,4.444262,0.063337,0.048714,1.151089,2.177633,calls/second,milliseconds
1610012500,60,4.444262,0.253883,0.001021,0.385597,0.052199,0.438320,0.987395,1.564590,1.564590,1.564590,0.100003,0.329840,0.534524,1.602030,calls/second,milliseconds
1610012625,74,4.444262,0.401976,0.001021,0.434423,0.108130,0.873687,1.123921,1.373576,1.564590,1.564590,0.102030,0.128497,0.383103,1.400859,calls/second,milliseconds
1610012625,74,4.444262,0.401976,0.001021,0.434423,0.108130,0.873687,1.123921,1.373576,1.564590,1.564590,0.102029,0.128497,0.383103,1.400859,calls/second,milliseconds
