t,count,max,mean,min,stddev,p50,p75,p95,p98,p99,p999,mean_rate,m1_rate,m5_rate,m15_rate,rate_unit,duration_unit
1608503766,64,0.328296,0.010067,0.000370,0.034229,0.003373,0.005775,0.033013,0.053925,0.328296,0.328296,1.592299,2.340517,2.816112,2.935176,calls/second,milliseconds
1608503766,64,0.328296,0.010067,0.000370,0.034229,0.003373,0.005775,0.033013,0.053925,0.328296,0.328296,1.591741,2.340517,2.816112,2.935176,calls/second,milliseconds
