t,count,max,mean,min,stddev,p50,p75,p95,p98,p99,p999,mean_rate,m1_rate,m5_rate,m15_rate,rate_unit,duration_unit
1608515877,19,0.184931,0.024079,0.000124,0.031543,0.019511,0.021616,0.058203,0.184931,0.184931,0.184931,0.063330,0.031900,1.130547,2.165352,calls/second,milliseconds
1608516177,68,0.184931,0.006566,0.000056,0.012435,0.001689,0.003683,0.038578,0.057100,0.067040,0.067040,0.113331,0.247586,0.539224,1.600958,calls/second,milliseconds
1608516370,76,0.184931,0.018548,0.000056,0.015930,0.020774,0.035500,0.037084,0.037084,0.046500,0.067040,0.095793,0.033283,0.296107,1.300269,calls/second,milliseconds
1608516370,76,0.184931,0.018548,0.000056,0.015930,0.020774,0.035500,0.037084,0.037084,0.046500,0.067040,0.095792,0.033283,0.296107,1.300269,calls/second,milliseconds
