t,count,max,mean,min,stddev,p50,p75,p95,p98,p99,p999,mean_rate,m1_rate,m5_rate,m15_rate,rate_unit,duration_unit
1609995874,66,0.256816,0.030215,0.003794,0.047923,0.015245,0.029020,0.141197,0.218316,0.218316,0.256816,0.276264,0.420110,1.526231,2.372820,calls/second,milliseconds
1609995874,66,0.256816,0.030215,0.003794,0.047923,0.015245,0.029020,0.141197,0.218316,0.218316,0.256816,0.276255,0.420110,1.526231,2.372820,calls/second,milliseconds
