t,count,max,mean,min,stddev,p50,p75,p95,p98,p99,p999,mean_rate,m1_rate,m5_rate,m15_rate,rate_unit,duration_unit
1607728557,62,5.331225,0.487538,0.024614,0.669310,0.199111,0.499508,1.915774,2.354056,3.820143,5.331225,0.206572,0.156098,1.230903,2.207767,calls/second,milliseconds
1607728857,67,5.331225,1.668854,0.024614,0.713185,1.472276,2.668269,2.668269,2.933458,2.933458,3.820143,0.111640,0.013952,0.462912,1.586593,calls/second,milliseconds
1607728987,73,6.267935,1.138691,0.024614,1.414353,0.495553,2.582655,2.582655,6.267935,6.267935,6.267935,0.099962,0.059078,0.315133,1.378553,calls/second,milliseconds
1607728987,73,6.267935,1.138691,0.024614,1.414353,0.495553,2.582655,2.582655,6.267935,6.267935,6.267935,0.099961,0.059078,0.315133,1.378553,calls/second,milliseconds
