t,count,max,mean,min,stddev,p50,p75,p95,p98,p99,p999,mean_rate,m1_rate,m5_rate,m15_rate,rate_unit,duration_unit
1608198612,19,1.592848,0.038271,0.003278,0.162146,0.008312,0.008312,0.231999,0.354746,0.379962,1.592848,0.063333,0.033156,0.329105,0.592681,calls/second,milliseconds
1608198912,72,1.592848,0.165161,0.003278,0.238598,0.010432,0.280134,0.683074,0.733375,0.859894,0.859894,0.120001,0.099830,0.229293,0.474557,calls/second,milliseconds
1608199097,79,1.592848,0.311238,0.003278,0.339655,0.082660,0.647865,0.862452,0.862452,0.862452,0.862452,0.100696,0.026689,0.131851,0.389479,calls/second,milliseconds
1608199097,79,1.592848,0.311238,0.003278,0.339655,0.082660,0.647865,0.862452,0.862452,0.862452,0.862452,0.100695,0.026689,0.131851,0.389479,calls/second,milliseconds
