t,count,max,mean,min,stddev,p50,p75,p95,p98,p99,p999,mean_rate,m1_rate,m5_rate,m15_rate,rate_unit,duration_unit
1609105209,24,0.029498,0.006507,0.000741,0.003976,0.006103,0.007159,0.013193,0.013193,0.013193,0.029498,0.079996,0.100118,0.339295,0.594815,calls/second,milliseconds
1609105422,70,0.043422,0.009226,0.000694,0.009525,0.005445,0.009112,0.033768,0.033768,0.033768,0.043422,0.136360,0.067641,0.250799,0.510053,calls/second,milliseconds
1609105422,70,0.043422,0.009226,0.000694,0.009525,0.005445,0.009112,0.033768,0.033768,0.033768,0.043422,0.136358,0.067641,0.250799,0.510053,calls/second,milliseconds
