t,count,max,mean,min,stddev,p50,p75,p95,p98,p99,p999,mean_rate,m1_rate,m5_rate,m15_rate,rate_unit,duration_unit
1609395280,19,11.693920,0.833736,0.018132,1.428219,0.820869,0.823312,0.823312,1.003275,11.693920,11.693920,0.063310,0.017443,0.321909,0.589131,calls/second,milliseconds
1609395580,68,11.693920,0.983461,0.016037,1.270099,0.271613,2.222085,4.303987,4.303987,4.303987,4.303987,0.113313,0.027040,0.195961,0.464507,calls/second,milliseconds
1609395880,73,11.693920,3.504107,0.016037,1.434199,3.421305,3.421305,5.512587,5.512587,5.512587,5.512587,0.081101,0.010229,0.081687,0.337415,calls/second,milliseconds
1609396180,78,11.693920,3.259301,0.016037,1.555587,4.320594,4.320594,4.320594,4.320594,4.320594,5.512587,0.064993,0.010116,0.039647,0.246350,calls/second,milliseconds
1609396480,83,11.693920,1.707833,0.016037,2.304366,0.313135,2.700905,5.713336,5.713336,5.713336,5.713336,0.055329,0.010115,0.024182,0.181099,calls/second,milliseconds
1609396780,88,11.693920,1.089919,0.016037,1.153791,0.818685,0.818685,4.462114,4.462114,4.462114,5.713336,0.048886,0.010115,0.018493,0.134345,calls/second,milliseconds
1609397080,98,11.693920,0.936420,0.016037,0.548390,0.957764,1.074141,2.716635,2.716635,2.726325,4.462114,0.046664,0.010828,0.022834,0.104889,calls/second,milliseconds
1609397365,107,11.693920,0.616653,0.016037,0.852057,0.306584,0.462987,2.786165,2.786165,2.786165,3.687548,0.044855,0.012994,0.018920,0.081078,calls/second,milliseconds
1609397365,107,11.693920,0.616653,0.016037,0.852057,0.306584,0.462987,2.786165,2.786165,2.786165,3.687548,0.044855,0.012994,0.018920,0.081078,calls/second,milliseconds
