t,count,max,mean,min,stddev,p50,p75,p95,p98,p99,p999,mean_rate,m1_rate,m5_rate,m15_rate,rate_unit,duration_unit
1609281947,66,0.152413,0.015372,0.001497,0.019837,0.009167,0.015659,0.070545,0.073525,0.127081,0.152413,0.274304,0.099474,0.478992,0.670021,calls/second,milliseconds
1609281947,66,0.152413,0.015372,0.001497,0.019837,0.009167,0.015659,0.070545,0.073525,0.127081,0.152413,0.274282,0.099474,0.478992,0.670021,calls/second,milliseconds
