t,count,max,mean,min,stddev,p50,p75,p95,p98,p99,p999,mean_rate,m1_rate,m5_rate,m15_rate,rate_unit,duration_unit
1609496947,19,0.078907,0.007595,0.000140,0.007424,0.007227,0.007227,0.009394,0.013453,0.042116,0.078907,0.063329,0.026854,0.323102,0.589303,calls/second,milliseconds
1609497249,70,0.078907,0.010971,0.000140,0.015887,0.003865,0.012912,0.042860,0.060944,0.067603,0.067603,0.116366,0.346480,0.252068,0.473636,calls/second,milliseconds
1609497547,77,0.078907,0.010723,0.000140,0.006691,0.011049,0.011049,0.013977,0.027437,0.041999,0.067603,0.085553,0.022255,0.107406,0.346560,calls/second,milliseconds
1609497765,84,0.319234,0.075726,0.000140,0.125989,0.012489,0.013260,0.319234,0.319234,0.319234,0.319234,0.075191,0.011065,0.059420,0.275863,calls/second,milliseconds
1609497765,84,0.319234,0.075726,0.000140,0.125989,0.012489,0.013260,0.319234,0.319234,0.319234,0.319234,0.075190,0.011065,0.059420,0.275863,calls/second,milliseconds
