t,count,max,mean,min,stddev,p50,p75,p95,p98,p99,p999,mean_rate,m1_rate,m5_rate,m15_rate,rate_unit,duration_unit
1607728557,27,29.957929,1.989394,0.002061,3.626932,0.177772,1.315100,8.871213,11.292567,11.292567,29.957929,0.089992,0.070511,0.425351,0.742214,calls/second,milliseconds
1607728857,27,29.957929,1.989394,0.002061,3.626932,0.177772,1.315100,8.871213,11.292567,11.292567,29.957929,0.044998,0.000475,0.156478,0.531819,calls/second,milliseconds
1607728987,28,29.957929,1.194105,0.002061,0.313206,1.188408,1.188408,1.188408,1.188408,1.188408,5.215629,0.038348,0.016046,0.104757,0.461399,calls/second,milliseconds
1607728987,28,29.957929,1.194105,0.002061,0.313206,1.188408,1.188408,1.188408,1.188408,1.188408,5.215629,0.038347,0.016046,0.104757,0.461399,calls/second,milliseconds
