t,count,max,mean,min,stddev,p50,p75,p95,p98,p99,p999,mean_rate,m1_rate,m5_rate,m15_rate,rate_unit,duration_unit
1607882562,67,3.745020,0.266196,0.003113,0.305629,0.080667,0.480230,0.783898,0.852485,1.192393,1.830366,0.223334,0.272488,0.454048,0.641772,calls/second,milliseconds
1607882641,72,3.745020,0.464400,0.003113,0.559842,0.102311,0.718296,1.539040,1.539040,1.539040,1.539040,0.189877,0.080751,0.350710,0.588253,calls/second,milliseconds
1607882641,72,3.745020,0.464400,0.003113,0.559842,0.102311,0.718296,1.539040,1.539040,1.539040,1.539040,0.189871,0.080751,0.350710,0.588253,calls/second,milliseconds
