t,count,max,mean,min,stddev,p50,p75,p95,p98,p99,p999,mean_rate,m1_rate,m5_rate,m15_rate,rate_unit,duration_unit
1607887750,5,31.905931,6.398166,0.004913,12.753891,0.028010,0.045697,31.905931,31.905931,31.905931,31.905931,0.016665,0.000752,0.006500,0.004059,calls/second,milliseconds
1607888050,27,31.905931,1.837835,0.004913,3.150336,0.284616,1.014642,9.258378,9.258378,9.258378,9.258378,0.044993,0.007589,0.035646,0.021672,calls/second,milliseconds
1607888234,28,31.905931,2.187200,0.004913,0.634197,2.201762,2.201762,2.201762,2.201762,2.201762,9.258378,0.035724,0.000378,0.019563,0.017744,calls/second,milliseconds
1607888234,28,31.905931,2.187200,0.004913,0.634197,2.201762,2.201762,2.201762,2.201762,2.201762,9.258378,0.035723,0.000378,0.019563,0.017744,calls/second,milliseconds
