t,count,max,mean,min,stddev,p50,p75,p95,p98,p99,p999,mean_rate,m1_rate,m5_rate,m15_rate,rate_unit,duration_unit
1609419125,63,6.603167,0.371328,0.030064,0.393354,0.277507,0.391029,1.083675,1.481101,1.648030,2.315093,0.209925,0.211399,1.240603,2.209771,calls/second,milliseconds
1609419146,67,6.603167,0.372261,0.030064,0.391040,0.277507,0.391029,1.023850,1.318818,1.648030,2.315093,0.208950,0.199448,1.170510,2.164530,calls/second,milliseconds
1609419146,67,6.603167,0.372261,0.030064,0.391040,0.277507,0.391029,1.023850,1.318818,1.648030,2.315093,0.208943,0.199448,1.170510,2.164530,calls/second,milliseconds
