t,count,max,mean,min,stddev,p50,p75,p95,p98,p99,p999,mean_rate,m1_rate,m5_rate,m15_rate,rate_unit,duration_unit
1608520089,19,0.062134,0.016025,0.000030,0.007949,0.018086,0.018301,0.019782,0.019782,0.019782,0.062134,0.063330,0.021371,0.322486,0.589216,calls/second,milliseconds
1608520389,37,0.062134,0.005177,0.000030,0.006298,0.002237,0.005918,0.018520,0.018820,0.018820,0.018820,0.061665,0.118896,0.166133,0.440604,calls/second,milliseconds
1608520689,73,0.062134,0.012578,0.000030,0.009274,0.018663,0.018663,0.023471,0.023471,0.023471,0.033681,0.081110,0.021373,0.113964,0.346006,calls/second,milliseconds
1608520737,78,0.062134,0.005599,0.000030,0.008063,0.001753,0.002229,0.021846,0.023471,0.023471,0.033681,0.082291,0.021554,0.101183,0.330215,calls/second,milliseconds
1608520737,78,0.062134,0.005599,0.000030,0.008063,0.001753,0.002229,0.021846,0.023471,0.023471,0.033681,0.082291,0.021554,0.101183,0.330215,calls/second,milliseconds
