t,count,max,mean,min,stddev,p50,p75,p95,p98,p99,p999,mean_rate,m1_rate,m5_rate,m15_rate,rate_unit,duration_unit
1609891514,63,0.139103,0.013032,0.000977,0.019371,0.008113,0.013217,0.032313,0.067000,0.139103,0.139103,0.209983,0.463066,0.453649,0.636290,calls/second,milliseconds
1609891766,71,0.139103,0.048409,0.000977,0.033545,0.053294,0.085463,0.097624,0.097624,0.097624,0.139103,0.128769,0.018910,0.205799,0.485793,calls/second,milliseconds
1609891766,71,0.139103,0.048409,0.000977,0.033545,0.053294,0.085463,0.097624,0.097624,0.097624,0.139103,0.128767,0.018910,0.205799,0.485793,calls/second,milliseconds
