t,count,max,mean,min,stddev,p50,p75,p95,p98,p99,p999,mean_rate,m1_rate,m5_rate,m15_rate,rate_unit,duration_unit
1607880155,65,0.189629,0.014014,0.001349,0.027248,0.005553,0.008444,0.047873,0.129627,0.129627,0.189629,0.484092,0.474952,0.683630,0.755555,calls/second,milliseconds
1607880155,65,0.189629,0.014014,0.001349,0.027248,0.005553,0.008444,0.047873,0.129627,0.129627,0.189629,0.484022,0.474952,0.683630,0.755555,calls/second,milliseconds
