t,count,max,mean,min,stddev,p50,p75,p95,p98,p99,p999,mean_rate,m1_rate,m5_rate,m15_rate,rate_unit,duration_unit
1609416126,28,42.341165,3.327496,0.015525,7.269706,0.311394,3.999640,13.695097,42.341165,42.341165,42.341165,0.364977,0.257218,0.080269,0.028873,calls/second,milliseconds
1609416126,28,42.341165,3.327496,0.015525,7.269706,0.311394,3.999640,13.695097,42.341165,42.341165,42.341165,0.364823,0.257218,0.080269,0.028873,calls/second,milliseconds
