t,count,max,mean,min,stddev,p50,p75,p95,p98,p99,p999,mean_rate,m1_rate,m5_rate,m15_rate,rate_unit,duration_unit
1609416126,66,4.723655,0.528937,0.002785,0.906593,0.207951,0.550298,2.040430,4.723655,4.723655,4.723655,0.860625,0.809341,0.806340,0.802205,calls/second,milliseconds
1609416126,66,4.723655,0.528937,0.002785,0.906593,0.207951,0.550298,2.040430,4.723655,4.723655,4.723655,0.860267,0.809341,0.806340,0.802205,calls/second,milliseconds
