t,count,max,mean,min,stddev,p50,p75,p95,p98,p99,p999,mean_rate,m1_rate,m5_rate,m15_rate,rate_unit,duration_unit
1609415886,28,23.381743,1.660489,0.002412,4.392927,0.102320,1.729529,7.059954,23.381743,23.381743,23.381743,0.768449,3.288802,4.889319,5.224063,calls/second,milliseconds
1609415886,28,23.381743,1.660489,0.002412,4.392927,0.102320,1.729529,7.059954,23.381743,23.381743,23.381743,0.768268,3.288802,4.889319,5.224063,calls/second,milliseconds
