t,count,max,mean,min,stddev,p50,p75,p95,p98,p99,p999,mean_rate,m1_rate,m5_rate,m15_rate,rate_unit,duration_unit
1607726057,62,3.676220,0.377062,0.013972,0.559661,0.164557,0.510458,1.136814,1.402619,3.676220,3.676220,0.206660,0.073737,1.210578,2.204681,calls/second,milliseconds
1607726342,71,3.676220,0.722188,0.013972,0.702277,0.308903,1.284464,1.883374,1.883374,1.883374,1.883374,0.121391,0.020262,0.487014,1.620010,calls/second,milliseconds
1607726342,71,3.676220,0.722188,0.013972,0.702277,0.308903,1.284464,1.883374,1.883374,1.883374,1.883374,0.121389,0.020262,0.487014,1.620010,calls/second,milliseconds
