t,count,max,mean,min,stddev,p50,p75,p95,p98,p99,p999,mean_rate,m1_rate,m5_rate,m15_rate,rate_unit,duration_unit
1609412122,63,0.272847,0.039858,0.001483,0.079262,0.009551,0.016723,0.272847,0.272847,0.272847,0.272847,0.209983,0.134999,0.422425,0.632237,calls/second,milliseconds
1609412422,68,1.382600,0.326896,0.001483,0.435188,0.087094,0.272847,1.068628,1.068628,1.382600,1.382600,0.113329,0.026037,0.166929,0.457888,calls/second,milliseconds
1609412552,74,1.420446,0.310819,0.001483,0.553144,0.012343,0.045975,1.420446,1.420446,1.420446,1.420446,0.101460,0.023367,0.115959,0.400644,calls/second,milliseconds
1609412552,74,1.420446,0.310819,0.001483,0.553144,0.012343,0.045975,1.420446,1.420446,1.420446,1.420446,0.101457,0.023367,0.115959,0.400644,calls/second,milliseconds
