t,count,max,mean,min,stddev,p50,p75,p95,p98,p99,p999,mean_rate,m1_rate,m5_rate,m15_rate,rate_unit,duration_unit
1607882948,62,4.479173,0.477703,0.030310,0.439571,0.288854,0.711172,1.049528,2.169602,2.169602,2.169602,0.206578,0.250817,1.242844,2.209386,calls/second,milliseconds
1607882977,67,4.479173,0.915261,0.030310,1.197795,0.357785,1.033759,3.856801,3.856801,3.856801,3.856801,0.203616,0.181340,1.146778,2.149967,calls/second,milliseconds
1607882977,67,4.479173,0.915261,0.030310,1.197795,0.357785,1.033759,3.856801,3.856801,3.856801,3.856801,0.203608,0.181340,1.146778,2.149967,calls/second,milliseconds
