t,count,max,mean,min,stddev,p50,p75,p95,p98,p99,p999,mean_rate,m1_rate,m5_rate,m15_rate,rate_unit,duration_unit
1607723675,64,42.202261,2.125045,0.005059,6.067139,0.563862,1.125989,9.422099,22.176234,42.202261,42.202261,6.316346,5.327929,5.226446,5.208864,calls/second,milliseconds
1607723675,64,42.202261,2.125045,0.005059,6.067139,0.563862,1.125989,9.422099,22.176234,42.202261,42.202261,6.304348,5.327929,5.226446,5.208864,calls/second,milliseconds
