t,count,max,mean,min,stddev,p50,p75,p95,p98,p99,p999,mean_rate,m1_rate,m5_rate,m15_rate,rate_unit,duration_unit
1607874656,63,3.828189,0.304027,0.004854,0.511045,0.102140,0.397105,1.272178,1.424790,3.215601,3.828189,0.210009,0.114515,1.242774,2.219437,calls/second,milliseconds
1607874956,73,3.828189,0.030231,0.002221,0.119106,0.010976,0.012537,0.062443,0.102140,0.397105,1.424790,0.121670,0.026833,0.478701,1.599855,calls/second,milliseconds
1607875256,81,3.828189,0.684936,0.002221,0.646526,0.165337,1.087675,1.606607,1.606607,1.606607,1.606607,0.090002,0.056030,0.196127,1.154344,calls/second,milliseconds
1607875299,83,3.828189,0.451264,0.002221,0.520693,0.351247,0.351247,1.606607,1.606607,1.606607,1.606607,0.087992,0.038920,0.171953,1.099136,calls/second,milliseconds
1607875299,83,3.828189,0.451264,0.002221,0.520693,0.351247,0.351247,1.606607,1.606607,1.606607,1.606607,0.087991,0.038920,0.171953,1.099136,calls/second,milliseconds
