t,count,max,mean,min,stddev,p50,p75,p95,p98,p99,p999,mean_rate,m1_rate,m5_rate,m15_rate,rate_unit,duration_unit
1607883282,62,4.486009,0.544591,0.039395,0.810140,0.230127,0.549969,2.719652,3.430127,3.430127,3.430127,0.206589,0.298243,0.440312,0.633965,calls/second,milliseconds
1607883416,68,4.486009,0.781521,0.039395,1.113886,0.326238,0.734811,3.430127,4.000250,4.000250,4.000250,0.156667,0.049840,0.291098,0.550796,calls/second,milliseconds
1607883416,68,4.486009,0.781521,0.039395,1.113886,0.326238,0.734811,3.430127,4.000250,4.000250,4.000250,0.156663,0.049840,0.291098,0.550796,calls/second,milliseconds
