t,count,max,mean,min,stddev,p50,p75,p95,p98,p99,p999,mean_rate,m1_rate,m5_rate,m15_rate,rate_unit,duration_unit
1607880633,65,0.270334,0.038666,0.002136,0.063290,0.016056,0.026190,0.214316,0.270334,0.270334,0.270334,0.396291,0.581213,1.920580,2.573875,calls/second,milliseconds
1607880633,65,0.270334,0.038666,0.002136,0.063290,0.016056,0.026190,0.214316,0.270334,0.270334,0.270334,0.396259,0.581213,1.920580,2.573875,calls/second,milliseconds
