t,count,max,mean,min,stddev,p50,p75,p95,p98,p99,p999,mean_rate,m1_rate,m5_rate,m15_rate,rate_unit,duration_unit
1607881361,72,0.311588,0.054458,0.003780,0.079569,0.022840,0.029010,0.271439,0.271439,0.271439,0.311588,0.245020,0.128398,0.440689,0.643105,calls/second,milliseconds
1607881361,72,0.311588,0.054458,0.003780,0.079569,0.022840,0.029010,0.271439,0.271439,0.271439,0.311588,0.245004,0.128398,0.440689,0.643105,calls/second,milliseconds
