t,count,max,mean,min,stddev,p50,p75,p95,p98,p99,p999,mean_rate,m1_rate,m5_rate,m15_rate,rate_unit,duration_unit
1609284468,63,0.167201,0.006383,0.000669,0.010004,0.004132,0.007179,0.013840,0.054550,0.054550,0.167201,0.209979,0.138708,0.423630,0.632415,calls/second,milliseconds
1609284742,71,0.167201,0.012293,0.000669,0.011962,0.007907,0.010253,0.034895,0.034895,0.034895,0.034895,0.123837,0.013272,0.180879,0.472330,calls/second,milliseconds
1609284742,71,0.167201,0.012293,0.000669,0.011962,0.007907,0.010253,0.034895,0.034895,0.034895,0.034895,0.123835,0.013272,0.180879,0.472330,calls/second,milliseconds
