t,count,max,mean,min,stddev,p50,p75,p95,p98,p99,p999,mean_rate,m1_rate,m5_rate,m15_rate,rate_unit,duration_unit
1609414391,63,0.049189,0.004500,0.000153,0.005259,0.002622,0.005367,0.015526,0.015526,0.018496,0.049189,0.209982,0.062738,0.403401,0.629305,calls/second,milliseconds
1609414602,70,0.049189,0.011525,0.000153,0.012464,0.005860,0.020323,0.043597,0.043597,0.043597,0.043597,0.137149,0.013249,0.207405,0.501303,calls/second,milliseconds
1609414602,70,0.049189,0.011525,0.000153,0.012464,0.005860,0.020323,0.043597,0.043597,0.043597,0.043597,0.137146,0.013249,0.207405,0.501303,calls/second,milliseconds
