t,count,max,mean,min,stddev,p50,p75,p95,p98,p99,p999,mean_rate,m1_rate,m5_rate,m15_rate,rate_unit,duration_unit
1610008426,19,4.037579,0.122783,0.008314,0.350759,0.071349,0.071349,0.268249,0.954574,1.046233,4.037579,0.063337,0.048714,1.151089,2.177633,calls/second,milliseconds
1610008726,68,4.037579,0.286700,0.003219,0.394180,0.140496,0.382835,1.483150,1.740547,1.740547,1.740547,0.113337,0.220599,0.544055,1.609420,calls/second,milliseconds
1610008774,72,4.037579,0.319670,0.003219,0.337263,0.240862,0.451459,0.863299,1.483150,1.740547,1.740547,0.111025,0.095872,0.460533,1.522446,calls/second,milliseconds
1610008774,72,4.037579,0.319670,0.003219,0.337263,0.240862,0.451459,0.863299,1.483150,1.740547,1.740547,0.111023,0.095872,0.460533,1.522446,calls/second,milliseconds
