t,count,max,mean,min,stddev,p50,p75,p95,p98,p99,p999,mean_rate,m1_rate,m5_rate,m15_rate,rate_unit,duration_unit
1610311047,19,2.339879,0.085763,0.002948,0.293505,0.012284,0.019224,0.524119,0.889983,2.339879,2.339879,0.063336,0.024538,0.328058,0.592520,calls/second,milliseconds
1610311347,67,2.339879,0.305523,0.002948,0.372758,0.121239,0.463486,1.066899,1.158367,1.618175,2.249033,0.111669,0.082499,0.218077,0.469654,calls/second,milliseconds
1610311475,73,2.339879,0.512559,0.002948,0.596845,0.111420,0.841909,1.598184,1.598184,1.598184,1.618175,0.100274,0.021657,0.146739,0.408549,calls/second,milliseconds
1610311475,73,2.339879,0.512559,0.002948,0.596845,0.111420,0.841909,1.598184,1.598184,1.598184,1.618175,0.100272,0.021657,0.146739,0.408549,calls/second,milliseconds
