t,count,max,mean,min,stddev,p50,p75,p95,p98,p99,p999,mean_rate,m1_rate,m5_rate,m15_rate,rate_unit,duration_unit
1609802193,21,4.389571,0.647799,0.004590,0.686955,0.630329,1.614461,1.614461,1.614461,1.614461,4.389571,0.070003,0.033156,0.329105,0.592681,calls/second,milliseconds
1609802493,67,4.389571,0.212050,0.004563,0.363619,0.067102,0.165777,0.749844,1.323628,1.614461,2.742442,0.111669,0.040159,0.197399,0.466175,calls/second,milliseconds
1609802605,72,5.554878,1.543716,0.004563,2.117202,0.174808,1.694999,5.554878,5.554878,5.554878,5.554878,0.101135,0.012301,0.137296,0.411299,calls/second,milliseconds
1609802605,72,5.554878,1.543716,0.004563,2.117202,0.174808,1.694999,5.554878,5.554878,5.554878,5.554878,0.101133,0.012301,0.137296,0.411299,calls/second,milliseconds
