t,count,max,mean,min,stddev,p50,p75,p95,p98,p99,p999,mean_rate,m1_rate,m5_rate,m15_rate,rate_unit,duration_unit
1607899252,19,3.916767,1.064098,0.010892,0.488871,0.934990,1.589006,1.589006,2.054339,2.054339,3.916767,0.063304,0.046805,1.132229,2.165591,calls/second,milliseconds
1607899552,59,3.916767,0.248652,0.010892,0.271618,0.177217,0.247440,0.840844,1.215145,1.215145,1.215145,0.098313,0.321953,0.527087,1.593342,calls/second,milliseconds
1607899836,76,3.916767,0.689445,0.010892,0.953073,0.327619,0.890042,3.380664,3.380664,3.380664,3.380664,0.086007,0.018261,0.229241,1.178782,calls/second,milliseconds
1607899836,76,3.916767,0.689445,0.010892,0.953073,0.327619,0.890042,3.380664,3.380664,3.380664,3.380664,0.086006,0.018261,0.229241,1.178782,calls/second,milliseconds
