t,count,max,mean,min,stddev,p50,p75,p95,p98,p99,p999,mean_rate,m1_rate,m5_rate,m15_rate,rate_unit,duration_unit
1607744698,19,5.130661,1.651221,0.042653,1.893634,0.676546,1.354377,5.130661,5.130661,5.130661,5.130661,0.063311,0.018450,0.322290,0.589202,calls/second,milliseconds
1607744998,68,5.130661,0.583896,0.036190,0.659174,0.326783,0.621121,1.810573,2.247282,3.142468,4.265526,0.113313,0.029780,0.197583,0.464821,calls/second,milliseconds
1607745297,73,5.130661,3.067424,0.036190,1.453101,4.227083,4.227083,4.227083,4.227083,4.227083,4.227083,0.081101,0.011121,0.082445,0.337666,calls/second,milliseconds
1607745597,78,5.130661,1.947602,0.036190,0.659693,1.881016,2.319919,2.319919,4.031014,4.031014,4.227083,0.064994,0.010995,0.040088,0.246555,calls/second,milliseconds
1607745897,83,5.130661,0.829781,0.036190,0.232223,0.769331,1.032185,1.032185,1.258128,1.258128,2.319919,0.055329,0.010994,0.024505,0.181271,calls/second,milliseconds
1607746197,88,5.314053,1.250131,0.036190,0.882506,1.299895,1.299895,1.299895,5.314053,5.314053,5.314053,0.048886,0.010994,0.018773,0.134494,calls/second,milliseconds
1607746497,98,9.205701,5.350985,0.024138,4.259106,9.205701,9.205701,9.205701,9.205701,9.205701,9.205701,0.046664,0.011631,0.022951,0.104990,calls/second,milliseconds
1607746720,106,9.205701,0.558462,0.024138,0.679115,0.374240,1.180894,1.238451,1.846697,1.846697,9.205701,0.045648,0.015360,0.020110,0.086111,calls/second,milliseconds
1607746720,106,9.205701,0.558462,0.024138,0.679115,0.374240,1.180894,1.238451,1.846697,1.846697,9.205701,0.045648,0.015360,0.020110,0.086111,calls/second,milliseconds
