t,count,max,mean,min,stddev,p50,p75,p95,p98,p99,p999,mean_rate,m1_rate,m5_rate,m15_rate,rate_unit,duration_unit
1609998424,46,6.413902,0.407655,0.030267,0.366901,0.340777,0.557689,1.017672,1.319031,1.378174,1.964713,0.153291,0.328833,0.405378,0.618392,calls/second,milliseconds
1609998647,71,6.413902,0.546773,0.016360,0.504650,0.569622,0.712313,1.486746,1.639801,1.639801,1.639801,0.135782,0.034664,0.232151,0.503162,calls/second,milliseconds
1609998647,71,6.413902,0.546773,0.016360,0.504650,0.569622,0.712313,1.486746,1.639801,1.639801,1.639801,0.135779,0.034664,0.232151,0.503162,calls/second,milliseconds
