t,count,max,mean,min,stddev,p50,p75,p95,p98,p99,p999,mean_rate,m1_rate,m5_rate,m15_rate,rate_unit,duration_unit
1609281073,62,0.065098,0.004912,0.000649,0.007167,0.003551,0.006233,0.008083,0.015280,0.065098,0.065098,2.585071,0.798943,0.797346,0.798965,calls/second,milliseconds
1609281073,62,0.065098,0.004912,0.000649,0.007167,0.003551,0.006233,0.008083,0.015280,0.065098,0.065098,2.584696,0.798943,0.797346,0.798965,calls/second,milliseconds
