t,count,max,mean,min,stddev,p50,p75,p95,p98,p99,p999,mean_rate,m1_rate,m5_rate,m15_rate,rate_unit,duration_unit
1607731071,63,4.228247,0.470291,0.003484,0.766512,0.294700,0.493786,1.819963,4.228247,4.228247,4.228247,0.210006,0.310595,0.448753,0.638323,calls/second,milliseconds
1607731371,68,4.228247,0.154483,0.003484,0.401890,0.073123,0.073123,0.621819,1.225903,1.819963,4.228247,0.113335,0.013013,0.174845,0.461985,calls/second,milliseconds
1607731671,73,4.228247,0.033585,0.003484,0.052839,0.018887,0.044405,0.062110,0.074628,0.074628,0.444301,0.081111,0.010128,0.072855,0.333775,calls/second,milliseconds
1607731685,78,4.228247,0.500404,0.003484,0.589709,0.107074,0.968478,1.513325,1.513325,1.513325,1.513325,0.085345,0.023285,0.073718,0.331188,calls/second,milliseconds
1607731685,78,4.228247,0.500404,0.003484,0.589709,0.107074,0.968478,1.513325,1.513325,1.513325,1.513325,0.085344,0.023285,0.073718,0.331188,calls/second,milliseconds
