t,count,max,mean,min,stddev,p50,p75,p95,p98,p99,p999,mean_rate,m1_rate,m5_rate,m15_rate,rate_unit,duration_unit
1607877669,63,2.273018,0.176470,0.004468,0.237493,0.058280,0.296795,0.536232,0.718221,0.718221,2.273018,0.210010,0.068565,1.227199,2.216948,calls/second,milliseconds
1607877781,69,2.273018,0.437572,0.004468,0.426537,0.390309,0.712815,1.341097,1.341097,1.341097,1.341097,0.167498,0.053603,0.850946,1.956324,calls/second,milliseconds
1607877781,69,2.273018,0.437572,0.004468,0.426537,0.390309,0.712815,1.341097,1.341097,1.341097,1.341097,0.167494,0.053603,0.850946,1.956324,calls/second,milliseconds
