t,count,max,mean,min,stddev,p50,p75,p95,p98,p99,p999,mean_rate,m1_rate,m5_rate,m15_rate,rate_unit,duration_unit
1607730129,68,4.625599,0.356411,0.005303,0.644152,0.108711,0.492789,1.692651,1.835042,4.625599,4.625599,0.226672,0.305418,1.278752,2.227743,calls/second,milliseconds
1607730429,73,4.625599,1.115403,0.005303,1.473654,0.212210,1.764653,3.810366,3.810366,3.810366,4.625599,0.121668,0.021627,0.481392,1.601037,calls/second,milliseconds
1607730729,78,4.625599,0.198498,0.005303,0.196314,0.189073,0.189073,0.189073,0.201580,0.212210,3.810366,0.086667,0.019715,0.188060,1.151983,calls/second,milliseconds
1607730767,82,4.625599,1.160516,0.005303,1.083185,0.415136,2.003380,2.762925,2.762925,2.762925,2.762925,0.087485,0.010122,0.164585,1.101905,calls/second,milliseconds
1607730767,82,4.625599,1.160516,0.005303,1.083185,0.415136,2.003380,2.762925,2.762925,2.762925,2.762925,0.087484,0.010122,0.164585,1.101905,calls/second,milliseconds
