t,count,max,mean,min,stddev,p50,p75,p95,p98,p99,p999,mean_rate,m1_rate,m5_rate,m15_rate,rate_unit,duration_unit
1609379115,5,24.364937,4.892191,0.005589,9.736388,0.018082,0.055678,24.364937,24.364937,24.364937,24.364937,0.016665,0.007324,0.374062,0.720523,calls/second,milliseconds
1609379415,27,24.364937,2.156903,0.003407,4.259802,0.112229,0.419152,12.769522,17.495865,17.495865,17.495865,0.044998,0.032696,0.181666,0.536871,calls/second,milliseconds
1609379715,27,24.364937,2.156903,0.003407,4.259802,0.112229,0.419152,12.769522,17.495865,17.495865,17.495865,0.029999,0.000220,0.066831,0.384685,calls/second,milliseconds
1609380015,27,24.364937,2.156903,0.003407,4.259802,0.112229,0.419152,12.769522,17.495865,17.495865,17.495865,0.022499,0.000001,0.024586,0.275639,calls/second,milliseconds
1609380315,27,24.364937,2.156903,0.003407,4.259802,0.112229,0.419152,12.769522,17.495865,17.495865,17.495865,0.018000,0.000000,0.009045,0.197504,calls/second,milliseconds
1609380615,27,24.364937,2.156903,0.003407,4.259802,0.112229,0.419152,12.769522,17.495865,17.495865,17.495865,0.015000,0.000000,0.003327,0.141518,calls/second,milliseconds
1609380915,27,24.364937,2.156903,0.003407,4.259802,0.112229,0.419152,12.769522,17.495865,17.495865,17.495865,0.012857,0.000000,0.001224,0.101402,calls/second,milliseconds
1609381122,28,24.364937,1.833077,0.003407,0.000033,1.833077,1.833077,1.833077,1.833077,1.833077,1.833077,0.012140,0.004582,0.003193,0.081766,calls/second,milliseconds
1609381122,28,24.364937,1.833077,0.003407,0.000033,1.833077,1.833077,1.833077,1.833077,1.833077,1.833077,0.012140,0.004582,0.003193,0.081766,calls/second,milliseconds
