t,count,max,mean,min,stddev,p50,p75,p95,p98,p99,p999,mean_rate,m1_rate,m5_rate,m15_rate,rate_unit,duration_unit
1609416048,63,14.033776,0.609174,0.043372,1.691661,0.258277,0.425609,1.592014,8.371403,14.033776,14.033776,1.480927,2.279203,2.810759,2.933836,calls/second,milliseconds
1609416048,63,14.033776,0.609174,0.043372,1.691661,0.258277,0.425609,1.592014,8.371403,14.033776,14.033776,1.480317,2.279203,2.810759,2.933836,calls/second,milliseconds
