t,count,max,mean,min,stddev,p50,p75,p95,p98,p99,p999,mean_rate,m1_rate,m5_rate,m15_rate,rate_unit,duration_unit
1609996178,62,0.859836,0.047963,0.001834,0.139949,0.013701,0.021083,0.125996,0.859836,0.859836,0.859836,0.206643,0.161826,0.425505,0.631998,calls/second,milliseconds
1609996232,67,0.859836,0.048990,0.001834,0.106862,0.014339,0.030170,0.130623,0.132313,0.859836,0.859836,0.189404,0.077883,0.363027,0.598898,calls/second,milliseconds
1609996232,67,0.859836,0.048990,0.001834,0.106862,0.014339,0.030170,0.130623,0.132313,0.859836,0.859836,0.189398,0.077883,0.363027,0.598898,calls/second,milliseconds
