t,count,max,mean,min,stddev,p50,p75,p95,p98,p99,p999,mean_rate,m1_rate,m5_rate,m15_rate,rate_unit,duration_unit
1610001552,5,59.705292,11.954481,0.004740,23.875408,0.022928,0.033973,59.705292,59.705292,59.705292,59.705292,0.016666,0.000817,0.006609,0.004082,calls/second,milliseconds
1610001852,27,59.705292,2.616503,0.004740,5.277886,0.131875,0.545885,12.544691,23.636943,23.636943,23.636943,0.044999,0.013607,0.039632,0.022397,calls/second,milliseconds
1610001972,28,59.705292,2.268512,0.004740,2.091994,2.204043,2.204043,2.204043,8.356821,12.544691,23.636943,0.038915,0.002002,0.027013,0.019710,calls/second,milliseconds
1610001972,28,59.705292,2.268512,0.004740,2.091994,2.204043,2.204043,2.204043,8.356821,12.544691,23.636943,0.038914,0.002002,0.027013,0.019710,calls/second,milliseconds
