t,count,max,mean,min,stddev,p50,p75,p95,p98,p99,p999,mean_rate,m1_rate,m5_rate,m15_rate,rate_unit,duration_unit
1608516681,19,2.584024,0.098659,0.003627,0.326045,0.024024,0.041385,0.439286,0.616048,2.584024,2.584024,0.063337,0.021072,0.327852,0.592506,calls/second,milliseconds
1608516981,73,2.584024,0.227154,0.002525,0.342696,0.055950,0.331907,0.853193,1.684694,1.684694,1.684694,0.121670,0.419973,0.268347,0.480531,calls/second,milliseconds
1608517209,81,2.584024,0.382713,0.002525,0.425570,0.067661,0.897053,0.965771,0.965771,0.965771,1.684694,0.097816,0.024150,0.133750,0.376055,calls/second,milliseconds
1608517209,81,2.584024,0.382713,0.002525,0.425570,0.067661,0.897053,0.965771,0.965771,0.965771,1.684694,0.097814,0.024150,0.133750,0.376055,calls/second,milliseconds
