t,count,max,mean,min,stddev,p50,p75,p95,p98,p99,p999,mean_rate,m1_rate,m5_rate,m15_rate,rate_unit,duration_unit
1609255808,65,0.224389,0.010083,0.000679,0.026469,0.005990,0.008217,0.028253,0.028253,0.224389,0.224389,0.284972,0.272169,0.523943,0.683477,calls/second,milliseconds
1609255808,65,0.224389,0.010083,0.000679,0.026469,0.005990,0.008217,0.028253,0.028253,0.224389,0.224389,0.284968,0.272169,0.523943,0.683477,calls/second,milliseconds
