t,count,max,mean,min,stddev,p50,p75,p95,p98,p99,p999,mean_rate,m1_rate,m5_rate,m15_rate,rate_unit,duration_unit
1609417072,66,0.349296,0.020133,0.000997,0.046945,0.007823,0.013243,0.089686,0.089686,0.349296,0.349296,0.278906,0.167966,0.500862,0.675804,calls/second,milliseconds
1609417072,66,0.349296,0.020133,0.000997,0.046945,0.007823,0.013243,0.089686,0.089686,0.349296,0.349296,0.278887,0.167966,0.500862,0.675804,calls/second,milliseconds
