t,count,max,mean,min,stddev,p50,p75,p95,p98,p99,p999,mean_rate,m1_rate,m5_rate,m15_rate,rate_unit,duration_unit
1607879196,67,2.667639,0.531369,0.003059,0.670380,0.206573,0.775155,2.435365,2.435365,2.435365,2.667639,0.267336,0.085291,0.466103,0.663698,calls/second,milliseconds
1607879196,67,2.667639,0.531369,0.003059,0.670380,0.206573,0.775155,2.435365,2.435365,2.435365,2.667639,0.267321,0.085291,0.466103,0.663698,calls/second,milliseconds
