t,count,max,mean,min,stddev,p50,p75,p95,p98,p99,p999,mean_rate,m1_rate,m5_rate,m15_rate,rate_unit,duration_unit
1607888543,19,0.202579,0.062191,0.001904,0.035175,0.070625,0.070625,0.070625,0.187960,0.187960,0.202579,0.063328,0.037033,1.131273,2.165459,calls/second,milliseconds
1607888843,68,0.268190,0.031344,0.001110,0.042667,0.009309,0.057133,0.080479,0.093333,0.268190,0.268190,0.113328,0.037265,0.497595,1.594666,calls/second,milliseconds
1607888923,73,0.380213,0.046837,0.001110,0.103473,0.008996,0.035460,0.380213,0.380213,0.380213,0.380213,0.107387,0.018230,0.390373,1.468217,calls/second,milliseconds
1607888923,73,0.380213,0.046837,0.001110,0.103473,0.008996,0.035460,0.380213,0.380213,0.380213,0.380213,0.107386,0.018230,0.390373,1.468217,calls/second,milliseconds
