t,count,max,mean,min,stddev,p50,p75,p95,p98,p99,p999,mean_rate,m1_rate,m5_rate,m15_rate,rate_unit,duration_unit
1607890070,19,4.038336,0.102396,0.001230,0.334598,0.056505,0.056505,0.131780,0.684576,0.906726,4.038336,0.063337,0.033491,1.147896,2.176541,calls/second,milliseconds
1607890370,67,4.038336,0.324332,0.000556,0.494520,0.277921,0.352849,0.932175,1.381614,3.847447,3.847447,0.111631,0.055208,0.502277,1.594903,calls/second,milliseconds
1607890595,74,4.038336,0.545211,0.000556,0.530110,0.132396,1.099578,1.249475,1.249475,1.249475,1.313464,0.089688,0.060626,0.254258,1.248398,calls/second,milliseconds
1607890595,74,4.038336,0.545211,0.000556,0.530110,0.132396,1.099578,1.249475,1.249475,1.249475,1.313464,0.089687,0.060626,0.254258,1.248398,calls/second,milliseconds
