t,count,max,mean,min,stddev,p50,p75,p95,p98,p99,p999,mean_rate,m1_rate,m5_rate,m15_rate,rate_unit,duration_unit
1609308660,19,0.103714,0.033885,0.000591,0.035603,0.022024,0.022024,0.103714,0.103714,0.103714,0.103714,0.063325,0.017311,0.321673,0.589082,calls/second,milliseconds
1609308960,68,0.655443,0.016303,0.000591,0.066077,0.006289,0.009809,0.026581,0.031979,0.655443,0.655443,0.113325,0.094815,0.220418,0.468531,calls/second,milliseconds
1609309260,73,0.655443,0.011701,0.000591,0.021608,0.010550,0.010550,0.026984,0.041670,0.041670,0.655443,0.081109,0.010686,0.090684,0.340299,calls/second,milliseconds
1609309560,78,0.655443,0.020377,0.000591,0.008450,0.024972,0.024972,0.029921,0.029921,0.029921,0.029921,0.064999,0.010119,0.042957,0.248416,calls/second,milliseconds
1609309860,83,0.655443,0.008875,0.000591,0.005755,0.006718,0.006718,0.023959,0.023959,0.023959,0.029921,0.055333,0.010115,0.025400,0.182579,calls/second,milliseconds
1609310160,88,0.655443,0.010599,0.000591,0.007636,0.006116,0.012619,0.031932,0.031932,0.031932,0.031932,0.048888,0.010115,0.018941,0.135405,calls/second,milliseconds
1609310460,98,0.655443,0.009262,0.000591,0.002248,0.009203,0.009203,0.016231,0.016231,0.017715,0.023959,0.046666,0.010900,0.023128,0.105676,calls/second,milliseconds
1609310521,103,0.655443,0.014139,0.000591,0.014854,0.008549,0.016206,0.040831,0.040831,0.040831,0.040831,0.047661,0.010404,0.021687,0.099903,calls/second,milliseconds
1609310521,103,0.655443,0.014139,0.000591,0.014854,0.008549,0.016206,0.040831,0.040831,0.040831,0.040831,0.047661,0.010404,0.021687,0.099903,calls/second,milliseconds
