t,count,max,mean,min,stddev,p50,p75,p95,p98,p99,p999,mean_rate,m1_rate,m5_rate,m15_rate,rate_unit,duration_unit
1609412857,63,0.956625,0.048913,0.001547,0.153494,0.011926,0.053333,0.067275,0.956625,0.956625,0.956625,0.209979,0.081522,1.213652,2.205781,calls/second,milliseconds
1609413094,71,1.399240,0.408253,0.001547,0.604377,0.022243,1.376241,1.399240,1.399240,1.399240,1.399240,0.132032,0.051742,0.573181,1.706075,calls/second,milliseconds
1609413094,71,1.399240,0.408253,0.001547,0.604377,0.022243,1.376241,1.399240,1.399240,1.399240,1.399240,0.132030,0.051742,0.573181,1.706075,calls/second,milliseconds
