t,count,max,mean,min,stddev,p50,p75,p95,p98,p99,p999,mean_rate,m1_rate,m5_rate,m15_rate,rate_unit,duration_unit
1609996811,63,5.792010,0.369482,0.007907,0.514814,0.149623,0.548023,1.319747,1.575167,2.933205,2.933205,0.210007,0.341248,0.451706,0.638716,calls/second,milliseconds
1609996958,69,5.792010,0.951867,0.007907,1.257928,0.147601,1.915583,3.561364,3.561364,3.561364,3.561364,0.154396,0.039242,0.279235,0.542713,calls/second,milliseconds
1609996958,69,5.792010,0.951867,0.007907,1.257928,0.147601,1.915583,3.561364,3.561364,3.561364,3.561364,0.154392,0.039242,0.279235,0.542713,calls/second,milliseconds
