t,count,max,mean,min,stddev,p50,p75,p95,p98,p99,p999,mean_rate,m1_rate,m5_rate,m15_rate,rate_unit,duration_unit
1608505851,63,2.269465,0.231554,0.002117,0.252578,0.135326,0.368430,0.718567,0.808656,0.904584,1.098211,0.209823,0.392062,0.449930,0.635869,calls/second,milliseconds
1608505919,68,2.269465,0.269733,0.002117,0.291278,0.125579,0.586973,0.749321,0.808656,0.904584,0.904584,0.184951,0.139649,0.365081,0.592613,calls/second,milliseconds
1608505919,68,2.269465,0.269733,0.002117,0.291278,0.125579,0.586973,0.749321,0.808656,0.904584,0.904584,0.184948,0.139649,0.365081,0.592613,calls/second,milliseconds
