t,count,max,mean,min,stddev,p50,p75,p95,p98,p99,p999,mean_rate,m1_rate,m5_rate,m15_rate,rate_unit,duration_unit
1609291842,32,2.832220,0.448110,0.015599,0.632959,0.205789,0.306481,2.166488,2.166488,2.166488,2.832220,0.106646,0.203829,0.364975,0.603608,calls/second,milliseconds
1609292142,67,2.832220,0.628154,0.015599,0.329088,0.799548,0.836923,0.836923,0.836923,1.067722,2.166488,0.111657,0.028207,0.185840,0.461959,calls/second,milliseconds
1609292442,72,2.832220,0.659011,0.015599,0.103314,0.610846,0.789006,0.789006,0.830208,0.830208,0.836923,0.079995,0.021460,0.079516,0.335825,calls/second,milliseconds
1609292450,76,2.832220,0.266492,0.015599,0.240532,0.153946,0.305827,0.789006,0.789006,0.830208,0.836923,0.083694,0.019744,0.078202,0.333964,calls/second,milliseconds
1609292450,76,2.832220,0.266492,0.015599,0.240532,0.153946,0.305827,0.789006,0.789006,0.830208,0.836923,0.083693,0.019744,0.078202,0.333964,calls/second,milliseconds
