t,count,max,mean,min,stddev,p50,p75,p95,p98,p99,p999,mean_rate,m1_rate,m5_rate,m15_rate,rate_unit,duration_unit
1607883282,62,4.475386,0.534778,0.030257,0.808749,0.219083,0.535574,2.680053,3.423037,3.423037,3.423037,0.206589,0.298243,0.440312,0.633965,calls/second,milliseconds
1607883416,68,4.475386,0.768496,0.030257,1.104668,0.320624,0.721391,3.423037,3.949853,3.949853,3.949853,0.156667,0.049840,0.291098,0.550796,calls/second,milliseconds
1607883416,68,4.475386,0.768496,0.030257,1.104668,0.320624,0.721391,3.423037,3.949853,3.949853,3.949853,0.156663,0.049840,0.291098,0.550796,calls/second,milliseconds
