avg_degree,std_degree,max_degree,avg_indegree,std_indegree,max_indegree,avg_outdegree,std_outdegree,max_outdegree
6.723470507810538,627.8705143566932,1119859,6.83940186311037,895.5483763913815,1119859,5.096115015351023,2.9107464775638485,20
