avg_degree,std_degree,max_degree,avg_indegree,std_indegree,max_indegree,avg_outdegree,std_outdegree,max_outdegree
6.7232441855966725,626.4177299851831,1115455,6.838331894378625,893.421283212171,1115455,5.093334335901858,2.9094385874669544,20
