avg_degree,std_degree,max_degree,avg_indegree,std_indegree,max_indegree,avg_outdegree,std_outdegree,max_outdegree
12.833472283627877,793.3130172869867,1381615,8.720496815878263,491.7224703314026,1381615,15.53997766400031,1034.8408377846558,881052
