avg_degree,std_degree,max_degree,avg_indegree,std_indegree,max_indegree,avg_outdegree,std_outdegree,max_outdegree
12.2338785229796,1414.638291849406,2976038,8.100453567404257,873.1613278006554,1515226,11.687410403241408,1214.982857980793,1968392
