avg_degree,std_degree,max_degree,avg_indegree,std_indegree,max_indegree,avg_outdegree,std_outdegree,max_outdegree
8.241169148266737,304.64592219513594,191846,4.73390070061808,326.45636815025625,191846,9.851078597514174,4.673466202037369,59
