avg_degree,std_degree,max_degree,avg_indegree,std_indegree,max_indegree,avg_outdegree,std_outdegree,max_outdegree
8.177253708090275,265.0003348458058,144156,4.693011302628186,283.8247285161801,144156,9.888853935847044,4.658790972633465,57
