avg_degree,std_degree,max_degree,avg_indegree,std_indegree,max_indegree,avg_outdegree,std_outdegree,max_outdegree
7.9997242370558785,216.4865378423317,96177,4.574591311578208,231.41196534210064,96177,9.835698562368886,4.676781046450105,57
