avg_degree,std_degree,max_degree,avg_indegree,std_indegree,max_indegree,avg_outdegree,std_outdegree,max_outdegree
8.124582346138961,249.6747026419029,128227,4.657824523519692,267.2579299899493,128227,9.875576170965568,4.664108981002929,57
