avg_degree,std_degree,max_degree,avg_indegree,std_indegree,max_indegree,avg_outdegree,std_outdegree,max_outdegree
7.686617070126169,155.9093915216499,48144,4.3679874425181415,166.06725328328417,48144,9.679494227597502,4.71385517705998,57
